0.000000	0.000000
0.100000	0.101899
0.200000	0.202587
0.300000	0.300879
0.400000	0.395636
0.500000	0.485794
0.600000	0.570379
0.700000	0.648531
0.800000	0.719518
0.900000	0.782749
1.000000	0.837785
1.100000	0.884346
1.200000	0.922311
1.300000	0.951720
1.400000	0.972767
1.500000	0.985794
1.600000	0.991274
1.700000	0.989804
1.800000	0.982081
1.900000	0.968885
2.000000	0.951057
2.100000	0.929475
2.200000	0.905033
2.300000	0.878617
2.400000	0.851080
2.500000	0.823223
2.600000	0.795772
2.700000	0.769363
2.800000	0.744523
2.900000	0.721661
3.000000	0.701057
3.100000	0.682854
3.200000	0.667063
3.300000	0.653555
3.400000	0.642074
3.500000	0.632240
3.600000	0.623567
3.700000	0.615471
3.800000	0.607293
3.900000	0.598315
4.000000	0.587785
4.100000	0.574935
4.200000	0.559008
4.300000	0.539277
4.400000	0.515071
4.500000	0.485794
4.600000	0.450944
4.700000	0.410133
4.800000	0.363097
4.900000	0.309713
5.000000	0.250000
5.100000	0.184132
5.200000	0.112431
5.300000	0.035370
5.400000	-0.046436
5.500000	-0.132240
5.600000	-0.221178
5.700000	-0.312282
5.800000	-0.404499
5.900000	-0.496718
6.000000	-0.587785
6.100000	-0.676533
6.200000	-0.761801
6.300000	-0.842466
6.400000	-0.917460
6.500000	-0.985794
6.600000	-1.046582
6.700000	-1.099058
6.800000	-1.142591
6.900000	-1.176699
7.000000	-1.201057
7.100000	-1.215505
7.200000	-1.220051
7.300000	-1.214866
7.400000	-1.200281
7.500000	-1.176777
7.600000	-1.144973
7.700000	-1.105612
7.800000	-1.059541
7.900000	-1.007692
8.000000	-0.951057
8.100000	-0.890668
8.200000	-0.827573
8.300000	-0.762809
8.400000	-0.697382
8.500000	-0.632240
8.600000	-0.568259
8.700000	-0.506217
8.800000	-0.446783
8.900000	-0.390502
9.000000	-0.337785
9.100000	-0.288905
9.200000	-0.243990
9.300000	-0.203028
9.400000	-0.165870
9.500000	-0.132240
9.600000	-0.101744
9.700000	-0.073884
9.800000	-0.048079
9.900000	-0.023682
10.000000	-0.000000
10.100000	0.023682
10.200000	0.048079
10.300000	0.073884
10.400000	0.101744
10.500000	0.132240
10.600000	0.165870
10.700000	0.203028
10.800000	0.243990
10.900000	0.288905
11.000000	0.337785
11.100000	0.390502
11.200000	0.446783
11.300000	0.506217
11.400000	0.568259
11.500000	0.632240
11.600000	0.697382
11.700000	0.762809
11.800000	0.827573
11.900000	0.890668
12.000000	0.951057
12.100000	1.007692
12.200000	1.059541
12.300000	1.105612
12.400000	1.144973
12.500000	1.176777
12.600000	1.200281
12.700000	1.214866
12.800000	1.220051
12.900000	1.215505
13.000000	1.201057
13.100000	1.176699
13.200000	1.142591
13.300000	1.099058
13.400000	1.046582
13.500000	0.985794
13.600000	0.917460
13.700000	0.842466
13.800000	0.761801
13.900000	0.676533
14.000000	0.587785
14.100000	0.496718
14.200000	0.404499
14.300000	0.312282
14.400000	0.221178
14.500000	0.132240
14.600000	0.046436
14.700000	-0.035370
14.800000	-0.112431
14.900000	-0.184132
15.000000	-0.250000
15.100000	-0.309713
15.200000	-0.363097
15.300000	-0.410133
15.400000	-0.450944
15.500000	-0.485794
15.600000	-0.515071
15.700000	-0.539277
15.800000	-0.559008
15.900000	-0.574935
16.000000	-0.587785
16.100000	-0.598315
16.200000	-0.607293
16.300000	-0.615471
16.400000	-0.623567
16.500000	-0.632240
16.600000	-0.642074
16.700000	-0.653555
16.800000	-0.667063
16.900000	-0.682854
17.000000	-0.701057
17.100000	-0.721661
17.200000	-0.744523
17.300000	-0.769363
17.400000	-0.795772
17.500000	-0.823223
17.600000	-0.851080
17.700000	-0.878617
17.800000	-0.905033
17.900000	-0.929475
18.000000	-0.951057
18.100000	-0.968885
18.200000	-0.982081
18.300000	-0.989804
18.400000	-0.991274
18.500000	-0.985794
18.600000	-0.972767
18.700000	-0.951720
18.800000	-0.922311
18.900000	-0.884346
19.000000	-0.837785
19.100000	-0.782749
19.200000	-0.719518
19.300000	-0.648531
19.400000	-0.570379
19.500000	-0.485794
19.600000	-0.395636
19.700000	-0.300879
19.800000	-0.202587
19.900000	-0.101899
20.000000	0.000000
20.100000	0.101899
20.200000	0.202587
20.300000	0.300879
20.400000	0.395636
20.500000	0.485794
20.600000	0.570379
20.700000	0.648531
20.800000	0.719518
20.900000	0.782749
21.000000	0.837785
21.100000	0.884346
21.200000	0.922311
21.300000	0.951720
21.400000	0.972767
21.500000	0.985794
21.600000	0.991274
21.700000	0.989804
21.800000	0.982081
21.900000	0.968885
22.000000	0.951057
22.100000	0.929475
22.200000	0.905033
22.300000	0.878617
22.400000	0.851080
22.500000	0.823223
22.600000	0.795772
22.700000	0.769363
22.800000	0.744523
22.900000	0.721661
23.000000	0.701057
23.100000	0.682854
23.200000	0.667063
23.300000	0.653555
23.400000	0.642074
23.500000	0.632240
23.600000	0.623567
23.700000	0.615471
23.800000	0.607293
23.900000	0.598315
24.000000	0.587785
24.100000	0.574935
24.200000	0.559008
24.300000	0.539277
24.400000	0.515071
24.500000	0.485794
24.600000	0.450944
24.700000	0.410133
24.800000	0.363097
24.900000	0.309713
25.000000	0.250000
25.100000	0.184132
25.200000	0.112431
25.300000	0.035370
25.400000	-0.046436
25.500000	-0.132240
25.600000	-0.221178
25.700000	-0.312282
25.800000	-0.404499
25.900000	-0.496718
26.000000	-0.587785
26.100000	-0.676533
26.200000	-0.761801
26.300000	-0.842466
26.400000	-0.917460
26.500000	-0.985794
26.600000	-1.046582
26.700000	-1.099058
26.800000	-1.142591
26.900000	-1.176699
27.000000	-1.201057
27.100000	-1.215505
27.200000	-1.220051
27.300000	-1.214866
27.400000	-1.200281
27.500000	-1.176777
27.600000	-1.144973
27.700000	-1.105612
27.800000	-1.059541
27.900000	-1.007692
28.000000	-0.951057
28.100000	-0.890668
28.200000	-0.827573
28.300000	-0.762809
28.400000	-0.697382
28.500000	-0.632240
28.600000	-0.568259
28.700000	-0.506217
28.800000	-0.446783
28.900000	-0.390502
29.000000	-0.337785
29.100000	-0.288905
29.200000	-0.243990
29.300000	-0.203028
29.400000	-0.165870
29.500000	-0.132240
29.600000	-0.101744
29.700000	-0.073884
29.800000	-0.048079
29.900000	-0.023682
30.000000	0.000000
30.100000	0.023682
30.200000	0.048079
30.300000	0.073884
30.400000	0.101744
30.500000	0.132240
30.600000	0.165870
30.700000	0.203028
30.800000	0.243990
30.900000	0.288905
31.000000	0.337785
31.100000	0.390502
31.200000	0.446783
31.300000	0.506217
31.400000	0.568259
31.500000	0.632240
31.600000	0.697382
31.700000	0.762809
31.800000	0.827573
31.900000	0.890668
32.000000	0.951057
32.100000	1.007692
32.200000	1.059541
32.300000	1.105612
32.400000	1.144973
32.500000	1.176777
32.600000	1.200281
32.700000	1.214866
32.800000	1.220051
32.900000	1.215505
33.000000	1.201057
33.100000	1.176699
33.200000	1.142591
33.300000	1.099058
33.400000	1.046582
33.500000	0.985794
33.600000	0.917460
33.700000	0.842466
33.800000	0.761801
33.900000	0.676533
34.000000	0.587785
34.100000	0.496718
34.200000	0.404499
34.300000	0.312282
34.400000	0.221178
34.500000	0.132240
34.600000	0.046436
34.700000	-0.035370
34.800000	-0.112431
34.900000	-0.184132
35.000000	-0.250000
35.100000	-0.309713
35.200000	-0.363097
35.300000	-0.410133
35.400000	-0.450944
35.500000	-0.485794
35.600000	-0.515071
35.700000	-0.539277
35.800000	-0.559008
35.900000	-0.574935
36.000000	-0.587785
36.100000	-0.598315
36.200000	-0.607293
36.300000	-0.615471
36.400000	-0.623567
36.500000	-0.632240
36.600000	-0.642074
36.700000	-0.653555
36.800000	-0.667063
36.900000	-0.682854
37.000000	-0.701057
37.100000	-0.721661
37.200000	-0.744523
37.300000	-0.769363
37.400000	-0.795772
37.500000	-0.823223
37.600000	-0.851080
37.700000	-0.878617
37.800000	-0.905033
37.900000	-0.929475
38.000000	-0.951057
38.100000	-0.968885
38.200000	-0.982081
38.300000	-0.989804
38.400000	-0.991274
38.500000	-0.985794
38.600000	-0.972767
38.700000	-0.951720
38.800000	-0.922311
38.900000	-0.884346
39.000000	-0.837785
39.100000	-0.782749
39.200000	-0.719518
39.300000	-0.648531
39.400000	-0.570379
39.500000	-0.485794
39.600000	-0.395636
39.700000	-0.300879
39.800000	-0.202587
39.900000	-0.101899
40.000000	0.000000
40.100000	0.101899
40.200000	0.202587
40.300000	0.300879
40.400000	0.395636
40.500000	0.485794
40.600000	0.570379
40.700000	0.648531
40.800000	0.719518
40.900000	0.782749
41.000000	0.837785
41.100000	0.884346
41.200000	0.922311
41.300000	0.951720
41.400000	0.972767
41.500000	0.985794
41.600000	0.991274
41.700000	0.989804
41.800000	0.982081
41.900000	0.968885
42.000000	0.951057
42.100000	0.929475
42.200000	0.905033
42.300000	0.878617
42.400000	0.851080
42.500000	0.823223
42.600000	0.795772
42.700000	0.769363
42.800000	0.744523
42.900000	0.721661
43.000000	0.701057
43.100000	0.682854
43.200000	0.667063
43.300000	0.653555
43.400000	0.642074
43.500000	0.632240
43.600000	0.623567
43.700000	0.615471
43.800000	0.607293
43.900000	0.598315
44.000000	0.587785
44.100000	0.574935
44.200000	0.559008
44.300000	0.539277
44.400000	0.515071
44.500000	0.485794
44.600000	0.450944
44.700000	0.410133
44.800000	0.363097
44.900000	0.309713
45.000000	0.250000
45.100000	0.184132
45.200000	0.112431
45.300000	0.035370
45.400000	-0.046436
45.500000	-0.132240
45.600000	-0.221178
45.700000	-0.312282
45.800000	-0.404499
45.900000	-0.496718
46.000000	-0.587785
46.100000	-0.676533
46.200000	-0.761801
46.300000	-0.842466
46.400000	-0.917460
46.500000	-0.985794
46.600000	-1.046582
46.700000	-1.099058
46.800000	-1.142591
46.900000	-1.176699
47.000000	-1.201057
47.100000	-1.215505
47.200000	-1.220051
47.300000	-1.214866
47.400000	-1.200281
47.500000	-1.176777
47.600000	-1.144973
47.700000	-1.105612
47.800000	-1.059541
47.900000	-1.007692
48.000000	-0.951057
48.100000	-0.890668
48.200000	-0.827573
48.300000	-0.762809
48.400000	-0.697382
48.500000	-0.632240
48.600000	-0.568259
48.700000	-0.506217
48.800000	-0.446783
48.900000	-0.390502
49.000000	-0.337785
49.100000	-0.288905
49.200000	-0.243990
49.300000	-0.203028
49.400000	-0.165870
49.500000	-0.132240
49.600000	-0.101744
49.700000	-0.073884
49.800000	-0.048079
49.900000	-0.023682
50.000000	0.000000
50.100000	0.023682
50.200000	0.048079
50.300000	0.073884
50.400000	0.101744
50.500000	0.132240
50.600000	0.165870
50.700000	0.203028
50.800000	0.243990
50.900000	0.288905
51.000000	0.337785
51.100000	0.390502
51.200000	0.446783
51.300000	0.506217
51.400000	0.568259
51.500000	0.632240
51.600000	0.697382
51.700000	0.762809
51.800000	0.827573
51.900000	0.890668
52.000000	0.951057
52.100000	1.007692
52.200000	1.059541
52.300000	1.105612
52.400000	1.144973
52.500000	1.176777
52.600000	1.200281
52.700000	1.214866
52.800000	1.220051
52.900000	1.215505
53.000000	1.201057
53.100000	1.176699
53.200000	1.142591
53.300000	1.099058
53.400000	1.046582
53.500000	0.985794
53.600000	0.917460
53.700000	0.842466
53.800000	0.761801
53.900000	0.676533
54.000000	0.587785
54.100000	0.496718
54.200000	0.404499
54.300000	0.312282
54.400000	0.221178
54.500000	0.132240
54.600000	0.046436
54.700000	-0.035370
54.800000	-0.112431
54.900000	-0.184132
55.000000	-0.250000
55.100000	-0.309713
55.200000	-0.363097
55.300000	-0.410133
55.400000	-0.450944
55.500000	-0.485794
55.600000	-0.515071
55.700000	-0.539277
55.800000	-0.559008
55.900000	-0.574935
56.000000	-0.587785
56.100000	-0.598315
56.200000	-0.607293
56.300000	-0.615471
56.400000	-0.623567
56.500000	-0.632240
56.600000	-0.642074
56.700000	-0.653555
56.800000	-0.667063
56.900000	-0.682854
57.000000	-0.701057
57.100000	-0.721661
57.200000	-0.744523
57.300000	-0.769363
57.400000	-0.795772
57.500000	-0.823223
57.600000	-0.851080
57.700000	-0.878617
57.800000	-0.905033
57.900000	-0.929475
58.000000	-0.951057
58.100000	-0.968885
58.200000	-0.982081
58.300000	-0.989804
58.400000	-0.991274
58.500000	-0.985794
58.600000	-0.972767
58.700000	-0.951720
58.800000	-0.922311
58.900000	-0.884346
59.000000	-0.837785
59.100000	-0.782749
59.200000	-0.719518
59.300000	-0.648531
59.400000	-0.570379
59.500000	-0.485794
59.600000	-0.395636
59.700000	-0.300879
59.800000	-0.202587
59.900000	-0.101899
60.000000	0.000000
60.100000	0.101899
60.200000	0.202587
60.300000	0.300879
60.400000	0.395636
60.500000	0.485794
60.600000	0.570379
60.700000	0.648531
60.800000	0.719518
60.900000	0.782749
61.000000	0.837785
61.100000	0.884346
61.200000	0.922311
61.300000	0.951720
61.400000	0.972767
61.500000	0.985794
61.600000	0.991274
61.700000	0.989804
61.800000	0.982081
61.900000	0.968885
62.000000	0.951057
62.100000	0.929475
62.200000	0.905033
62.300000	0.878617
62.400000	0.851080
62.500000	0.823223
62.600000	0.795772
62.700000	0.769363
62.800000	0.744523
62.900000	0.721661
63.000000	0.701057
63.100000	0.682854
63.200000	0.667063
63.300000	0.653555
63.400000	0.642074
63.500000	0.632240
63.600000	0.623567
63.700000	0.615471
63.800000	0.607293
63.900000	0.598315
64.000000	0.587785
64.100000	0.574935
64.200000	0.559008
64.300000	0.539277
64.400000	0.515071
64.500000	0.485794
64.600000	0.450944
64.700000	0.410133
64.800000	0.363097
64.900000	0.309713
65.000000	0.250000
65.100000	0.184132
65.200000	0.112431
65.300000	0.035370
65.400000	-0.046436
65.500000	-0.132240
65.600000	-0.221178
65.700000	-0.312282
65.800000	-0.404499
65.900000	-0.496718
66.000000	-0.587785
66.100000	-0.676533
66.200000	-0.761801
66.300000	-0.842466
66.400000	-0.917460
66.500000	-0.985794
66.600000	-1.046582
66.700000	-1.099058
66.800000	-1.142591
66.900000	-1.176699
67.000000	-1.201057
67.100000	-1.215505
67.200000	-1.220051
67.300000	-1.214866
67.400000	-1.200281
67.500000	-1.176777
67.600000	-1.144973
67.700000	-1.105612
67.800000	-1.059541
67.900000	-1.007692
68.000000	-0.951057
68.100000	-0.890668
68.200000	-0.827573
68.300000	-0.762809
68.400000	-0.697382
68.500000	-0.632240
68.600000	-0.568259
68.700000	-0.506217
68.800000	-0.446783
68.900000	-0.390502
69.000000	-0.337785
69.100000	-0.288905
69.200000	-0.243990
69.300000	-0.203028
69.400000	-0.165870
69.500000	-0.132240
69.600000	-0.101744
69.700000	-0.073884
69.800000	-0.048079
69.900000	-0.023682
70.000000	0.000000
70.100000	0.023682
70.200000	0.048079
70.300000	0.073884
70.400000	0.101744
70.500000	0.132240
70.600000	0.165870
70.700000	0.203028
70.800000	0.243990
70.900000	0.288905
71.000000	0.337785
71.100000	0.390502
71.200000	0.446783
71.300000	0.506217
71.400000	0.568259
71.500000	0.632240
71.600000	0.697382
71.700000	0.762809
71.800000	0.827573
71.900000	0.890668
72.000000	0.951057
72.100000	1.007692
72.200000	1.059541
72.300000	1.105612
72.400000	1.144973
72.500000	1.176777
72.600000	1.200281
72.700000	1.214866
72.800000	1.220051
72.900000	1.215505
73.000000	1.201057
73.100000	1.176699
73.200000	1.142591
73.300000	1.099058
73.400000	1.046582
73.500000	0.985794
73.600000	0.917460
73.700000	0.842466
73.800000	0.761801
73.900000	0.676533
74.000000	0.587785
74.100000	0.496718
74.200000	0.404499
74.300000	0.312282
74.400000	0.221178
74.500000	0.132240
74.600000	0.046436
74.700000	-0.035370
74.800000	-0.112431
74.900000	-0.184132
75.000000	-0.250000
75.100000	-0.309713
75.200000	-0.363097
75.300000	-0.410133
75.400000	-0.450944
75.500000	-0.485794
75.600000	-0.515071
75.700000	-0.539277
75.800000	-0.559008
75.900000	-0.574935
76.000000	-0.587785
76.100000	-0.598315
76.200000	-0.607293
76.300000	-0.615471
76.400000	-0.623567
76.500000	-0.632240
76.600000	-0.642074
76.700000	-0.653555
76.800000	-0.667063
76.900000	-0.682854
77.000000	-0.701057
77.100000	-0.721661
77.200000	-0.744523
77.300000	-0.769363
77.400000	-0.795772
77.500000	-0.823223
77.600000	-0.851080
77.700000	-0.878617
77.800000	-0.905033
77.900000	-0.929475
78.000000	-0.951057
78.100000	-0.968885
78.200000	-0.982081
78.300000	-0.989804
78.400000	-0.991274
78.500000	-0.985794
78.600000	-0.972767
78.700000	-0.951720
78.800000	-0.922311
78.900000	-0.884346
79.000000	-0.837785
79.100000	-0.782749
79.200000	-0.719518
79.300000	-0.648531
79.400000	-0.570379
79.500000	-0.485794
79.600000	-0.395636
79.700000	-0.300879
79.800000	-0.202587
79.900000	-0.101899
80.000000	-0.000000
80.100000	0.101899
80.200000	0.202587
80.300000	0.300879
80.400000	0.395636
80.500000	0.485794
80.600000	0.570379
80.700000	0.648531
80.800000	0.719518
80.900000	0.782749
81.000000	0.837785
81.100000	0.884346
81.200000	0.922311
81.300000	0.951720
81.400000	0.972767
81.500000	0.985794
81.600000	0.991274
81.700000	0.989804
81.800000	0.982081
81.900000	0.968885
82.000000	0.951057
82.100000	0.929475
82.200000	0.905033
82.300000	0.878617
82.400000	0.851080
82.500000	0.823223
82.600000	0.795772
82.700000	0.769363
82.800000	0.744523
82.900000	0.721661
83.000000	0.701057
83.100000	0.682854
83.200000	0.667063
83.300000	0.653555
83.400000	0.642074
83.500000	0.632240
83.600000	0.623567
83.700000	0.615471
83.800000	0.607293
83.900000	0.598315
84.000000	0.587785
84.100000	0.574935
84.200000	0.559008
84.300000	0.539277
84.400000	0.515071
84.500000	0.485794
84.600000	0.450944
84.700000	0.410133
84.800000	0.363097
84.900000	0.309713
85.000000	0.250000
85.100000	0.184132
85.200000	0.112431
85.300000	0.035370
85.400000	-0.046436
85.500000	-0.132240
85.600000	-0.221178
85.700000	-0.312282
85.800000	-0.404499
85.900000	-0.496718
86.000000	-0.587785
86.100000	-0.676533
86.200000	-0.761801
86.300000	-0.842466
86.400000	-0.917460
86.500000	-0.985794
86.600000	-1.046582
86.700000	-1.099058
86.800000	-1.142591
86.900000	-1.176699
87.000000	-1.201057
87.100000	-1.215505
87.200000	-1.220051
87.300000	-1.214866
87.400000	-1.200281
87.500000	-1.176777
87.600000	-1.144973
87.700000	-1.105612
87.800000	-1.059541
87.900000	-1.007692
88.000000	-0.951057
88.100000	-0.890668
88.200000	-0.827573
88.300000	-0.762809
88.400000	-0.697382
88.500000	-0.632240
88.600000	-0.568259
88.700000	-0.506217
88.800000	-0.446783
88.900000	-0.390502
89.000000	-0.337785
89.100000	-0.288905
89.200000	-0.243990
89.300000	-0.203028
89.400000	-0.165870
89.500000	-0.132240
89.600000	-0.101744
89.700000	-0.073884
89.800000	-0.048079
89.900000	-0.023682
90.000000	-0.000000
90.100000	0.023682
90.200000	0.048079
90.300000	0.073884
90.400000	0.101744
90.500000	0.132240
90.600000	0.165870
90.700000	0.203028
90.800000	0.243990
90.900000	0.288905
91.000000	0.337785
91.100000	0.390502
91.200000	0.446783
91.300000	0.506217
91.400000	0.568259
91.500000	0.632240
91.600000	0.697382
91.700000	0.762809
91.800000	0.827573
91.900000	0.890668
92.000000	0.951057
92.100000	1.007692
92.200000	1.059541
92.300000	1.105612
92.400000	1.144973
92.500000	1.176777
92.600000	1.200281
92.700000	1.214866
92.800000	1.220051
92.900000	1.215505
93.000000	1.201057
93.100000	1.176699
93.200000	1.142591
93.300000	1.099058
93.400000	1.046582
93.500000	0.985794
93.600000	0.917460
93.700000	0.842466
93.800000	0.761801
93.900000	0.676533
94.000000	0.587785
94.100000	0.496718
94.200000	0.404499
94.300000	0.312282
94.400000	0.221178
94.500000	0.132240
94.600000	0.046436
94.700000	-0.035370
94.800000	-0.112431
94.900000	-0.184132
95.000000	-0.250000
95.100000	-0.309713
95.200000	-0.363097
95.300000	-0.410133
95.400000	-0.450944
95.500000	-0.485794
95.600000	-0.515071
95.700000	-0.539277
95.800000	-0.559008
95.900000	-0.574935
96.000000	-0.587785
96.100000	-0.598315
96.200000	-0.607293
96.300000	-0.615471
96.400000	-0.623567
96.500000	-0.632240
96.600000	-0.642074
96.700000	-0.653555
96.800000	-0.667063
96.900000	-0.682854
97.000000	-0.701057
97.100000	-0.721661
97.200000	-0.744523
97.300000	-0.769363
97.400000	-0.795772
97.500000	-0.823223
97.600000	-0.851080
97.700000	-0.878617
97.800000	-0.905033
97.900000	-0.929475
98.000000	-0.951057
98.100000	-0.968885
98.200000	-0.982081
98.300000	-0.989804
98.400000	-0.991274
98.500000	-0.985794
98.600000	-0.972767
98.700000	-0.951720
98.800000	-0.922311
98.900000	-0.884346
99.000000	-0.837785
99.100000	-0.782749
99.200000	-0.719518
99.300000	-0.648531
99.400000	-0.570379
99.500000	-0.485794
99.600000	-0.395636
99.700000	-0.300879
99.800000	-0.202587
99.900000	-0.101899
100.000000	-0.000000
100.100000	0.101899
100.200000	0.202587
100.300000	0.300879
100.400000	0.395636
100.500000	0.485794
100.600000	0.570379
100.700000	0.648531
100.800000	0.719518
100.900000	0.782749
101.000000	0.837785
101.100000	0.884346
101.200000	0.922311
101.300000	0.951720
101.400000	0.972767
101.500000	0.985794
101.600000	0.991274
101.700000	0.989804
101.800000	0.982081
101.900000	0.968885
102.000000	0.951057
102.100000	0.929475
102.200000	0.905033
102.300000	0.878617
102.400000	0.851080
102.500000	0.823223
102.600000	0.795772
102.700000	0.769363
102.800000	0.744523
102.900000	0.721661
103.000000	0.701057
103.100000	0.682854
103.200000	0.667063
103.300000	0.653555
103.400000	0.642074
103.500000	0.632240
103.600000	0.623567
103.700000	0.615471
103.800000	0.607293
103.900000	0.598315
104.000000	0.587785
104.100000	0.574935
104.200000	0.559008
104.300000	0.539277
104.400000	0.515071
104.500000	0.485794
104.600000	0.450944
104.700000	0.410133
104.800000	0.363097
104.900000	0.309713
105.000000	0.250000
105.100000	0.184132
105.200000	0.112431
105.300000	0.035370
105.400000	-0.046436
105.500000	-0.132240
105.600000	-0.221178
105.700000	-0.312282
105.800000	-0.404499
105.900000	-0.496718
106.000000	-0.587785
106.100000	-0.676533
106.200000	-0.761801
106.300000	-0.842466
106.400000	-0.917460
106.500000	-0.985794
106.600000	-1.046582
106.700000	-1.099058
106.800000	-1.142591
106.900000	-1.176699
107.000000	-1.201057
107.100000	-1.215505
107.200000	-1.220051
107.300000	-1.214866
107.400000	-1.200281
107.500000	-1.176777
107.600000	-1.144973
107.700000	-1.105612
107.800000	-1.059541
107.900000	-1.007692
108.000000	-0.951057
108.100000	-0.890668
108.200000	-0.827573
108.300000	-0.762809
108.400000	-0.697382
108.500000	-0.632240
108.600000	-0.568259
108.700000	-0.506217
108.800000	-0.446783
108.900000	-0.390502
109.000000	-0.337785
109.100000	-0.288905
109.200000	-0.243990
109.300000	-0.203028
109.400000	-0.165870
109.500000	-0.132240
109.600000	-0.101744
109.700000	-0.073884
109.800000	-0.048079
109.900000	-0.023682
110.000000	-0.000000
110.100000	0.023682
110.200000	0.048079
110.300000	0.073884
110.400000	0.101744
110.500000	0.132240
110.600000	0.165870
110.700000	0.203028
110.800000	0.243990
110.900000	0.288905
111.000000	0.337785
111.100000	0.390502
111.200000	0.446783
111.300000	0.506217
111.400000	0.568259
111.500000	0.632240
111.600000	0.697382
111.700000	0.762809
111.800000	0.827573
111.900000	0.890668
112.000000	0.951057
112.100000	1.007692
112.200000	1.059541
112.300000	1.105612
112.400000	1.144973
112.500000	1.176777
112.600000	1.200281
112.700000	1.214866
112.800000	1.220051
112.900000	1.215505
113.000000	1.201057
113.100000	1.176699
113.200000	1.142591
113.300000	1.099058
113.400000	1.046582
113.500000	0.985794
113.600000	0.917460
113.700000	0.842466
113.800000	0.761801
113.900000	0.676533
114.000000	0.587785
114.100000	0.496718
114.200000	0.404499
114.300000	0.312282
114.400000	0.221178
114.500000	0.132240
114.600000	0.046436
114.700000	-0.035370
114.800000	-0.112431
114.900000	-0.184132
115.000000	-0.250000
115.100000	-0.309713
115.200000	-0.363097
115.300000	-0.410133
115.400000	-0.450944
115.500000	-0.485794
115.600000	-0.515071
115.700000	-0.539277
115.800000	-0.559008
115.900000	-0.574935
116.000000	-0.587785
116.100000	-0.598315
116.200000	-0.607293
116.300000	-0.615471
116.400000	-0.623567
116.500000	-0.632240
116.600000	-0.642074
116.700000	-0.653555
116.800000	-0.667063
116.900000	-0.682854
117.000000	-0.701057
117.100000	-0.721661
117.200000	-0.744523
117.300000	-0.769363
117.400000	-0.795772
117.500000	-0.823223
117.600000	-0.851080
117.700000	-0.878617
117.800000	-0.905033
117.900000	-0.929475
118.000000	-0.951057
118.100000	-0.968885
118.200000	-0.982081
118.300000	-0.989804
118.400000	-0.991274
118.500000	-0.985794
118.600000	-0.972767
118.700000	-0.951720
118.800000	-0.922311
118.900000	-0.884346
119.000000	-0.837785
119.100000	-0.782749
119.200000	-0.719518
119.300000	-0.648531
119.400000	-0.570379
119.500000	-0.485794
119.600000	-0.395636
119.700000	-0.300879
119.800000	-0.202587
119.900000	-0.101899
120.000000	-0.000000
120.100000	0.101899
120.200000	0.202587
120.300000	0.300879
120.400000	0.395636
120.500000	0.485794
120.600000	0.570379
120.700000	0.648531
120.800000	0.719518
120.900000	0.782749
121.000000	0.837785
121.100000	0.884346
121.200000	0.922311
121.300000	0.951720
121.400000	0.972767
121.500000	0.985794
121.600000	0.991274
121.700000	0.989804
121.800000	0.982081
121.900000	0.968885
122.000000	0.951057
122.100000	0.929475
122.200000	0.905033
122.300000	0.878617
122.400000	0.851080
122.500000	0.823223
122.600000	0.795772
122.700000	0.769363
122.800000	0.744523
122.900000	0.721661
123.000000	0.701057
123.100000	0.682854
123.200000	0.667063
123.300000	0.653555
123.400000	0.642074
123.500000	0.632240
123.600000	0.623567
123.700000	0.615471
123.800000	0.607293
123.900000	0.598315
124.000000	0.587785
124.100000	0.574935
124.200000	0.559008
124.300000	0.539277
124.400000	0.515071
124.500000	0.485794
124.600000	0.450944
124.700000	0.410133
124.800000	0.363097
124.900000	0.309713
125.000000	0.250000
125.100000	0.184132
125.200000	0.112431
125.300000	0.035370
125.400000	-0.046436
125.500000	-0.132240
125.600000	-0.221178
125.700000	-0.312282
125.800000	-0.404499
125.900000	-0.496718
126.000000	-0.587785
126.100000	-0.676533
126.200000	-0.761801
126.300000	-0.842466
126.400000	-0.917460
126.500000	-0.985794
126.600000	-1.046582
126.700000	-1.099058
126.800000	-1.142591
126.900000	-1.176699
127.000000	-1.201057
127.100000	-1.215505
127.200000	-1.220051
127.300000	-1.214866
127.400000	-1.200281
127.500000	-1.176777
127.600000	-1.144973
127.700000	-1.105612
127.800000	-1.059541
127.900000	-1.007692
128.000000	-0.951057
128.100000	-0.890668
128.200000	-0.827573
128.300000	-0.762809
128.400000	-0.697382
128.500000	-0.632240
128.600000	-0.568259
128.700000	-0.506217
128.800000	-0.446783
128.900000	-0.390502
129.000000	-0.337785
129.100000	-0.288905
129.200000	-0.243990
129.300000	-0.203028
129.400000	-0.165870
129.500000	-0.132240
129.600000	-0.101744
129.700000	-0.073884
129.800000	-0.048079
129.900000	-0.023682
130.000000	-0.000000
130.100000	0.023682
130.200000	0.048079
130.300000	0.073884
130.400000	0.101744
130.500000	0.132240
130.600000	0.165870
130.700000	0.203028
130.800000	0.243990
130.900000	0.288905
131.000000	0.337785
131.100000	0.390502
131.200000	0.446783
131.300000	0.506217
131.400000	0.568259
131.500000	0.632240
131.600000	0.697382
131.700000	0.762809
131.800000	0.827573
131.900000	0.890668
132.000000	0.951057
132.100000	1.007692
132.200000	1.059541
132.300000	1.105612
132.400000	1.144973
132.500000	1.176777
132.600000	1.200281
132.700000	1.214866
132.800000	1.220051
132.900000	1.215505
133.000000	1.201057
133.100000	1.176699
133.200000	1.142591
133.300000	1.099058
133.400000	1.046582
133.500000	0.985794
133.600000	0.917460
133.700000	0.842466
133.800000	0.761801
133.900000	0.676533
134.000000	0.587785
134.100000	0.496718
134.200000	0.404499
134.300000	0.312282
134.400000	0.221178
134.500000	0.132240
134.600000	0.046436
134.700000	-0.035370
134.800000	-0.112431
134.900000	-0.184132
135.000000	-0.250000
135.100000	-0.309713
135.200000	-0.363097
135.300000	-0.410133
135.400000	-0.450944
135.500000	-0.485794
135.600000	-0.515071
135.700000	-0.539277
135.800000	-0.559008
135.900000	-0.574935
136.000000	-0.587785
136.100000	-0.598315
136.200000	-0.607293
136.300000	-0.615471
136.400000	-0.623567
136.500000	-0.632240
136.600000	-0.642074
136.700000	-0.653555
136.800000	-0.667063
136.900000	-0.682854
137.000000	-0.701057
137.100000	-0.721661
137.200000	-0.744523
137.300000	-0.769363
137.400000	-0.795772
137.500000	-0.823223
137.600000	-0.851080
137.700000	-0.878617
137.800000	-0.905033
137.900000	-0.929475
138.000000	-0.951057
138.100000	-0.968885
138.200000	-0.982081
138.300000	-0.989804
138.400000	-0.991274
138.500000	-0.985794
138.600000	-0.972767
138.700000	-0.951720
138.800000	-0.922311
138.900000	-0.884346
139.000000	-0.837785
139.100000	-0.782749
139.200000	-0.719518
139.300000	-0.648531
139.400000	-0.570379
139.500000	-0.485794
139.600000	-0.395636
139.700000	-0.300879
139.800000	-0.202587
139.900000	-0.101899
140.000000	-0.000000
140.100000	0.101899
140.200000	0.202587
140.300000	0.300879
140.400000	0.395636
140.500000	0.485794
140.600000	0.570379
140.700000	0.648531
140.800000	0.719518
140.900000	0.782749
141.000000	0.837785
141.100000	0.884346
141.200000	0.922311
141.300000	0.951720
141.400000	0.972767
141.500000	0.985794
141.600000	0.991274
141.700000	0.989804
141.800000	0.982081
141.900000	0.968885
142.000000	0.951057
142.100000	0.929475
142.200000	0.905033
142.300000	0.878617
142.400000	0.851080
142.500000	0.823223
142.600000	0.795772
142.700000	0.769363
142.800000	0.744523
142.900000	0.721661
143.000000	0.701057
143.100000	0.682854
143.200000	0.667063
143.300000	0.653555
143.400000	0.642074
143.500000	0.632240
143.600000	0.623567
143.700000	0.615471
143.800000	0.607293
143.900000	0.598315
144.000000	0.587785
144.100000	0.574935
144.200000	0.559008
144.300000	0.539277
144.400000	0.515071
144.500000	0.485794
144.600000	0.450944
144.700000	0.410133
144.800000	0.363097
144.900000	0.309713
145.000000	0.250000
145.100000	0.184132
145.200000	0.112431
145.300000	0.035370
145.400000	-0.046436
145.500000	-0.132240
145.600000	-0.221178
145.700000	-0.312282
145.800000	-0.404499
145.900000	-0.496718
146.000000	-0.587785
146.100000	-0.676533
146.200000	-0.761801
146.300000	-0.842466
146.400000	-0.917460
146.500000	-0.985794
146.600000	-1.046582
146.700000	-1.099058
146.800000	-1.142591
146.900000	-1.176699
147.000000	-1.201057
147.100000	-1.215505
147.200000	-1.220051
147.300000	-1.214866
147.400000	-1.200281
147.500000	-1.176777
147.600000	-1.144973
147.700000	-1.105612
147.800000	-1.059541
147.900000	-1.007692
148.000000	-0.951057
148.100000	-0.890668
148.200000	-0.827573
148.300000	-0.762809
148.400000	-0.697382
148.500000	-0.632240
148.600000	-0.568259
148.700000	-0.506217
148.800000	-0.446783
148.900000	-0.390502
149.000000	-0.337785
149.100000	-0.288905
149.200000	-0.243990
149.300000	-0.203028
149.400000	-0.165870
149.500000	-0.132240
149.600000	-0.101744
149.700000	-0.073884
149.800000	-0.048079
149.900000	-0.023682
150.000000	-0.000000
150.100000	0.023682
150.200000	0.048079
150.300000	0.073884
150.400000	0.101744
150.500000	0.132240
150.600000	0.165870
150.700000	0.203028
150.800000	0.243990
150.900000	0.288905
151.000000	0.337785
151.100000	0.390502
151.200000	0.446783
151.300000	0.506217
151.400000	0.568259
151.500000	0.632240
151.600000	0.697382
151.700000	0.762809
151.800000	0.827573
151.900000	0.890668
152.000000	0.951057
152.100000	1.007692
152.200000	1.059541
152.300000	1.105612
152.400000	1.144973
152.500000	1.176777
152.600000	1.200281
152.700000	1.214866
152.800000	1.220051
152.900000	1.215505
153.000000	1.201057
153.100000	1.176699
153.200000	1.142591
153.300000	1.099058
153.400000	1.046582
153.500000	0.985794
153.600000	0.917460
153.700000	0.842466
153.800000	0.761801
153.900000	0.676533
154.000000	0.587785
154.100000	0.496718
154.200000	0.404499
154.300000	0.312282
154.400000	0.221178
154.500000	0.132240
154.600000	0.046436
154.700000	-0.035370
154.800000	-0.112431
154.900000	-0.184132
155.000000	-0.250000
155.100000	-0.309713
155.200000	-0.363097
155.300000	-0.410133
155.400000	-0.450944
155.500000	-0.485794
155.600000	-0.515071
155.700000	-0.539277
155.800000	-0.559008
155.900000	-0.574935
156.000000	-0.587785
156.100000	-0.598315
156.200000	-0.607293
156.300000	-0.615471
156.400000	-0.623567
156.500000	-0.632240
156.600000	-0.642074
156.700000	-0.653555
156.800000	-0.667063
156.900000	-0.682854
157.000000	-0.701057
157.100000	-0.721661
157.200000	-0.744523
157.300000	-0.769363
157.400000	-0.795772
157.500000	-0.823223
157.600000	-0.851080
157.700000	-0.878617
157.800000	-0.905033
157.900000	-0.929475
158.000000	-0.951057
158.100000	-0.968885
158.200000	-0.982081
158.300000	-0.989804
158.400000	-0.991274
158.500000	-0.985794
158.600000	-0.972767
158.700000	-0.951720
158.800000	-0.922311
158.900000	-0.884346
159.000000	-0.837785
159.100000	-0.782749
159.200000	-0.719518
159.300000	-0.648531
159.400000	-0.570379
159.500000	-0.485794
159.600000	-0.395636
159.700000	-0.300879
159.800000	-0.202587
159.900000	-0.101899
160.000000	-0.000000
160.100000	0.101899
160.200000	0.202587
160.300000	0.300879
160.400000	0.395636
160.500000	0.485794
160.600000	0.570379
160.700000	0.648531
160.800000	0.719518
160.900000	0.782749
161.000000	0.837785
161.100000	0.884346
161.200000	0.922311
161.300000	0.951720
161.400000	0.972767
161.500000	0.985794
161.600000	0.991274
161.700000	0.989804
161.800000	0.982081
161.900000	0.968885
162.000000	0.951057
162.100000	0.929475
162.200000	0.905033
162.300000	0.878617
162.400000	0.851080
162.500000	0.823223
162.600000	0.795772
162.700000	0.769363
162.800000	0.744523
162.900000	0.721661
163.000000	0.701057
163.100000	0.682854
163.200000	0.667063
163.300000	0.653555
163.400000	0.642074
163.500000	0.632240
163.600000	0.623567
163.700000	0.615471
163.800000	0.607293
163.900000	0.598315
164.000000	0.587785
164.100000	0.574935
164.200000	0.559008
164.300000	0.539277
164.400000	0.515071
164.500000	0.485794
164.600000	0.450944
164.700000	0.410133
164.800000	0.363097
164.900000	0.309713
165.000000	0.250000
165.100000	0.184132
165.200000	0.112431
165.300000	0.035370
165.400000	-0.046436
165.500000	-0.132240
165.600000	-0.221178
165.700000	-0.312282
165.800000	-0.404499
165.900000	-0.496718
166.000000	-0.587785
166.100000	-0.676533
166.200000	-0.761801
166.300000	-0.842466
166.400000	-0.917460
166.500000	-0.985794
166.600000	-1.046582
166.700000	-1.099058
166.800000	-1.142591
166.900000	-1.176699
167.000000	-1.201057
167.100000	-1.215505
167.200000	-1.220051
167.300000	-1.214866
167.400000	-1.200281
167.500000	-1.176777
167.600000	-1.144973
167.700000	-1.105612
167.800000	-1.059541
167.900000	-1.007692
168.000000	-0.951057
168.100000	-0.890668
168.200000	-0.827573
168.300000	-0.762809
168.400000	-0.697382
168.500000	-0.632240
168.600000	-0.568259
168.700000	-0.506217
168.800000	-0.446783
168.900000	-0.390502
169.000000	-0.337785
169.100000	-0.288905
169.200000	-0.243990
169.300000	-0.203028
169.400000	-0.165870
169.500000	-0.132240
169.600000	-0.101744
169.700000	-0.073884
169.800000	-0.048079
169.900000	-0.023682
170.000000	-0.000000
170.100000	0.023682
170.200000	0.048079
170.300000	0.073884
170.400000	0.101744
170.500000	0.132240
170.600000	0.165870
170.700000	0.203028
170.800000	0.243990
170.900000	0.288905
171.000000	0.337785
171.100000	0.390502
171.200000	0.446783
171.300000	0.506217
171.400000	0.568259
171.500000	0.632240
171.600000	0.697382
171.700000	0.762809
171.800000	0.827573
171.900000	0.890668
172.000000	0.951057
172.100000	1.007692
172.200000	1.059541
172.300000	1.105612
172.400000	1.144973
172.500000	1.176777
172.600000	1.200281
172.700000	1.214866
172.800000	1.220051
172.900000	1.215505
173.000000	1.201057
173.100000	1.176699
173.200000	1.142591
173.300000	1.099058
173.400000	1.046582
173.500000	0.985794
173.600000	0.917460
173.700000	0.842466
173.800000	0.761801
173.900000	0.676533
174.000000	0.587785
174.100000	0.496718
174.200000	0.404499
174.300000	0.312282
174.400000	0.221178
174.500000	0.132240
174.600000	0.046436
174.700000	-0.035370
174.800000	-0.112431
174.900000	-0.184132
175.000000	-0.250000
175.100000	-0.309713
175.200000	-0.363097
175.300000	-0.410133
175.400000	-0.450944
175.500000	-0.485794
175.600000	-0.515071
175.700000	-0.539277
175.800000	-0.559008
175.900000	-0.574935
176.000000	-0.587785
176.100000	-0.598315
176.200000	-0.607293
176.300000	-0.615471
176.400000	-0.623567
176.500000	-0.632240
176.600000	-0.642074
176.700000	-0.653555
176.800000	-0.667063
176.900000	-0.682854
177.000000	-0.701057
177.100000	-0.721661
177.200000	-0.744523
177.300000	-0.769363
177.400000	-0.795772
177.500000	-0.823223
177.600000	-0.851080
177.700000	-0.878617
177.800000	-0.905033
177.900000	-0.929475
178.000000	-0.951057
178.100000	-0.968885
178.200000	-0.982081
178.300000	-0.989804
178.400000	-0.991274
178.500000	-0.985794
178.600000	-0.972767
178.700000	-0.951720
178.800000	-0.922311
178.900000	-0.884346
179.000000	-0.837785
179.100000	-0.782749
179.200000	-0.719518
179.300000	-0.648531
179.400000	-0.570379
179.500000	-0.485794
179.600000	-0.395636
179.700000	-0.300879
179.800000	-0.202587
179.900000	-0.101899
180.000000	-0.000000
180.100000	0.101899
180.200000	0.202587
180.300000	0.300879
180.400000	0.395636
180.500000	0.485794
180.600000	0.570379
180.700000	0.648531
180.800000	0.719518
180.900000	0.782749
181.000000	0.837785
181.100000	0.884346
181.200000	0.922311
181.300000	0.951720
181.400000	0.972767
181.500000	0.985794
181.600000	0.991274
181.700000	0.989804
181.800000	0.982081
181.900000	0.968885
182.000000	0.951057
182.100000	0.929475
182.200000	0.905033
182.300000	0.878617
182.400000	0.851080
182.500000	0.823223
182.600000	0.795772
182.700000	0.769363
182.800000	0.744523
182.900000	0.721661
183.000000	0.701057
183.100000	0.682854
183.200000	0.667063
183.300000	0.653555
183.400000	0.642074
183.500000	0.632240
183.600000	0.623567
183.700000	0.615471
183.800000	0.607293
183.900000	0.598315
184.000000	0.587785
184.100000	0.574935
184.200000	0.559008
184.300000	0.539277
184.400000	0.515071
184.500000	0.485794
184.600000	0.450944
184.700000	0.410133
184.800000	0.363097
184.900000	0.309713
185.000000	0.250000
185.100000	0.184132
185.200000	0.112431
185.300000	0.035370
185.400000	-0.046436
185.500000	-0.132240
185.600000	-0.221178
185.700000	-0.312282
185.800000	-0.404499
185.900000	-0.496718
186.000000	-0.587785
186.100000	-0.676533
186.200000	-0.761801
186.300000	-0.842466
186.400000	-0.917460
186.500000	-0.985794
186.600000	-1.046582
186.700000	-1.099058
186.800000	-1.142591
186.900000	-1.176699
187.000000	-1.201057
187.100000	-1.215505
187.200000	-1.220051
187.300000	-1.214866
187.400000	-1.200281
187.500000	-1.176777
187.600000	-1.144973
187.700000	-1.105612
187.800000	-1.059541
187.900000	-1.007692
188.000000	-0.951057
188.100000	-0.890668
188.200000	-0.827573
188.300000	-0.762809
188.400000	-0.697382
188.500000	-0.632240
188.600000	-0.568259
188.700000	-0.506217
188.800000	-0.446783
188.900000	-0.390502
189.000000	-0.337785
189.100000	-0.288905
189.200000	-0.243990
189.300000	-0.203028
189.400000	-0.165870
189.500000	-0.132240
189.600000	-0.101744
189.700000	-0.073884
189.800000	-0.048079
189.900000	-0.023682
190.000000	-0.000000
190.100000	0.023682
190.200000	0.048079
190.300000	0.073884
190.400000	0.101744
190.500000	0.132240
190.600000	0.165870
190.700000	0.203028
190.800000	0.243990
190.900000	0.288905
191.000000	0.337785
191.100000	0.390502
191.200000	0.446783
191.300000	0.506217
191.400000	0.568259
191.500000	0.632240
191.600000	0.697382
191.700000	0.762809
191.800000	0.827573
191.900000	0.890668
192.000000	0.951057
192.100000	1.007692
192.200000	1.059541
192.300000	1.105612
192.400000	1.144973
192.500000	1.176777
192.600000	1.200281
192.700000	1.214866
192.800000	1.220051
192.900000	1.215505
193.000000	1.201057
193.100000	1.176699
193.200000	1.142591
193.300000	1.099058
193.400000	1.046582
193.500000	0.985794
193.600000	0.917460
193.700000	0.842466
193.800000	0.761801
193.900000	0.676533
194.000000	0.587785
194.100000	0.496718
194.200000	0.404499
194.300000	0.312282
194.400000	0.221178
194.500000	0.132240
194.600000	0.046436
194.700000	-0.035370
194.800000	-0.112431
194.900000	-0.184132
195.000000	-0.250000
195.100000	-0.309713
195.200000	-0.363097
195.300000	-0.410133
195.400000	-0.450944
195.500000	-0.485794
195.600000	-0.515071
195.700000	-0.539277
195.800000	-0.559008
195.900000	-0.574935
196.000000	-0.587785
196.100000	-0.598315
196.200000	-0.607293
196.300000	-0.615471
196.400000	-0.623567
196.500000	-0.632240
196.600000	-0.642074
196.700000	-0.653555
196.800000	-0.667063
196.900000	-0.682854
197.000000	-0.701057
197.100000	-0.721661
197.200000	-0.744523
197.300000	-0.769363
197.400000	-0.795772
197.500000	-0.823223
197.600000	-0.851080
197.700000	-0.878617
197.800000	-0.905033
197.900000	-0.929475
198.000000	-0.951057
198.100000	-0.968885
198.200000	-0.982081
198.300000	-0.989804
198.400000	-0.991274
198.500000	-0.985794
198.600000	-0.972767
198.700000	-0.951720
198.800000	-0.922311
198.900000	-0.884346
199.000000	-0.837785
199.100000	-0.782749
199.200000	-0.719518
199.300000	-0.648531
199.400000	-0.570379
199.500000	-0.485794
199.600000	-0.395636
199.700000	-0.300879
199.800000	-0.202587
199.900000	-0.101899
200.000000	-0.000000
200.100000	0.101899
200.200000	0.202587
200.300000	0.300879
200.400000	0.395636
200.500000	0.485794
200.600000	0.570379
200.700000	0.648531
200.800000	0.719518
200.900000	0.782749
201.000000	0.837785
201.100000	0.884346
201.200000	0.922311
201.300000	0.951720
201.400000	0.972767
201.500000	0.985794
201.600000	0.991274
201.700000	0.989804
201.800000	0.982081
201.900000	0.968885
202.000000	0.951057
202.100000	0.929475
202.200000	0.905033
202.300000	0.878617
202.400000	0.851080
202.500000	0.823223
202.600000	0.795772
202.700000	0.769363
202.800000	0.744523
202.900000	0.721661
203.000000	0.701057
203.100000	0.682854
203.200000	0.667063
203.300000	0.653555
203.400000	0.642074
203.500000	0.632240
203.600000	0.623567
203.700000	0.615471
203.800000	0.607293
203.900000	0.598315
204.000000	0.587785
204.100000	0.574935
204.200000	0.559008
204.300000	0.539277
204.400000	0.515071
204.500000	0.485794
204.600000	0.450944
204.700000	0.410133
204.800000	0.363097
204.900000	0.309713
205.000000	0.250000
205.100000	0.184132
205.200000	0.112431
205.300000	0.035370
205.400000	-0.046436
205.500000	-0.132240
205.600000	-0.221178
205.700000	-0.312282
205.800000	-0.404499
205.900000	-0.496718
206.000000	-0.587785
206.100000	-0.676533
206.200000	-0.761801
206.300000	-0.842466
206.400000	-0.917460
206.500000	-0.985794
206.600000	-1.046582
206.700000	-1.099058
206.800000	-1.142591
206.900000	-1.176699
207.000000	-1.201057
207.100000	-1.215505
207.200000	-1.220051
207.300000	-1.214866
207.400000	-1.200281
207.500000	-1.176777
207.600000	-1.144973
207.700000	-1.105612
207.800000	-1.059541
207.900000	-1.007692
208.000000	-0.951057
208.100000	-0.890668
208.200000	-0.827573
208.300000	-0.762809
208.400000	-0.697382
208.500000	-0.632240
208.600000	-0.568259
208.700000	-0.506217
208.800000	-0.446783
208.900000	-0.390502
209.000000	-0.337785
209.100000	-0.288905
209.200000	-0.243990
209.300000	-0.203028
209.400000	-0.165870
209.500000	-0.132240
209.600000	-0.101744
209.700000	-0.073884
209.800000	-0.048079
209.900000	-0.023682
210.000000	-0.000000
210.100000	0.023682
210.200000	0.048079
210.300000	0.073884
210.400000	0.101744
210.500000	0.132240
210.600000	0.165870
210.700000	0.203028
210.800000	0.243990
210.900000	0.288905
211.000000	0.337785
211.100000	0.390502
211.200000	0.446783
211.300000	0.506217
211.400000	0.568259
211.500000	0.632240
211.600000	0.697382
211.700000	0.762809
211.800000	0.827573
211.900000	0.890668
212.000000	0.951057
212.100000	1.007692
212.200000	1.059541
212.300000	1.105612
212.400000	1.144973
212.500000	1.176777
212.600000	1.200281
212.700000	1.214866
212.800000	1.220051
212.900000	1.215505
213.000000	1.201057
213.100000	1.176699
213.200000	1.142591
213.300000	1.099058
213.400000	1.046582
213.500000	0.985794
213.600000	0.917460
213.700000	0.842466
213.800000	0.761801
213.900000	0.676533
214.000000	0.587785
214.100000	0.496718
214.200000	0.404499
214.300000	0.312282
214.400000	0.221178
214.500000	0.132240
214.600000	0.046436
214.700000	-0.035370
214.800000	-0.112431
214.900000	-0.184132
215.000000	-0.250000
215.100000	-0.309713
215.200000	-0.363097
215.300000	-0.410133
215.400000	-0.450944
215.500000	-0.485794
215.600000	-0.515071
215.700000	-0.539277
215.800000	-0.559008
215.900000	-0.574935
216.000000	-0.587785
216.100000	-0.598315
216.200000	-0.607293
216.300000	-0.615471
216.400000	-0.623567
216.500000	-0.632240
216.600000	-0.642074
216.700000	-0.653555
216.800000	-0.667063
216.900000	-0.682854
217.000000	-0.701057
217.100000	-0.721661
217.200000	-0.744523
217.300000	-0.769363
217.400000	-0.795772
217.500000	-0.823223
217.600000	-0.851080
217.700000	-0.878617
217.800000	-0.905033
217.900000	-0.929475
218.000000	-0.951057
218.100000	-0.968885
218.200000	-0.982081
218.300000	-0.989804
218.400000	-0.991274
218.500000	-0.985794
218.600000	-0.972767
218.700000	-0.951720
218.800000	-0.922311
218.900000	-0.884346
219.000000	-0.837785
219.100000	-0.782749
219.200000	-0.719518
219.300000	-0.648531
219.400000	-0.570379
219.500000	-0.485794
219.600000	-0.395636
219.700000	-0.300879
219.800000	-0.202587
219.900000	-0.101899
220.000000	-0.000000
220.100000	0.101899
220.200000	0.202587
220.300000	0.300879
220.400000	0.395636
220.500000	0.485794
220.600000	0.570379
220.700000	0.648531
220.800000	0.719518
220.900000	0.782749
221.000000	0.837785
221.100000	0.884346
221.200000	0.922311
221.300000	0.951720
221.400000	0.972767
221.500000	0.985794
221.600000	0.991274
221.700000	0.989804
221.800000	0.982081
221.900000	0.968885
222.000000	0.951057
222.100000	0.929475
222.200000	0.905033
222.300000	0.878617
222.400000	0.851080
222.500000	0.823223
222.600000	0.795772
222.700000	0.769363
222.800000	0.744523
222.900000	0.721661
223.000000	0.701057
223.100000	0.682854
223.200000	0.667063
223.300000	0.653555
223.400000	0.642074
223.500000	0.632240
223.600000	0.623567
223.700000	0.615471
223.800000	0.607293
223.900000	0.598315
224.000000	0.587785
224.100000	0.574935
224.200000	0.559008
224.300000	0.539277
224.400000	0.515071
224.500000	0.485794
224.600000	0.450944
224.700000	0.410133
224.800000	0.363097
224.900000	0.309713
225.000000	0.250000
225.100000	0.184132
225.200000	0.112431
225.300000	0.035370
225.400000	-0.046436
225.500000	-0.132240
225.600000	-0.221178
225.700000	-0.312282
225.800000	-0.404499
225.900000	-0.496718
226.000000	-0.587785
226.100000	-0.676533
226.200000	-0.761801
226.300000	-0.842466
226.400000	-0.917460
226.500000	-0.985794
226.600000	-1.046582
226.700000	-1.099058
226.800000	-1.142591
226.900000	-1.176699
227.000000	-1.201057
227.100000	-1.215505
227.200000	-1.220051
227.300000	-1.214866
227.400000	-1.200281
227.500000	-1.176777
227.600000	-1.144973
227.700000	-1.105612
227.800000	-1.059541
227.900000	-1.007692
228.000000	-0.951057
228.100000	-0.890668
228.200000	-0.827573
228.300000	-0.762809
228.400000	-0.697382
228.500000	-0.632240
228.600000	-0.568259
228.700000	-0.506217
228.800000	-0.446783
228.900000	-0.390502
229.000000	-0.337785
229.100000	-0.288905
229.200000	-0.243990
229.300000	-0.203028
229.400000	-0.165870
229.500000	-0.132240
229.600000	-0.101744
229.700000	-0.073884
229.800000	-0.048079
229.900000	-0.023682
230.000000	-0.000000
230.100000	0.023682
230.200000	0.048079
230.300000	0.073884
230.400000	0.101744
230.500000	0.132240
230.600000	0.165870
230.700000	0.203028
230.800000	0.243990
230.900000	0.288905
231.000000	0.337785
231.100000	0.390502
231.200000	0.446783
231.300000	0.506217
231.400000	0.568259
231.500000	0.632240
231.600000	0.697382
231.700000	0.762809
231.800000	0.827573
231.900000	0.890668
232.000000	0.951057
232.100000	1.007692
232.200000	1.059541
232.300000	1.105612
232.400000	1.144973
232.500000	1.176777
232.600000	1.200281
232.700000	1.214866
232.800000	1.220051
232.900000	1.215505
233.000000	1.201057
233.100000	1.176699
233.200000	1.142591
233.300000	1.099058
233.400000	1.046582
233.500000	0.985794
233.600000	0.917460
233.700000	0.842466
233.800000	0.761801
233.900000	0.676533
234.000000	0.587785
234.100000	0.496718
234.200000	0.404499
234.300000	0.312282
234.400000	0.221178
234.500000	0.132240
234.600000	0.046436
234.700000	-0.035370
234.800000	-0.112431
234.900000	-0.184132
235.000000	-0.250000
235.100000	-0.309713
235.200000	-0.363097
235.300000	-0.410133
235.400000	-0.450944
235.500000	-0.485794
235.600000	-0.515071
235.700000	-0.539277
235.800000	-0.559008
235.900000	-0.574935
236.000000	-0.587785
236.100000	-0.598315
236.200000	-0.607293
236.300000	-0.615471
236.400000	-0.623567
236.500000	-0.632240
236.600000	-0.642074
236.700000	-0.653555
236.800000	-0.667063
236.900000	-0.682854
237.000000	-0.701057
237.100000	-0.721661
237.200000	-0.744523
237.300000	-0.769363
237.400000	-0.795772
237.500000	-0.823223
237.600000	-0.851080
237.700000	-0.878617
237.800000	-0.905033
237.900000	-0.929475
238.000000	-0.951057
238.100000	-0.968885
238.200000	-0.982081
238.300000	-0.989804
238.400000	-0.991274
238.500000	-0.985794
238.600000	-0.972767
238.700000	-0.951720
238.800000	-0.922311
238.900000	-0.884346
239.000000	-0.837785
239.100000	-0.782749
239.200000	-0.719518
239.300000	-0.648531
239.400000	-0.570379
239.500000	-0.485794
239.600000	-0.395636
239.700000	-0.300879
239.800000	-0.202587
239.900000	-0.101899
240.000000	-0.000000
240.100000	0.101899
240.200000	0.202587
240.300000	0.300879
240.400000	0.395636
240.500000	0.485794
240.600000	0.570379
240.700000	0.648531
240.800000	0.719518
240.900000	0.782749
241.000000	0.837785
241.100000	0.884346
241.200000	0.922311
241.300000	0.951720
241.400000	0.972767
241.500000	0.985794
241.600000	0.991274
241.700000	0.989804
241.800000	0.982081
241.900000	0.968885
242.000000	0.951057
242.100000	0.929475
242.200000	0.905033
242.300000	0.878617
242.400000	0.851080
242.500000	0.823223
242.600000	0.795772
242.700000	0.769363
242.800000	0.744523
242.900000	0.721661
243.000000	0.701057
243.100000	0.682854
243.200000	0.667063
243.300000	0.653555
243.400000	0.642074
243.500000	0.632240
243.600000	0.623567
243.700000	0.615471
243.800000	0.607293
243.900000	0.598315
244.000000	0.587785
244.100000	0.574935
244.200000	0.559008
244.300000	0.539277
244.400000	0.515071
244.500000	0.485794
244.600000	0.450944
244.700000	0.410133
244.800000	0.363097
244.900000	0.309713
245.000000	0.250000
245.100000	0.184132
245.200000	0.112431
245.300000	0.035370
245.400000	-0.046436
245.500000	-0.132240
245.600000	-0.221178
245.700000	-0.312282
245.800000	-0.404499
245.900000	-0.496718
246.000000	-0.587785
246.100000	-0.676533
246.200000	-0.761801
246.300000	-0.842466
246.400000	-0.917460
246.500000	-0.985794
246.600000	-1.046582
246.700000	-1.099058
246.800000	-1.142591
246.900000	-1.176699
247.000000	-1.201057
247.100000	-1.215505
247.200000	-1.220051
247.300000	-1.214866
247.400000	-1.200281
247.500000	-1.176777
247.600000	-1.144973
247.700000	-1.105612
247.800000	-1.059541
247.900000	-1.007692
248.000000	-0.951057
248.100000	-0.890668
248.200000	-0.827573
248.300000	-0.762809
248.400000	-0.697382
248.500000	-0.632240
248.600000	-0.568259
248.700000	-0.506217
248.800000	-0.446783
248.900000	-0.390502
249.000000	-0.337785
249.100000	-0.288905
249.200000	-0.243990
249.300000	-0.203028
249.400000	-0.165870
249.500000	-0.132240
249.600000	-0.101744
249.700000	-0.073884
249.800000	-0.048079
249.900000	-0.023682
250.000000	-0.000000
250.100000	0.023682
250.200000	0.048079
250.300000	0.073884
250.400000	0.101744
250.500000	0.132240
250.600000	0.165870
250.700000	0.203028
250.800000	0.243990
250.900000	0.288905
251.000000	0.337785
251.100000	0.390502
251.200000	0.446783
251.300000	0.506217
251.400000	0.568259
251.500000	0.632240
251.600000	0.697382
251.700000	0.762809
251.800000	0.827573
251.900000	0.890668
252.000000	0.951057
252.100000	1.007692
252.200000	1.059541
252.300000	1.105612
252.400000	1.144973
252.500000	1.176777
252.600000	1.200281
252.700000	1.214866
252.800000	1.220051
252.900000	1.215505
253.000000	1.201057
253.100000	1.176699
253.200000	1.142591
253.300000	1.099058
253.400000	1.046582
253.500000	0.985794
253.600000	0.917460
253.700000	0.842466
253.800000	0.761801
253.900000	0.676533
254.000000	0.587785
254.100000	0.496718
254.200000	0.404499
254.300000	0.312282
254.400000	0.221178
254.500000	0.132240
254.600000	0.046436
254.700000	-0.035370
254.800000	-0.112431
254.900000	-0.184132
255.000000	-0.250000
255.100000	-0.309713
255.200000	-0.363097
255.300000	-0.410133
255.400000	-0.450944
255.500000	-0.485794
255.600000	-0.515071
255.700000	-0.539277
255.800000	-0.559008
255.900000	-0.574935
256.000000	-0.587785
256.100000	-0.598315
256.200000	-0.607293
256.300000	-0.615471
256.400000	-0.623567
256.500000	-0.632240
256.600000	-0.642074
256.700000	-0.653555
256.800000	-0.667063
256.900000	-0.682854
257.000000	-0.701057
257.100000	-0.721661
257.200000	-0.744523
257.300000	-0.769363
257.400000	-0.795772
257.500000	-0.823223
257.600000	-0.851080
257.700000	-0.878617
257.800000	-0.905033
257.900000	-0.929475
258.000000	-0.951057
258.100000	-0.968885
258.200000	-0.982081
258.300000	-0.989804
258.400000	-0.991274
258.500000	-0.985794
258.600000	-0.972767
258.700000	-0.951720
258.800000	-0.922311
258.900000	-0.884346
259.000000	-0.837785
259.100000	-0.782749
259.200000	-0.719518
259.300000	-0.648531
259.400000	-0.570379
259.500000	-0.485794
259.600000	-0.395636
259.700000	-0.300879
259.800000	-0.202587
259.900000	-0.101899
260.000000	-0.000000
260.100000	0.101899
260.200000	0.202587
260.300000	0.300879
260.400000	0.395636
260.500000	0.485794
260.600000	0.570379
260.700000	0.648531
260.800000	0.719518
260.900000	0.782749
261.000000	0.837785
261.100000	0.884346
261.200000	0.922311
261.300000	0.951720
261.400000	0.972767
261.500000	0.985794
261.600000	0.991274
261.700000	0.989804
261.800000	0.982081
261.900000	0.968885
262.000000	0.951057
262.100000	0.929475
262.200000	0.905033
262.300000	0.878617
262.400000	0.851080
262.500000	0.823223
262.600000	0.795772
262.700000	0.769363
262.800000	0.744523
262.900000	0.721661
263.000000	0.701057
263.100000	0.682854
263.200000	0.667063
263.300000	0.653555
263.400000	0.642074
263.500000	0.632240
263.600000	0.623567
263.700000	0.615471
263.800000	0.607293
263.900000	0.598315
264.000000	0.587785
264.100000	0.574935
264.200000	0.559008
264.300000	0.539277
264.400000	0.515071
264.500000	0.485794
264.600000	0.450944
264.700000	0.410133
264.800000	0.363097
264.900000	0.309713
265.000000	0.250000
265.100000	0.184132
265.200000	0.112431
265.300000	0.035370
265.400000	-0.046436
265.500000	-0.132240
265.600000	-0.221178
265.700000	-0.312282
265.800000	-0.404499
265.900000	-0.496718
266.000000	-0.587785
266.100000	-0.676533
266.200000	-0.761801
266.300000	-0.842466
266.400000	-0.917460
266.500000	-0.985794
266.600000	-1.046582
266.700000	-1.099058
266.800000	-1.142591
266.900000	-1.176699
267.000000	-1.201057
267.100000	-1.215505
267.200000	-1.220051
267.300000	-1.214866
267.400000	-1.200281
267.500000	-1.176777
267.600000	-1.144973
267.700000	-1.105612
267.800000	-1.059541
267.900000	-1.007692
268.000000	-0.951057
268.100000	-0.890668
268.200000	-0.827573
268.300000	-0.762809
268.400000	-0.697382
268.500000	-0.632240
268.600000	-0.568259
268.700000	-0.506217
268.800000	-0.446783
268.900000	-0.390502
269.000000	-0.337785
269.100000	-0.288905
269.200000	-0.243990
269.300000	-0.203028
269.400000	-0.165870
269.500000	-0.132240
269.600000	-0.101744
269.700000	-0.073884
269.800000	-0.048079
269.900000	-0.023682
270.000000	-0.000000
270.100000	0.023682
270.200000	0.048079
270.300000	0.073884
270.400000	0.101744
270.500000	0.132240
270.600000	0.165870
270.700000	0.203028
270.800000	0.243990
270.900000	0.288905
271.000000	0.337785
271.100000	0.390502
271.200000	0.446783
271.300000	0.506217
271.400000	0.568259
271.500000	0.632240
271.600000	0.697382
271.700000	0.762809
271.800000	0.827573
271.900000	0.890668
272.000000	0.951057
272.100000	1.007692
272.200000	1.059541
272.300000	1.105612
272.400000	1.144973
272.500000	1.176777
272.600000	1.200281
272.700000	1.214866
272.800000	1.220051
272.900000	1.215505
273.000000	1.201057
273.100000	1.176699
273.200000	1.142591
273.300000	1.099058
273.400000	1.046582
273.500000	0.985794
273.600000	0.917460
273.700000	0.842466
273.800000	0.761801
273.900000	0.676533
274.000000	0.587785
274.100000	0.496718
274.200000	0.404499
274.300000	0.312282
274.400000	0.221178
274.500000	0.132240
274.600000	0.046436
274.700000	-0.035370
274.800000	-0.112431
274.900000	-0.184132
275.000000	-0.250000
275.100000	-0.309713
275.200000	-0.363097
275.300000	-0.410133
275.400000	-0.450944
275.500000	-0.485794
275.600000	-0.515071
275.700000	-0.539277
275.800000	-0.559008
275.900000	-0.574935
276.000000	-0.587785
276.100000	-0.598315
276.200000	-0.607293
276.300000	-0.615471
276.400000	-0.623567
276.500000	-0.632240
276.600000	-0.642074
276.700000	-0.653555
276.800000	-0.667063
276.900000	-0.682854
277.000000	-0.701057
277.100000	-0.721661
277.200000	-0.744523
277.300000	-0.769363
277.400000	-0.795772
277.500000	-0.823223
277.600000	-0.851080
277.700000	-0.878617
277.800000	-0.905033
277.900000	-0.929475
278.000000	-0.951057
278.100000	-0.968885
278.200000	-0.982081
278.300000	-0.989804
278.400000	-0.991274
278.500000	-0.985794
278.600000	-0.972767
278.700000	-0.951720
278.800000	-0.922311
278.900000	-0.884346
279.000000	-0.837785
279.100000	-0.782749
279.200000	-0.719518
279.300000	-0.648531
279.400000	-0.570379
279.500000	-0.485794
279.600000	-0.395636
279.700000	-0.300879
279.800000	-0.202587
279.900000	-0.101899
280.000000	-0.000000
280.100000	0.101899
280.200000	0.202587
280.300000	0.300879
280.400000	0.395636
280.500000	0.485794
280.600000	0.570379
280.700000	0.648531
280.800000	0.719518
280.900000	0.782749
281.000000	0.837785
281.100000	0.884346
281.200000	0.922311
281.300000	0.951720
281.400000	0.972767
281.500000	0.985794
281.600000	0.991274
281.700000	0.989804
281.800000	0.982081
281.900000	0.968885
282.000000	0.951057
282.100000	0.929475
282.200000	0.905033
282.300000	0.878617
282.400000	0.851080
282.500000	0.823223
282.600000	0.795772
282.700000	0.769363
282.800000	0.744523
282.900000	0.721661
283.000000	0.701057
283.100000	0.682854
283.200000	0.667063
283.300000	0.653555
283.400000	0.642074
283.500000	0.632240
283.600000	0.623567
283.700000	0.615471
283.800000	0.607293
283.900000	0.598315
284.000000	0.587785
284.100000	0.574935
284.200000	0.559008
284.300000	0.539277
284.400000	0.515071
284.500000	0.485794
284.600000	0.450944
284.700000	0.410133
284.800000	0.363097
284.900000	0.309713
285.000000	0.250000
285.100000	0.184132
285.200000	0.112431
285.300000	0.035370
285.400000	-0.046436
285.500000	-0.132240
285.600000	-0.221178
285.700000	-0.312282
285.800000	-0.404499
285.900000	-0.496718
286.000000	-0.587785
286.100000	-0.676533
286.200000	-0.761801
286.300000	-0.842466
286.400000	-0.917460
286.500000	-0.985794
286.600000	-1.046582
286.700000	-1.099058
286.800000	-1.142591
286.900000	-1.176699
287.000000	-1.201057
287.100000	-1.215505
287.200000	-1.220051
287.300000	-1.214866
287.400000	-1.200281
287.500000	-1.176777
287.600000	-1.144973
287.700000	-1.105612
287.800000	-1.059541
287.900000	-1.007692
288.000000	-0.951057
288.100000	-0.890668
288.200000	-0.827573
288.300000	-0.762809
288.400000	-0.697382
288.500000	-0.632240
288.600000	-0.568259
288.700000	-0.506217
288.800000	-0.446783
288.900000	-0.390502
289.000000	-0.337785
289.100000	-0.288905
289.200000	-0.243990
289.300000	-0.203028
289.400000	-0.165870
289.500000	-0.132240
289.600000	-0.101744
289.700000	-0.073884
289.800000	-0.048079
289.900000	-0.023682
290.000000	-0.000000
290.100000	0.023682
290.200000	0.048079
290.300000	0.073884
290.400000	0.101744
290.500000	0.132240
290.600000	0.165870
290.700000	0.203028
290.800000	0.243990
290.900000	0.288905
291.000000	0.337785
291.100000	0.390502
291.200000	0.446783
291.300000	0.506217
291.400000	0.568259
291.500000	0.632240
291.600000	0.697382
291.700000	0.762809
291.800000	0.827573
291.900000	0.890668
292.000000	0.951057
292.100000	1.007692
292.200000	1.059541
292.300000	1.105612
292.400000	1.144973
292.500000	1.176777
292.600000	1.200281
292.700000	1.214866
292.800000	1.220051
292.900000	1.215505
293.000000	1.201057
293.100000	1.176699
293.200000	1.142591
293.300000	1.099058
293.400000	1.046582
293.500000	0.985794
293.600000	0.917460
293.700000	0.842466
293.800000	0.761801
293.900000	0.676533
294.000000	0.587785
294.100000	0.496718
294.200000	0.404499
294.300000	0.312282
294.400000	0.221178
294.500000	0.132240
294.600000	0.046436
294.700000	-0.035370
294.800000	-0.112431
294.900000	-0.184132
295.000000	-0.250000
295.100000	-0.309713
295.200000	-0.363097
295.300000	-0.410133
295.400000	-0.450944
295.500000	-0.485794
295.600000	-0.515071
295.700000	-0.539277
295.800000	-0.559008
295.900000	-0.574935
296.000000	-0.587785
296.100000	-0.598315
296.200000	-0.607293
296.300000	-0.615471
296.400000	-0.623567
296.500000	-0.632240
296.600000	-0.642074
296.700000	-0.653555
296.800000	-0.667063
296.900000	-0.682854
297.000000	-0.701057
297.100000	-0.721661
297.200000	-0.744523
297.300000	-0.769363
297.400000	-0.795772
297.500000	-0.823223
297.600000	-0.851080
297.700000	-0.878617
297.800000	-0.905033
297.900000	-0.929475
298.000000	-0.951057
298.100000	-0.968885
298.200000	-0.982081
298.300000	-0.989804
298.400000	-0.991274
298.500000	-0.985794
298.600000	-0.972767
298.700000	-0.951720
298.800000	-0.922311
298.900000	-0.884346
299.000000	-0.837785
299.100000	-0.782749
299.200000	-0.719518
299.300000	-0.648531
299.400000	-0.570379
299.500000	-0.485794
299.600000	-0.395636
299.700000	-0.300879
299.800000	-0.202587
299.900000	-0.101899
300.000000	-0.000000
300.100000	0.101899
300.200000	0.202587
300.300000	0.300879
300.400000	0.395636
300.500000	0.485794
300.600000	0.570379
300.700000	0.648531
300.800000	0.719518
300.900000	0.782749
301.000000	0.837785
301.100000	0.884346
301.200000	0.922311
301.300000	0.951720
301.400000	0.972767
301.500000	0.985794
301.600000	0.991274
301.700000	0.989804
301.800000	0.982081
301.900000	0.968885
302.000000	0.951057
302.100000	0.929475
302.200000	0.905033
302.300000	0.878617
302.400000	0.851080
302.500000	0.823223
302.600000	0.795772
302.700000	0.769363
302.800000	0.744523
302.900000	0.721661
303.000000	0.701057
303.100000	0.682854
303.200000	0.667063
303.300000	0.653555
303.400000	0.642074
303.500000	0.632240
303.600000	0.623567
303.700000	0.615471
303.800000	0.607293
303.900000	0.598315
304.000000	0.587785
304.100000	0.574935
304.200000	0.559008
304.300000	0.539277
304.400000	0.515071
304.500000	0.485794
304.600000	0.450944
304.700000	0.410133
304.800000	0.363097
304.900000	0.309713
305.000000	0.250000
305.100000	0.184132
305.200000	0.112431
305.300000	0.035370
305.400000	-0.046436
305.500000	-0.132240
305.600000	-0.221178
305.700000	-0.312282
305.800000	-0.404499
305.900000	-0.496718
306.000000	-0.587785
306.100000	-0.676533
306.200000	-0.761801
306.300000	-0.842466
306.400000	-0.917460
306.500000	-0.985794
306.600000	-1.046582
306.700000	-1.099058
306.800000	-1.142591
306.900000	-1.176699
307.000000	-1.201057
307.100000	-1.215505
307.200000	-1.220051
307.300000	-1.214866
307.400000	-1.200281
307.500000	-1.176777
307.600000	-1.144973
307.700000	-1.105612
307.800000	-1.059541
307.900000	-1.007692
308.000000	-0.951057
308.100000	-0.890668
308.200000	-0.827573
308.300000	-0.762809
308.400000	-0.697382
308.500000	-0.632240
308.600000	-0.568259
308.700000	-0.506217
308.800000	-0.446783
308.900000	-0.390502
309.000000	-0.337785
309.100000	-0.288905
309.200000	-0.243990
309.300000	-0.203028
309.400000	-0.165870
309.500000	-0.132240
309.600000	-0.101744
309.700000	-0.073884
309.800000	-0.048079
309.900000	-0.023682
310.000000	0.000000
310.100000	0.023682
310.200000	0.048079
310.300000	0.073884
310.400000	0.101744
310.500000	0.132240
310.600000	0.165870
310.700000	0.203028
310.800000	0.243990
310.900000	0.288905
311.000000	0.337785
311.100000	0.390502
311.200000	0.446783
311.300000	0.506217
311.400000	0.568259
311.500000	0.632240
311.600000	0.697382
311.700000	0.762809
311.800000	0.827573
311.900000	0.890668
312.000000	0.951057
312.100000	1.007692
312.200000	1.059541
312.300000	1.105612
312.400000	1.144973
312.500000	1.176777
312.600000	1.200281
312.700000	1.214866
312.800000	1.220051
312.900000	1.215505
313.000000	1.201057
313.100000	1.176699
313.200000	1.142591
313.300000	1.099058
313.400000	1.046582
313.500000	0.985794
313.600000	0.917460
313.700000	0.842466
313.800000	0.761801
313.900000	0.676533
314.000000	0.587785
314.100000	0.496718
314.200000	0.404499
314.300000	0.312282
314.400000	0.221178
314.500000	0.132240
314.600000	0.046436
314.700000	-0.035370
314.800000	-0.112431
314.900000	-0.184132
315.000000	-0.250000
315.100000	-0.309713
315.200000	-0.363097
315.300000	-0.410133
315.400000	-0.450944
315.500000	-0.485794
315.600000	-0.515071
315.700000	-0.539277
315.800000	-0.559008
315.900000	-0.574935
316.000000	-0.587785
316.100000	-0.598315
316.200000	-0.607293
316.300000	-0.615471
316.400000	-0.623567
316.500000	-0.632240
316.600000	-0.642074
316.700000	-0.653555
316.800000	-0.667063
316.900000	-0.682854
317.000000	-0.701057
317.100000	-0.721661
317.200000	-0.744523
317.300000	-0.769363
317.400000	-0.795772
317.500000	-0.823223
317.600000	-0.851080
317.700000	-0.878617
317.800000	-0.905033
317.900000	-0.929475
318.000000	-0.951057
318.100000	-0.968885
318.200000	-0.982081
318.300000	-0.989804
318.400000	-0.991274
318.500000	-0.985794
318.600000	-0.972767
318.700000	-0.951720
318.800000	-0.922311
318.900000	-0.884346
319.000000	-0.837785
319.100000	-0.782749
319.200000	-0.719518
319.300000	-0.648531
319.400000	-0.570379
319.500000	-0.485794
319.600000	-0.395636
319.700000	-0.300879
319.800000	-0.202587
319.900000	-0.101899
320.000000	0.000000
320.100000	0.101899
320.200000	0.202587
320.300000	0.300879
320.400000	0.395636
320.500000	0.485794
320.600000	0.570379
320.700000	0.648531
320.800000	0.719518
320.900000	0.782749
321.000000	0.837785
321.100000	0.884346
321.200000	0.922311
321.300000	0.951720
321.400000	0.972767
321.500000	0.985794
321.600000	0.991274
321.700000	0.989804
321.800000	0.982081
321.900000	0.968885
322.000000	0.951057
322.100000	0.929475
322.200000	0.905033
322.300000	0.878617
322.400000	0.851080
322.500000	0.823223
322.600000	0.795772
322.700000	0.769363
322.800000	0.744523
322.900000	0.721661
323.000000	0.701057
323.100000	0.682854
323.200000	0.667063
323.300000	0.653555
323.400000	0.642074
323.500000	0.632240
323.600000	0.623567
323.700000	0.615471
323.800000	0.607293
323.900000	0.598315
324.000000	0.587785
324.100000	0.574935
324.200000	0.559008
324.300000	0.539277
324.400000	0.515071
324.500000	0.485794
324.600000	0.450944
324.700000	0.410133
324.800000	0.363097
324.900000	0.309713
325.000000	0.250000
325.100000	0.184132
325.200000	0.112431
325.300000	0.035370
325.400000	-0.046436
325.500000	-0.132240
325.600000	-0.221178
325.700000	-0.312282
325.800000	-0.404499
325.900000	-0.496718
326.000000	-0.587785
326.100000	-0.676533
326.200000	-0.761801
326.300000	-0.842466
326.400000	-0.917460
326.500000	-0.985794
326.600000	-1.046582
326.700000	-1.099058
326.800000	-1.142591
326.900000	-1.176699
327.000000	-1.201057
327.100000	-1.215505
327.200000	-1.220051
327.300000	-1.214866
327.400000	-1.200281
327.500000	-1.176777
327.600000	-1.144973
327.700000	-1.105612
327.800000	-1.059541
327.900000	-1.007692
328.000000	-0.951057
328.100000	-0.890668
328.200000	-0.827573
328.300000	-0.762809
328.400000	-0.697382
328.500000	-0.632240
328.600000	-0.568259
328.700000	-0.506217
328.800000	-0.446783
328.900000	-0.390502
329.000000	-0.337785
329.100000	-0.288905
329.200000	-0.243990
329.300000	-0.203028
329.400000	-0.165870
329.500000	-0.132240
329.600000	-0.101744
329.700000	-0.073884
329.800000	-0.048079
329.900000	-0.023682
330.000000	0.000000
330.100000	0.023682
330.200000	0.048079
330.300000	0.073884
330.400000	0.101744
330.500000	0.132240
330.600000	0.165870
330.700000	0.203028
330.800000	0.243990
330.900000	0.288905
331.000000	0.337785
331.100000	0.390502
331.200000	0.446783
331.300000	0.506217
331.400000	0.568259
331.500000	0.632240
331.600000	0.697382
331.700000	0.762809
331.800000	0.827573
331.900000	0.890668
332.000000	0.951057
332.100000	1.007692
332.200000	1.059541
332.300000	1.105612
332.400000	1.144973
332.500000	1.176777
332.600000	1.200281
332.700000	1.214866
332.800000	1.220051
332.900000	1.215505
333.000000	1.201057
333.100000	1.176699
333.200000	1.142591
333.300000	1.099058
333.400000	1.046582
333.500000	0.985794
333.600000	0.917460
333.700000	0.842466
333.800000	0.761801
333.900000	0.676533
334.000000	0.587785
334.100000	0.496718
334.200000	0.404499
334.300000	0.312282
334.400000	0.221178
334.500000	0.132240
334.600000	0.046436
334.700000	-0.035370
334.800000	-0.112431
334.900000	-0.184132
335.000000	-0.250000
335.100000	-0.309713
335.200000	-0.363097
335.300000	-0.410133
335.400000	-0.450944
335.500000	-0.485794
335.600000	-0.515071
335.700000	-0.539277
335.800000	-0.559008
335.900000	-0.574935
336.000000	-0.587785
336.100000	-0.598315
336.200000	-0.607293
336.300000	-0.615471
336.400000	-0.623567
336.500000	-0.632240
336.600000	-0.642074
336.700000	-0.653555
336.800000	-0.667063
336.900000	-0.682854
337.000000	-0.701057
337.100000	-0.721661
337.200000	-0.744523
337.300000	-0.769363
337.400000	-0.795772
337.500000	-0.823223
337.600000	-0.851080
337.700000	-0.878617
337.800000	-0.905033
337.900000	-0.929475
338.000000	-0.951057
338.100000	-0.968885
338.200000	-0.982081
338.300000	-0.989804
338.400000	-0.991274
338.500000	-0.985794
338.600000	-0.972767
338.700000	-0.951720
338.800000	-0.922311
338.900000	-0.884346
339.000000	-0.837785
339.100000	-0.782749
339.200000	-0.719518
339.300000	-0.648531
339.400000	-0.570379
339.500000	-0.485794
339.600000	-0.395636
339.700000	-0.300879
339.800000	-0.202587
339.900000	-0.101899
340.000000	0.000000
340.100000	0.101899
340.200000	0.202587
340.300000	0.300879
340.400000	0.395636
340.500000	0.485794
340.600000	0.570379
340.700000	0.648531
340.800000	0.719518
340.900000	0.782749
341.000000	0.837785
341.100000	0.884346
341.200000	0.922311
341.300000	0.951720
341.400000	0.972767
341.500000	0.985794
341.600000	0.991274
341.700000	0.989804
341.800000	0.982081
341.900000	0.968885
342.000000	0.951057
342.100000	0.929475
342.200000	0.905033
342.300000	0.878617
342.400000	0.851080
342.500000	0.823223
342.600000	0.795772
342.700000	0.769363
342.800000	0.744523
342.900000	0.721661
343.000000	0.701057
343.100000	0.682854
343.200000	0.667063
343.300000	0.653555
343.400000	0.642074
343.500000	0.632240
343.600000	0.623567
343.700000	0.615471
343.800000	0.607293
343.900000	0.598315
344.000000	0.587785
344.100000	0.574935
344.200000	0.559008
344.300000	0.539277
344.400000	0.515071
344.500000	0.485794
344.600000	0.450944
344.700000	0.410133
344.800000	0.363097
344.900000	0.309713
345.000000	0.250000
345.100000	0.184132
345.200000	0.112431
345.300000	0.035370
345.400000	-0.046436
345.500000	-0.132240
345.600000	-0.221178
345.700000	-0.312282
345.800000	-0.404499
345.900000	-0.496718
346.000000	-0.587785
346.100000	-0.676533
346.200000	-0.761801
346.300000	-0.842466
346.400000	-0.917460
346.500000	-0.985794
346.600000	-1.046582
346.700000	-1.099058
346.800000	-1.142591
346.900000	-1.176699
347.000000	-1.201057
347.100000	-1.215505
347.200000	-1.220051
347.300000	-1.214866
347.400000	-1.200281
347.500000	-1.176777
347.600000	-1.144973
347.700000	-1.105612
347.800000	-1.059541
347.900000	-1.007692
348.000000	-0.951057
348.100000	-0.890668
348.200000	-0.827573
348.300000	-0.762809
348.400000	-0.697382
348.500000	-0.632240
348.600000	-0.568259
348.700000	-0.506217
348.800000	-0.446783
348.900000	-0.390502
349.000000	-0.337785
349.100000	-0.288905
349.200000	-0.243990
349.300000	-0.203028
349.400000	-0.165870
349.500000	-0.132240
349.600000	-0.101744
349.700000	-0.073884
349.800000	-0.048079
349.900000	-0.023682
350.000000	0.000000
350.100000	0.023682
350.200000	0.048079
350.300000	0.073884
350.400000	0.101744
350.500000	0.132240
350.600000	0.165870
350.700000	0.203028
350.800000	0.243990
350.900000	0.288905
351.000000	0.337785
351.100000	0.390502
351.200000	0.446783
351.300000	0.506217
351.400000	0.568259
351.500000	0.632240
351.600000	0.697382
351.700000	0.762809
351.800000	0.827573
351.900000	0.890668
352.000000	0.951057
352.100000	1.007692
352.200000	1.059541
352.300000	1.105612
352.400000	1.144973
352.500000	1.176777
352.600000	1.200281
352.700000	1.214866
352.800000	1.220051
352.900000	1.215505
353.000000	1.201057
353.100000	1.176699
353.200000	1.142591
353.300000	1.099058
353.400000	1.046582
353.500000	0.985794
353.600000	0.917460
353.700000	0.842466
353.800000	0.761801
353.900000	0.676533
354.000000	0.587785
354.100000	0.496718
354.200000	0.404499
354.300000	0.312282
354.400000	0.221178
354.500000	0.132240
354.600000	0.046436
354.700000	-0.035370
354.800000	-0.112431
354.900000	-0.184132
355.000000	-0.250000
355.100000	-0.309713
355.200000	-0.363097
355.300000	-0.410133
355.400000	-0.450944
355.500000	-0.485794
355.600000	-0.515071
355.700000	-0.539277
355.800000	-0.559008
355.900000	-0.574935
356.000000	-0.587785
356.100000	-0.598315
356.200000	-0.607293
356.300000	-0.615471
356.400000	-0.623567
356.500000	-0.632240
356.600000	-0.642074
356.700000	-0.653555
356.800000	-0.667063
356.900000	-0.682854
357.000000	-0.701057
357.100000	-0.721661
357.200000	-0.744523
357.300000	-0.769363
357.400000	-0.795772
357.500000	-0.823223
357.600000	-0.851080
357.700000	-0.878617
357.800000	-0.905033
357.900000	-0.929475
358.000000	-0.951057
358.100000	-0.968885
358.200000	-0.982081
358.300000	-0.989804
358.400000	-0.991274
358.500000	-0.985794
358.600000	-0.972767
358.700000	-0.951720
358.800000	-0.922311
358.900000	-0.884346
359.000000	-0.837785
359.100000	-0.782749
359.200000	-0.719518
359.300000	-0.648531
359.400000	-0.570379
359.500000	-0.485794
359.600000	-0.395636
359.700000	-0.300879
359.800000	-0.202587
359.900000	-0.101899
360.000000	0.000000
360.100000	0.101899
360.200000	0.202587
360.300000	0.300879
360.400000	0.395636
360.500000	0.485794
360.600000	0.570379
360.700000	0.648531
360.800000	0.719518
360.900000	0.782749
361.000000	0.837785
361.100000	0.884346
361.200000	0.922311
361.300000	0.951720
361.400000	0.972767
361.500000	0.985794
361.600000	0.991274
361.700000	0.989804
361.800000	0.982081
361.900000	0.968885
362.000000	0.951057
362.100000	0.929475
362.200000	0.905033
362.300000	0.878617
362.400000	0.851080
362.500000	0.823223
362.600000	0.795772
362.700000	0.769363
362.800000	0.744523
362.900000	0.721661
363.000000	0.701057
363.100000	0.682854
363.200000	0.667063
363.300000	0.653555
363.400000	0.642074
363.500000	0.632240
363.600000	0.623567
363.700000	0.615471
363.800000	0.607293
363.900000	0.598315
364.000000	0.587785
364.100000	0.574935
364.200000	0.559008
364.300000	0.539277
364.400000	0.515071
364.500000	0.485794
364.600000	0.450944
364.700000	0.410133
364.800000	0.363097
364.900000	0.309713
365.000000	0.250000
365.100000	0.184132
365.200000	0.112431
365.300000	0.035370
365.400000	-0.046436
365.500000	-0.132240
365.600000	-0.221178
365.700000	-0.312282
365.800000	-0.404499
365.900000	-0.496718
366.000000	-0.587785
366.100000	-0.676533
366.200000	-0.761801
366.300000	-0.842466
366.400000	-0.917460
366.500000	-0.985794
366.600000	-1.046582
366.700000	-1.099058
366.800000	-1.142591
366.900000	-1.176699
367.000000	-1.201057
367.100000	-1.215505
367.200000	-1.220051
367.300000	-1.214866
367.400000	-1.200281
367.500000	-1.176777
367.600000	-1.144973
367.700000	-1.105612
367.800000	-1.059541
367.900000	-1.007692
368.000000	-0.951057
368.100000	-0.890668
368.200000	-0.827573
368.300000	-0.762809
368.400000	-0.697382
368.500000	-0.632240
368.600000	-0.568259
368.700000	-0.506217
368.800000	-0.446783
368.900000	-0.390502
369.000000	-0.337785
369.100000	-0.288905
369.200000	-0.243990
369.300000	-0.203028
369.400000	-0.165870
369.500000	-0.132240
369.600000	-0.101744
369.700000	-0.073884
369.800000	-0.048079
369.900000	-0.023682
370.000000	0.000000
370.100000	0.023682
370.200000	0.048079
370.300000	0.073884
370.400000	0.101744
370.500000	0.132240
370.600000	0.165870
370.700000	0.203028
370.800000	0.243990
370.900000	0.288905
371.000000	0.337785
371.100000	0.390502
371.200000	0.446783
371.300000	0.506217
371.400000	0.568259
371.500000	0.632240
371.600000	0.697382
371.700000	0.762809
371.800000	0.827573
371.900000	0.890668
372.000000	0.951057
372.100000	1.007692
372.200000	1.059541
372.300000	1.105612
372.400000	1.144973
372.500000	1.176777
372.600000	1.200281
372.700000	1.214866
372.800000	1.220051
372.900000	1.215505
373.000000	1.201057
373.100000	1.176699
373.200000	1.142591
373.300000	1.099058
373.400000	1.046582
373.500000	0.985794
373.600000	0.917460
373.700000	0.842466
373.800000	0.761801
373.900000	0.676533
374.000000	0.587785
374.100000	0.496718
374.200000	0.404499
374.300000	0.312282
374.400000	0.221178
374.500000	0.132240
374.600000	0.046436
374.700000	-0.035370
374.800000	-0.112431
374.900000	-0.184132
375.000000	-0.250000
375.100000	-0.309713
375.200000	-0.363097
375.300000	-0.410133
375.400000	-0.450944
375.500000	-0.485794
375.600000	-0.515071
375.700000	-0.539277
375.800000	-0.559008
375.900000	-0.574935
376.000000	-0.587785
376.100000	-0.598315
376.200000	-0.607293
376.300000	-0.615471
376.400000	-0.623567
376.500000	-0.632240
376.600000	-0.642074
376.700000	-0.653555
376.800000	-0.667063
376.900000	-0.682854
377.000000	-0.701057
377.100000	-0.721661
377.200000	-0.744523
377.300000	-0.769363
377.400000	-0.795772
377.500000	-0.823223
377.600000	-0.851080
377.700000	-0.878617
377.800000	-0.905033
377.900000	-0.929475
378.000000	-0.951057
378.100000	-0.968885
378.200000	-0.982081
378.300000	-0.989804
378.400000	-0.991274
378.500000	-0.985794
378.600000	-0.972767
378.700000	-0.951720
378.800000	-0.922311
378.900000	-0.884346
379.000000	-0.837785
379.100000	-0.782749
379.200000	-0.719518
379.300000	-0.648531
379.400000	-0.570379
379.500000	-0.485794
379.600000	-0.395636
379.700000	-0.300879
379.800000	-0.202587
379.900000	-0.101899
380.000000	0.000000
380.100000	0.101899
380.200000	0.202587
380.300000	0.300879
380.400000	0.395636
380.500000	0.485794
380.600000	0.570379
380.700000	0.648531
380.800000	0.719518
380.900000	0.782749
381.000000	0.837785
381.100000	0.884346
381.200000	0.922311
381.300000	0.951720
381.400000	0.972767
381.500000	0.985794
381.600000	0.991274
381.700000	0.989804
381.800000	0.982081
381.900000	0.968885
382.000000	0.951057
382.100000	0.929475
382.200000	0.905033
382.300000	0.878617
382.400000	0.851080
382.500000	0.823223
382.600000	0.795772
382.700000	0.769363
382.800000	0.744523
382.900000	0.721661
383.000000	0.701057
383.100000	0.682854
383.200000	0.667063
383.300000	0.653555
383.400000	0.642074
383.500000	0.632240
383.600000	0.623567
383.700000	0.615471
383.800000	0.607293
383.900000	0.598315
384.000000	0.587785
384.100000	0.574935
384.200000	0.559008
384.300000	0.539277
384.400000	0.515071
384.500000	0.485794
384.600000	0.450944
384.700000	0.410133
384.800000	0.363097
384.900000	0.309713
385.000000	0.250000
385.100000	0.184132
385.200000	0.112431
385.300000	0.035370
385.400000	-0.046436
385.500000	-0.132240
385.600000	-0.221178
385.700000	-0.312282
385.800000	-0.404499
385.900000	-0.496718
386.000000	-0.587785
386.100000	-0.676533
386.200000	-0.761801
386.300000	-0.842466
386.400000	-0.917460
386.500000	-0.985794
386.600000	-1.046582
386.700000	-1.099058
386.800000	-1.142591
386.900000	-1.176699
387.000000	-1.201057
387.100000	-1.215505
387.200000	-1.220051
387.300000	-1.214866
387.400000	-1.200281
387.500000	-1.176777
387.600000	-1.144973
387.700000	-1.105612
387.800000	-1.059541
387.900000	-1.007692
388.000000	-0.951057
388.100000	-0.890668
388.200000	-0.827573
388.300000	-0.762809
388.400000	-0.697382
388.500000	-0.632240
388.600000	-0.568259
388.700000	-0.506217
388.800000	-0.446783
388.900000	-0.390502
389.000000	-0.337785
389.100000	-0.288905
389.200000	-0.243990
389.300000	-0.203028
389.400000	-0.165870
389.500000	-0.132240
389.600000	-0.101744
389.700000	-0.073884
389.800000	-0.048079
389.900000	-0.023682
390.000000	0.000000
390.100000	0.023682
390.200000	0.048079
390.300000	0.073884
390.400000	0.101744
390.500000	0.132240
390.600000	0.165870
390.700000	0.203028
390.800000	0.243990
390.900000	0.288905
391.000000	0.337785
391.100000	0.390502
391.200000	0.446783
391.300000	0.506217
391.400000	0.568259
391.500000	0.632240
391.600000	0.697382
391.700000	0.762809
391.800000	0.827573
391.900000	0.890668
392.000000	0.951057
392.100000	1.007692
392.200000	1.059541
392.300000	1.105612
392.400000	1.144973
392.500000	1.176777
392.600000	1.200281
392.700000	1.214866
392.800000	1.220051
392.900000	1.215505
393.000000	1.201057
393.100000	1.176699
393.200000	1.142591
393.300000	1.099058
393.400000	1.046582
393.500000	0.985794
393.600000	0.917460
393.700000	0.842466
393.800000	0.761801
393.900000	0.676533
394.000000	0.587785
394.100000	0.496718
394.200000	0.404499
394.300000	0.312282
394.400000	0.221178
394.500000	0.132240
394.600000	0.046436
394.700000	-0.035370
394.800000	-0.112431
394.900000	-0.184132
395.000000	-0.250000
395.100000	-0.309713
395.200000	-0.363097
395.300000	-0.410133
395.400000	-0.450944
395.500000	-0.485794
395.600000	-0.515071
395.700000	-0.539277
395.800000	-0.559008
395.900000	-0.574935
396.000000	-0.587785
396.100000	-0.598315
396.200000	-0.607293
396.300000	-0.615471
396.400000	-0.623567
396.500000	-0.632240
396.600000	-0.642074
396.700000	-0.653555
396.800000	-0.667063
396.900000	-0.682854
397.000000	-0.701057
397.100000	-0.721661
397.200000	-0.744523
397.300000	-0.769363
397.400000	-0.795772
397.500000	-0.823223
397.600000	-0.851080
397.700000	-0.878617
397.800000	-0.905033
397.900000	-0.929475
398.000000	-0.951057
398.100000	-0.968885
398.200000	-0.982081
398.300000	-0.989804
398.400000	-0.991274
398.500000	-0.985794
398.600000	-0.972767
398.700000	-0.951720
398.800000	-0.922311
398.900000	-0.884346
399.000000	-0.837785
399.100000	-0.782749
399.200000	-0.719518
399.300000	-0.648531
399.400000	-0.570379
399.500000	-0.485794
399.600000	-0.395636
399.700000	-0.300879
399.800000	-0.202587
399.900000	-0.101899
400.000000	0.000000
400.100000	0.101899
400.200000	0.202587
400.300000	0.300879
400.400000	0.395636
400.500000	0.485794
400.600000	0.570379
400.700000	0.648531
400.800000	0.719518
400.900000	0.782749
401.000000	0.837785
401.100000	0.884346
401.200000	0.922311
401.300000	0.951720
401.400000	0.972767
401.500000	0.985794
401.600000	0.991274
401.700000	0.989804
401.800000	0.982081
401.900000	0.968885
402.000000	0.951057
402.100000	0.929475
402.200000	0.905033
402.300000	0.878617
402.400000	0.851080
402.500000	0.823223
402.600000	0.795772
402.700000	0.769363
402.800000	0.744523
402.900000	0.721661
403.000000	0.701057
403.100000	0.682854
403.200000	0.667063
403.300000	0.653555
403.400000	0.642074
403.500000	0.632240
403.600000	0.623567
403.700000	0.615471
403.800000	0.607293
403.900000	0.598315
404.000000	0.587785
404.100000	0.574935
404.200000	0.559008
404.300000	0.539277
404.400000	0.515071
404.500000	0.485794
404.600000	0.450944
404.700000	0.410133
404.800000	0.363097
404.900000	0.309713
405.000000	0.250000
405.100000	0.184132
405.200000	0.112431
405.300000	0.035370
405.400000	-0.046436
405.500000	-0.132240
405.600000	-0.221178
405.700000	-0.312282
405.800000	-0.404499
405.900000	-0.496718
406.000000	-0.587785
406.100000	-0.676533
406.200000	-0.761801
406.300000	-0.842466
406.400000	-0.917460
406.500000	-0.985794
406.600000	-1.046582
406.700000	-1.099058
406.800000	-1.142591
406.900000	-1.176699
407.000000	-1.201057
407.100000	-1.215505
407.200000	-1.220051
407.300000	-1.214866
407.400000	-1.200281
407.500000	-1.176777
407.600000	-1.144973
407.700000	-1.105612
407.800000	-1.059541
407.900000	-1.007692
408.000000	-0.951057
408.100000	-0.890668
408.200000	-0.827573
408.300000	-0.762809
408.400000	-0.697382
408.500000	-0.632240
408.600000	-0.568259
408.700000	-0.506217
408.800000	-0.446783
408.900000	-0.390502
409.000000	-0.337785
409.100000	-0.288905
409.200000	-0.243990
409.300000	-0.203028
409.400000	-0.165870
409.500000	-0.132240
409.600000	-0.101744
409.700000	-0.073884
409.800000	-0.048079
409.900000	-0.023682
410.000000	0.000000
410.100000	0.023682
410.200000	0.048079
410.300000	0.073884
410.400000	0.101744
410.500000	0.132240
410.600000	0.165870
410.700000	0.203028
410.800000	0.243990
410.900000	0.288905
411.000000	0.337785
411.100000	0.390502
411.200000	0.446783
411.300000	0.506217
411.400000	0.568259
411.500000	0.632240
411.600000	0.697382
411.700000	0.762809
411.800000	0.827573
411.900000	0.890668
412.000000	0.951057
412.100000	1.007692
412.200000	1.059541
412.300000	1.105612
412.400000	1.144973
412.500000	1.176777
412.600000	1.200281
412.700000	1.214866
412.800000	1.220051
412.900000	1.215505
413.000000	1.201057
413.100000	1.176699
413.200000	1.142591
413.300000	1.099058
413.400000	1.046582
413.500000	0.985794
413.600000	0.917460
413.700000	0.842466
413.800000	0.761801
413.900000	0.676533
414.000000	0.587785
414.100000	0.496718
414.200000	0.404499
414.300000	0.312282
414.400000	0.221178
414.500000	0.132240
414.600000	0.046436
414.700000	-0.035370
414.800000	-0.112431
414.900000	-0.184132
415.000000	-0.250000
415.100000	-0.309713
415.200000	-0.363097
415.300000	-0.410133
415.400000	-0.450944
415.500000	-0.485794
415.600000	-0.515071
415.700000	-0.539277
415.800000	-0.559008
415.900000	-0.574935
416.000000	-0.587785
416.100000	-0.598315
416.200000	-0.607293
416.300000	-0.615471
416.400000	-0.623567
416.500000	-0.632240
416.600000	-0.642074
416.700000	-0.653555
416.800000	-0.667063
416.900000	-0.682854
417.000000	-0.701057
417.100000	-0.721661
417.200000	-0.744523
417.300000	-0.769363
417.400000	-0.795772
417.500000	-0.823223
417.600000	-0.851080
417.700000	-0.878617
417.800000	-0.905033
417.900000	-0.929475
418.000000	-0.951057
418.100000	-0.968885
418.200000	-0.982081
418.300000	-0.989804
418.400000	-0.991274
418.500000	-0.985794
418.600000	-0.972767
418.700000	-0.951720
418.800000	-0.922311
418.900000	-0.884346
419.000000	-0.837785
419.100000	-0.782749
419.200000	-0.719518
419.300000	-0.648531
419.400000	-0.570379
419.500000	-0.485794
419.600000	-0.395636
419.700000	-0.300879
419.800000	-0.202587
419.900000	-0.101899
420.000000	0.000000
420.100000	0.101899
420.200000	0.202587
420.300000	0.300879
420.400000	0.395636
420.500000	0.485794
420.600000	0.570379
420.700000	0.648531
420.800000	0.719518
420.900000	0.782749
421.000000	0.837785
421.100000	0.884346
421.200000	0.922311
421.300000	0.951720
421.400000	0.972767
421.500000	0.985794
421.600000	0.991274
421.700000	0.989804
421.800000	0.982081
421.900000	0.968885
422.000000	0.951057
422.100000	0.929475
422.200000	0.905033
422.300000	0.878617
422.400000	0.851080
422.500000	0.823223
422.600000	0.795772
422.700000	0.769363
422.800000	0.744523
422.900000	0.721661
423.000000	0.701057
423.100000	0.682854
423.200000	0.667063
423.300000	0.653555
423.400000	0.642074
423.500000	0.632240
423.600000	0.623567
423.700000	0.615471
423.800000	0.607293
423.900000	0.598315
424.000000	0.587785
424.100000	0.574935
424.200000	0.559008
424.300000	0.539277
424.400000	0.515071
424.500000	0.485794
424.600000	0.450944
424.700000	0.410133
424.800000	0.363097
424.900000	0.309713
425.000000	0.250000
425.100000	0.184132
425.200000	0.112431
425.300000	0.035370
425.400000	-0.046436
425.500000	-0.132240
425.600000	-0.221178
425.700000	-0.312282
425.800000	-0.404499
425.900000	-0.496718
426.000000	-0.587785
426.100000	-0.676533
426.200000	-0.761801
426.300000	-0.842466
426.400000	-0.917460
426.500000	-0.985794
426.600000	-1.046582
426.700000	-1.099058
426.800000	-1.142591
426.900000	-1.176699
427.000000	-1.201057
427.100000	-1.215505
427.200000	-1.220051
427.300000	-1.214866
427.400000	-1.200281
427.500000	-1.176777
427.600000	-1.144973
427.700000	-1.105612
427.800000	-1.059541
427.900000	-1.007692
428.000000	-0.951057
428.100000	-0.890668
428.200000	-0.827573
428.300000	-0.762809
428.400000	-0.697382
428.500000	-0.632240
428.600000	-0.568259
428.700000	-0.506217
428.800000	-0.446783
428.900000	-0.390502
429.000000	-0.337785
429.100000	-0.288905
429.200000	-0.243990
429.300000	-0.203028
429.400000	-0.165870
429.500000	-0.132240
429.600000	-0.101744
429.700000	-0.073884
429.800000	-0.048079
429.900000	-0.023682
430.000000	0.000000
430.100000	0.023682
430.200000	0.048079
430.300000	0.073884
430.400000	0.101744
430.500000	0.132240
430.600000	0.165870
430.700000	0.203028
430.800000	0.243990
430.900000	0.288905
431.000000	0.337785
431.100000	0.390502
431.200000	0.446783
431.300000	0.506217
431.400000	0.568259
431.500000	0.632240
431.600000	0.697382
431.700000	0.762809
431.800000	0.827573
431.900000	0.890668
432.000000	0.951057
432.100000	1.007692
432.200000	1.059541
432.300000	1.105612
432.400000	1.144973
432.500000	1.176777
432.600000	1.200281
432.700000	1.214866
432.800000	1.220051
432.900000	1.215505
433.000000	1.201057
433.100000	1.176699
433.200000	1.142591
433.300000	1.099058
433.400000	1.046582
433.500000	0.985794
433.600000	0.917460
433.700000	0.842466
433.800000	0.761801
433.900000	0.676533
434.000000	0.587785
434.100000	0.496718
434.200000	0.404499
434.300000	0.312282
434.400000	0.221178
434.500000	0.132240
434.600000	0.046436
434.700000	-0.035370
434.800000	-0.112431
434.900000	-0.184132
435.000000	-0.250000
435.100000	-0.309713
435.200000	-0.363097
435.300000	-0.410133
435.400000	-0.450944
435.500000	-0.485794
435.600000	-0.515071
435.700000	-0.539277
435.800000	-0.559008
435.900000	-0.574935
436.000000	-0.587785
436.100000	-0.598315
436.200000	-0.607293
436.300000	-0.615471
436.400000	-0.623567
436.500000	-0.632240
436.600000	-0.642074
436.700000	-0.653555
436.800000	-0.667063
436.900000	-0.682854
437.000000	-0.701057
437.100000	-0.721661
437.200000	-0.744523
437.300000	-0.769363
437.400000	-0.795772
437.500000	-0.823223
437.600000	-0.851080
437.700000	-0.878617
437.800000	-0.905033
437.900000	-0.929475
438.000000	-0.951057
438.100000	-0.968885
438.200000	-0.982081
438.300000	-0.989804
438.400000	-0.991274
438.500000	-0.985794
438.600000	-0.972767
438.700000	-0.951720
438.800000	-0.922311
438.900000	-0.884346
439.000000	-0.837785
439.100000	-0.782749
439.200000	-0.719518
439.300000	-0.648531
439.400000	-0.570379
439.500000	-0.485794
439.600000	-0.395636
439.700000	-0.300879
439.800000	-0.202587
439.900000	-0.101899
440.000000	0.000000
440.100000	0.101899
440.200000	0.202587
440.300000	0.300879
440.400000	0.395636
440.500000	0.485794
440.600000	0.570379
440.700000	0.648531
440.800000	0.719518
440.900000	0.782749
441.000000	0.837785
441.100000	0.884346
441.200000	0.922311
441.300000	0.951720
441.400000	0.972767
441.500000	0.985794
441.600000	0.991274
441.700000	0.989804
441.800000	0.982081
441.900000	0.968885
442.000000	0.951057
442.100000	0.929475
442.200000	0.905033
442.300000	0.878617
442.400000	0.851080
442.500000	0.823223
442.600000	0.795772
442.700000	0.769363
442.800000	0.744523
442.900000	0.721661
443.000000	0.701057
443.100000	0.682854
443.200000	0.667063
443.300000	0.653555
443.400000	0.642074
443.500000	0.632240
443.600000	0.623567
443.700000	0.615471
443.800000	0.607293
443.900000	0.598315
444.000000	0.587785
444.100000	0.574935
444.200000	0.559008
444.300000	0.539277
444.400000	0.515071
444.500000	0.485794
444.600000	0.450944
444.700000	0.410133
444.800000	0.363097
444.900000	0.309713
445.000000	0.250000
445.100000	0.184132
445.200000	0.112431
445.300000	0.035370
445.400000	-0.046436
445.500000	-0.132240
445.600000	-0.221178
445.700000	-0.312282
445.800000	-0.404499
445.900000	-0.496718
446.000000	-0.587785
446.100000	-0.676533
446.200000	-0.761801
446.300000	-0.842466
446.400000	-0.917460
446.500000	-0.985794
446.600000	-1.046582
446.700000	-1.099058
446.800000	-1.142591
446.900000	-1.176699
447.000000	-1.201057
447.100000	-1.215505
447.200000	-1.220051
447.300000	-1.214866
447.400000	-1.200281
447.500000	-1.176777
447.600000	-1.144973
447.700000	-1.105612
447.800000	-1.059541
447.900000	-1.007692
448.000000	-0.951057
448.100000	-0.890668
448.200000	-0.827573
448.300000	-0.762809
448.400000	-0.697382
448.500000	-0.632240
448.600000	-0.568259
448.700000	-0.506217
448.800000	-0.446783
448.900000	-0.390502
449.000000	-0.337785
449.100000	-0.288905
449.200000	-0.243990
449.300000	-0.203028
449.400000	-0.165870
449.500000	-0.132240
449.600000	-0.101744
449.700000	-0.073884
449.800000	-0.048079
449.900000	-0.023682
450.000000	0.000000
450.100000	0.023682
450.200000	0.048079
450.300000	0.073884
450.400000	0.101744
450.500000	0.132240
450.600000	0.165870
450.700000	0.203028
450.800000	0.243990
450.900000	0.288905
451.000000	0.337785
451.100000	0.390502
451.200000	0.446783
451.300000	0.506217
451.400000	0.568259
451.500000	0.632240
451.600000	0.697382
451.700000	0.762809
451.800000	0.827573
451.900000	0.890668
452.000000	0.951057
452.100000	1.007692
452.200000	1.059541
452.300000	1.105612
452.400000	1.144973
452.500000	1.176777
452.600000	1.200281
452.700000	1.214866
452.800000	1.220051
452.900000	1.215505
453.000000	1.201057
453.100000	1.176699
453.200000	1.142591
453.300000	1.099058
453.400000	1.046582
453.500000	0.985794
453.600000	0.917460
453.700000	0.842466
453.800000	0.761801
453.900000	0.676533
454.000000	0.587785
454.100000	0.496718
454.200000	0.404499
454.300000	0.312282
454.400000	0.221178
454.500000	0.132240
454.600000	0.046436
454.700000	-0.035370
454.800000	-0.112431
454.900000	-0.184132
455.000000	-0.250000
455.100000	-0.309713
455.200000	-0.363097
455.300000	-0.410133
455.400000	-0.450944
455.500000	-0.485794
455.600000	-0.515071
455.700000	-0.539277
455.800000	-0.559008
455.900000	-0.574935
456.000000	-0.587785
456.100000	-0.598315
456.200000	-0.607293
456.300000	-0.615471
456.400000	-0.623567
456.500000	-0.632240
456.600000	-0.642074
456.700000	-0.653555
456.800000	-0.667063
456.900000	-0.682854
457.000000	-0.701057
457.100000	-0.721661
457.200000	-0.744523
457.300000	-0.769363
457.400000	-0.795772
457.500000	-0.823223
457.600000	-0.851080
457.700000	-0.878617
457.800000	-0.905033
457.900000	-0.929475
458.000000	-0.951057
458.100000	-0.968885
458.200000	-0.982081
458.300000	-0.989804
458.400000	-0.991274
458.500000	-0.985794
458.600000	-0.972767
458.700000	-0.951720
458.800000	-0.922311
458.900000	-0.884346
459.000000	-0.837785
459.100000	-0.782749
459.200000	-0.719518
459.300000	-0.648531
459.400000	-0.570379
459.500000	-0.485794
459.600000	-0.395636
459.700000	-0.300879
459.800000	-0.202587
459.900000	-0.101899
460.000000	0.000000
460.100000	0.101899
460.200000	0.202587
460.300000	0.300879
460.400000	0.395636
460.500000	0.485794
460.600000	0.570379
460.700000	0.648531
460.800000	0.719518
460.900000	0.782749
461.000000	0.837785
461.100000	0.884346
461.200000	0.922311
461.300000	0.951720
461.400000	0.972767
461.500000	0.985794
461.600000	0.991274
461.700000	0.989804
461.800000	0.982081
461.900000	0.968885
462.000000	0.951057
462.100000	0.929475
462.200000	0.905033
462.300000	0.878617
462.400000	0.851080
462.500000	0.823223
462.600000	0.795772
462.700000	0.769363
462.800000	0.744523
462.900000	0.721661
463.000000	0.701057
463.100000	0.682854
463.200000	0.667063
463.300000	0.653555
463.400000	0.642074
463.500000	0.632240
463.600000	0.623567
463.700000	0.615471
463.800000	0.607293
463.900000	0.598315
464.000000	0.587785
464.100000	0.574935
464.200000	0.559008
464.300000	0.539277
464.400000	0.515071
464.500000	0.485794
464.600000	0.450944
464.700000	0.410133
464.800000	0.363097
464.900000	0.309713
465.000000	0.250000
465.100000	0.184132
465.200000	0.112431
465.300000	0.035370
465.400000	-0.046436
465.500000	-0.132240
465.600000	-0.221178
465.700000	-0.312282
465.800000	-0.404499
465.900000	-0.496718
466.000000	-0.587785
466.100000	-0.676533
466.200000	-0.761801
466.300000	-0.842466
466.400000	-0.917460
466.500000	-0.985794
466.600000	-1.046582
466.700000	-1.099058
466.800000	-1.142591
466.900000	-1.176699
467.000000	-1.201057
467.100000	-1.215505
467.200000	-1.220051
467.300000	-1.214866
467.400000	-1.200281
467.500000	-1.176777
467.600000	-1.144973
467.700000	-1.105612
467.800000	-1.059541
467.900000	-1.007692
468.000000	-0.951057
468.100000	-0.890668
468.200000	-0.827573
468.300000	-0.762809
468.400000	-0.697382
468.500000	-0.632240
468.600000	-0.568259
468.700000	-0.506217
468.800000	-0.446783
468.900000	-0.390502
469.000000	-0.337785
469.100000	-0.288905
469.200000	-0.243990
469.300000	-0.203028
469.400000	-0.165870
469.500000	-0.132240
469.600000	-0.101744
469.700000	-0.073884
469.800000	-0.048079
469.900000	-0.023682
470.000000	0.000000
470.100000	0.023682
470.200000	0.048079
470.300000	0.073884
470.400000	0.101744
470.500000	0.132240
470.600000	0.165870
470.700000	0.203028
470.800000	0.243990
470.900000	0.288905
471.000000	0.337785
471.100000	0.390502
471.200000	0.446783
471.300000	0.506217
471.400000	0.568259
471.500000	0.632240
471.600000	0.697382
471.700000	0.762809
471.800000	0.827573
471.900000	0.890668
472.000000	0.951057
472.100000	1.007692
472.200000	1.059541
472.300000	1.105612
472.400000	1.144973
472.500000	1.176777
472.600000	1.200281
472.700000	1.214866
472.800000	1.220051
472.900000	1.215505
473.000000	1.201057
473.100000	1.176699
473.200000	1.142591
473.300000	1.099058
473.400000	1.046582
473.500000	0.985794
473.600000	0.917460
473.700000	0.842466
473.800000	0.761801
473.900000	0.676533
474.000000	0.587785
474.100000	0.496718
474.200000	0.404499
474.300000	0.312282
474.400000	0.221178
474.500000	0.132240
474.600000	0.046436
474.700000	-0.035370
474.800000	-0.112431
474.900000	-0.184132
475.000000	-0.250000
475.100000	-0.309713
475.200000	-0.363097
475.300000	-0.410133
475.400000	-0.450944
475.500000	-0.485794
475.600000	-0.515071
475.700000	-0.539277
475.800000	-0.559008
475.900000	-0.574935
476.000000	-0.587785
476.100000	-0.598315
476.200000	-0.607293
476.300000	-0.615471
476.400000	-0.623567
476.500000	-0.632240
476.600000	-0.642074
476.700000	-0.653555
476.800000	-0.667063
476.900000	-0.682854
477.000000	-0.701057
477.100000	-0.721661
477.200000	-0.744523
477.300000	-0.769363
477.400000	-0.795772
477.500000	-0.823223
477.600000	-0.851080
477.700000	-0.878617
477.800000	-0.905033
477.900000	-0.929475
478.000000	-0.951057
478.100000	-0.968885
478.200000	-0.982081
478.300000	-0.989804
478.400000	-0.991274
478.500000	-0.985794
478.600000	-0.972767
478.700000	-0.951720
478.800000	-0.922311
478.900000	-0.884346
479.000000	-0.837785
479.100000	-0.782749
479.200000	-0.719518
479.300000	-0.648531
479.400000	-0.570379
479.500000	-0.485794
479.600000	-0.395636
479.700000	-0.300879
479.800000	-0.202587
479.900000	-0.101899
480.000000	0.000000
480.100000	0.101899
480.200000	0.202587
480.300000	0.300879
480.400000	0.395636
480.500000	0.485794
480.600000	0.570379
480.700000	0.648531
480.800000	0.719518
480.900000	0.782749
481.000000	0.837785
481.100000	0.884346
481.200000	0.922311
481.300000	0.951720
481.400000	0.972767
481.500000	0.985794
481.600000	0.991274
481.700000	0.989804
481.800000	0.982081
481.900000	0.968885
482.000000	0.951057
482.100000	0.929475
482.200000	0.905033
482.300000	0.878617
482.400000	0.851080
482.500000	0.823223
482.600000	0.795772
482.700000	0.769363
482.800000	0.744523
482.900000	0.721661
483.000000	0.701057
483.100000	0.682854
483.200000	0.667063
483.300000	0.653555
483.400000	0.642074
483.500000	0.632240
483.600000	0.623567
483.700000	0.615471
483.800000	0.607293
483.900000	0.598315
484.000000	0.587785
484.100000	0.574935
484.200000	0.559008
484.300000	0.539277
484.400000	0.515071
484.500000	0.485794
484.600000	0.450944
484.700000	0.410133
484.800000	0.363097
484.900000	0.309713
485.000000	0.250000
485.100000	0.184132
485.200000	0.112431
485.300000	0.035370
485.400000	-0.046436
485.500000	-0.132240
485.600000	-0.221178
485.700000	-0.312282
485.800000	-0.404499
485.900000	-0.496718
486.000000	-0.587785
486.100000	-0.676533
486.200000	-0.761801
486.300000	-0.842466
486.400000	-0.917460
486.500000	-0.985794
486.600000	-1.046582
486.700000	-1.099058
486.800000	-1.142591
486.900000	-1.176699
487.000000	-1.201057
487.100000	-1.215505
487.200000	-1.220051
487.300000	-1.214866
487.400000	-1.200281
487.500000	-1.176777
487.600000	-1.144973
487.700000	-1.105612
487.800000	-1.059541
487.900000	-1.007692
488.000000	-0.951057
488.100000	-0.890668
488.200000	-0.827573
488.300000	-0.762809
488.400000	-0.697382
488.500000	-0.632240
488.600000	-0.568259
488.700000	-0.506217
488.800000	-0.446783
488.900000	-0.390502
489.000000	-0.337785
489.100000	-0.288905
489.200000	-0.243990
489.300000	-0.203028
489.400000	-0.165870
489.500000	-0.132240
489.600000	-0.101744
489.700000	-0.073884
489.800000	-0.048079
489.900000	-0.023682
490.000000	0.000000
490.100000	0.023682
490.200000	0.048079
490.300000	0.073884
490.400000	0.101744
490.500000	0.132240
490.600000	0.165870
490.700000	0.203028
490.800000	0.243990
490.900000	0.288905
491.000000	0.337785
491.100000	0.390502
491.200000	0.446783
491.300000	0.506217
491.400000	0.568259
491.500000	0.632240
491.600000	0.697382
491.700000	0.762809
491.800000	0.827573
491.900000	0.890668
492.000000	0.951057
492.100000	1.007692
492.200000	1.059541
492.300000	1.105612
492.400000	1.144973
492.500000	1.176777
492.600000	1.200281
492.700000	1.214866
492.800000	1.220051
492.900000	1.215505
493.000000	1.201057
493.100000	1.176699
493.200000	1.142591
493.300000	1.099058
493.400000	1.046582
493.500000	0.985794
493.600000	0.917460
493.700000	0.842466
493.800000	0.761801
493.900000	0.676533
494.000000	0.587785
494.100000	0.496718
494.200000	0.404499
494.300000	0.312282
494.400000	0.221178
494.500000	0.132240
494.600000	0.046436
494.700000	-0.035370
494.800000	-0.112431
494.900000	-0.184132
495.000000	-0.250000
495.100000	-0.309713
495.200000	-0.363097
495.300000	-0.410133
495.400000	-0.450944
495.500000	-0.485794
495.600000	-0.515071
495.700000	-0.539277
495.800000	-0.559008
495.900000	-0.574935
496.000000	-0.587785
496.100000	-0.598315
496.200000	-0.607293
496.300000	-0.615471
496.400000	-0.623567
496.500000	-0.632240
496.600000	-0.642074
496.700000	-0.653555
496.800000	-0.667063
496.900000	-0.682854
497.000000	-0.701057
497.100000	-0.721661
497.200000	-0.744523
497.300000	-0.769363
497.400000	-0.795772
497.500000	-0.823223
497.600000	-0.851080
497.700000	-0.878617
497.800000	-0.905033
497.900000	-0.929475
498.000000	-0.951057
498.100000	-0.968885
498.200000	-0.982081
498.300000	-0.989804
498.400000	-0.991274
498.500000	-0.985794
498.600000	-0.972767
498.700000	-0.951720
498.800000	-0.922311
498.900000	-0.884346
499.000000	-0.837785
499.100000	-0.782749
499.200000	-0.719518
499.300000	-0.648531
499.400000	-0.570379
499.500000	-0.485794
499.600000	-0.395636
499.700000	-0.300879
499.800000	-0.202587
499.900000	-0.101899
500.000000	0.000000
500.100000	0.101899
500.200000	0.202587
500.300000	0.300879
500.400000	0.395636
500.500000	0.485794
500.600000	0.570379
500.700000	0.648531
500.800000	0.719518
500.900000	0.782749
501.000000	0.837785
501.100000	0.884346
501.200000	0.922311
501.300000	0.951720
501.400000	0.972767
501.500000	0.985794
501.600000	0.991274
501.700000	0.989804
501.800000	0.982081
501.900000	0.968885
502.000000	0.951057
502.100000	0.929475
502.200000	0.905033
502.300000	0.878617
502.400000	0.851080
502.500000	0.823223
502.600000	0.795772
502.700000	0.769363
502.800000	0.744523
502.900000	0.721661
503.000000	0.701057
503.100000	0.682854
503.200000	0.667063
503.300000	0.653555
503.400000	0.642074
503.500000	0.632240
503.600000	0.623567
503.700000	0.615471
503.800000	0.607293
503.900000	0.598315
504.000000	0.587785
504.100000	0.574935
504.200000	0.559008
504.300000	0.539277
504.400000	0.515071
504.500000	0.485794
504.600000	0.450944
504.700000	0.410133
504.800000	0.363097
504.900000	0.309713
505.000000	0.250000
505.100000	0.184132
505.200000	0.112431
505.300000	0.035370
505.400000	-0.046436
505.500000	-0.132240
505.600000	-0.221178
505.700000	-0.312282
505.800000	-0.404499
505.900000	-0.496718
506.000000	-0.587785
506.100000	-0.676533
506.200000	-0.761801
506.300000	-0.842466
506.400000	-0.917460
506.500000	-0.985794
506.600000	-1.046582
506.700000	-1.099058
506.800000	-1.142591
506.900000	-1.176699
507.000000	-1.201057
507.100000	-1.215505
507.200000	-1.220051
507.300000	-1.214866
507.400000	-1.200281
507.500000	-1.176777
507.600000	-1.144973
507.700000	-1.105612
507.800000	-1.059541
507.900000	-1.007692
508.000000	-0.951057
508.100000	-0.890668
508.200000	-0.827573
508.300000	-0.762809
508.400000	-0.697382
508.500000	-0.632240
508.600000	-0.568259
508.700000	-0.506217
508.800000	-0.446783
508.900000	-0.390502
509.000000	-0.337785
509.100000	-0.288905
509.200000	-0.243990
509.300000	-0.203028
509.400000	-0.165870
509.500000	-0.132240
509.600000	-0.101744
509.700000	-0.073884
509.800000	-0.048079
509.900000	-0.023682
510.000000	0.000000
510.100000	0.023682
510.200000	0.048079
510.300000	0.073884
510.400000	0.101744
510.500000	0.132240
510.600000	0.165870
510.700000	0.203028
510.800000	0.243990
510.900000	0.288905
511.000000	0.337785
511.100000	0.390502
511.200000	0.446783
511.300000	0.506217
511.400000	0.568259
511.500000	0.632240
511.600000	0.697382
511.700000	0.762809
511.800000	0.827573
511.900000	0.890668
512.000000	0.951057
512.100000	1.007692
512.200000	1.059541
512.300000	1.105612
512.400000	1.144973
512.500000	1.176777
512.600000	1.200281
512.700000	1.214866
512.800000	1.220051
512.900000	1.215505
513.000000	1.201057
513.100000	1.176699
513.200000	1.142591
513.300000	1.099058
513.400000	1.046582
513.500000	0.985794
513.600000	0.917460
513.700000	0.842466
513.800000	0.761801
513.900000	0.676533
514.000000	0.587785
514.100000	0.496718
514.200000	0.404499
514.300000	0.312282
514.400000	0.221178
514.500000	0.132240
514.600000	0.046436
514.700000	-0.035370
514.800000	-0.112431
514.900000	-0.184132
515.000000	-0.250000
515.100000	-0.309713
515.200000	-0.363097
515.300000	-0.410133
515.400000	-0.450944
515.500000	-0.485794
515.600000	-0.515071
515.700000	-0.539277
515.800000	-0.559008
515.900000	-0.574935
516.000000	-0.587785
516.100000	-0.598315
516.200000	-0.607293
516.300000	-0.615471
516.400000	-0.623567
516.500000	-0.632240
516.600000	-0.642074
516.700000	-0.653555
516.800000	-0.667063
516.900000	-0.682854
517.000000	-0.701057
517.100000	-0.721661
517.200000	-0.744523
517.300000	-0.769363
517.400000	-0.795772
517.500000	-0.823223
517.600000	-0.851080
517.700000	-0.878617
517.800000	-0.905033
517.900000	-0.929475
518.000000	-0.951057
518.100000	-0.968885
518.200000	-0.982081
518.300000	-0.989804
518.400000	-0.991274
518.500000	-0.985794
518.600000	-0.972767
518.700000	-0.951720
518.800000	-0.922311
518.900000	-0.884346
519.000000	-0.837785
519.100000	-0.782749
519.200000	-0.719518
519.300000	-0.648531
519.400000	-0.570379
519.500000	-0.485794
519.600000	-0.395636
519.700000	-0.300879
519.800000	-0.202587
519.900000	-0.101899
520.000000	0.000000
520.100000	0.101899
520.200000	0.202587
520.300000	0.300879
520.400000	0.395636
520.500000	0.485794
520.600000	0.570379
520.700000	0.648531
520.800000	0.719518
520.900000	0.782749
521.000000	0.837785
521.100000	0.884346
521.200000	0.922311
521.300000	0.951720
521.400000	0.972767
521.500000	0.985794
521.600000	0.991274
521.700000	0.989804
521.800000	0.982081
521.900000	0.968885
522.000000	0.951057
522.100000	0.929475
522.200000	0.905033
522.300000	0.878617
522.400000	0.851080
522.500000	0.823223
522.600000	0.795772
522.700000	0.769363
522.800000	0.744523
522.900000	0.721661
523.000000	0.701057
523.100000	0.682854
523.200000	0.667063
523.300000	0.653555
523.400000	0.642074
523.500000	0.632240
523.600000	0.623567
523.700000	0.615471
523.800000	0.607293
523.900000	0.598315
524.000000	0.587785
524.100000	0.574935
524.200000	0.559008
524.300000	0.539277
524.400000	0.515071
524.500000	0.485794
524.600000	0.450944
524.700000	0.410133
524.800000	0.363097
524.900000	0.309713
525.000000	0.250000
525.100000	0.184132
525.200000	0.112431
525.300000	0.035370
525.400000	-0.046436
525.500000	-0.132240
525.600000	-0.221178
525.700000	-0.312282
525.800000	-0.404499
525.900000	-0.496718
526.000000	-0.587785
526.100000	-0.676533
526.200000	-0.761801
526.300000	-0.842466
526.400000	-0.917460
526.500000	-0.985794
526.600000	-1.046582
526.700000	-1.099058
526.800000	-1.142591
526.900000	-1.176699
527.000000	-1.201057
527.100000	-1.215505
527.200000	-1.220051
527.300000	-1.214866
527.400000	-1.200281
527.500000	-1.176777
527.600000	-1.144973
527.700000	-1.105612
527.800000	-1.059541
527.900000	-1.007692
528.000000	-0.951057
528.100000	-0.890668
528.200000	-0.827573
528.300000	-0.762809
528.400000	-0.697382
528.500000	-0.632240
528.600000	-0.568259
528.700000	-0.506217
528.800000	-0.446783
528.900000	-0.390502
529.000000	-0.337785
529.100000	-0.288905
529.200000	-0.243990
529.300000	-0.203028
529.400000	-0.165870
529.500000	-0.132240
529.600000	-0.101744
529.700000	-0.073884
529.800000	-0.048079
529.900000	-0.023682
530.000000	0.000000
530.100000	0.023682
530.200000	0.048079
530.300000	0.073884
530.400000	0.101744
530.500000	0.132240
530.600000	0.165870
530.700000	0.203028
530.800000	0.243990
530.900000	0.288905
531.000000	0.337785
531.100000	0.390502
531.200000	0.446783
531.300000	0.506217
531.400000	0.568259
531.500000	0.632240
531.600000	0.697382
531.700000	0.762809
531.800000	0.827573
531.900000	0.890668
532.000000	0.951057
532.100000	1.007692
532.200000	1.059541
532.300000	1.105612
532.400000	1.144973
532.500000	1.176777
532.600000	1.200281
532.700000	1.214866
532.800000	1.220051
532.900000	1.215505
533.000000	1.201057
533.100000	1.176699
533.200000	1.142591
533.300000	1.099058
533.400000	1.046582
533.500000	0.985794
533.600000	0.917460
533.700000	0.842466
533.800000	0.761801
533.900000	0.676533
534.000000	0.587785
534.100000	0.496718
534.200000	0.404499
534.300000	0.312282
534.400000	0.221178
534.500000	0.132240
534.600000	0.046436
534.700000	-0.035370
534.800000	-0.112431
534.900000	-0.184132
535.000000	-0.250000
535.100000	-0.309713
535.200000	-0.363097
535.300000	-0.410133
535.400000	-0.450944
535.500000	-0.485794
535.600000	-0.515071
535.700000	-0.539277
535.800000	-0.559008
535.900000	-0.574935
536.000000	-0.587785
536.100000	-0.598315
536.200000	-0.607293
536.300000	-0.615471
536.400000	-0.623567
536.500000	-0.632240
536.600000	-0.642074
536.700000	-0.653555
536.800000	-0.667063
536.900000	-0.682854
537.000000	-0.701057
537.100000	-0.721661
537.200000	-0.744523
537.300000	-0.769363
537.400000	-0.795772
537.500000	-0.823223
537.600000	-0.851080
537.700000	-0.878617
537.800000	-0.905033
537.900000	-0.929475
538.000000	-0.951057
538.100000	-0.968885
538.200000	-0.982081
538.300000	-0.989804
538.400000	-0.991274
538.500000	-0.985794
538.600000	-0.972767
538.700000	-0.951720
538.800000	-0.922311
538.900000	-0.884346
539.000000	-0.837785
539.100000	-0.782749
539.200000	-0.719518
539.300000	-0.648531
539.400000	-0.570379
539.500000	-0.485794
539.600000	-0.395636
539.700000	-0.300879
539.800000	-0.202587
539.900000	-0.101899
540.000000	0.000000
540.100000	0.101899
540.200000	0.202587
540.300000	0.300879
540.400000	0.395636
540.500000	0.485794
540.600000	0.570379
540.700000	0.648531
540.800000	0.719518
540.900000	0.782749
541.000000	0.837785
541.100000	0.884346
541.200000	0.922311
541.300000	0.951720
541.400000	0.972767
541.500000	0.985794
541.600000	0.991274
541.700000	0.989804
541.800000	0.982081
541.900000	0.968885
542.000000	0.951057
542.100000	0.929475
542.200000	0.905033
542.300000	0.878617
542.400000	0.851080
542.500000	0.823223
542.600000	0.795772
542.700000	0.769363
542.800000	0.744523
542.900000	0.721661
543.000000	0.701057
543.100000	0.682854
543.200000	0.667063
543.300000	0.653555
543.400000	0.642074
543.500000	0.632240
543.600000	0.623567
543.700000	0.615471
543.800000	0.607293
543.900000	0.598315
544.000000	0.587785
544.100000	0.574935
544.200000	0.559008
544.300000	0.539277
544.400000	0.515071
544.500000	0.485794
544.600000	0.450944
544.700000	0.410133
544.800000	0.363097
544.900000	0.309713
545.000000	0.250000
545.100000	0.184132
545.200000	0.112431
545.300000	0.035370
545.400000	-0.046436
545.500000	-0.132240
545.600000	-0.221178
545.700000	-0.312282
545.800000	-0.404499
545.900000	-0.496718
546.000000	-0.587785
546.100000	-0.676533
546.200000	-0.761801
546.300000	-0.842466
546.400000	-0.917460
546.500000	-0.985794
546.600000	-1.046582
546.700000	-1.099058
546.800000	-1.142591
546.900000	-1.176699
547.000000	-1.201057
547.100000	-1.215505
547.200000	-1.220051
547.300000	-1.214866
547.400000	-1.200281
547.500000	-1.176777
547.600000	-1.144973
547.700000	-1.105612
547.800000	-1.059541
547.900000	-1.007692
548.000000	-0.951057
548.100000	-0.890668
548.200000	-0.827573
548.300000	-0.762809
548.400000	-0.697382
548.500000	-0.632240
548.600000	-0.568259
548.700000	-0.506217
548.800000	-0.446783
548.900000	-0.390502
549.000000	-0.337785
549.100000	-0.288905
549.200000	-0.243990
549.300000	-0.203028
549.400000	-0.165870
549.500000	-0.132240
549.600000	-0.101744
549.700000	-0.073884
549.800000	-0.048079
549.900000	-0.023682
550.000000	0.000000
550.100000	0.023682
550.200000	0.048079
550.300000	0.073884
550.400000	0.101744
550.500000	0.132240
550.600000	0.165870
550.700000	0.203028
550.800000	0.243990
550.900000	0.288905
551.000000	0.337785
551.100000	0.390502
551.200000	0.446783
551.300000	0.506217
551.400000	0.568259
551.500000	0.632240
551.600000	0.697382
551.700000	0.762809
551.800000	0.827573
551.900000	0.890668
552.000000	0.951057
552.100000	1.007692
552.200000	1.059541
552.300000	1.105612
552.400000	1.144973
552.500000	1.176777
552.600000	1.200281
552.700000	1.214866
552.800000	1.220051
552.900000	1.215505
553.000000	1.201057
553.100000	1.176699
553.200000	1.142591
553.300000	1.099058
553.400000	1.046582
553.500000	0.985794
553.600000	0.917460
553.700000	0.842466
553.800000	0.761801
553.900000	0.676533
554.000000	0.587785
554.100000	0.496718
554.200000	0.404499
554.300000	0.312282
554.400000	0.221178
554.500000	0.132240
554.600000	0.046436
554.700000	-0.035370
554.800000	-0.112431
554.900000	-0.184132
555.000000	-0.250000
555.100000	-0.309713
555.200000	-0.363097
555.300000	-0.410133
555.400000	-0.450944
555.500000	-0.485794
555.600000	-0.515071
555.700000	-0.539277
555.800000	-0.559008
555.900000	-0.574935
556.000000	-0.587785
556.100000	-0.598315
556.200000	-0.607293
556.300000	-0.615471
556.400000	-0.623567
556.500000	-0.632240
556.600000	-0.642074
556.700000	-0.653555
556.800000	-0.667063
556.900000	-0.682854
557.000000	-0.701057
557.100000	-0.721661
557.200000	-0.744523
557.300000	-0.769363
557.400000	-0.795772
557.500000	-0.823223
557.600000	-0.851080
557.700000	-0.878617
557.800000	-0.905033
557.900000	-0.929475
558.000000	-0.951057
558.100000	-0.968885
558.200000	-0.982081
558.300000	-0.989804
558.400000	-0.991274
558.500000	-0.985794
558.600000	-0.972767
558.700000	-0.951720
558.800000	-0.922311
558.900000	-0.884346
559.000000	-0.837785
559.100000	-0.782749
559.200000	-0.719518
559.300000	-0.648531
559.400000	-0.570379
559.500000	-0.485794
559.600000	-0.395636
559.700000	-0.300879
559.800000	-0.202587
559.900000	-0.101899
560.000000	0.000000
560.100000	0.101899
560.200000	0.202587
560.300000	0.300879
560.400000	0.395636
560.500000	0.485794
560.600000	0.570379
560.700000	0.648531
560.800000	0.719518
560.900000	0.782749
561.000000	0.837785
561.100000	0.884346
561.200000	0.922311
561.300000	0.951720
561.400000	0.972767
561.500000	0.985794
561.600000	0.991274
561.700000	0.989804
561.800000	0.982081
561.900000	0.968885
562.000000	0.951057
562.100000	0.929475
562.200000	0.905033
562.300000	0.878617
562.400000	0.851080
562.500000	0.823223
562.600000	0.795772
562.700000	0.769363
562.800000	0.744523
562.900000	0.721661
563.000000	0.701057
563.100000	0.682854
563.200000	0.667063
563.300000	0.653555
563.400000	0.642074
563.500000	0.632240
563.600000	0.623567
563.700000	0.615471
563.800000	0.607293
563.900000	0.598315
564.000000	0.587785
564.100000	0.574935
564.200000	0.559008
564.300000	0.539277
564.400000	0.515071
564.500000	0.485794
564.600000	0.450944
564.700000	0.410133
564.800000	0.363097
564.900000	0.309713
565.000000	0.250000
565.100000	0.184132
565.200000	0.112431
565.300000	0.035370
565.400000	-0.046436
565.500000	-0.132240
565.600000	-0.221178
565.700000	-0.312282
565.800000	-0.404499
565.900000	-0.496718
566.000000	-0.587785
566.100000	-0.676533
566.200000	-0.761801
566.300000	-0.842466
566.400000	-0.917460
566.500000	-0.985794
566.600000	-1.046582
566.700000	-1.099058
566.800000	-1.142591
566.900000	-1.176699
567.000000	-1.201057
567.100000	-1.215505
567.200000	-1.220051
567.300000	-1.214866
567.400000	-1.200281
567.500000	-1.176777
567.600000	-1.144973
567.700000	-1.105612
567.800000	-1.059541
567.900000	-1.007692
568.000000	-0.951057
568.100000	-0.890668
568.200000	-0.827573
568.300000	-0.762809
568.400000	-0.697382
568.500000	-0.632240
568.600000	-0.568259
568.700000	-0.506217
568.800000	-0.446783
568.900000	-0.390502
569.000000	-0.337785
569.100000	-0.288905
569.200000	-0.243990
569.300000	-0.203028
569.400000	-0.165870
569.500000	-0.132240
569.600000	-0.101744
569.700000	-0.073884
569.800000	-0.048079
569.900000	-0.023682
570.000000	0.000000
570.100000	0.023682
570.200000	0.048079
570.300000	0.073884
570.400000	0.101744
570.500000	0.132240
570.600000	0.165870
570.700000	0.203028
570.800000	0.243990
570.900000	0.288905
571.000000	0.337785
571.100000	0.390502
571.200000	0.446783
571.300000	0.506217
571.400000	0.568259
571.500000	0.632240
571.600000	0.697382
571.700000	0.762809
571.800000	0.827573
571.900000	0.890668
572.000000	0.951057
572.100000	1.007692
572.200000	1.059541
572.300000	1.105612
572.400000	1.144973
572.500000	1.176777
572.600000	1.200281
572.700000	1.214866
572.800000	1.220051
572.900000	1.215505
573.000000	1.201057
573.100000	1.176699
573.200000	1.142591
573.300000	1.099058
573.400000	1.046582
573.500000	0.985794
573.600000	0.917460
573.700000	0.842466
573.800000	0.761801
573.900000	0.676533
574.000000	0.587785
574.100000	0.496718
574.200000	0.404499
574.300000	0.312282
574.400000	0.221178
574.500000	0.132240
574.600000	0.046436
574.700000	-0.035370
574.800000	-0.112431
574.900000	-0.184132
575.000000	-0.250000
575.100000	-0.309713
575.200000	-0.363097
575.300000	-0.410133
575.400000	-0.450944
575.500000	-0.485794
575.600000	-0.515071
575.700000	-0.539277
575.800000	-0.559008
575.900000	-0.574935
576.000000	-0.587785
576.100000	-0.598315
576.200000	-0.607293
576.300000	-0.615471
576.400000	-0.623567
576.500000	-0.632240
576.600000	-0.642074
576.700000	-0.653555
576.800000	-0.667063
576.900000	-0.682854
577.000000	-0.701057
577.100000	-0.721661
577.200000	-0.744523
577.300000	-0.769363
577.400000	-0.795772
577.500000	-0.823223
577.600000	-0.851080
577.700000	-0.878617
577.800000	-0.905033
577.900000	-0.929475
578.000000	-0.951057
578.100000	-0.968885
578.200000	-0.982081
578.300000	-0.989804
578.400000	-0.991274
578.500000	-0.985794
578.600000	-0.972767
578.700000	-0.951720
578.800000	-0.922311
578.900000	-0.884346
579.000000	-0.837785
579.100000	-0.782749
579.200000	-0.719518
579.300000	-0.648531
579.400000	-0.570379
579.500000	-0.485794
579.600000	-0.395636
579.700000	-0.300879
579.800000	-0.202587
579.900000	-0.101899
580.000000	0.000000
580.100000	0.101899
580.200000	0.202587
580.300000	0.300879
580.400000	0.395636
580.500000	0.485794
580.600000	0.570379
580.700000	0.648531
580.800000	0.719518
580.900000	0.782749
581.000000	0.837785
581.100000	0.884346
581.200000	0.922311
581.300000	0.951720
581.400000	0.972767
581.500000	0.985794
581.600000	0.991274
581.700000	0.989804
581.800000	0.982081
581.900000	0.968885
582.000000	0.951057
582.100000	0.929475
582.200000	0.905033
582.300000	0.878617
582.400000	0.851080
582.500000	0.823223
582.600000	0.795772
582.700000	0.769363
582.800000	0.744523
582.900000	0.721661
583.000000	0.701057
583.100000	0.682854
583.200000	0.667063
583.300000	0.653555
583.400000	0.642074
583.500000	0.632240
583.600000	0.623567
583.700000	0.615471
583.800000	0.607293
583.900000	0.598315
584.000000	0.587785
584.100000	0.574935
584.200000	0.559008
584.300000	0.539277
584.400000	0.515071
584.500000	0.485794
584.600000	0.450944
584.700000	0.410133
584.800000	0.363097
584.900000	0.309713
585.000000	0.250000
585.100000	0.184132
585.200000	0.112431
585.300000	0.035370
585.400000	-0.046436
585.500000	-0.132240
585.600000	-0.221178
585.700000	-0.312282
585.800000	-0.404499
585.900000	-0.496718
586.000000	-0.587785
586.100000	-0.676533
586.200000	-0.761801
586.300000	-0.842466
586.400000	-0.917460
586.500000	-0.985794
586.600000	-1.046582
586.700000	-1.099058
586.800000	-1.142591
586.900000	-1.176699
587.000000	-1.201057
587.100000	-1.215505
587.200000	-1.220051
587.300000	-1.214866
587.400000	-1.200281
587.500000	-1.176777
587.600000	-1.144973
587.700000	-1.105612
587.800000	-1.059541
587.900000	-1.007692
588.000000	-0.951057
588.100000	-0.890668
588.200000	-0.827573
588.300000	-0.762809
588.400000	-0.697382
588.500000	-0.632240
588.600000	-0.568259
588.700000	-0.506217
588.800000	-0.446783
588.900000	-0.390502
589.000000	-0.337785
589.100000	-0.288905
589.200000	-0.243990
589.300000	-0.203028
589.400000	-0.165870
589.500000	-0.132240
589.600000	-0.101744
589.700000	-0.073884
589.800000	-0.048079
589.900000	-0.023682
590.000000	0.000000
590.100000	0.023682
590.200000	0.048079
590.300000	0.073884
590.400000	0.101744
590.500000	0.132240
590.600000	0.165870
590.700000	0.203028
590.800000	0.243990
590.900000	0.288905
591.000000	0.337785
591.100000	0.390502
591.200000	0.446783
591.300000	0.506217
591.400000	0.568259
591.500000	0.632240
591.600000	0.697382
591.700000	0.762809
591.800000	0.827573
591.900000	0.890668
592.000000	0.951057
592.100000	1.007692
592.200000	1.059541
592.300000	1.105612
592.400000	1.144973
592.500000	1.176777
592.600000	1.200281
592.700000	1.214866
592.800000	1.220051
592.900000	1.215505
593.000000	1.201057
593.100000	1.176699
593.200000	1.142591
593.300000	1.099058
593.400000	1.046582
593.500000	0.985794
593.600000	0.917460
593.700000	0.842466
593.800000	0.761801
593.900000	0.676533
594.000000	0.587785
594.100000	0.496718
594.200000	0.404499
594.300000	0.312282
594.400000	0.221178
594.500000	0.132240
594.600000	0.046436
594.700000	-0.035370
594.800000	-0.112431
594.900000	-0.184132
595.000000	-0.250000
595.100000	-0.309713
595.200000	-0.363097
595.300000	-0.410133
595.400000	-0.450944
595.500000	-0.485794
595.600000	-0.515071
595.700000	-0.539277
595.800000	-0.559008
595.900000	-0.574935
596.000000	-0.587785
596.100000	-0.598315
596.200000	-0.607293
596.300000	-0.615471
596.400000	-0.623567
596.500000	-0.632240
596.600000	-0.642074
596.700000	-0.653555
596.800000	-0.667063
596.900000	-0.682854
597.000000	-0.701057
597.100000	-0.721661
597.200000	-0.744523
597.300000	-0.769363
597.400000	-0.795772
597.500000	-0.823223
597.600000	-0.851080
597.700000	-0.878617
597.800000	-0.905033
597.900000	-0.929475
598.000000	-0.951057
598.100000	-0.968885
598.200000	-0.982081
598.300000	-0.989804
598.400000	-0.991274
598.500000	-0.985794
598.600000	-0.972767
598.700000	-0.951720
598.800000	-0.922311
598.900000	-0.884346
599.000000	-0.837785
599.100000	-0.782749
599.200000	-0.719518
599.300000	-0.648531
599.400000	-0.570379
599.500000	-0.485794
599.600000	-0.395636
599.700000	-0.300879
599.800000	-0.202587
599.900000	-0.101899
600.000000	0.000000
600.100000	0.101899
600.200000	0.202587
600.300000	0.300879
600.400000	0.395636
600.500000	0.485794
600.600000	0.570379
600.700000	0.648531
600.800000	0.719518
600.900000	0.782749
601.000000	0.837785
601.100000	0.884346
601.200000	0.922311
601.300000	0.951720
601.400000	0.972767
601.500000	0.985794
601.600000	0.991274
601.700000	0.989804
601.800000	0.982081
601.900000	0.968885
602.000000	0.951057
602.100000	0.929475
602.200000	0.905033
602.300000	0.878617
602.400000	0.851080
602.500000	0.823223
602.600000	0.795772
602.700000	0.769363
602.800000	0.744523
602.900000	0.721661
603.000000	0.701057
603.100000	0.682854
603.200000	0.667063
603.300000	0.653555
603.400000	0.642074
603.500000	0.632240
603.600000	0.623567
603.700000	0.615471
603.800000	0.607293
603.900000	0.598315
604.000000	0.587785
604.100000	0.574935
604.200000	0.559008
604.300000	0.539277
604.400000	0.515071
604.500000	0.485794
604.600000	0.450944
604.700000	0.410133
604.800000	0.363097
604.900000	0.309713
605.000000	0.250000
605.100000	0.184132
605.200000	0.112431
605.300000	0.035370
605.400000	-0.046436
605.500000	-0.132240
605.600000	-0.221178
605.700000	-0.312282
605.800000	-0.404499
605.900000	-0.496718
606.000000	-0.587785
606.100000	-0.676533
606.200000	-0.761801
606.300000	-0.842466
606.400000	-0.917460
606.500000	-0.985794
606.600000	-1.046582
606.700000	-1.099058
606.800000	-1.142591
606.900000	-1.176699
607.000000	-1.201057
607.100000	-1.215505
607.200000	-1.220051
607.300000	-1.214866
607.400000	-1.200281
607.500000	-1.176777
607.600000	-1.144973
607.700000	-1.105612
607.800000	-1.059541
607.900000	-1.007692
608.000000	-0.951057
608.100000	-0.890668
608.200000	-0.827573
608.300000	-0.762809
608.400000	-0.697382
608.500000	-0.632240
608.600000	-0.568259
608.700000	-0.506217
608.800000	-0.446783
608.900000	-0.390502
609.000000	-0.337785
609.100000	-0.288905
609.200000	-0.243990
609.300000	-0.203028
609.400000	-0.165870
609.500000	-0.132240
609.600000	-0.101744
609.700000	-0.073884
609.800000	-0.048079
609.900000	-0.023682
610.000000	0.000000
610.100000	0.023682
610.200000	0.048079
610.300000	0.073884
610.400000	0.101744
610.500000	0.132240
610.600000	0.165870
610.700000	0.203028
610.800000	0.243990
610.900000	0.288905
611.000000	0.337785
611.100000	0.390502
611.200000	0.446783
611.300000	0.506217
611.400000	0.568259
611.500000	0.632240
611.600000	0.697382
611.700000	0.762809
611.800000	0.827573
611.900000	0.890668
612.000000	0.951057
612.100000	1.007692
612.200000	1.059541
612.300000	1.105612
612.400000	1.144973
612.500000	1.176777
612.600000	1.200281
612.700000	1.214866
612.800000	1.220051
612.900000	1.215505
613.000000	1.201057
613.100000	1.176699
613.200000	1.142591
613.300000	1.099058
613.400000	1.046582
613.500000	0.985794
613.600000	0.917460
613.700000	0.842466
613.800000	0.761801
613.900000	0.676533
614.000000	0.587785
614.100000	0.496718
614.200000	0.404499
614.300000	0.312282
614.400000	0.221178
614.500000	0.132240
614.600000	0.046436
614.700000	-0.035370
614.800000	-0.112431
614.900000	-0.184132
615.000000	-0.250000
615.100000	-0.309713
615.200000	-0.363097
615.300000	-0.410133
615.400000	-0.450944
615.500000	-0.485794
615.600000	-0.515071
615.700000	-0.539277
615.800000	-0.559008
615.900000	-0.574935
616.000000	-0.587785
616.100000	-0.598315
616.200000	-0.607293
616.300000	-0.615471
616.400000	-0.623567
616.500000	-0.632240
616.600000	-0.642074
616.700000	-0.653555
616.800000	-0.667063
616.900000	-0.682854
617.000000	-0.701057
617.100000	-0.721661
617.200000	-0.744523
617.300000	-0.769363
617.400000	-0.795772
617.500000	-0.823223
617.600000	-0.851080
617.700000	-0.878617
617.800000	-0.905033
617.900000	-0.929475
618.000000	-0.951057
618.100000	-0.968885
618.200000	-0.982081
618.300000	-0.989804
618.400000	-0.991274
618.500000	-0.985794
618.600000	-0.972767
618.700000	-0.951720
618.800000	-0.922311
618.900000	-0.884346
619.000000	-0.837785
619.100000	-0.782749
619.200000	-0.719518
619.300000	-0.648531
619.400000	-0.570379
619.500000	-0.485794
619.600000	-0.395636
619.700000	-0.300879
619.800000	-0.202587
619.900000	-0.101899
620.000000	0.000000
620.100000	0.101899
620.200000	0.202587
620.300000	0.300879
620.400000	0.395636
620.500000	0.485794
620.600000	0.570379
620.700000	0.648531
620.800000	0.719518
620.900000	0.782749
621.000000	0.837785
621.100000	0.884346
621.200000	0.922311
621.300000	0.951720
621.400000	0.972767
621.500000	0.985794
621.600000	0.991274
621.700000	0.989804
621.800000	0.982081
621.900000	0.968885
622.000000	0.951057
622.100000	0.929475
622.200000	0.905033
622.300000	0.878617
622.400000	0.851080
622.500000	0.823223
622.600000	0.795772
622.700000	0.769363
622.800000	0.744523
622.900000	0.721661
623.000000	0.701057
623.100000	0.682854
623.200000	0.667063
623.300000	0.653555
623.400000	0.642074
623.500000	0.632240
623.600000	0.623567
623.700000	0.615471
623.800000	0.607293
623.900000	0.598315
624.000000	0.587785
624.100000	0.574935
624.200000	0.559008
624.300000	0.539277
624.400000	0.515071
624.500000	0.485794
624.600000	0.450944
624.700000	0.410133
624.800000	0.363097
624.900000	0.309713
625.000000	0.250000
625.100000	0.184132
625.200000	0.112431
625.300000	0.035370
625.400000	-0.046436
625.500000	-0.132240
625.600000	-0.221178
625.700000	-0.312282
625.800000	-0.404499
625.900000	-0.496718
626.000000	-0.587785
626.100000	-0.676533
626.200000	-0.761801
626.300000	-0.842466
626.400000	-0.917460
626.500000	-0.985794
626.600000	-1.046582
626.700000	-1.099058
626.800000	-1.142591
626.900000	-1.176699
627.000000	-1.201057
627.100000	-1.215505
627.200000	-1.220051
627.300000	-1.214866
627.400000	-1.200281
627.500000	-1.176777
627.600000	-1.144973
627.700000	-1.105612
627.800000	-1.059541
627.900000	-1.007692
628.000000	-0.951057
628.100000	-0.890668
628.200000	-0.827573
628.300000	-0.762809
628.400000	-0.697382
628.500000	-0.632240
628.600000	-0.568259
628.700000	-0.506217
628.800000	-0.446783
628.900000	-0.390502
629.000000	-0.337785
629.100000	-0.288905
629.200000	-0.243990
629.300000	-0.203028
629.400000	-0.165870
629.500000	-0.132240
629.600000	-0.101744
629.700000	-0.073884
629.800000	-0.048079
629.900000	-0.023682
630.000000	0.000000
630.100000	0.023682
630.200000	0.048079
630.300000	0.073884
630.400000	0.101744
630.500000	0.132240
630.600000	0.165870
630.700000	0.203028
630.800000	0.243990
630.900000	0.288905
631.000000	0.337785
631.100000	0.390502
631.200000	0.446783
631.300000	0.506217
631.400000	0.568259
631.500000	0.632240
631.600000	0.697382
631.700000	0.762809
631.800000	0.827573
631.900000	0.890668
632.000000	0.951057
632.100000	1.007692
632.200000	1.059541
632.300000	1.105612
632.400000	1.144973
632.500000	1.176777
632.600000	1.200281
632.700000	1.214866
632.800000	1.220051
632.900000	1.215505
633.000000	1.201057
633.100000	1.176699
633.200000	1.142591
633.300000	1.099058
633.400000	1.046582
633.500000	0.985794
633.600000	0.917460
633.700000	0.842466
633.800000	0.761801
633.900000	0.676533
634.000000	0.587785
634.100000	0.496718
634.200000	0.404499
634.300000	0.312282
634.400000	0.221178
634.500000	0.132240
634.600000	0.046436
634.700000	-0.035370
634.800000	-0.112431
634.900000	-0.184132
635.000000	-0.250000
635.100000	-0.309713
635.200000	-0.363097
635.300000	-0.410133
635.400000	-0.450944
635.500000	-0.485794
635.600000	-0.515071
635.700000	-0.539277
635.800000	-0.559008
635.900000	-0.574935
636.000000	-0.587785
636.100000	-0.598315
636.200000	-0.607293
636.300000	-0.615471
636.400000	-0.623567
636.500000	-0.632240
636.600000	-0.642074
636.700000	-0.653555
636.800000	-0.667063
636.900000	-0.682854
637.000000	-0.701057
637.100000	-0.721661
637.200000	-0.744523
637.300000	-0.769363
637.400000	-0.795772
637.500000	-0.823223
637.600000	-0.851080
637.700000	-0.878617
637.800000	-0.905033
637.900000	-0.929475
638.000000	-0.951057
638.100000	-0.968885
638.200000	-0.982081
638.300000	-0.989804
638.400000	-0.991274
638.500000	-0.985794
638.600000	-0.972767
638.700000	-0.951720
638.800000	-0.922311
638.900000	-0.884346
639.000000	-0.837785
639.100000	-0.782749
639.200000	-0.719518
639.300000	-0.648531
639.400000	-0.570379
639.500000	-0.485794
639.600000	-0.395636
639.700000	-0.300879
639.800000	-0.202587
639.900000	-0.101899
640.000000	0.000000
640.100000	0.101899
640.200000	0.202587
640.300000	0.300879
640.400000	0.395636
640.500000	0.485794
640.600000	0.570379
640.700000	0.648531
640.800000	0.719518
640.900000	0.782749
641.000000	0.837785
641.100000	0.884346
641.200000	0.922311
641.300000	0.951720
641.400000	0.972767
641.500000	0.985794
641.600000	0.991274
641.700000	0.989804
641.800000	0.982081
641.900000	0.968885
642.000000	0.951057
642.100000	0.929475
642.200000	0.905033
642.300000	0.878617
642.400000	0.851080
642.500000	0.823223
642.600000	0.795772
642.700000	0.769363
642.800000	0.744523
642.900000	0.721661
643.000000	0.701057
643.100000	0.682854
643.200000	0.667063
643.300000	0.653555
643.400000	0.642074
643.500000	0.632240
643.600000	0.623567
643.700000	0.615471
643.800000	0.607293
643.900000	0.598315
644.000000	0.587785
644.100000	0.574935
644.200000	0.559008
644.300000	0.539277
644.400000	0.515071
644.500000	0.485794
644.600000	0.450944
644.700000	0.410133
644.800000	0.363097
644.900000	0.309713
645.000000	0.250000
645.100000	0.184132
645.200000	0.112431
645.300000	0.035370
645.400000	-0.046436
645.500000	-0.132240
645.600000	-0.221178
645.700000	-0.312282
645.800000	-0.404499
645.900000	-0.496718
646.000000	-0.587785
646.100000	-0.676533
646.200000	-0.761801
646.300000	-0.842466
646.400000	-0.917460
646.500000	-0.985794
646.600000	-1.046582
646.700000	-1.099058
646.800000	-1.142591
646.900000	-1.176699
647.000000	-1.201057
647.100000	-1.215505
647.200000	-1.220051
647.300000	-1.214866
647.400000	-1.200281
647.500000	-1.176777
647.600000	-1.144973
647.700000	-1.105612
647.800000	-1.059541
647.900000	-1.007692
648.000000	-0.951057
648.100000	-0.890668
648.200000	-0.827573
648.300000	-0.762809
648.400000	-0.697382
648.500000	-0.632240
648.600000	-0.568259
648.700000	-0.506217
648.800000	-0.446783
648.900000	-0.390502
649.000000	-0.337785
649.100000	-0.288905
649.200000	-0.243990
649.300000	-0.203028
649.400000	-0.165870
649.500000	-0.132240
649.600000	-0.101744
649.700000	-0.073884
649.800000	-0.048079
649.900000	-0.023682
650.000000	0.000000
650.100000	0.023682
650.200000	0.048079
650.300000	0.073884
650.400000	0.101744
650.500000	0.132240
650.600000	0.165870
650.700000	0.203028
650.800000	0.243990
650.900000	0.288905
651.000000	0.337785
651.100000	0.390502
651.200000	0.446783
651.300000	0.506217
651.400000	0.568259
651.500000	0.632240
651.600000	0.697382
651.700000	0.762809
651.800000	0.827573
651.900000	0.890668
652.000000	0.951057
652.100000	1.007692
652.200000	1.059541
652.300000	1.105612
652.400000	1.144973
652.500000	1.176777
652.600000	1.200281
652.700000	1.214866
652.800000	1.220051
652.900000	1.215505
653.000000	1.201057
653.100000	1.176699
653.200000	1.142591
653.300000	1.099058
653.400000	1.046582
653.500000	0.985794
653.600000	0.917460
653.700000	0.842466
653.800000	0.761801
653.900000	0.676533
654.000000	0.587785
654.100000	0.496718
654.200000	0.404499
654.300000	0.312282
654.400000	0.221178
654.500000	0.132240
654.600000	0.046436
654.700000	-0.035370
654.800000	-0.112431
654.900000	-0.184132
655.000000	-0.250000
655.100000	-0.309713
655.200000	-0.363097
655.300000	-0.410133
655.400000	-0.450944
655.500000	-0.485794
655.600000	-0.515071
655.700000	-0.539277
655.800000	-0.559008
655.900000	-0.574935
656.000000	-0.587785
656.100000	-0.598315
656.200000	-0.607293
656.300000	-0.615471
656.400000	-0.623567
656.500000	-0.632240
656.600000	-0.642074
656.700000	-0.653555
656.800000	-0.667063
656.900000	-0.682854
657.000000	-0.701057
657.100000	-0.721661
657.200000	-0.744523
657.300000	-0.769363
657.400000	-0.795772
657.500000	-0.823223
657.600000	-0.851080
657.700000	-0.878617
657.800000	-0.905033
657.900000	-0.929475
658.000000	-0.951057
658.100000	-0.968885
658.200000	-0.982081
658.300000	-0.989804
658.400000	-0.991274
658.500000	-0.985794
658.600000	-0.972767
658.700000	-0.951720
658.800000	-0.922311
658.900000	-0.884346
659.000000	-0.837785
659.100000	-0.782749
659.200000	-0.719518
659.300000	-0.648531
659.400000	-0.570379
659.500000	-0.485794
659.600000	-0.395636
659.700000	-0.300879
659.800000	-0.202587
659.900000	-0.101899
660.000000	0.000000
660.100000	0.101899
660.200000	0.202587
660.300000	0.300879
660.400000	0.395636
660.500000	0.485794
660.600000	0.570379
660.700000	0.648531
660.800000	0.719518
660.900000	0.782749
661.000000	0.837785
661.100000	0.884346
661.200000	0.922311
661.300000	0.951720
661.400000	0.972767
661.500000	0.985794
661.600000	0.991274
661.700000	0.989804
661.800000	0.982081
661.900000	0.968885
662.000000	0.951057
662.100000	0.929475
662.200000	0.905033
662.300000	0.878617
662.400000	0.851080
662.500000	0.823223
662.600000	0.795772
662.700000	0.769363
662.800000	0.744523
662.900000	0.721661
663.000000	0.701057
663.100000	0.682854
663.200000	0.667063
663.300000	0.653555
663.400000	0.642074
663.500000	0.632240
663.600000	0.623567
663.700000	0.615471
663.800000	0.607293
663.900000	0.598315
664.000000	0.587785
664.100000	0.574935
664.200000	0.559008
664.300000	0.539277
664.400000	0.515071
664.500000	0.485794
664.600000	0.450944
664.700000	0.410133
664.800000	0.363097
664.900000	0.309713
665.000000	0.250000
665.100000	0.184132
665.200000	0.112431
665.300000	0.035370
665.400000	-0.046436
665.500000	-0.132240
665.600000	-0.221178
665.700000	-0.312282
665.800000	-0.404499
665.900000	-0.496718
666.000000	-0.587785
666.100000	-0.676533
666.200000	-0.761801
666.300000	-0.842466
666.400000	-0.917460
666.500000	-0.985794
666.600000	-1.046582
666.700000	-1.099058
666.800000	-1.142591
666.900000	-1.176699
667.000000	-1.201057
667.100000	-1.215505
667.200000	-1.220051
667.300000	-1.214866
667.400000	-1.200281
667.500000	-1.176777
667.600000	-1.144973
667.700000	-1.105612
667.800000	-1.059541
667.900000	-1.007692
668.000000	-0.951057
668.100000	-0.890668
668.200000	-0.827573
668.300000	-0.762809
668.400000	-0.697382
668.500000	-0.632240
668.600000	-0.568259
668.700000	-0.506217
668.800000	-0.446783
668.900000	-0.390502
669.000000	-0.337785
669.100000	-0.288905
669.200000	-0.243990
669.300000	-0.203028
669.400000	-0.165870
669.500000	-0.132240
669.600000	-0.101744
669.700000	-0.073884
669.800000	-0.048079
669.900000	-0.023682
670.000000	0.000000
670.100000	0.023682
670.200000	0.048079
670.300000	0.073884
670.400000	0.101744
670.500000	0.132240
670.600000	0.165870
670.700000	0.203028
670.800000	0.243990
670.900000	0.288905
671.000000	0.337785
671.100000	0.390502
671.200000	0.446783
671.300000	0.506217
671.400000	0.568259
671.500000	0.632240
671.600000	0.697382
671.700000	0.762809
671.800000	0.827573
671.900000	0.890668
672.000000	0.951057
672.100000	1.007692
672.200000	1.059541
672.300000	1.105612
672.400000	1.144973
672.500000	1.176777
672.600000	1.200281
672.700000	1.214866
672.800000	1.220051
672.900000	1.215505
673.000000	1.201057
673.100000	1.176699
673.200000	1.142591
673.300000	1.099058
673.400000	1.046582
673.500000	0.985794
673.600000	0.917460
673.700000	0.842466
673.800000	0.761801
673.900000	0.676533
674.000000	0.587785
674.100000	0.496718
674.200000	0.404499
674.300000	0.312282
674.400000	0.221178
674.500000	0.132240
674.600000	0.046436
674.700000	-0.035370
674.800000	-0.112431
674.900000	-0.184132
675.000000	-0.250000
675.100000	-0.309713
675.200000	-0.363097
675.300000	-0.410133
675.400000	-0.450944
675.500000	-0.485794
675.600000	-0.515071
675.700000	-0.539277
675.800000	-0.559008
675.900000	-0.574935
676.000000	-0.587785
676.100000	-0.598315
676.200000	-0.607293
676.300000	-0.615471
676.400000	-0.623567
676.500000	-0.632240
676.600000	-0.642074
676.700000	-0.653555
676.800000	-0.667063
676.900000	-0.682854
677.000000	-0.701057
677.100000	-0.721661
677.200000	-0.744523
677.300000	-0.769363
677.400000	-0.795772
677.500000	-0.823223
677.600000	-0.851080
677.700000	-0.878617
677.800000	-0.905033
677.900000	-0.929475
678.000000	-0.951057
678.100000	-0.968885
678.200000	-0.982081
678.300000	-0.989804
678.400000	-0.991274
678.500000	-0.985794
678.600000	-0.972767
678.700000	-0.951720
678.800000	-0.922311
678.900000	-0.884346
679.000000	-0.837785
679.100000	-0.782749
679.200000	-0.719518
679.300000	-0.648531
679.400000	-0.570379
679.500000	-0.485794
679.600000	-0.395636
679.700000	-0.300879
679.800000	-0.202587
679.900000	-0.101899
680.000000	0.000000
680.100000	0.101899
680.200000	0.202587
680.300000	0.300879
680.400000	0.395636
680.500000	0.485794
680.600000	0.570379
680.700000	0.648531
680.800000	0.719518
680.900000	0.782749
681.000000	0.837785
681.100000	0.884346
681.200000	0.922311
681.300000	0.951720
681.400000	0.972767
681.500000	0.985794
681.600000	0.991274
681.700000	0.989804
681.800000	0.982081
681.900000	0.968885
682.000000	0.951057
682.100000	0.929475
682.200000	0.905033
682.300000	0.878617
682.400000	0.851080
682.500000	0.823223
682.600000	0.795772
682.700000	0.769363
682.800000	0.744523
682.900000	0.721661
683.000000	0.701057
683.100000	0.682854
683.200000	0.667063
683.300000	0.653555
683.400000	0.642074
683.500000	0.632240
683.600000	0.623567
683.700000	0.615471
683.800000	0.607293
683.900000	0.598315
684.000000	0.587785
684.100000	0.574935
684.200000	0.559008
684.300000	0.539277
684.400000	0.515071
684.500000	0.485794
684.600000	0.450944
684.700000	0.410133
684.800000	0.363097
684.900000	0.309713
685.000000	0.250000
685.100000	0.184132
685.200000	0.112431
685.300000	0.035370
685.400000	-0.046436
685.500000	-0.132240
685.600000	-0.221178
685.700000	-0.312282
685.800000	-0.404499
685.900000	-0.496718
686.000000	-0.587785
686.100000	-0.676533
686.200000	-0.761801
686.300000	-0.842466
686.400000	-0.917460
686.500000	-0.985794
686.600000	-1.046582
686.700000	-1.099058
686.800000	-1.142591
686.900000	-1.176699
687.000000	-1.201057
687.100000	-1.215505
687.200000	-1.220051
687.300000	-1.214866
687.400000	-1.200281
687.500000	-1.176777
687.600000	-1.144973
687.700000	-1.105612
687.800000	-1.059541
687.900000	-1.007692
688.000000	-0.951057
688.100000	-0.890668
688.200000	-0.827573
688.300000	-0.762809
688.400000	-0.697382
688.500000	-0.632240
688.600000	-0.568259
688.700000	-0.506217
688.800000	-0.446783
688.900000	-0.390502
689.000000	-0.337785
689.100000	-0.288905
689.200000	-0.243990
689.300000	-0.203028
689.400000	-0.165870
689.500000	-0.132240
689.600000	-0.101744
689.700000	-0.073884
689.800000	-0.048079
689.900000	-0.023682
690.000000	0.000000
690.100000	0.023682
690.200000	0.048079
690.300000	0.073884
690.400000	0.101744
690.500000	0.132240
690.600000	0.165870
690.700000	0.203028
690.800000	0.243990
690.900000	0.288905
691.000000	0.337785
691.100000	0.390502
691.200000	0.446783
691.300000	0.506217
691.400000	0.568259
691.500000	0.632240
691.600000	0.697382
691.700000	0.762809
691.800000	0.827573
691.900000	0.890668
692.000000	0.951057
692.100000	1.007692
692.200000	1.059541
692.300000	1.105612
692.400000	1.144973
692.500000	1.176777
692.600000	1.200281
692.700000	1.214866
692.800000	1.220051
692.900000	1.215505
693.000000	1.201057
693.100000	1.176699
693.200000	1.142591
693.300000	1.099058
693.400000	1.046582
693.500000	0.985794
693.600000	0.917460
693.700000	0.842466
693.800000	0.761801
693.900000	0.676533
694.000000	0.587785
694.100000	0.496718
694.200000	0.404499
694.300000	0.312282
694.400000	0.221178
694.500000	0.132240
694.600000	0.046436
694.700000	-0.035370
694.800000	-0.112431
694.900000	-0.184132
695.000000	-0.250000
695.100000	-0.309713
695.200000	-0.363097
695.300000	-0.410133
695.400000	-0.450944
695.500000	-0.485794
695.600000	-0.515071
695.700000	-0.539277
695.800000	-0.559008
695.900000	-0.574935
696.000000	-0.587785
696.100000	-0.598315
696.200000	-0.607293
696.300000	-0.615471
696.400000	-0.623567
696.500000	-0.632240
696.600000	-0.642074
696.700000	-0.653555
696.800000	-0.667063
696.900000	-0.682854
697.000000	-0.701057
697.100000	-0.721661
697.200000	-0.744523
697.300000	-0.769363
697.400000	-0.795772
697.500000	-0.823223
697.600000	-0.851080
697.700000	-0.878617
697.800000	-0.905033
697.900000	-0.929475
698.000000	-0.951057
698.100000	-0.968885
698.200000	-0.982081
698.300000	-0.989804
698.400000	-0.991274
698.500000	-0.985794
698.600000	-0.972767
698.700000	-0.951720
698.800000	-0.922311
698.900000	-0.884346
699.000000	-0.837785
699.100000	-0.782749
699.200000	-0.719518
699.300000	-0.648531
699.400000	-0.570379
699.500000	-0.485794
699.600000	-0.395636
699.700000	-0.300879
699.800000	-0.202587
699.900000	-0.101899
700.000000	0.000000
700.100000	0.101899
700.200000	0.202587
700.300000	0.300879
700.400000	0.395636
700.500000	0.485794
700.600000	0.570379
700.700000	0.648531
700.800000	0.719518
700.900000	0.782749
701.000000	0.837785
701.100000	0.884346
701.200000	0.922311
701.300000	0.951720
701.400000	0.972767
701.500000	0.985794
701.600000	0.991274
701.700000	0.989804
701.800000	0.982081
701.900000	0.968885
702.000000	0.951057
702.100000	0.929475
702.200000	0.905033
702.300000	0.878617
702.400000	0.851080
702.500000	0.823223
702.600000	0.795772
702.700000	0.769363
702.800000	0.744523
702.900000	0.721661
703.000000	0.701057
703.100000	0.682854
703.200000	0.667063
703.300000	0.653555
703.400000	0.642074
703.500000	0.632240
703.600000	0.623567
703.700000	0.615471
703.800000	0.607293
703.900000	0.598315
704.000000	0.587785
704.100000	0.574935
704.200000	0.559008
704.300000	0.539277
704.400000	0.515071
704.500000	0.485794
704.600000	0.450944
704.700000	0.410133
704.800000	0.363097
704.900000	0.309713
705.000000	0.250000
705.100000	0.184132
705.200000	0.112431
705.300000	0.035370
705.400000	-0.046436
705.500000	-0.132240
705.600000	-0.221178
705.700000	-0.312282
705.800000	-0.404499
705.900000	-0.496718
706.000000	-0.587785
706.100000	-0.676533
706.200000	-0.761801
706.300000	-0.842466
706.400000	-0.917460
706.500000	-0.985794
706.600000	-1.046582
706.700000	-1.099058
706.800000	-1.142591
706.900000	-1.176699
707.000000	-1.201057
707.100000	-1.215505
707.200000	-1.220051
707.300000	-1.214866
707.400000	-1.200281
707.500000	-1.176777
707.600000	-1.144973
707.700000	-1.105612
707.800000	-1.059541
707.900000	-1.007692
708.000000	-0.951057
708.100000	-0.890668
708.200000	-0.827573
708.300000	-0.762809
708.400000	-0.697382
708.500000	-0.632240
708.600000	-0.568259
708.700000	-0.506217
708.800000	-0.446783
708.900000	-0.390502
709.000000	-0.337785
709.100000	-0.288905
709.200000	-0.243990
709.300000	-0.203028
709.400000	-0.165870
709.500000	-0.132240
709.600000	-0.101744
709.700000	-0.073884
709.800000	-0.048079
709.900000	-0.023682
710.000000	0.000000
710.100000	0.023682
710.200000	0.048079
710.300000	0.073884
710.400000	0.101744
710.500000	0.132240
710.600000	0.165870
710.700000	0.203028
710.800000	0.243990
710.900000	0.288905
711.000000	0.337785
711.100000	0.390502
711.200000	0.446783
711.300000	0.506217
711.400000	0.568259
711.500000	0.632240
711.600000	0.697382
711.700000	0.762809
711.800000	0.827573
711.900000	0.890668
712.000000	0.951057
712.100000	1.007692
712.200000	1.059541
712.300000	1.105612
712.400000	1.144973
712.500000	1.176777
712.600000	1.200281
712.700000	1.214866
712.800000	1.220051
712.900000	1.215505
713.000000	1.201057
713.100000	1.176699
713.200000	1.142591
713.300000	1.099058
713.400000	1.046582
713.500000	0.985794
713.600000	0.917460
713.700000	0.842466
713.800000	0.761801
713.900000	0.676533
714.000000	0.587785
714.100000	0.496718
714.200000	0.404499
714.300000	0.312282
714.400000	0.221178
714.500000	0.132240
714.600000	0.046436
714.700000	-0.035370
714.800000	-0.112431
714.900000	-0.184132
715.000000	-0.250000
715.100000	-0.309713
715.200000	-0.363097
715.300000	-0.410133
715.400000	-0.450944
715.500000	-0.485794
715.600000	-0.515071
715.700000	-0.539277
715.800000	-0.559008
715.900000	-0.574935
716.000000	-0.587785
716.100000	-0.598315
716.200000	-0.607293
716.300000	-0.615471
716.400000	-0.623567
716.500000	-0.632240
716.600000	-0.642074
716.700000	-0.653555
716.800000	-0.667063
716.900000	-0.682854
717.000000	-0.701057
717.100000	-0.721661
717.200000	-0.744523
717.300000	-0.769363
717.400000	-0.795772
717.500000	-0.823223
717.600000	-0.851080
717.700000	-0.878617
717.800000	-0.905033
717.900000	-0.929475
718.000000	-0.951057
718.100000	-0.968885
718.200000	-0.982081
718.300000	-0.989804
718.400000	-0.991274
718.500000	-0.985794
718.600000	-0.972767
718.700000	-0.951720
718.800000	-0.922311
718.900000	-0.884346
719.000000	-0.837785
719.100000	-0.782749
719.200000	-0.719518
719.300000	-0.648531
719.400000	-0.570379
719.500000	-0.485794
719.600000	-0.395636
719.700000	-0.300879
719.800000	-0.202587
719.900000	-0.101899
720.000000	0.000000
720.100000	0.101899
720.200000	0.202587
720.300000	0.300879
720.400000	0.395636
720.500000	0.485794
720.600000	0.570379
720.700000	0.648531
720.800000	0.719518
720.900000	0.782749
721.000000	0.837785
721.100000	0.884346
721.200000	0.922311
721.300000	0.951720
721.400000	0.972767
721.500000	0.985794
721.600000	0.991274
721.700000	0.989804
721.800000	0.982081
721.900000	0.968885
722.000000	0.951057
722.100000	0.929475
722.200000	0.905033
722.300000	0.878617
722.400000	0.851080
722.500000	0.823223
722.600000	0.795772
722.700000	0.769363
722.800000	0.744523
722.900000	0.721661
723.000000	0.701057
723.100000	0.682854
723.200000	0.667063
723.300000	0.653555
723.400000	0.642074
723.500000	0.632240
723.600000	0.623567
723.700000	0.615471
723.800000	0.607293
723.900000	0.598315
724.000000	0.587785
724.100000	0.574935
724.200000	0.559008
724.300000	0.539277
724.400000	0.515071
724.500000	0.485794
724.600000	0.450944
724.700000	0.410133
724.800000	0.363097
724.900000	0.309713
725.000000	0.250000
725.100000	0.184132
725.200000	0.112431
725.300000	0.035370
725.400000	-0.046436
725.500000	-0.132240
725.600000	-0.221178
725.700000	-0.312282
725.800000	-0.404499
725.900000	-0.496718
726.000000	-0.587785
726.100000	-0.676533
726.200000	-0.761801
726.300000	-0.842466
726.400000	-0.917460
726.500000	-0.985794
726.600000	-1.046582
726.700000	-1.099058
726.800000	-1.142591
726.900000	-1.176699
727.000000	-1.201057
727.100000	-1.215505
727.200000	-1.220051
727.300000	-1.214866
727.400000	-1.200281
727.500000	-1.176777
727.600000	-1.144973
727.700000	-1.105612
727.800000	-1.059541
727.900000	-1.007692
728.000000	-0.951057
728.100000	-0.890668
728.200000	-0.827573
728.300000	-0.762809
728.400000	-0.697382
728.500000	-0.632240
728.600000	-0.568259
728.700000	-0.506217
728.800000	-0.446783
728.900000	-0.390502
729.000000	-0.337785
729.100000	-0.288905
729.200000	-0.243990
729.300000	-0.203028
729.400000	-0.165870
729.500000	-0.132240
729.600000	-0.101744
729.700000	-0.073884
729.800000	-0.048079
729.900000	-0.023682
730.000000	0.000000
730.100000	0.023682
730.200000	0.048079
730.300000	0.073884
730.400000	0.101744
730.500000	0.132240
730.600000	0.165870
730.700000	0.203028
730.800000	0.243990
730.900000	0.288905
731.000000	0.337785
731.100000	0.390502
731.200000	0.446783
731.300000	0.506217
731.400000	0.568259
731.500000	0.632240
731.600000	0.697382
731.700000	0.762809
731.800000	0.827573
731.900000	0.890668
732.000000	0.951057
732.100000	1.007692
732.200000	1.059541
732.300000	1.105612
732.400000	1.144973
732.500000	1.176777
732.600000	1.200281
732.700000	1.214866
732.800000	1.220051
732.900000	1.215505
733.000000	1.201057
733.100000	1.176699
733.200000	1.142591
733.300000	1.099058
733.400000	1.046582
733.500000	0.985794
733.600000	0.917460
733.700000	0.842466
733.800000	0.761801
733.900000	0.676533
734.000000	0.587785
734.100000	0.496718
734.200000	0.404499
734.300000	0.312282
734.400000	0.221178
734.500000	0.132240
734.600000	0.046436
734.700000	-0.035370
734.800000	-0.112431
734.900000	-0.184132
735.000000	-0.250000
735.100000	-0.309713
735.200000	-0.363097
735.300000	-0.410133
735.400000	-0.450944
735.500000	-0.485794
735.600000	-0.515071
735.700000	-0.539277
735.800000	-0.559008
735.900000	-0.574935
736.000000	-0.587785
736.100000	-0.598315
736.200000	-0.607293
736.300000	-0.615471
736.400000	-0.623567
736.500000	-0.632240
736.600000	-0.642074
736.700000	-0.653555
736.800000	-0.667063
736.900000	-0.682854
737.000000	-0.701057
737.100000	-0.721661
737.200000	-0.744523
737.300000	-0.769363
737.400000	-0.795772
737.500000	-0.823223
737.600000	-0.851080
737.700000	-0.878617
737.800000	-0.905033
737.900000	-0.929475
738.000000	-0.951057
738.100000	-0.968885
738.200000	-0.982081
738.300000	-0.989804
738.400000	-0.991274
738.500000	-0.985794
738.600000	-0.972767
738.700000	-0.951720
738.800000	-0.922311
738.900000	-0.884346
739.000000	-0.837785
739.100000	-0.782749
739.200000	-0.719518
739.300000	-0.648531
739.400000	-0.570379
739.500000	-0.485794
739.600000	-0.395636
739.700000	-0.300879
739.800000	-0.202587
739.900000	-0.101899
740.000000	0.000000
740.100000	0.101899
740.200000	0.202587
740.300000	0.300879
740.400000	0.395636
740.500000	0.485794
740.600000	0.570379
740.700000	0.648531
740.800000	0.719518
740.900000	0.782749
741.000000	0.837785
741.100000	0.884346
741.200000	0.922311
741.300000	0.951720
741.400000	0.972767
741.500000	0.985794
741.600000	0.991274
741.700000	0.989804
741.800000	0.982081
741.900000	0.968885
742.000000	0.951057
742.100000	0.929475
742.200000	0.905033
742.300000	0.878617
742.400000	0.851080
742.500000	0.823223
742.600000	0.795772
742.700000	0.769363
742.800000	0.744523
742.900000	0.721661
743.000000	0.701057
743.100000	0.682854
743.200000	0.667063
743.300000	0.653555
743.400000	0.642074
743.500000	0.632240
743.600000	0.623567
743.700000	0.615471
743.800000	0.607293
743.900000	0.598315
744.000000	0.587785
744.100000	0.574935
744.200000	0.559008
744.300000	0.539277
744.400000	0.515071
744.500000	0.485794
744.600000	0.450944
744.700000	0.410133
744.800000	0.363097
744.900000	0.309713
745.000000	0.250000
745.100000	0.184132
745.200000	0.112431
745.300000	0.035370
745.400000	-0.046436
745.500000	-0.132240
745.600000	-0.221178
745.700000	-0.312282
745.800000	-0.404499
745.900000	-0.496718
746.000000	-0.587785
746.100000	-0.676533
746.200000	-0.761801
746.300000	-0.842466
746.400000	-0.917460
746.500000	-0.985794
746.600000	-1.046582
746.700000	-1.099058
746.800000	-1.142591
746.900000	-1.176699
747.000000	-1.201057
747.100000	-1.215505
747.200000	-1.220051
747.300000	-1.214866
747.400000	-1.200281
747.500000	-1.176777
747.600000	-1.144973
747.700000	-1.105612
747.800000	-1.059541
747.900000	-1.007692
748.000000	-0.951057
748.100000	-0.890668
748.200000	-0.827573
748.300000	-0.762809
748.400000	-0.697382
748.500000	-0.632240
748.600000	-0.568259
748.700000	-0.506217
748.800000	-0.446783
748.900000	-0.390502
749.000000	-0.337785
749.100000	-0.288905
749.200000	-0.243990
749.300000	-0.203028
749.400000	-0.165870
749.500000	-0.132240
749.600000	-0.101744
749.700000	-0.073884
749.800000	-0.048079
749.900000	-0.023682
750.000000	0.000000
750.100000	0.023682
750.200000	0.048079
750.300000	0.073884
750.400000	0.101744
750.500000	0.132240
750.600000	0.165870
750.700000	0.203028
750.800000	0.243990
750.900000	0.288905
751.000000	0.337785
751.100000	0.390502
751.200000	0.446783
751.300000	0.506217
751.400000	0.568259
751.500000	0.632240
751.600000	0.697382
751.700000	0.762809
751.800000	0.827573
751.900000	0.890668
752.000000	0.951057
752.100000	1.007692
752.200000	1.059541
752.300000	1.105612
752.400000	1.144973
752.500000	1.176777
752.600000	1.200281
752.700000	1.214866
752.800000	1.220051
752.900000	1.215505
753.000000	1.201057
753.100000	1.176699
753.200000	1.142591
753.300000	1.099058
753.400000	1.046582
753.500000	0.985794
753.600000	0.917460
753.700000	0.842466
753.800000	0.761801
753.900000	0.676533
754.000000	0.587785
754.100000	0.496718
754.200000	0.404499
754.300000	0.312282
754.400000	0.221178
754.500000	0.132240
754.600000	0.046436
754.700000	-0.035370
754.800000	-0.112431
754.900000	-0.184132
755.000000	-0.250000
755.100000	-0.309713
755.200000	-0.363097
755.300000	-0.410133
755.400000	-0.450944
755.500000	-0.485794
755.600000	-0.515071
755.700000	-0.539277
755.800000	-0.559008
755.900000	-0.574935
756.000000	-0.587785
756.100000	-0.598315
756.200000	-0.607293
756.300000	-0.615471
756.400000	-0.623567
756.500000	-0.632240
756.600000	-0.642074
756.700000	-0.653555
756.800000	-0.667063
756.900000	-0.682854
757.000000	-0.701057
757.100000	-0.721661
757.200000	-0.744523
757.300000	-0.769363
757.400000	-0.795772
757.500000	-0.823223
757.600000	-0.851080
757.700000	-0.878617
757.800000	-0.905033
757.900000	-0.929475
758.000000	-0.951057
758.100000	-0.968885
758.200000	-0.982081
758.300000	-0.989804
758.400000	-0.991274
758.500000	-0.985794
758.600000	-0.972767
758.700000	-0.951720
758.800000	-0.922311
758.900000	-0.884346
759.000000	-0.837785
759.100000	-0.782749
759.200000	-0.719518
759.300000	-0.648531
759.400000	-0.570379
759.500000	-0.485794
759.600000	-0.395636
759.700000	-0.300879
759.800000	-0.202587
759.900000	-0.101899
760.000000	0.000000
760.100000	0.101899
760.200000	0.202587
760.300000	0.300879
760.400000	0.395636
760.500000	0.485794
760.600000	0.570379
760.700000	0.648531
760.800000	0.719518
760.900000	0.782749
761.000000	0.837785
761.100000	0.884346
761.200000	0.922311
761.300000	0.951720
761.400000	0.972767
761.500000	0.985794
761.600000	0.991274
761.700000	0.989804
761.800000	0.982081
761.900000	0.968885
762.000000	0.951057
762.100000	0.929475
762.200000	0.905033
762.300000	0.878617
762.400000	0.851080
762.500000	0.823223
762.600000	0.795772
762.700000	0.769363
762.800000	0.744523
762.900000	0.721661
763.000000	0.701057
763.100000	0.682854
763.200000	0.667063
763.300000	0.653555
763.400000	0.642074
763.500000	0.632240
763.600000	0.623567
763.700000	0.615471
763.800000	0.607293
763.900000	0.598315
764.000000	0.587785
764.100000	0.574935
764.200000	0.559008
764.300000	0.539277
764.400000	0.515071
764.500000	0.485794
764.600000	0.450944
764.700000	0.410133
764.800000	0.363097
764.900000	0.309713
765.000000	0.250000
765.100000	0.184132
765.200000	0.112431
765.300000	0.035370
765.400000	-0.046436
765.500000	-0.132240
765.600000	-0.221178
765.700000	-0.312282
765.800000	-0.404499
765.900000	-0.496718
766.000000	-0.587785
766.100000	-0.676533
766.200000	-0.761801
766.300000	-0.842466
766.400000	-0.917460
766.500000	-0.985794
766.600000	-1.046582
766.700000	-1.099058
766.800000	-1.142591
766.900000	-1.176699
767.000000	-1.201057
767.100000	-1.215505
767.200000	-1.220051
767.300000	-1.214866
767.400000	-1.200281
767.500000	-1.176777
767.600000	-1.144973
767.700000	-1.105612
767.800000	-1.059541
767.900000	-1.007692
768.000000	-0.951057
768.100000	-0.890668
768.200000	-0.827573
768.300000	-0.762809
768.400000	-0.697382
768.500000	-0.632240
768.600000	-0.568259
768.700000	-0.506217
768.800000	-0.446783
768.900000	-0.390502
769.000000	-0.337785
769.100000	-0.288905
769.200000	-0.243990
769.300000	-0.203028
769.400000	-0.165870
769.500000	-0.132240
769.600000	-0.101744
769.700000	-0.073884
769.800000	-0.048079
769.900000	-0.023682
770.000000	0.000000
770.100000	0.023682
770.200000	0.048079
770.300000	0.073884
770.400000	0.101744
770.500000	0.132240
770.600000	0.165870
770.700000	0.203028
770.800000	0.243990
770.900000	0.288905
771.000000	0.337785
771.100000	0.390502
771.200000	0.446783
771.300000	0.506217
771.400000	0.568259
771.500000	0.632240
771.600000	0.697382
771.700000	0.762809
771.800000	0.827573
771.900000	0.890668
772.000000	0.951057
772.100000	1.007692
772.200000	1.059541
772.300000	1.105612
772.400000	1.144973
772.500000	1.176777
772.600000	1.200281
772.700000	1.214866
772.800000	1.220051
772.900000	1.215505
773.000000	1.201057
773.100000	1.176699
773.200000	1.142591
773.300000	1.099058
773.400000	1.046582
773.500000	0.985794
773.600000	0.917460
773.700000	0.842466
773.800000	0.761801
773.900000	0.676533
774.000000	0.587785
774.100000	0.496718
774.200000	0.404499
774.300000	0.312282
774.400000	0.221178
774.500000	0.132240
774.600000	0.046436
774.700000	-0.035370
774.800000	-0.112431
774.900000	-0.184132
775.000000	-0.250000
775.100000	-0.309713
775.200000	-0.363097
775.300000	-0.410133
775.400000	-0.450944
775.500000	-0.485794
775.600000	-0.515071
775.700000	-0.539277
775.800000	-0.559008
775.900000	-0.574935
776.000000	-0.587785
776.100000	-0.598315
776.200000	-0.607293
776.300000	-0.615471
776.400000	-0.623567
776.500000	-0.632240
776.600000	-0.642074
776.700000	-0.653555
776.800000	-0.667063
776.900000	-0.682854
777.000000	-0.701057
777.100000	-0.721661
777.200000	-0.744523
777.300000	-0.769363
777.400000	-0.795772
777.500000	-0.823223
777.600000	-0.851080
777.700000	-0.878617
777.800000	-0.905033
777.900000	-0.929475
778.000000	-0.951057
778.100000	-0.968885
778.200000	-0.982081
778.300000	-0.989804
778.400000	-0.991274
778.500000	-0.985794
778.600000	-0.972767
778.700000	-0.951720
778.800000	-0.922311
778.900000	-0.884346
779.000000	-0.837785
779.100000	-0.782749
779.200000	-0.719518
779.300000	-0.648531
779.400000	-0.570379
779.500000	-0.485794
779.600000	-0.395636
779.700000	-0.300879
779.800000	-0.202587
779.900000	-0.101899
780.000000	0.000000
780.100000	0.101899
780.200000	0.202587
780.300000	0.300879
780.400000	0.395636
780.500000	0.485794
780.600000	0.570379
780.700000	0.648531
780.800000	0.719518
780.900000	0.782749
781.000000	0.837785
781.100000	0.884346
781.200000	0.922311
781.300000	0.951720
781.400000	0.972767
781.500000	0.985794
781.600000	0.991274
781.700000	0.989804
781.800000	0.982081
781.900000	0.968885
782.000000	0.951057
782.100000	0.929475
782.200000	0.905033
782.300000	0.878617
782.400000	0.851080
782.500000	0.823223
782.600000	0.795772
782.700000	0.769363
782.800000	0.744523
782.900000	0.721661
783.000000	0.701057
783.100000	0.682854
783.200000	0.667063
783.300000	0.653555
783.400000	0.642074
783.500000	0.632240
783.600000	0.623567
783.700000	0.615471
783.800000	0.607293
783.900000	0.598315
784.000000	0.587785
784.100000	0.574935
784.200000	0.559008
784.300000	0.539277
784.400000	0.515071
784.500000	0.485794
784.600000	0.450944
784.700000	0.410133
784.800000	0.363097
784.900000	0.309713
785.000000	0.250000
785.100000	0.184132
785.200000	0.112431
785.300000	0.035370
785.400000	-0.046436
785.500000	-0.132240
785.600000	-0.221178
785.700000	-0.312282
785.800000	-0.404499
785.900000	-0.496718
786.000000	-0.587785
786.100000	-0.676533
786.200000	-0.761801
786.300000	-0.842466
786.400000	-0.917460
786.500000	-0.985794
786.600000	-1.046582
786.700000	-1.099058
786.800000	-1.142591
786.900000	-1.176699
787.000000	-1.201057
787.100000	-1.215505
787.200000	-1.220051
787.300000	-1.214866
787.400000	-1.200281
787.500000	-1.176777
787.600000	-1.144973
787.700000	-1.105612
787.800000	-1.059541
787.900000	-1.007692
788.000000	-0.951057
788.100000	-0.890668
788.200000	-0.827573
788.300000	-0.762809
788.400000	-0.697382
788.500000	-0.632240
788.600000	-0.568259
788.700000	-0.506217
788.800000	-0.446783
788.900000	-0.390502
789.000000	-0.337785
789.100000	-0.288905
789.200000	-0.243990
789.300000	-0.203028
789.400000	-0.165870
789.500000	-0.132240
789.600000	-0.101744
789.700000	-0.073884
789.800000	-0.048079
789.900000	-0.023682
790.000000	0.000000
790.100000	0.023682
790.200000	0.048079
790.300000	0.073884
790.400000	0.101744
790.500000	0.132240
790.600000	0.165870
790.700000	0.203028
790.800000	0.243990
790.900000	0.288905
791.000000	0.337785
791.100000	0.390502
791.200000	0.446783
791.300000	0.506217
791.400000	0.568259
791.500000	0.632240
791.600000	0.697382
791.700000	0.762809
791.800000	0.827573
791.900000	0.890668
792.000000	0.951057
792.100000	1.007692
792.200000	1.059541
792.300000	1.105612
792.400000	1.144973
792.500000	1.176777
792.600000	1.200281
792.700000	1.214866
792.800000	1.220051
792.900000	1.215505
793.000000	1.201057
793.100000	1.176699
793.200000	1.142591
793.300000	1.099058
793.400000	1.046582
793.500000	0.985794
793.600000	0.917460
793.700000	0.842466
793.800000	0.761801
793.900000	0.676533
794.000000	0.587785
794.100000	0.496718
794.200000	0.404499
794.300000	0.312282
794.400000	0.221178
794.500000	0.132240
794.600000	0.046436
794.700000	-0.035370
794.800000	-0.112431
794.900000	-0.184132
795.000000	-0.250000
795.100000	-0.309713
795.200000	-0.363097
795.300000	-0.410133
795.400000	-0.450944
795.500000	-0.485794
795.600000	-0.515071
795.700000	-0.539277
795.800000	-0.559008
795.900000	-0.574935
796.000000	-0.587785
796.100000	-0.598315
796.200000	-0.607293
796.300000	-0.615471
796.400000	-0.623567
796.500000	-0.632240
796.600000	-0.642074
796.700000	-0.653555
796.800000	-0.667063
796.900000	-0.682854
797.000000	-0.701057
797.100000	-0.721661
797.200000	-0.744523
797.300000	-0.769363
797.400000	-0.795772
797.500000	-0.823223
797.600000	-0.851080
797.700000	-0.878617
797.800000	-0.905033
797.900000	-0.929475
798.000000	-0.951057
798.100000	-0.968885
798.200000	-0.982081
798.300000	-0.989804
798.400000	-0.991274
798.500000	-0.985794
798.600000	-0.972767
798.700000	-0.951720
798.800000	-0.922311
798.900000	-0.884346
799.000000	-0.837785
799.100000	-0.782749
799.200000	-0.719518
799.300000	-0.648531
799.400000	-0.570379
799.500000	-0.485794
799.600000	-0.395636
799.700000	-0.300879
799.800000	-0.202587
799.900000	-0.101899
800.000000	0.000000
800.100000	0.101899
800.200000	0.202587
800.300000	0.300879
800.400000	0.395636
800.500000	0.485794
800.600000	0.570379
800.700000	0.648531
800.800000	0.719518
800.900000	0.782749
801.000000	0.837785
801.100000	0.884346
801.200000	0.922311
801.300000	0.951720
801.400000	0.972767
801.500000	0.985794
801.600000	0.991274
801.700000	0.989804
801.800000	0.982081
801.900000	0.968885
802.000000	0.951057
802.100000	0.929475
802.200000	0.905033
802.300000	0.878617
802.400000	0.851080
802.500000	0.823223
802.600000	0.795772
802.700000	0.769363
802.800000	0.744523
802.900000	0.721661
803.000000	0.701057
803.100000	0.682854
803.200000	0.667063
803.300000	0.653555
803.400000	0.642074
803.500000	0.632240
803.600000	0.623567
803.700000	0.615471
803.800000	0.607293
803.900000	0.598315
804.000000	0.587785
804.100000	0.574935
804.200000	0.559008
804.300000	0.539277
804.400000	0.515071
804.500000	0.485794
804.600000	0.450944
804.700000	0.410133
804.800000	0.363097
804.900000	0.309713
805.000000	0.250000
805.100000	0.184132
805.200000	0.112431
805.300000	0.035370
805.400000	-0.046436
805.500000	-0.132240
805.600000	-0.221178
805.700000	-0.312282
805.800000	-0.404499
805.900000	-0.496718
806.000000	-0.587785
806.100000	-0.676533
806.200000	-0.761801
806.300000	-0.842466
806.400000	-0.917460
806.500000	-0.985794
806.600000	-1.046582
806.700000	-1.099058
806.800000	-1.142591
806.900000	-1.176699
807.000000	-1.201057
807.100000	-1.215505
807.200000	-1.220051
807.300000	-1.214866
807.400000	-1.200281
807.500000	-1.176777
807.600000	-1.144973
807.700000	-1.105612
807.800000	-1.059541
807.900000	-1.007692
808.000000	-0.951057
808.100000	-0.890668
808.200000	-0.827573
808.300000	-0.762809
808.400000	-0.697382
808.500000	-0.632240
808.600000	-0.568259
808.700000	-0.506217
808.800000	-0.446783
808.900000	-0.390502
809.000000	-0.337785
809.100000	-0.288905
809.200000	-0.243990
809.300000	-0.203028
809.400000	-0.165870
809.500000	-0.132240
809.600000	-0.101744
809.700000	-0.073884
809.800000	-0.048079
809.900000	-0.023682
810.000000	0.000000
810.100000	0.023682
810.200000	0.048079
810.300000	0.073884
810.400000	0.101744
810.500000	0.132240
810.600000	0.165870
810.700000	0.203028
810.800000	0.243990
810.900000	0.288905
811.000000	0.337785
811.100000	0.390502
811.200000	0.446783
811.300000	0.506217
811.400000	0.568259
811.500000	0.632240
811.600000	0.697382
811.700000	0.762809
811.800000	0.827573
811.900000	0.890668
812.000000	0.951057
812.100000	1.007692
812.200000	1.059541
812.300000	1.105612
812.400000	1.144973
812.500000	1.176777
812.600000	1.200281
812.700000	1.214866
812.800000	1.220051
812.900000	1.215505
813.000000	1.201057
813.100000	1.176699
813.200000	1.142591
813.300000	1.099058
813.400000	1.046582
813.500000	0.985794
813.600000	0.917460
813.700000	0.842466
813.800000	0.761801
813.900000	0.676533
814.000000	0.587785
814.100000	0.496718
814.200000	0.404499
814.300000	0.312282
814.400000	0.221178
814.500000	0.132240
814.600000	0.046436
814.700000	-0.035370
814.800000	-0.112431
814.900000	-0.184132
815.000000	-0.250000
815.100000	-0.309713
815.200000	-0.363097
815.300000	-0.410133
815.400000	-0.450944
815.500000	-0.485794
815.600000	-0.515071
815.700000	-0.539277
815.800000	-0.559008
815.900000	-0.574935
816.000000	-0.587785
816.100000	-0.598315
816.200000	-0.607293
816.300000	-0.615471
816.400000	-0.623567
816.500000	-0.632240
816.600000	-0.642074
816.700000	-0.653555
816.800000	-0.667063
816.900000	-0.682854
817.000000	-0.701057
817.100000	-0.721661
817.200000	-0.744523
817.300000	-0.769363
817.400000	-0.795772
817.500000	-0.823223
817.600000	-0.851080
817.700000	-0.878617
817.800000	-0.905033
817.900000	-0.929475
818.000000	-0.951057
818.100000	-0.968885
818.200000	-0.982081
818.300000	-0.989804
818.400000	-0.991274
818.500000	-0.985794
818.600000	-0.972767
818.700000	-0.951720
818.800000	-0.922311
818.900000	-0.884346
819.000000	-0.837785
819.100000	-0.782749
819.200000	-0.719518
819.300000	-0.648531
819.400000	-0.570379
819.500000	-0.485794
819.600000	-0.395636
819.700000	-0.300879
819.800000	-0.202587
819.900000	-0.101899
820.000000	0.000000
820.100000	0.101899
820.200000	0.202587
820.300000	0.300879
820.400000	0.395636
820.500000	0.485794
820.600000	0.570379
820.700000	0.648531
820.800000	0.719518
820.900000	0.782749
821.000000	0.837785
821.100000	0.884346
821.200000	0.922311
821.300000	0.951720
821.400000	0.972767
821.500000	0.985794
821.600000	0.991274
821.700000	0.989804
821.800000	0.982081
821.900000	0.968885
822.000000	0.951057
822.100000	0.929475
822.200000	0.905033
822.300000	0.878617
822.400000	0.851080
822.500000	0.823223
822.600000	0.795772
822.700000	0.769363
822.800000	0.744523
822.900000	0.721661
823.000000	0.701057
823.100000	0.682854
823.200000	0.667063
823.300000	0.653555
823.400000	0.642074
823.500000	0.632240
823.600000	0.623567
823.700000	0.615471
823.800000	0.607293
823.900000	0.598315
824.000000	0.587785
824.100000	0.574935
824.200000	0.559008
824.300000	0.539277
824.400000	0.515071
824.500000	0.485794
824.600000	0.450944
824.700000	0.410133
824.800000	0.363097
824.900000	0.309713
825.000000	0.250000
825.100000	0.184132
825.200000	0.112431
825.300000	0.035370
825.400000	-0.046436
825.500000	-0.132240
825.600000	-0.221178
825.700000	-0.312282
825.800000	-0.404499
825.900000	-0.496718
826.000000	-0.587785
826.100000	-0.676533
826.200000	-0.761801
826.300000	-0.842466
826.400000	-0.917460
826.500000	-0.985794
826.600000	-1.046582
826.700000	-1.099058
826.800000	-1.142591
826.900000	-1.176699
827.000000	-1.201057
827.100000	-1.215505
827.200000	-1.220051
827.300000	-1.214866
827.400000	-1.200281
827.500000	-1.176777
827.600000	-1.144973
827.700000	-1.105612
827.800000	-1.059541
827.900000	-1.007692
828.000000	-0.951057
828.100000	-0.890668
828.200000	-0.827573
828.300000	-0.762809
828.400000	-0.697382
828.500000	-0.632240
828.600000	-0.568259
828.700000	-0.506217
828.800000	-0.446783
828.900000	-0.390502
829.000000	-0.337785
829.100000	-0.288905
829.200000	-0.243990
829.300000	-0.203028
829.400000	-0.165870
829.500000	-0.132240
829.600000	-0.101744
829.700000	-0.073884
829.800000	-0.048079
829.900000	-0.023682
830.000000	0.000000
830.100000	0.023682
830.200000	0.048079
830.300000	0.073884
830.400000	0.101744
830.500000	0.132240
830.600000	0.165870
830.700000	0.203028
830.800000	0.243990
830.900000	0.288905
831.000000	0.337785
831.100000	0.390502
831.200000	0.446783
831.300000	0.506217
831.400000	0.568259
831.500000	0.632240
831.600000	0.697382
831.700000	0.762809
831.800000	0.827573
831.900000	0.890668
832.000000	0.951057
832.100000	1.007692
832.200000	1.059541
832.300000	1.105612
832.400000	1.144973
832.500000	1.176777
832.600000	1.200281
832.700000	1.214866
832.800000	1.220051
832.900000	1.215505
833.000000	1.201057
833.100000	1.176699
833.200000	1.142591
833.300000	1.099058
833.400000	1.046582
833.500000	0.985794
833.600000	0.917460
833.700000	0.842466
833.800000	0.761801
833.900000	0.676533
834.000000	0.587785
834.100000	0.496718
834.200000	0.404499
834.300000	0.312282
834.400000	0.221178
834.500000	0.132240
834.600000	0.046436
834.700000	-0.035370
834.800000	-0.112431
834.900000	-0.184132
835.000000	-0.250000
835.100000	-0.309713
835.200000	-0.363097
835.300000	-0.410133
835.400000	-0.450944
835.500000	-0.485794
835.600000	-0.515071
835.700000	-0.539277
835.800000	-0.559008
835.900000	-0.574935
836.000000	-0.587785
836.100000	-0.598315
836.200000	-0.607293
836.300000	-0.615471
836.400000	-0.623567
836.500000	-0.632240
836.600000	-0.642074
836.700000	-0.653555
836.800000	-0.667063
836.900000	-0.682854
837.000000	-0.701057
837.100000	-0.721661
837.200000	-0.744523
837.300000	-0.769363
837.400000	-0.795772
837.500000	-0.823223
837.600000	-0.851080
837.700000	-0.878617
837.800000	-0.905033
837.900000	-0.929475
838.000000	-0.951057
838.100000	-0.968885
838.200000	-0.982081
838.300000	-0.989804
838.400000	-0.991274
838.500000	-0.985794
838.600000	-0.972767
838.700000	-0.951720
838.800000	-0.922311
838.900000	-0.884346
839.000000	-0.837785
839.100000	-0.782749
839.200000	-0.719518
839.300000	-0.648531
839.400000	-0.570379
839.500000	-0.485794
839.600000	-0.395636
839.700000	-0.300879
839.800000	-0.202587
839.900000	-0.101899
840.000000	0.000000
840.100000	0.101899
840.200000	0.202587
840.300000	0.300879
840.400000	0.395636
840.500000	0.485794
840.600000	0.570379
840.700000	0.648531
840.800000	0.719518
840.900000	0.782749
841.000000	0.837785
841.100000	0.884346
841.200000	0.922311
841.300000	0.951720
841.400000	0.972767
841.500000	0.985794
841.600000	0.991274
841.700000	0.989804
841.800000	0.982081
841.900000	0.968885
842.000000	0.951057
842.100000	0.929475
842.200000	0.905033
842.300000	0.878617
842.400000	0.851080
842.500000	0.823223
842.600000	0.795772
842.700000	0.769363
842.800000	0.744523
842.900000	0.721661
843.000000	0.701057
843.100000	0.682854
843.200000	0.667063
843.300000	0.653555
843.400000	0.642074
843.500000	0.632240
843.600000	0.623567
843.700000	0.615471
843.800000	0.607293
843.900000	0.598315
844.000000	0.587785
844.100000	0.574935
844.200000	0.559008
844.300000	0.539277
844.400000	0.515071
844.500000	0.485794
844.600000	0.450944
844.700000	0.410133
844.800000	0.363097
844.900000	0.309713
845.000000	0.250000
845.100000	0.184132
845.200000	0.112431
845.300000	0.035370
845.400000	-0.046436
845.500000	-0.132240
845.600000	-0.221178
845.700000	-0.312282
845.800000	-0.404499
845.900000	-0.496718
846.000000	-0.587785
846.100000	-0.676533
846.200000	-0.761801
846.300000	-0.842466
846.400000	-0.917460
846.500000	-0.985794
846.600000	-1.046582
846.700000	-1.099058
846.800000	-1.142591
846.900000	-1.176699
847.000000	-1.201057
847.100000	-1.215505
847.200000	-1.220051
847.300000	-1.214866
847.400000	-1.200281
847.500000	-1.176777
847.600000	-1.144973
847.700000	-1.105612
847.800000	-1.059541
847.900000	-1.007692
848.000000	-0.951057
848.100000	-0.890668
848.200000	-0.827573
848.300000	-0.762809
848.400000	-0.697382
848.500000	-0.632240
848.600000	-0.568259
848.700000	-0.506217
848.800000	-0.446783
848.900000	-0.390502
849.000000	-0.337785
849.100000	-0.288905
849.200000	-0.243990
849.300000	-0.203028
849.400000	-0.165870
849.500000	-0.132240
849.600000	-0.101744
849.700000	-0.073884
849.800000	-0.048079
849.900000	-0.023682
850.000000	0.000000
850.100000	0.023682
850.200000	0.048079
850.300000	0.073884
850.400000	0.101744
850.500000	0.132240
850.600000	0.165870
850.700000	0.203028
850.800000	0.243990
850.900000	0.288905
851.000000	0.337785
851.100000	0.390502
851.200000	0.446783
851.300000	0.506217
851.400000	0.568259
851.500000	0.632240
851.600000	0.697382
851.700000	0.762809
851.800000	0.827573
851.900000	0.890668
852.000000	0.951057
852.100000	1.007692
852.200000	1.059541
852.300000	1.105612
852.400000	1.144973
852.500000	1.176777
852.600000	1.200281
852.700000	1.214866
852.800000	1.220051
852.900000	1.215505
853.000000	1.201057
853.100000	1.176699
853.200000	1.142591
853.300000	1.099058
853.400000	1.046582
853.500000	0.985794
853.600000	0.917460
853.700000	0.842466
853.800000	0.761801
853.900000	0.676533
854.000000	0.587785
854.100000	0.496718
854.200000	0.404499
854.300000	0.312282
854.400000	0.221178
854.500000	0.132240
854.600000	0.046436
854.700000	-0.035370
854.800000	-0.112431
854.900000	-0.184132
855.000000	-0.250000
855.100000	-0.309713
855.200000	-0.363097
855.300000	-0.410133
855.400000	-0.450944
855.500000	-0.485794
855.600000	-0.515071
855.700000	-0.539277
855.800000	-0.559008
855.900000	-0.574935
856.000000	-0.587785
856.100000	-0.598315
856.200000	-0.607293
856.300000	-0.615471
856.400000	-0.623567
856.500000	-0.632240
856.600000	-0.642074
856.700000	-0.653555
856.800000	-0.667063
856.900000	-0.682854
857.000000	-0.701057
857.100000	-0.721661
857.200000	-0.744523
857.300000	-0.769363
857.400000	-0.795772
857.500000	-0.823223
857.600000	-0.851080
857.700000	-0.878617
857.800000	-0.905033
857.900000	-0.929475
858.000000	-0.951057
858.100000	-0.968885
858.200000	-0.982081
858.300000	-0.989804
858.400000	-0.991274
858.500000	-0.985794
858.600000	-0.972767
858.700000	-0.951720
858.800000	-0.922311
858.900000	-0.884346
859.000000	-0.837785
859.100000	-0.782749
859.200000	-0.719518
859.300000	-0.648531
859.400000	-0.570379
859.500000	-0.485794
859.600000	-0.395636
859.700000	-0.300879
859.800000	-0.202587
859.900000	-0.101899
860.000000	0.000000
860.100000	0.101899
860.200000	0.202587
860.300000	0.300879
860.400000	0.395636
860.500000	0.485794
860.600000	0.570379
860.700000	0.648531
860.800000	0.719518
860.900000	0.782749
861.000000	0.837785
861.100000	0.884346
861.200000	0.922311
861.300000	0.951720
861.400000	0.972767
861.500000	0.985794
861.600000	0.991274
861.700000	0.989804
861.800000	0.982081
861.900000	0.968885
862.000000	0.951057
862.100000	0.929475
862.200000	0.905033
862.300000	0.878617
862.400000	0.851080
862.500000	0.823223
862.600000	0.795772
862.700000	0.769363
862.800000	0.744523
862.900000	0.721661
863.000000	0.701057
863.100000	0.682854
863.200000	0.667063
863.300000	0.653555
863.400000	0.642074
863.500000	0.632240
863.600000	0.623567
863.700000	0.615471
863.800000	0.607293
863.900000	0.598315
864.000000	0.587785
864.100000	0.574935
864.200000	0.559008
864.300000	0.539277
864.400000	0.515071
864.500000	0.485794
864.600000	0.450944
864.700000	0.410133
864.800000	0.363097
864.900000	0.309713
865.000000	0.250000
865.100000	0.184132
865.200000	0.112431
865.300000	0.035370
865.400000	-0.046436
865.500000	-0.132240
865.600000	-0.221178
865.700000	-0.312282
865.800000	-0.404499
865.900000	-0.496718
866.000000	-0.587785
866.100000	-0.676533
866.200000	-0.761801
866.300000	-0.842466
866.400000	-0.917460
866.500000	-0.985794
866.600000	-1.046582
866.700000	-1.099058
866.800000	-1.142591
866.900000	-1.176699
867.000000	-1.201057
867.100000	-1.215505
867.200000	-1.220051
867.300000	-1.214866
867.400000	-1.200281
867.500000	-1.176777
867.600000	-1.144973
867.700000	-1.105612
867.800000	-1.059541
867.900000	-1.007692
868.000000	-0.951057
868.100000	-0.890668
868.200000	-0.827573
868.300000	-0.762809
868.400000	-0.697382
868.500000	-0.632240
868.600000	-0.568259
868.700000	-0.506217
868.800000	-0.446783
868.900000	-0.390502
869.000000	-0.337785
869.100000	-0.288905
869.200000	-0.243990
869.300000	-0.203028
869.400000	-0.165870
869.500000	-0.132240
869.600000	-0.101744
869.700000	-0.073884
869.800000	-0.048079
869.900000	-0.023682
870.000000	0.000000
870.100000	0.023682
870.200000	0.048079
870.300000	0.073884
870.400000	0.101744
870.500000	0.132240
870.600000	0.165870
870.700000	0.203028
870.800000	0.243990
870.900000	0.288905
871.000000	0.337785
871.100000	0.390502
871.200000	0.446783
871.300000	0.506217
871.400000	0.568259
871.500000	0.632240
871.600000	0.697382
871.700000	0.762809
871.800000	0.827573
871.900000	0.890668
872.000000	0.951057
872.100000	1.007692
872.200000	1.059541
872.300000	1.105612
872.400000	1.144973
872.500000	1.176777
872.600000	1.200281
872.700000	1.214866
872.800000	1.220051
872.900000	1.215505
873.000000	1.201057
873.100000	1.176699
873.200000	1.142591
873.300000	1.099058
873.400000	1.046582
873.500000	0.985794
873.600000	0.917460
873.700000	0.842466
873.800000	0.761801
873.900000	0.676533
874.000000	0.587785
874.100000	0.496718
874.200000	0.404499
874.300000	0.312282
874.400000	0.221178
874.500000	0.132240
874.600000	0.046436
874.700000	-0.035370
874.800000	-0.112431
874.900000	-0.184132
875.000000	-0.250000
875.100000	-0.309713
875.200000	-0.363097
875.300000	-0.410133
875.400000	-0.450944
875.500000	-0.485794
875.600000	-0.515071
875.700000	-0.539277
875.800000	-0.559008
875.900000	-0.574935
876.000000	-0.587785
876.100000	-0.598315
876.200000	-0.607293
876.300000	-0.615471
876.400000	-0.623567
876.500000	-0.632240
876.600000	-0.642074
876.700000	-0.653555
876.800000	-0.667063
876.900000	-0.682854
877.000000	-0.701057
877.100000	-0.721661
877.200000	-0.744523
877.300000	-0.769363
877.400000	-0.795772
877.500000	-0.823223
877.600000	-0.851080
877.700000	-0.878617
877.800000	-0.905033
877.900000	-0.929475
878.000000	-0.951057
878.100000	-0.968885
878.200000	-0.982081
878.300000	-0.989804
878.400000	-0.991274
878.500000	-0.985794
878.600000	-0.972767
878.700000	-0.951720
878.800000	-0.922311
878.900000	-0.884346
879.000000	-0.837785
879.100000	-0.782749
879.200000	-0.719518
879.300000	-0.648531
879.400000	-0.570379
879.500000	-0.485794
879.600000	-0.395636
879.700000	-0.300879
879.800000	-0.202587
879.900000	-0.101899
880.000000	0.000000
880.100000	0.101899
880.200000	0.202587
880.300000	0.300879
880.400000	0.395636
880.500000	0.485794
880.600000	0.570379
880.700000	0.648531
880.800000	0.719518
880.900000	0.782749
881.000000	0.837785
881.100000	0.884346
881.200000	0.922311
881.300000	0.951720
881.400000	0.972767
881.500000	0.985794
881.600000	0.991274
881.700000	0.989804
881.800000	0.982081
881.900000	0.968885
882.000000	0.951057
882.100000	0.929475
882.200000	0.905033
882.300000	0.878617
882.400000	0.851080
882.500000	0.823223
882.600000	0.795772
882.700000	0.769363
882.800000	0.744523
882.900000	0.721661
883.000000	0.701057
883.100000	0.682854
883.200000	0.667063
883.300000	0.653555
883.400000	0.642074
883.500000	0.632240
883.600000	0.623567
883.700000	0.615471
883.800000	0.607293
883.900000	0.598315
884.000000	0.587785
884.100000	0.574935
884.200000	0.559008
884.300000	0.539277
884.400000	0.515071
884.500000	0.485794
884.600000	0.450944
884.700000	0.410133
884.800000	0.363097
884.900000	0.309713
885.000000	0.250000
885.100000	0.184132
885.200000	0.112431
885.300000	0.035370
885.400000	-0.046436
885.500000	-0.132240
885.600000	-0.221178
885.700000	-0.312282
885.800000	-0.404499
885.900000	-0.496718
886.000000	-0.587785
886.100000	-0.676533
886.200000	-0.761801
886.300000	-0.842466
886.400000	-0.917460
886.500000	-0.985794
886.600000	-1.046582
886.700000	-1.099058
886.800000	-1.142591
886.900000	-1.176699
887.000000	-1.201057
887.100000	-1.215505
887.200000	-1.220051
887.300000	-1.214866
887.400000	-1.200281
887.500000	-1.176777
887.600000	-1.144973
887.700000	-1.105612
887.800000	-1.059541
887.900000	-1.007692
888.000000	-0.951057
888.100000	-0.890668
888.200000	-0.827573
888.300000	-0.762809
888.400000	-0.697382
888.500000	-0.632240
888.600000	-0.568259
888.700000	-0.506217
888.800000	-0.446783
888.900000	-0.390502
889.000000	-0.337785
889.100000	-0.288905
889.200000	-0.243990
889.300000	-0.203028
889.400000	-0.165870
889.500000	-0.132240
889.600000	-0.101744
889.700000	-0.073884
889.800000	-0.048079
889.900000	-0.023682
890.000000	0.000000
890.100000	0.023682
890.200000	0.048079
890.300000	0.073884
890.400000	0.101744
890.500000	0.132240
890.600000	0.165870
890.700000	0.203028
890.800000	0.243990
890.900000	0.288905
891.000000	0.337785
891.100000	0.390502
891.200000	0.446783
891.300000	0.506217
891.400000	0.568259
891.500000	0.632240
891.600000	0.697382
891.700000	0.762809
891.800000	0.827573
891.900000	0.890668
892.000000	0.951057
892.100000	1.007692
892.200000	1.059541
892.300000	1.105612
892.400000	1.144973
892.500000	1.176777
892.600000	1.200281
892.700000	1.214866
892.800000	1.220051
892.900000	1.215505
893.000000	1.201057
893.100000	1.176699
893.200000	1.142591
893.300000	1.099058
893.400000	1.046582
893.500000	0.985794
893.600000	0.917460
893.700000	0.842466
893.800000	0.761801
893.900000	0.676533
894.000000	0.587785
894.100000	0.496718
894.200000	0.404499
894.300000	0.312282
894.400000	0.221178
894.500000	0.132240
894.600000	0.046436
894.700000	-0.035370
894.800000	-0.112431
894.900000	-0.184132
895.000000	-0.250000
895.100000	-0.309713
895.200000	-0.363097
895.300000	-0.410133
895.400000	-0.450944
895.500000	-0.485794
895.600000	-0.515071
895.700000	-0.539277
895.800000	-0.559008
895.900000	-0.574935
896.000000	-0.587785
896.100000	-0.598315
896.200000	-0.607293
896.300000	-0.615471
896.400000	-0.623567
896.500000	-0.632240
896.600000	-0.642074
896.700000	-0.653555
896.800000	-0.667063
896.900000	-0.682854
897.000000	-0.701057
897.100000	-0.721661
897.200000	-0.744523
897.300000	-0.769363
897.400000	-0.795772
897.500000	-0.823223
897.600000	-0.851080
897.700000	-0.878617
897.800000	-0.905033
897.900000	-0.929475
898.000000	-0.951057
898.100000	-0.968885
898.200000	-0.982081
898.300000	-0.989804
898.400000	-0.991274
898.500000	-0.985794
898.600000	-0.972767
898.700000	-0.951720
898.800000	-0.922311
898.900000	-0.884346
899.000000	-0.837785
899.100000	-0.782749
899.200000	-0.719518
899.300000	-0.648531
899.400000	-0.570379
899.500000	-0.485794
899.600000	-0.395636
899.700000	-0.300879
899.800000	-0.202587
899.900000	-0.101899
900.000000	0.000000
900.100000	0.101899
900.200000	0.202587
900.300000	0.300879
900.400000	0.395636
900.500000	0.485794
900.600000	0.570379
900.700000	0.648531
900.800000	0.719518
900.900000	0.782749
901.000000	0.837785
901.100000	0.884346
901.200000	0.922311
901.300000	0.951720
901.400000	0.972767
901.500000	0.985794
901.600000	0.991274
901.700000	0.989804
901.800000	0.982081
901.900000	0.968885
902.000000	0.951057
902.100000	0.929475
902.200000	0.905033
902.300000	0.878617
902.400000	0.851080
902.500000	0.823223
902.600000	0.795772
902.700000	0.769363
902.800000	0.744523
902.900000	0.721661
903.000000	0.701057
903.100000	0.682854
903.200000	0.667063
903.300000	0.653555
903.400000	0.642074
903.500000	0.632240
903.600000	0.623567
903.700000	0.615471
903.800000	0.607293
903.900000	0.598315
904.000000	0.587785
904.100000	0.574935
904.200000	0.559008
904.300000	0.539277
904.400000	0.515071
904.500000	0.485794
904.600000	0.450944
904.700000	0.410133
904.800000	0.363097
904.900000	0.309713
905.000000	0.250000
905.100000	0.184132
905.200000	0.112431
905.300000	0.035370
905.400000	-0.046436
905.500000	-0.132240
905.600000	-0.221178
905.700000	-0.312282
905.800000	-0.404499
905.900000	-0.496718
906.000000	-0.587785
906.100000	-0.676533
906.200000	-0.761801
906.300000	-0.842466
906.400000	-0.917460
906.500000	-0.985794
906.600000	-1.046582
906.700000	-1.099058
906.800000	-1.142591
906.900000	-1.176699
907.000000	-1.201057
907.100000	-1.215505
907.200000	-1.220051
907.300000	-1.214866
907.400000	-1.200281
907.500000	-1.176777
907.600000	-1.144973
907.700000	-1.105612
907.800000	-1.059541
907.900000	-1.007692
908.000000	-0.951057
908.100000	-0.890668
908.200000	-0.827573
908.300000	-0.762809
908.400000	-0.697382
908.500000	-0.632240
908.600000	-0.568259
908.700000	-0.506217
908.800000	-0.446783
908.900000	-0.390502
909.000000	-0.337785
909.100000	-0.288905
909.200000	-0.243990
909.300000	-0.203028
909.400000	-0.165870
909.500000	-0.132240
909.600000	-0.101744
909.700000	-0.073884
909.800000	-0.048079
909.900000	-0.023682
910.000000	0.000000
910.100000	0.023682
910.200000	0.048079
910.300000	0.073884
910.400000	0.101744
910.500000	0.132240
910.600000	0.165870
910.700000	0.203028
910.800000	0.243990
910.900000	0.288905
911.000000	0.337785
911.100000	0.390502
911.200000	0.446783
911.300000	0.506217
911.400000	0.568259
911.500000	0.632240
911.600000	0.697382
911.700000	0.762809
911.800000	0.827573
911.900000	0.890668
912.000000	0.951057
912.100000	1.007692
912.200000	1.059541
912.300000	1.105612
912.400000	1.144973
912.500000	1.176777
912.600000	1.200281
912.700000	1.214866
912.800000	1.220051
912.900000	1.215505
913.000000	1.201057
913.100000	1.176699
913.200000	1.142591
913.300000	1.099058
913.400000	1.046582
913.500000	0.985794
913.600000	0.917460
913.700000	0.842466
913.800000	0.761801
913.900000	0.676533
914.000000	0.587785
914.100000	0.496718
914.200000	0.404499
914.300000	0.312282
914.400000	0.221178
914.500000	0.132240
914.600000	0.046436
914.700000	-0.035370
914.800000	-0.112431
914.900000	-0.184132
915.000000	-0.250000
915.100000	-0.309713
915.200000	-0.363097
915.300000	-0.410133
915.400000	-0.450944
915.500000	-0.485794
915.600000	-0.515071
915.700000	-0.539277
915.800000	-0.559008
915.900000	-0.574935
916.000000	-0.587785
916.100000	-0.598315
916.200000	-0.607293
916.300000	-0.615471
916.400000	-0.623567
916.500000	-0.632240
916.600000	-0.642074
916.700000	-0.653555
916.800000	-0.667063
916.900000	-0.682854
917.000000	-0.701057
917.100000	-0.721661
917.200000	-0.744523
917.300000	-0.769363
917.400000	-0.795772
917.500000	-0.823223
917.600000	-0.851080
917.700000	-0.878617
917.800000	-0.905033
917.900000	-0.929475
918.000000	-0.951057
918.100000	-0.968885
918.200000	-0.982081
918.300000	-0.989804
918.400000	-0.991274
918.500000	-0.985794
918.600000	-0.972767
918.700000	-0.951720
918.800000	-0.922311
918.900000	-0.884346
919.000000	-0.837785
919.100000	-0.782749
919.200000	-0.719518
919.300000	-0.648531
919.400000	-0.570379
919.500000	-0.485794
919.600000	-0.395636
919.700000	-0.300879
919.800000	-0.202587
919.900000	-0.101899
920.000000	0.000000
920.100000	0.101899
920.200000	0.202587
920.300000	0.300879
920.400000	0.395636
920.500000	0.485794
920.600000	0.570379
920.700000	0.648531
920.800000	0.719518
920.900000	0.782749
921.000000	0.837785
921.100000	0.884346
921.200000	0.922311
921.300000	0.951720
921.400000	0.972767
921.500000	0.985794
921.600000	0.991274
921.700000	0.989804
921.800000	0.982081
921.900000	0.968885
922.000000	0.951057
922.100000	0.929475
922.200000	0.905033
922.300000	0.878617
922.400000	0.851080
922.500000	0.823223
922.600000	0.795772
922.700000	0.769363
922.800000	0.744523
922.900000	0.721661
923.000000	0.701057
923.100000	0.682854
923.200000	0.667063
923.300000	0.653555
923.400000	0.642074
923.500000	0.632240
923.600000	0.623567
923.700000	0.615471
923.800000	0.607293
923.900000	0.598315
924.000000	0.587785
924.100000	0.574935
924.200000	0.559008
924.300000	0.539277
924.400000	0.515071
924.500000	0.485794
924.600000	0.450944
924.700000	0.410133
924.800000	0.363097
924.900000	0.309713
925.000000	0.250000
925.100000	0.184132
925.200000	0.112431
925.300000	0.035370
925.400000	-0.046436
925.500000	-0.132240
925.600000	-0.221178
925.700000	-0.312282
925.800000	-0.404499
925.900000	-0.496718
926.000000	-0.587785
926.100000	-0.676533
926.200000	-0.761801
926.300000	-0.842466
926.400000	-0.917460
926.500000	-0.985794
926.600000	-1.046582
926.700000	-1.099058
926.800000	-1.142591
926.900000	-1.176699
927.000000	-1.201057
927.100000	-1.215505
927.200000	-1.220051
927.300000	-1.214866
927.400000	-1.200281
927.500000	-1.176777
927.600000	-1.144973
927.700000	-1.105612
927.800000	-1.059541
927.900000	-1.007692
928.000000	-0.951057
928.100000	-0.890668
928.200000	-0.827573
928.300000	-0.762809
928.400000	-0.697382
928.500000	-0.632240
928.600000	-0.568259
928.700000	-0.506217
928.800000	-0.446783
928.900000	-0.390502
929.000000	-0.337785
929.100000	-0.288905
929.200000	-0.243990
929.300000	-0.203028
929.400000	-0.165870
929.500000	-0.132240
929.600000	-0.101744
929.700000	-0.073884
929.800000	-0.048079
929.900000	-0.023682
930.000000	0.000000
930.100000	0.023682
930.200000	0.048079
930.300000	0.073884
930.400000	0.101744
930.500000	0.132240
930.600000	0.165870
930.700000	0.203028
930.800000	0.243990
930.900000	0.288905
931.000000	0.337785
931.100000	0.390502
931.200000	0.446783
931.300000	0.506217
931.400000	0.568259
931.500000	0.632240
931.600000	0.697382
931.700000	0.762809
931.800000	0.827573
931.900000	0.890668
932.000000	0.951057
932.100000	1.007692
932.200000	1.059541
932.300000	1.105612
932.400000	1.144973
932.500000	1.176777
932.600000	1.200281
932.700000	1.214866
932.800000	1.220051
932.900000	1.215505
933.000000	1.201057
933.100000	1.176699
933.200000	1.142591
933.300000	1.099058
933.400000	1.046582
933.500000	0.985794
933.600000	0.917460
933.700000	0.842466
933.800000	0.761801
933.900000	0.676533
934.000000	0.587785
934.100000	0.496718
934.200000	0.404499
934.300000	0.312282
934.400000	0.221178
934.500000	0.132240
934.600000	0.046436
934.700000	-0.035370
934.800000	-0.112431
934.900000	-0.184132
935.000000	-0.250000
935.100000	-0.309713
935.200000	-0.363097
935.300000	-0.410133
935.400000	-0.450944
935.500000	-0.485794
935.600000	-0.515071
935.700000	-0.539277
935.800000	-0.559008
935.900000	-0.574935
936.000000	-0.587785
936.100000	-0.598315
936.200000	-0.607293
936.300000	-0.615471
936.400000	-0.623567
936.500000	-0.632240
936.600000	-0.642074
936.700000	-0.653555
936.800000	-0.667063
936.900000	-0.682854
937.000000	-0.701057
937.100000	-0.721661
937.200000	-0.744523
937.300000	-0.769363
937.400000	-0.795772
937.500000	-0.823223
937.600000	-0.851080
937.700000	-0.878617
937.800000	-0.905033
937.900000	-0.929475
938.000000	-0.951057
938.100000	-0.968885
938.200000	-0.982081
938.300000	-0.989804
938.400000	-0.991274
938.500000	-0.985794
938.600000	-0.972767
938.700000	-0.951720
938.800000	-0.922311
938.900000	-0.884346
939.000000	-0.837785
939.100000	-0.782749
939.200000	-0.719518
939.300000	-0.648531
939.400000	-0.570379
939.500000	-0.485794
939.600000	-0.395636
939.700000	-0.300879
939.800000	-0.202587
939.900000	-0.101899
940.000000	0.000000
940.100000	0.101899
940.200000	0.202587
940.300000	0.300879
940.400000	0.395636
940.500000	0.485794
940.600000	0.570379
940.700000	0.648531
940.800000	0.719518
940.900000	0.782749
941.000000	0.837785
941.100000	0.884346
941.200000	0.922311
941.300000	0.951720
941.400000	0.972767
941.500000	0.985794
941.600000	0.991274
941.700000	0.989804
941.800000	0.982081
941.900000	0.968885
942.000000	0.951057
942.100000	0.929475
942.200000	0.905033
942.300000	0.878617
942.400000	0.851080
942.500000	0.823223
942.600000	0.795772
942.700000	0.769363
942.800000	0.744523
942.900000	0.721661
943.000000	0.701057
943.100000	0.682854
943.200000	0.667063
943.300000	0.653555
943.400000	0.642074
943.500000	0.632240
943.600000	0.623567
943.700000	0.615471
943.800000	0.607293
943.900000	0.598315
944.000000	0.587785
944.100000	0.574935
944.200000	0.559008
944.300000	0.539277
944.400000	0.515071
944.500000	0.485794
944.600000	0.450944
944.700000	0.410133
944.800000	0.363097
944.900000	0.309713
945.000000	0.250000
945.100000	0.184132
945.200000	0.112431
945.300000	0.035370
945.400000	-0.046436
945.500000	-0.132240
945.600000	-0.221178
945.700000	-0.312282
945.800000	-0.404499
945.900000	-0.496718
946.000000	-0.587785
946.100000	-0.676533
946.200000	-0.761801
946.300000	-0.842466
946.400000	-0.917460
946.500000	-0.985794
946.600000	-1.046582
946.700000	-1.099058
946.800000	-1.142591
946.900000	-1.176699
947.000000	-1.201057
947.100000	-1.215505
947.200000	-1.220051
947.300000	-1.214866
947.400000	-1.200281
947.500000	-1.176777
947.600000	-1.144973
947.700000	-1.105612
947.800000	-1.059541
947.900000	-1.007692
948.000000	-0.951057
948.100000	-0.890668
948.200000	-0.827573
948.300000	-0.762809
948.400000	-0.697382
948.500000	-0.632240
948.600000	-0.568259
948.700000	-0.506217
948.800000	-0.446783
948.900000	-0.390502
949.000000	-0.337785
949.100000	-0.288905
949.200000	-0.243990
949.300000	-0.203028
949.400000	-0.165870
949.500000	-0.132240
949.600000	-0.101744
949.700000	-0.073884
949.800000	-0.048079
949.900000	-0.023682
950.000000	0.000000
950.100000	0.023682
950.200000	0.048079
950.300000	0.073884
950.400000	0.101744
950.500000	0.132240
950.600000	0.165870
950.700000	0.203028
950.800000	0.243990
950.900000	0.288905
951.000000	0.337785
951.100000	0.390502
951.200000	0.446783
951.300000	0.506217
951.400000	0.568259
951.500000	0.632240
951.600000	0.697382
951.700000	0.762809
951.800000	0.827573
951.900000	0.890668
952.000000	0.951057
952.100000	1.007692
952.200000	1.059541
952.300000	1.105612
952.400000	1.144973
952.500000	1.176777
952.600000	1.200281
952.700000	1.214866
952.800000	1.220051
952.900000	1.215505
953.000000	1.201057
953.100000	1.176699
953.200000	1.142591
953.300000	1.099058
953.400000	1.046582
953.500000	0.985794
953.600000	0.917460
953.700000	0.842466
953.800000	0.761801
953.900000	0.676533
954.000000	0.587785
954.100000	0.496718
954.200000	0.404499
954.300000	0.312282
954.400000	0.221178
954.500000	0.132240
954.600000	0.046436
954.700000	-0.035370
954.800000	-0.112431
954.900000	-0.184132
955.000000	-0.250000
955.100000	-0.309713
955.200000	-0.363097
955.300000	-0.410133
955.400000	-0.450944
955.500000	-0.485794
955.600000	-0.515071
955.700000	-0.539277
955.800000	-0.559008
955.900000	-0.574935
956.000000	-0.587785
956.100000	-0.598315
956.200000	-0.607293
956.300000	-0.615471
956.400000	-0.623567
956.500000	-0.632240
956.600000	-0.642074
956.700000	-0.653555
956.800000	-0.667063
956.900000	-0.682854
957.000000	-0.701057
957.100000	-0.721661
957.200000	-0.744523
957.300000	-0.769363
957.400000	-0.795772
957.500000	-0.823223
957.600000	-0.851080
957.700000	-0.878617
957.800000	-0.905033
957.900000	-0.929475
958.000000	-0.951057
958.100000	-0.968885
958.200000	-0.982081
958.300000	-0.989804
958.400000	-0.991274
958.500000	-0.985794
958.600000	-0.972767
958.700000	-0.951720
958.800000	-0.922311
958.900000	-0.884346
959.000000	-0.837785
959.100000	-0.782749
959.200000	-0.719518
959.300000	-0.648531
959.400000	-0.570379
959.500000	-0.485794
959.600000	-0.395636
959.700000	-0.300879
959.800000	-0.202587
959.900000	-0.101899
960.000000	0.000000
960.100000	0.101899
960.200000	0.202587
960.300000	0.300879
960.400000	0.395636
960.500000	0.485794
960.600000	0.570379
960.700000	0.648531
960.800000	0.719518
960.900000	0.782749
961.000000	0.837785
961.100000	0.884346
961.200000	0.922311
961.300000	0.951720
961.400000	0.972767
961.500000	0.985794
961.600000	0.991274
961.700000	0.989804
961.800000	0.982081
961.900000	0.968885
962.000000	0.951057
962.100000	0.929475
962.200000	0.905033
962.300000	0.878617
962.400000	0.851080
962.500000	0.823223
962.600000	0.795772
962.700000	0.769363
962.800000	0.744523
962.900000	0.721661
963.000000	0.701057
963.100000	0.682854
963.200000	0.667063
963.300000	0.653555
963.400000	0.642074
963.500000	0.632240
963.600000	0.623567
963.700000	0.615471
963.800000	0.607293
963.900000	0.598315
964.000000	0.587785
964.100000	0.574935
964.200000	0.559008
964.300000	0.539277
964.400000	0.515071
964.500000	0.485794
964.600000	0.450944
964.700000	0.410133
964.800000	0.363097
964.900000	0.309713
965.000000	0.250000
965.100000	0.184132
965.200000	0.112431
965.300000	0.035370
965.400000	-0.046436
965.500000	-0.132240
965.600000	-0.221178
965.700000	-0.312282
965.800000	-0.404499
965.900000	-0.496718
966.000000	-0.587785
966.100000	-0.676533
966.200000	-0.761801
966.300000	-0.842466
966.400000	-0.917460
966.500000	-0.985794
966.600000	-1.046582
966.700000	-1.099058
966.800000	-1.142591
966.900000	-1.176699
967.000000	-1.201057
967.100000	-1.215505
967.200000	-1.220051
967.300000	-1.214866
967.400000	-1.200281
967.500000	-1.176777
967.600000	-1.144973
967.700000	-1.105612
967.800000	-1.059541
967.900000	-1.007692
968.000000	-0.951057
968.100000	-0.890668
968.200000	-0.827573
968.300000	-0.762809
968.400000	-0.697382
968.500000	-0.632240
968.600000	-0.568259
968.700000	-0.506217
968.800000	-0.446783
968.900000	-0.390502
969.000000	-0.337785
969.100000	-0.288905
969.200000	-0.243990
969.300000	-0.203028
969.400000	-0.165870
969.500000	-0.132240
969.600000	-0.101744
969.700000	-0.073884
969.800000	-0.048079
969.900000	-0.023682
970.000000	0.000000
970.100000	0.023682
970.200000	0.048079
970.300000	0.073884
970.400000	0.101744
970.500000	0.132240
970.600000	0.165870
970.700000	0.203028
970.800000	0.243990
970.900000	0.288905
971.000000	0.337785
971.100000	0.390502
971.200000	0.446783
971.300000	0.506217
971.400000	0.568259
971.500000	0.632240
971.600000	0.697382
971.700000	0.762809
971.800000	0.827573
971.900000	0.890668
972.000000	0.951057
972.100000	1.007692
972.200000	1.059541
972.300000	1.105612
972.400000	1.144973
972.500000	1.176777
972.600000	1.200281
972.700000	1.214866
972.800000	1.220051
972.900000	1.215505
973.000000	1.201057
973.100000	1.176699
973.200000	1.142591
973.300000	1.099058
973.400000	1.046582
973.500000	0.985794
973.600000	0.917460
973.700000	0.842466
973.800000	0.761801
973.900000	0.676533
974.000000	0.587785
974.100000	0.496718
974.200000	0.404499
974.300000	0.312282
974.400000	0.221178
974.500000	0.132240
974.600000	0.046436
974.700000	-0.035370
974.800000	-0.112431
974.900000	-0.184132
975.000000	-0.250000
975.100000	-0.309713
975.200000	-0.363097
975.300000	-0.410133
975.400000	-0.450944
975.500000	-0.485794
975.600000	-0.515071
975.700000	-0.539277
975.800000	-0.559008
975.900000	-0.574935
976.000000	-0.587785
976.100000	-0.598315
976.200000	-0.607293
976.300000	-0.615471
976.400000	-0.623567
976.500000	-0.632240
976.600000	-0.642074
976.700000	-0.653555
976.800000	-0.667063
976.900000	-0.682854
977.000000	-0.701057
977.100000	-0.721661
977.200000	-0.744523
977.300000	-0.769363
977.400000	-0.795772
977.500000	-0.823223
977.600000	-0.851080
977.700000	-0.878617
977.800000	-0.905033
977.900000	-0.929475
978.000000	-0.951057
978.100000	-0.968885
978.200000	-0.982081
978.300000	-0.989804
978.400000	-0.991274
978.500000	-0.985794
978.600000	-0.972767
978.700000	-0.951720
978.800000	-0.922311
978.900000	-0.884346
979.000000	-0.837785
979.100000	-0.782749
979.200000	-0.719518
979.300000	-0.648531
979.400000	-0.570379
979.500000	-0.485794
979.600000	-0.395636
979.700000	-0.300879
979.800000	-0.202587
979.900000	-0.101899
980.000000	0.000000
980.100000	0.101899
980.200000	0.202587
980.300000	0.300879
980.400000	0.395636
980.500000	0.485794
980.600000	0.570379
980.700000	0.648531
980.800000	0.719518
980.900000	0.782749
981.000000	0.837785
981.100000	0.884346
981.200000	0.922311
981.300000	0.951720
981.400000	0.972767
981.500000	0.985794
981.600000	0.991274
981.700000	0.989804
981.800000	0.982081
981.900000	0.968885
982.000000	0.951057
982.100000	0.929475
982.200000	0.905033
982.300000	0.878617
982.400000	0.851080
982.500000	0.823223
982.600000	0.795772
982.700000	0.769363
982.800000	0.744523
982.900000	0.721661
983.000000	0.701057
983.100000	0.682854
983.200000	0.667063
983.300000	0.653555
983.400000	0.642074
983.500000	0.632240
983.600000	0.623567
983.700000	0.615471
983.800000	0.607293
983.900000	0.598315
984.000000	0.587785
984.100000	0.574935
984.200000	0.559008
984.300000	0.539277
984.400000	0.515071
984.500000	0.485794
984.600000	0.450944
984.700000	0.410133
984.800000	0.363097
984.900000	0.309713
985.000000	0.250000
985.100000	0.184132
985.200000	0.112431
985.300000	0.035370
985.400000	-0.046436
985.500000	-0.132240
985.600000	-0.221178
985.700000	-0.312282
985.800000	-0.404499
985.900000	-0.496718
986.000000	-0.587785
986.100000	-0.676533
986.200000	-0.761801
986.300000	-0.842466
986.400000	-0.917460
986.500000	-0.985794
986.600000	-1.046582
986.700000	-1.099058
986.800000	-1.142591
986.900000	-1.176699
987.000000	-1.201057
987.100000	-1.215505
987.200000	-1.220051
987.300000	-1.214866
987.400000	-1.200281
987.500000	-1.176777
987.600000	-1.144973
987.700000	-1.105612
987.800000	-1.059541
987.900000	-1.007692
988.000000	-0.951057
988.100000	-0.890668
988.200000	-0.827573
988.300000	-0.762809
988.400000	-0.697382
988.500000	-0.632240
988.600000	-0.568259
988.700000	-0.506217
988.800000	-0.446783
988.900000	-0.390502
989.000000	-0.337785
989.100000	-0.288905
989.200000	-0.243990
989.300000	-0.203028
989.400000	-0.165870
989.500000	-0.132240
989.600000	-0.101744
989.700000	-0.073884
989.800000	-0.048079
989.900000	-0.023682
990.000000	0.000000
990.100000	0.023682
990.200000	0.048079
990.300000	0.073884
990.400000	0.101744
990.500000	0.132240
990.600000	0.165870
990.700000	0.203028
990.800000	0.243990
990.900000	0.288905
991.000000	0.337785
991.100000	0.390502
991.200000	0.446783
991.300000	0.506217
991.400000	0.568259
991.500000	0.632240
991.600000	0.697382
991.700000	0.762809
991.800000	0.827573
991.900000	0.890668
992.000000	0.951057
992.100000	1.007692
992.200000	1.059541
992.300000	1.105612
992.400000	1.144973
992.500000	1.176777
992.600000	1.200281
992.700000	1.214866
992.800000	1.220051
992.900000	1.215505
993.000000	1.201057
993.100000	1.176699
993.200000	1.142591
993.300000	1.099058
993.400000	1.046582
993.500000	0.985794
993.600000	0.917460
993.700000	0.842466
993.800000	0.761801
993.900000	0.676533
994.000000	0.587785
994.100000	0.496718
994.200000	0.404499
994.300000	0.312282
994.400000	0.221178
994.500000	0.132240
994.600000	0.046436
994.700000	-0.035370
994.800000	-0.112431
994.900000	-0.184132
995.000000	-0.250000
995.100000	-0.309713
995.200000	-0.363097
995.300000	-0.410133
995.400000	-0.450944
995.500000	-0.485794
995.600000	-0.515071
995.700000	-0.539277
995.800000	-0.559008
995.900000	-0.574935
996.000000	-0.587785
996.100000	-0.598315
996.200000	-0.607293
996.300000	-0.615471
996.400000	-0.623567
996.500000	-0.632240
996.600000	-0.642074
996.700000	-0.653555
996.800000	-0.667063
996.900000	-0.682854
997.000000	-0.701057
997.100000	-0.721661
997.200000	-0.744523
997.300000	-0.769363
997.400000	-0.795772
997.500000	-0.823223
997.600000	-0.851080
997.700000	-0.878617
997.800000	-0.905033
997.900000	-0.929475
998.000000	-0.951057
998.100000	-0.968885
998.200000	-0.982081
998.300000	-0.989804
998.400000	-0.991274
998.500000	-0.985794
998.600000	-0.972767
998.700000	-0.951720
998.800000	-0.922311
998.900000	-0.884346
999.000000	-0.837785
999.100000	-0.782749
999.200000	-0.719518
999.300000	-0.648531
999.400000	-0.570379
999.500000	-0.485794
999.600000	-0.395636
999.700000	-0.300879
999.800000	-0.202587
999.900000	-0.101899
1000.000000	0.000000
1000.100000	0.101899
1000.200000	0.202587
1000.300000	0.300879
1000.400000	0.395636
1000.500000	0.485794
1000.600000	0.570379
1000.700000	0.648531
1000.800000	0.719518
1000.900000	0.782749
1001.000000	0.837785
1001.100000	0.884346
1001.200000	0.922311
1001.300000	0.951720
1001.400000	0.972767
1001.500000	0.985794
1001.600000	0.991274
1001.700000	0.989804
1001.800000	0.982081
1001.900000	0.968885
1002.000000	0.951057
1002.100000	0.929475
1002.200000	0.905033
1002.300000	0.878617
1002.400000	0.851080
1002.500000	0.823223
1002.600000	0.795772
1002.700000	0.769363
1002.800000	0.744523
1002.900000	0.721661
1003.000000	0.701057
1003.100000	0.682854
1003.200000	0.667063
1003.300000	0.653555
1003.400000	0.642074
1003.500000	0.632240
1003.600000	0.623567
1003.700000	0.615471
1003.800000	0.607293
1003.900000	0.598315
1004.000000	0.587785
1004.100000	0.574935
1004.200000	0.559008
1004.300000	0.539277
1004.400000	0.515071
1004.500000	0.485794
1004.600000	0.450944
1004.700000	0.410133
1004.800000	0.363097
1004.900000	0.309713
1005.000000	0.250000
1005.100000	0.184132
1005.200000	0.112431
1005.300000	0.035370
1005.400000	-0.046436
1005.500000	-0.132240
1005.600000	-0.221178
1005.700000	-0.312282
1005.800000	-0.404499
1005.900000	-0.496718
1006.000000	-0.587785
1006.100000	-0.676533
1006.200000	-0.761801
1006.300000	-0.842466
1006.400000	-0.917460
1006.500000	-0.985794
1006.600000	-1.046582
1006.700000	-1.099058
1006.800000	-1.142591
1006.900000	-1.176699
1007.000000	-1.201057
1007.100000	-1.215505
1007.200000	-1.220051
1007.300000	-1.214866
1007.400000	-1.200281
1007.500000	-1.176777
1007.600000	-1.144973
1007.700000	-1.105612
1007.800000	-1.059541
1007.900000	-1.007692
1008.000000	-0.951057
1008.100000	-0.890668
1008.200000	-0.827573
1008.300000	-0.762809
1008.400000	-0.697382
1008.500000	-0.632240
1008.600000	-0.568259
1008.700000	-0.506217
1008.800000	-0.446783
1008.900000	-0.390502
1009.000000	-0.337785
1009.100000	-0.288905
1009.200000	-0.243990
1009.300000	-0.203028
1009.400000	-0.165870
1009.500000	-0.132240
1009.600000	-0.101744
1009.700000	-0.073884
1009.800000	-0.048079
1009.900000	-0.023682
1010.000000	0.000000
1010.100000	0.023682
1010.200000	0.048079
1010.300000	0.073884
1010.400000	0.101744
1010.500000	0.132240
1010.600000	0.165870
1010.700000	0.203028
1010.800000	0.243990
1010.900000	0.288905
1011.000000	0.337785
1011.100000	0.390502
1011.200000	0.446783
1011.300000	0.506217
1011.400000	0.568259
1011.500000	0.632240
1011.600000	0.697382
1011.700000	0.762809
1011.800000	0.827573
1011.900000	0.890668
1012.000000	0.951057
1012.100000	1.007692
1012.200000	1.059541
1012.300000	1.105612
1012.400000	1.144973
1012.500000	1.176777
1012.600000	1.200281
1012.700000	1.214866
1012.800000	1.220051
1012.900000	1.215505
1013.000000	1.201057
1013.100000	1.176699
1013.200000	1.142591
1013.300000	1.099058
1013.400000	1.046582
1013.500000	0.985794
1013.600000	0.917460
1013.700000	0.842466
1013.800000	0.761801
1013.900000	0.676533
1014.000000	0.587785
1014.100000	0.496718
1014.200000	0.404499
1014.300000	0.312282
1014.400000	0.221178
1014.500000	0.132240
1014.600000	0.046436
1014.700000	-0.035370
1014.800000	-0.112431
1014.900000	-0.184132
1015.000000	-0.250000
1015.100000	-0.309713
1015.200000	-0.363097
1015.300000	-0.410133
1015.400000	-0.450944
1015.500000	-0.485794
1015.600000	-0.515071
1015.700000	-0.539277
1015.800000	-0.559008
1015.900000	-0.574935
1016.000000	-0.587785
1016.100000	-0.598315
1016.200000	-0.607293
1016.300000	-0.615471
1016.400000	-0.623567
1016.500000	-0.632240
1016.600000	-0.642074
1016.700000	-0.653555
1016.800000	-0.667063
1016.900000	-0.682854
1017.000000	-0.701057
1017.100000	-0.721661
1017.200000	-0.744523
1017.300000	-0.769363
1017.400000	-0.795772
1017.500000	-0.823223
1017.600000	-0.851080
1017.700000	-0.878617
1017.800000	-0.905033
1017.900000	-0.929475
1018.000000	-0.951057
1018.100000	-0.968885
1018.200000	-0.982081
1018.300000	-0.989804
1018.400000	-0.991274
1018.500000	-0.985794
1018.600000	-0.972767
1018.700000	-0.951720
1018.800000	-0.922311
1018.900000	-0.884346
1019.000000	-0.837785
1019.100000	-0.782749
1019.200000	-0.719518
1019.300000	-0.648531
1019.400000	-0.570379
1019.500000	-0.485794
1019.600000	-0.395636
1019.700000	-0.300879
1019.800000	-0.202587
1019.900000	-0.101899
1020.000000	0.000000
1020.100000	0.101899
1020.200000	0.202587
1020.300000	0.300879
1020.400000	0.395636
1020.500000	0.485794
1020.600000	0.570379
1020.700000	0.648531
1020.800000	0.719518
1020.900000	0.782749
1021.000000	0.837785
1021.100000	0.884346
1021.200000	0.922311
1021.300000	0.951720
1021.400000	0.972767
1021.500000	0.985794
1021.600000	0.991274
1021.700000	0.989804
1021.800000	0.982081
1021.900000	0.968885
1022.000000	0.951057
1022.100000	0.929475
1022.200000	0.905033
1022.300000	0.878617
1022.400000	0.851080
1022.500000	0.823223
1022.600000	0.795772
1022.700000	0.769363
1022.800000	0.744523
1022.900000	0.721661
1023.000000	0.701057
1023.100000	0.682854
1023.200000	0.667063
1023.300000	0.653555
1023.400000	0.642074
1023.500000	0.632240
1023.600000	0.623567
1023.700000	0.615471
1023.800000	0.607293
1023.900000	0.598315
1024.000000	0.587785
1024.100000	0.574935
1024.200000	0.559008
1024.300000	0.539277
1024.400000	0.515071
1024.500000	0.485794
1024.600000	0.450944
1024.700000	0.410133
1024.800000	0.363097
1024.900000	0.309713
1025.000000	0.250000
1025.100000	0.184132
1025.200000	0.112431
1025.300000	0.035370
1025.400000	-0.046436
1025.500000	-0.132240
1025.600000	-0.221178
1025.700000	-0.312282
1025.800000	-0.404499
1025.900000	-0.496718
1026.000000	-0.587785
1026.100000	-0.676533
1026.200000	-0.761801
1026.300000	-0.842466
1026.400000	-0.917460
1026.500000	-0.985794
1026.600000	-1.046582
1026.700000	-1.099058
1026.800000	-1.142591
1026.900000	-1.176699
1027.000000	-1.201057
1027.100000	-1.215505
1027.200000	-1.220051
1027.300000	-1.214866
1027.400000	-1.200281
1027.500000	-1.176777
1027.600000	-1.144973
1027.700000	-1.105612
1027.800000	-1.059541
1027.900000	-1.007692
1028.000000	-0.951057
1028.100000	-0.890668
1028.200000	-0.827573
1028.300000	-0.762809
1028.400000	-0.697382
1028.500000	-0.632240
1028.600000	-0.568259
1028.700000	-0.506217
1028.800000	-0.446783
1028.900000	-0.390502
1029.000000	-0.337785
1029.100000	-0.288905
1029.200000	-0.243990
1029.300000	-0.203028
1029.400000	-0.165870
1029.500000	-0.132240
1029.600000	-0.101744
1029.700000	-0.073884
1029.800000	-0.048079
1029.900000	-0.023682
1030.000000	0.000000
1030.100000	0.023682
1030.200000	0.048079
1030.300000	0.073884
1030.400000	0.101744
1030.500000	0.132240
1030.600000	0.165870
1030.700000	0.203028
1030.800000	0.243990
1030.900000	0.288905
1031.000000	0.337785
1031.100000	0.390502
1031.200000	0.446783
1031.300000	0.506217
1031.400000	0.568259
1031.500000	0.632240
1031.600000	0.697382
1031.700000	0.762809
1031.800000	0.827573
1031.900000	0.890668
1032.000000	0.951057
1032.100000	1.007692
1032.200000	1.059541
1032.300000	1.105612
1032.400000	1.144973
1032.500000	1.176777
1032.600000	1.200281
1032.700000	1.214866
1032.800000	1.220051
1032.900000	1.215505
1033.000000	1.201057
1033.100000	1.176699
1033.200000	1.142591
1033.300000	1.099058
1033.400000	1.046582
1033.500000	0.985794
1033.600000	0.917460
1033.700000	0.842466
1033.800000	0.761801
1033.900000	0.676533
1034.000000	0.587785
1034.100000	0.496718
1034.200000	0.404499
1034.300000	0.312282
1034.400000	0.221178
1034.500000	0.132240
1034.600000	0.046436
1034.700000	-0.035370
1034.800000	-0.112431
1034.900000	-0.184132
1035.000000	-0.250000
1035.100000	-0.309713
1035.200000	-0.363097
1035.300000	-0.410133
1035.400000	-0.450944
1035.500000	-0.485794
1035.600000	-0.515071
1035.700000	-0.539277
1035.800000	-0.559008
1035.900000	-0.574935
1036.000000	-0.587785
1036.100000	-0.598315
1036.200000	-0.607293
1036.300000	-0.615471
1036.400000	-0.623567
1036.500000	-0.632240
1036.600000	-0.642074
1036.700000	-0.653555
1036.800000	-0.667063
1036.900000	-0.682854
1037.000000	-0.701057
1037.100000	-0.721661
1037.200000	-0.744523
1037.300000	-0.769363
1037.400000	-0.795772
1037.500000	-0.823223
1037.600000	-0.851080
1037.700000	-0.878617
1037.800000	-0.905033
1037.900000	-0.929475
1038.000000	-0.951057
1038.100000	-0.968885
1038.200000	-0.982081
1038.300000	-0.989804
1038.400000	-0.991274
1038.500000	-0.985794
1038.600000	-0.972767
1038.700000	-0.951720
1038.800000	-0.922311
1038.900000	-0.884346
1039.000000	-0.837785
1039.100000	-0.782749
1039.200000	-0.719518
1039.300000	-0.648531
1039.400000	-0.570379
1039.500000	-0.485794
1039.600000	-0.395636
1039.700000	-0.300879
1039.800000	-0.202587
1039.900000	-0.101899
1040.000000	0.000000
1040.100000	0.101899
1040.200000	0.202587
1040.300000	0.300879
1040.400000	0.395636
1040.500000	0.485794
1040.600000	0.570379
1040.700000	0.648531
1040.800000	0.719518
1040.900000	0.782749
1041.000000	0.837785
1041.100000	0.884346
1041.200000	0.922311
1041.300000	0.951720
1041.400000	0.972767
1041.500000	0.985794
1041.600000	0.991274
1041.700000	0.989804
1041.800000	0.982081
1041.900000	0.968885
1042.000000	0.951057
1042.100000	0.929475
1042.200000	0.905033
1042.300000	0.878617
1042.400000	0.851080
1042.500000	0.823223
1042.600000	0.795772
1042.700000	0.769363
1042.800000	0.744523
1042.900000	0.721661
1043.000000	0.701057
1043.100000	0.682854
1043.200000	0.667063
1043.300000	0.653555
1043.400000	0.642074
1043.500000	0.632240
1043.600000	0.623567
1043.700000	0.615471
1043.800000	0.607293
1043.900000	0.598315
1044.000000	0.587785
1044.100000	0.574935
1044.200000	0.559008
1044.300000	0.539277
1044.400000	0.515071
1044.500000	0.485794
1044.600000	0.450944
1044.700000	0.410133
1044.800000	0.363097
1044.900000	0.309713
1045.000000	0.250000
1045.100000	0.184132
1045.200000	0.112431
1045.300000	0.035370
1045.400000	-0.046436
1045.500000	-0.132240
1045.600000	-0.221178
1045.700000	-0.312282
1045.800000	-0.404499
1045.900000	-0.496718
1046.000000	-0.587785
1046.100000	-0.676533
1046.200000	-0.761801
1046.300000	-0.842466
1046.400000	-0.917460
1046.500000	-0.985794
1046.600000	-1.046582
1046.700000	-1.099058
1046.800000	-1.142591
1046.900000	-1.176699
1047.000000	-1.201057
1047.100000	-1.215505
1047.200000	-1.220051
1047.300000	-1.214866
1047.400000	-1.200281
1047.500000	-1.176777
1047.600000	-1.144973
1047.700000	-1.105612
1047.800000	-1.059541
1047.900000	-1.007692
1048.000000	-0.951057
1048.100000	-0.890668
1048.200000	-0.827573
1048.300000	-0.762809
1048.400000	-0.697382
1048.500000	-0.632240
1048.600000	-0.568259
1048.700000	-0.506217
1048.800000	-0.446783
1048.900000	-0.390502
1049.000000	-0.337785
1049.100000	-0.288905
1049.200000	-0.243990
1049.300000	-0.203028
1049.400000	-0.165870
1049.500000	-0.132240
1049.600000	-0.101744
1049.700000	-0.073884
1049.800000	-0.048079
1049.900000	-0.023682
1050.000000	0.000000
1050.100000	0.023682
1050.200000	0.048079
1050.300000	0.073884
1050.400000	0.101744
1050.500000	0.132240
1050.600000	0.165870
1050.700000	0.203028
1050.800000	0.243990
1050.900000	0.288905
1051.000000	0.337785
1051.100000	0.390502
1051.200000	0.446783
1051.300000	0.506217
1051.400000	0.568259
1051.500000	0.632240
1051.600000	0.697382
1051.700000	0.762809
1051.800000	0.827573
1051.900000	0.890668
1052.000000	0.951057
1052.100000	1.007692
1052.200000	1.059541
1052.300000	1.105612
1052.400000	1.144973
1052.500000	1.176777
1052.600000	1.200281
1052.700000	1.214866
1052.800000	1.220051
1052.900000	1.215505
1053.000000	1.201057
1053.100000	1.176699
1053.200000	1.142591
1053.300000	1.099058
1053.400000	1.046582
1053.500000	0.985794
1053.600000	0.917460
1053.700000	0.842466
1053.800000	0.761801
1053.900000	0.676533
1054.000000	0.587785
1054.100000	0.496718
1054.200000	0.404499
1054.300000	0.312282
1054.400000	0.221178
1054.500000	0.132240
1054.600000	0.046436
1054.700000	-0.035370
1054.800000	-0.112431
1054.900000	-0.184132
1055.000000	-0.250000
1055.100000	-0.309713
1055.200000	-0.363097
1055.300000	-0.410133
1055.400000	-0.450944
1055.500000	-0.485794
1055.600000	-0.515071
1055.700000	-0.539277
1055.800000	-0.559008
1055.900000	-0.574935
1056.000000	-0.587785
1056.100000	-0.598315
1056.200000	-0.607293
1056.300000	-0.615471
1056.400000	-0.623567
1056.500000	-0.632240
1056.600000	-0.642074
1056.700000	-0.653555
1056.800000	-0.667063
1056.900000	-0.682854
1057.000000	-0.701057
1057.100000	-0.721661
1057.200000	-0.744523
1057.300000	-0.769363
1057.400000	-0.795772
1057.500000	-0.823223
1057.600000	-0.851080
1057.700000	-0.878617
1057.800000	-0.905033
1057.900000	-0.929475
1058.000000	-0.951057
1058.100000	-0.968885
1058.200000	-0.982081
1058.300000	-0.989804
1058.400000	-0.991274
1058.500000	-0.985794
1058.600000	-0.972767
1058.700000	-0.951720
1058.800000	-0.922311
1058.900000	-0.884346
1059.000000	-0.837785
1059.100000	-0.782749
1059.200000	-0.719518
1059.300000	-0.648531
1059.400000	-0.570379
1059.500000	-0.485794
1059.600000	-0.395636
1059.700000	-0.300879
1059.800000	-0.202587
1059.900000	-0.101899
1060.000000	0.000000
1060.100000	0.101899
1060.200000	0.202587
1060.300000	0.300879
1060.400000	0.395636
1060.500000	0.485794
1060.600000	0.570379
1060.700000	0.648531
1060.800000	0.719518
1060.900000	0.782749
1061.000000	0.837785
1061.100000	0.884346
1061.200000	0.922311
1061.300000	0.951720
1061.400000	0.972767
1061.500000	0.985794
1061.600000	0.991274
1061.700000	0.989804
1061.800000	0.982081
1061.900000	0.968885
1062.000000	0.951057
1062.100000	0.929475
1062.200000	0.905033
1062.300000	0.878617
1062.400000	0.851080
1062.500000	0.823223
1062.600000	0.795772
1062.700000	0.769363
1062.800000	0.744523
1062.900000	0.721661
1063.000000	0.701057
1063.100000	0.682854
1063.200000	0.667063
1063.300000	0.653555
1063.400000	0.642074
1063.500000	0.632240
1063.600000	0.623567
1063.700000	0.615471
1063.800000	0.607293
1063.900000	0.598315
1064.000000	0.587785
1064.100000	0.574935
1064.200000	0.559008
1064.300000	0.539277
1064.400000	0.515071
1064.500000	0.485794
1064.600000	0.450944
1064.700000	0.410133
1064.800000	0.363097
1064.900000	0.309713
1065.000000	0.250000
1065.100000	0.184132
1065.200000	0.112431
1065.300000	0.035370
1065.400000	-0.046436
1065.500000	-0.132240
1065.600000	-0.221178
1065.700000	-0.312282
1065.800000	-0.404499
1065.900000	-0.496718
1066.000000	-0.587785
1066.100000	-0.676533
1066.200000	-0.761801
1066.300000	-0.842466
1066.400000	-0.917460
1066.500000	-0.985794
1066.600000	-1.046582
1066.700000	-1.099058
1066.800000	-1.142591
1066.900000	-1.176699
1067.000000	-1.201057
1067.100000	-1.215505
1067.200000	-1.220051
1067.300000	-1.214866
1067.400000	-1.200281
1067.500000	-1.176777
1067.600000	-1.144973
1067.700000	-1.105612
1067.800000	-1.059541
1067.900000	-1.007692
1068.000000	-0.951057
1068.100000	-0.890668
1068.200000	-0.827573
1068.300000	-0.762809
1068.400000	-0.697382
1068.500000	-0.632240
1068.600000	-0.568259
1068.700000	-0.506217
1068.800000	-0.446783
1068.900000	-0.390502
1069.000000	-0.337785
1069.100000	-0.288905
1069.200000	-0.243990
1069.300000	-0.203028
1069.400000	-0.165870
1069.500000	-0.132240
1069.600000	-0.101744
1069.700000	-0.073884
1069.800000	-0.048079
1069.900000	-0.023682
1070.000000	0.000000
1070.100000	0.023682
1070.200000	0.048079
1070.300000	0.073884
1070.400000	0.101744
1070.500000	0.132240
1070.600000	0.165870
1070.700000	0.203028
1070.800000	0.243990
1070.900000	0.288905
1071.000000	0.337785
1071.100000	0.390502
1071.200000	0.446783
1071.300000	0.506217
1071.400000	0.568259
1071.500000	0.632240
1071.600000	0.697382
1071.700000	0.762809
1071.800000	0.827573
1071.900000	0.890668
1072.000000	0.951057
1072.100000	1.007692
1072.200000	1.059541
1072.300000	1.105612
1072.400000	1.144973
1072.500000	1.176777
1072.600000	1.200281
1072.700000	1.214866
1072.800000	1.220051
1072.900000	1.215505
1073.000000	1.201057
1073.100000	1.176699
1073.200000	1.142591
1073.300000	1.099058
1073.400000	1.046582
1073.500000	0.985794
1073.600000	0.917460
1073.700000	0.842466
1073.800000	0.761801
1073.900000	0.676533
1074.000000	0.587785
1074.100000	0.496718
1074.200000	0.404499
1074.300000	0.312282
1074.400000	0.221178
1074.500000	0.132240
1074.600000	0.046436
1074.700000	-0.035370
1074.800000	-0.112431
1074.900000	-0.184132
1075.000000	-0.250000
1075.100000	-0.309713
1075.200000	-0.363097
1075.300000	-0.410133
1075.400000	-0.450944
1075.500000	-0.485794
1075.600000	-0.515071
1075.700000	-0.539277
1075.800000	-0.559008
1075.900000	-0.574935
1076.000000	-0.587785
1076.100000	-0.598315
1076.200000	-0.607293
1076.300000	-0.615471
1076.400000	-0.623567
1076.500000	-0.632240
1076.600000	-0.642074
1076.700000	-0.653555
1076.800000	-0.667063
1076.900000	-0.682854
1077.000000	-0.701057
1077.100000	-0.721661
1077.200000	-0.744523
1077.300000	-0.769363
1077.400000	-0.795772
1077.500000	-0.823223
1077.600000	-0.851080
1077.700000	-0.878617
1077.800000	-0.905033
1077.900000	-0.929475
1078.000000	-0.951057
1078.100000	-0.968885
1078.200000	-0.982081
1078.300000	-0.989804
1078.400000	-0.991274
1078.500000	-0.985794
1078.600000	-0.972767
1078.700000	-0.951720
1078.800000	-0.922311
1078.900000	-0.884346
1079.000000	-0.837785
1079.100000	-0.782749
1079.200000	-0.719518
1079.300000	-0.648531
1079.400000	-0.570379
1079.500000	-0.485794
1079.600000	-0.395636
1079.700000	-0.300879
1079.800000	-0.202587
1079.900000	-0.101899
1080.000000	0.000000
1080.100000	0.101899
1080.200000	0.202587
1080.300000	0.300879
1080.400000	0.395636
1080.500000	0.485794
1080.600000	0.570379
1080.700000	0.648531
1080.800000	0.719518
1080.900000	0.782749
1081.000000	0.837785
1081.100000	0.884346
1081.200000	0.922311
1081.300000	0.951720
1081.400000	0.972767
1081.500000	0.985794
1081.600000	0.991274
1081.700000	0.989804
1081.800000	0.982081
1081.900000	0.968885
1082.000000	0.951057
1082.100000	0.929475
1082.200000	0.905033
1082.300000	0.878617
1082.400000	0.851080
1082.500000	0.823223
1082.600000	0.795772
1082.700000	0.769363
1082.800000	0.744523
1082.900000	0.721661
1083.000000	0.701057
1083.100000	0.682854
1083.200000	0.667063
1083.300000	0.653555
1083.400000	0.642074
1083.500000	0.632240
1083.600000	0.623567
1083.700000	0.615471
1083.800000	0.607293
1083.900000	0.598315
1084.000000	0.587785
1084.100000	0.574935
1084.200000	0.559008
1084.300000	0.539277
1084.400000	0.515071
1084.500000	0.485794
1084.600000	0.450944
1084.700000	0.410133
1084.800000	0.363097
1084.900000	0.309713
1085.000000	0.250000
1085.100000	0.184132
1085.200000	0.112431
1085.300000	0.035370
1085.400000	-0.046436
1085.500000	-0.132240
1085.600000	-0.221178
1085.700000	-0.312282
1085.800000	-0.404499
1085.900000	-0.496718
1086.000000	-0.587785
1086.100000	-0.676533
1086.200000	-0.761801
1086.300000	-0.842466
1086.400000	-0.917460
1086.500000	-0.985794
1086.600000	-1.046582
1086.700000	-1.099058
1086.800000	-1.142591
1086.900000	-1.176699
1087.000000	-1.201057
1087.100000	-1.215505
1087.200000	-1.220051
1087.300000	-1.214866
1087.400000	-1.200281
1087.500000	-1.176777
1087.600000	-1.144973
1087.700000	-1.105612
1087.800000	-1.059541
1087.900000	-1.007692
1088.000000	-0.951057
1088.100000	-0.890668
1088.200000	-0.827573
1088.300000	-0.762809
1088.400000	-0.697382
1088.500000	-0.632240
1088.600000	-0.568259
1088.700000	-0.506217
1088.800000	-0.446783
1088.900000	-0.390502
1089.000000	-0.337785
1089.100000	-0.288905
1089.200000	-0.243990
1089.300000	-0.203028
1089.400000	-0.165870
1089.500000	-0.132240
1089.600000	-0.101744
1089.700000	-0.073884
1089.800000	-0.048079
1089.900000	-0.023682
1090.000000	0.000000
1090.100000	0.023682
1090.200000	0.048079
1090.300000	0.073884
1090.400000	0.101744
1090.500000	0.132240
1090.600000	0.165870
1090.700000	0.203028
1090.800000	0.243990
1090.900000	0.288905
1091.000000	0.337785
1091.100000	0.390502
1091.200000	0.446783
1091.300000	0.506217
1091.400000	0.568259
1091.500000	0.632240
1091.600000	0.697382
1091.700000	0.762809
1091.800000	0.827573
1091.900000	0.890668
1092.000000	0.951057
1092.100000	1.007692
1092.200000	1.059541
1092.300000	1.105612
1092.400000	1.144973
1092.500000	1.176777
1092.600000	1.200281
1092.700000	1.214866
1092.800000	1.220051
1092.900000	1.215505
1093.000000	1.201057
1093.100000	1.176699
1093.200000	1.142591
1093.300000	1.099058
1093.400000	1.046582
1093.500000	0.985794
1093.600000	0.917460
1093.700000	0.842466
1093.800000	0.761801
1093.900000	0.676533
1094.000000	0.587785
1094.100000	0.496718
1094.200000	0.404499
1094.300000	0.312282
1094.400000	0.221178
1094.500000	0.132240
1094.600000	0.046436
1094.700000	-0.035370
1094.800000	-0.112431
1094.900000	-0.184132
1095.000000	-0.250000
1095.100000	-0.309713
1095.200000	-0.363097
1095.300000	-0.410133
1095.400000	-0.450944
1095.500000	-0.485794
1095.600000	-0.515071
1095.700000	-0.539277
1095.800000	-0.559008
1095.900000	-0.574935
1096.000000	-0.587785
1096.100000	-0.598315
1096.200000	-0.607293
1096.300000	-0.615471
1096.400000	-0.623567
1096.500000	-0.632240
1096.600000	-0.642074
1096.700000	-0.653555
1096.800000	-0.667063
1096.900000	-0.682854
1097.000000	-0.701057
1097.100000	-0.721661
1097.200000	-0.744523
1097.300000	-0.769363
1097.400000	-0.795772
1097.500000	-0.823223
1097.600000	-0.851080
1097.700000	-0.878617
1097.800000	-0.905033
1097.900000	-0.929475
1098.000000	-0.951057
1098.100000	-0.968885
1098.200000	-0.982081
1098.300000	-0.989804
1098.400000	-0.991274
1098.500000	-0.985794
1098.600000	-0.972767
1098.700000	-0.951720
1098.800000	-0.922311
1098.900000	-0.884346
1099.000000	-0.837785
1099.100000	-0.782749
1099.200000	-0.719518
1099.300000	-0.648531
1099.400000	-0.570379
1099.500000	-0.485794
1099.600000	-0.395636
1099.700000	-0.300879
1099.800000	-0.202587
1099.900000	-0.101899
1100.000000	0.000000
1100.100000	0.101899
1100.200000	0.202587
1100.300000	0.300879
1100.400000	0.395636
1100.500000	0.485794
1100.600000	0.570379
1100.700000	0.648531
1100.800000	0.719518
1100.900000	0.782749
1101.000000	0.837785
1101.100000	0.884346
1101.200000	0.922311
1101.300000	0.951720
1101.400000	0.972767
1101.500000	0.985794
1101.600000	0.991274
1101.700000	0.989804
1101.800000	0.982081
1101.900000	0.968885
1102.000000	0.951057
1102.100000	0.929475
1102.200000	0.905033
1102.300000	0.878617
1102.400000	0.851080
1102.500000	0.823223
1102.600000	0.795772
1102.700000	0.769363
1102.800000	0.744523
1102.900000	0.721661
1103.000000	0.701057
1103.100000	0.682854
1103.200000	0.667063
1103.300000	0.653555
1103.400000	0.642074
1103.500000	0.632240
1103.600000	0.623567
1103.700000	0.615471
1103.800000	0.607293
1103.900000	0.598315
1104.000000	0.587785
1104.100000	0.574935
1104.200000	0.559008
1104.300000	0.539277
1104.400000	0.515071
1104.500000	0.485794
1104.600000	0.450944
1104.700000	0.410133
1104.800000	0.363097
1104.900000	0.309713
1105.000000	0.250000
1105.100000	0.184132
1105.200000	0.112431
1105.300000	0.035370
1105.400000	-0.046436
1105.500000	-0.132240
1105.600000	-0.221178
1105.700000	-0.312282
1105.800000	-0.404499
1105.900000	-0.496718
1106.000000	-0.587785
1106.100000	-0.676533
1106.200000	-0.761801
1106.300000	-0.842466
1106.400000	-0.917460
1106.500000	-0.985794
1106.600000	-1.046582
1106.700000	-1.099058
1106.800000	-1.142591
1106.900000	-1.176699
1107.000000	-1.201057
1107.100000	-1.215505
1107.200000	-1.220051
1107.300000	-1.214866
1107.400000	-1.200281
1107.500000	-1.176777
1107.600000	-1.144973
1107.700000	-1.105612
1107.800000	-1.059541
1107.900000	-1.007692
1108.000000	-0.951057
1108.100000	-0.890668
1108.200000	-0.827573
1108.300000	-0.762809
1108.400000	-0.697382
1108.500000	-0.632240
1108.600000	-0.568259
1108.700000	-0.506217
1108.800000	-0.446783
1108.900000	-0.390502
1109.000000	-0.337785
1109.100000	-0.288905
1109.200000	-0.243990
1109.300000	-0.203028
1109.400000	-0.165870
1109.500000	-0.132240
1109.600000	-0.101744
1109.700000	-0.073884
1109.800000	-0.048079
1109.900000	-0.023682
1110.000000	0.000000
1110.100000	0.023682
1110.200000	0.048079
1110.300000	0.073884
1110.400000	0.101744
1110.500000	0.132240
1110.600000	0.165870
1110.700000	0.203028
1110.800000	0.243990
1110.900000	0.288905
1111.000000	0.337785
1111.100000	0.390502
1111.200000	0.446783
1111.300000	0.506217
1111.400000	0.568259
1111.500000	0.632240
1111.600000	0.697382
1111.700000	0.762809
1111.800000	0.827573
1111.900000	0.890668
1112.000000	0.951057
1112.100000	1.007692
1112.200000	1.059541
1112.300000	1.105612
1112.400000	1.144973
1112.500000	1.176777
1112.600000	1.200281
1112.700000	1.214866
1112.800000	1.220051
1112.900000	1.215505
1113.000000	1.201057
1113.100000	1.176699
1113.200000	1.142591
1113.300000	1.099058
1113.400000	1.046582
1113.500000	0.985794
1113.600000	0.917460
1113.700000	0.842466
1113.800000	0.761801
1113.900000	0.676533
1114.000000	0.587785
1114.100000	0.496718
1114.200000	0.404499
1114.300000	0.312282
1114.400000	0.221178
1114.500000	0.132240
1114.600000	0.046436
1114.700000	-0.035370
1114.800000	-0.112431
1114.900000	-0.184132
1115.000000	-0.250000
1115.100000	-0.309713
1115.200000	-0.363097
1115.300000	-0.410133
1115.400000	-0.450944
1115.500000	-0.485794
1115.600000	-0.515071
1115.700000	-0.539277
1115.800000	-0.559008
1115.900000	-0.574935
1116.000000	-0.587785
1116.100000	-0.598315
1116.200000	-0.607293
1116.300000	-0.615471
1116.400000	-0.623567
1116.500000	-0.632240
1116.600000	-0.642074
1116.700000	-0.653555
1116.800000	-0.667063
1116.900000	-0.682854
1117.000000	-0.701057
1117.100000	-0.721661
1117.200000	-0.744523
1117.300000	-0.769363
1117.400000	-0.795772
1117.500000	-0.823223
1117.600000	-0.851080
1117.700000	-0.878617
1117.800000	-0.905033
1117.900000	-0.929475
1118.000000	-0.951057
1118.100000	-0.968885
1118.200000	-0.982081
1118.300000	-0.989804
1118.400000	-0.991274
1118.500000	-0.985794
1118.600000	-0.972767
1118.700000	-0.951720
1118.800000	-0.922311
1118.900000	-0.884346
1119.000000	-0.837785
1119.100000	-0.782749
1119.200000	-0.719518
1119.300000	-0.648531
1119.400000	-0.570379
1119.500000	-0.485794
1119.600000	-0.395636
1119.700000	-0.300879
1119.800000	-0.202587
1119.900000	-0.101899
1120.000000	0.000000
1120.100000	0.101899
1120.200000	0.202587
1120.300000	0.300879
1120.400000	0.395636
1120.500000	0.485794
1120.600000	0.570379
1120.700000	0.648531
1120.800000	0.719518
1120.900000	0.782749
1121.000000	0.837785
1121.100000	0.884346
1121.200000	0.922311
1121.300000	0.951720
1121.400000	0.972767
1121.500000	0.985794
1121.600000	0.991274
1121.700000	0.989804
1121.800000	0.982081
1121.900000	0.968885
1122.000000	0.951057
1122.100000	0.929475
1122.200000	0.905033
1122.300000	0.878617
1122.400000	0.851080
1122.500000	0.823223
1122.600000	0.795772
1122.700000	0.769363
1122.800000	0.744523
1122.900000	0.721661
1123.000000	0.701057
1123.100000	0.682854
1123.200000	0.667063
1123.300000	0.653555
1123.400000	0.642074
1123.500000	0.632240
1123.600000	0.623567
1123.700000	0.615471
1123.800000	0.607293
1123.900000	0.598315
1124.000000	0.587785
1124.100000	0.574935
1124.200000	0.559008
1124.300000	0.539277
1124.400000	0.515071
1124.500000	0.485794
1124.600000	0.450944
1124.700000	0.410133
1124.800000	0.363097
1124.900000	0.309713
1125.000000	0.250000
1125.100000	0.184132
1125.200000	0.112431
1125.300000	0.035370
1125.400000	-0.046436
1125.500000	-0.132240
1125.600000	-0.221178
1125.700000	-0.312282
1125.800000	-0.404499
1125.900000	-0.496718
1126.000000	-0.587785
1126.100000	-0.676533
1126.200000	-0.761801
1126.300000	-0.842466
1126.400000	-0.917460
1126.500000	-0.985794
1126.600000	-1.046582
1126.700000	-1.099058
1126.800000	-1.142591
1126.900000	-1.176699
1127.000000	-1.201057
1127.100000	-1.215505
1127.200000	-1.220051
1127.300000	-1.214866
1127.400000	-1.200281
1127.500000	-1.176777
1127.600000	-1.144973
1127.700000	-1.105612
1127.800000	-1.059541
1127.900000	-1.007692
1128.000000	-0.951057
1128.100000	-0.890668
1128.200000	-0.827573
1128.300000	-0.762809
1128.400000	-0.697382
1128.500000	-0.632240
1128.600000	-0.568259
1128.700000	-0.506217
1128.800000	-0.446783
1128.900000	-0.390502
1129.000000	-0.337785
1129.100000	-0.288905
1129.200000	-0.243990
1129.300000	-0.203028
1129.400000	-0.165870
1129.500000	-0.132240
1129.600000	-0.101744
1129.700000	-0.073884
1129.800000	-0.048079
1129.900000	-0.023682
1130.000000	0.000000
1130.100000	0.023682
1130.200000	0.048079
1130.300000	0.073884
1130.400000	0.101744
1130.500000	0.132240
1130.600000	0.165870
1130.700000	0.203028
1130.800000	0.243990
1130.900000	0.288905
1131.000000	0.337785
1131.100000	0.390502
1131.200000	0.446783
1131.300000	0.506217
1131.400000	0.568259
1131.500000	0.632240
1131.600000	0.697382
1131.700000	0.762809
1131.800000	0.827573
1131.900000	0.890668
1132.000000	0.951057
1132.100000	1.007692
1132.200000	1.059541
1132.300000	1.105612
1132.400000	1.144973
1132.500000	1.176777
1132.600000	1.200281
1132.700000	1.214866
1132.800000	1.220051
1132.900000	1.215505
1133.000000	1.201057
1133.100000	1.176699
1133.200000	1.142591
1133.300000	1.099058
1133.400000	1.046582
1133.500000	0.985794
1133.600000	0.917460
1133.700000	0.842466
1133.800000	0.761801
1133.900000	0.676533
1134.000000	0.587785
1134.100000	0.496718
1134.200000	0.404499
1134.300000	0.312282
1134.400000	0.221178
1134.500000	0.132240
1134.600000	0.046436
1134.700000	-0.035370
1134.800000	-0.112431
1134.900000	-0.184132
1135.000000	-0.250000
1135.100000	-0.309713
1135.200000	-0.363097
1135.300000	-0.410133
1135.400000	-0.450944
1135.500000	-0.485794
1135.600000	-0.515071
1135.700000	-0.539277
1135.800000	-0.559008
1135.900000	-0.574935
1136.000000	-0.587785
1136.100000	-0.598315
1136.200000	-0.607293
1136.300000	-0.615471
1136.400000	-0.623567
1136.500000	-0.632240
1136.600000	-0.642074
1136.700000	-0.653555
1136.800000	-0.667063
1136.900000	-0.682854
1137.000000	-0.701057
1137.100000	-0.721661
1137.200000	-0.744523
1137.300000	-0.769363
1137.400000	-0.795772
1137.500000	-0.823223
1137.600000	-0.851080
1137.700000	-0.878617
1137.800000	-0.905033
1137.900000	-0.929475
1138.000000	-0.951057
1138.100000	-0.968885
1138.200000	-0.982081
1138.300000	-0.989804
1138.400000	-0.991274
1138.500000	-0.985794
1138.600000	-0.972767
1138.700000	-0.951720
1138.800000	-0.922311
1138.900000	-0.884346
1139.000000	-0.837785
1139.100000	-0.782749
1139.200000	-0.719518
1139.300000	-0.648531
1139.400000	-0.570379
1139.500000	-0.485794
1139.600000	-0.395636
1139.700000	-0.300879
1139.800000	-0.202587
1139.900000	-0.101899
1140.000000	0.000000
1140.100000	0.101899
1140.200000	0.202587
1140.300000	0.300879
1140.400000	0.395636
1140.500000	0.485794
1140.600000	0.570379
1140.700000	0.648531
1140.800000	0.719518
1140.900000	0.782749
1141.000000	0.837785
1141.100000	0.884346
1141.200000	0.922311
1141.300000	0.951720
1141.400000	0.972767
1141.500000	0.985794
1141.600000	0.991274
1141.700000	0.989804
1141.800000	0.982081
1141.900000	0.968885
1142.000000	0.951057
1142.100000	0.929475
1142.200000	0.905033
1142.300000	0.878617
1142.400000	0.851080
1142.500000	0.823223
1142.600000	0.795772
1142.700000	0.769363
1142.800000	0.744523
1142.900000	0.721661
1143.000000	0.701057
1143.100000	0.682854
1143.200000	0.667063
1143.300000	0.653555
1143.400000	0.642074
1143.500000	0.632240
1143.600000	0.623567
1143.700000	0.615471
1143.800000	0.607293
1143.900000	0.598315
1144.000000	0.587785
1144.100000	0.574935
1144.200000	0.559008
1144.300000	0.539277
1144.400000	0.515071
1144.500000	0.485794
1144.600000	0.450944
1144.700000	0.410133
1144.800000	0.363097
1144.900000	0.309713
1145.000000	0.250000
1145.100000	0.184132
1145.200000	0.112431
1145.300000	0.035370
1145.400000	-0.046436
1145.500000	-0.132240
1145.600000	-0.221178
1145.700000	-0.312282
1145.800000	-0.404499
1145.900000	-0.496718
1146.000000	-0.587785
1146.100000	-0.676533
1146.200000	-0.761801
1146.300000	-0.842466
1146.400000	-0.917460
1146.500000	-0.985794
1146.600000	-1.046582
1146.700000	-1.099058
1146.800000	-1.142591
1146.900000	-1.176699
1147.000000	-1.201057
1147.100000	-1.215505
1147.200000	-1.220051
1147.300000	-1.214866
1147.400000	-1.200281
1147.500000	-1.176777
1147.600000	-1.144973
1147.700000	-1.105612
1147.800000	-1.059541
1147.900000	-1.007692
1148.000000	-0.951057
1148.100000	-0.890668
1148.200000	-0.827573
1148.300000	-0.762809
1148.400000	-0.697382
1148.500000	-0.632240
1148.600000	-0.568259
1148.700000	-0.506217
1148.800000	-0.446783
1148.900000	-0.390502
1149.000000	-0.337785
1149.100000	-0.288905
1149.200000	-0.243990
1149.300000	-0.203028
1149.400000	-0.165870
1149.500000	-0.132240
1149.600000	-0.101744
1149.700000	-0.073884
1149.800000	-0.048079
1149.900000	-0.023682
1150.000000	0.000000
1150.100000	0.023682
1150.200000	0.048079
1150.300000	0.073884
1150.400000	0.101744
1150.500000	0.132240
1150.600000	0.165870
1150.700000	0.203028
1150.800000	0.243990
1150.900000	0.288905
1151.000000	0.337785
1151.100000	0.390502
1151.200000	0.446783
1151.300000	0.506217
1151.400000	0.568259
1151.500000	0.632240
1151.600000	0.697382
1151.700000	0.762809
1151.800000	0.827573
1151.900000	0.890668
1152.000000	0.951057
1152.100000	1.007692
1152.200000	1.059541
1152.300000	1.105612
1152.400000	1.144973
1152.500000	1.176777
1152.600000	1.200281
1152.700000	1.214866
1152.800000	1.220051
1152.900000	1.215505
1153.000000	1.201057
1153.100000	1.176699
1153.200000	1.142591
1153.300000	1.099058
1153.400000	1.046582
1153.500000	0.985794
1153.600000	0.917460
1153.700000	0.842466
1153.800000	0.761801
1153.900000	0.676533
1154.000000	0.587785
1154.100000	0.496718
1154.200000	0.404499
1154.300000	0.312282
1154.400000	0.221178
1154.500000	0.132240
1154.600000	0.046436
1154.700000	-0.035370
1154.800000	-0.112431
1154.900000	-0.184132
1155.000000	-0.250000
1155.100000	-0.309713
1155.200000	-0.363097
1155.300000	-0.410133
1155.400000	-0.450944
1155.500000	-0.485794
1155.600000	-0.515071
1155.700000	-0.539277
1155.800000	-0.559008
1155.900000	-0.574935
1156.000000	-0.587785
1156.100000	-0.598315
1156.200000	-0.607293
1156.300000	-0.615471
1156.400000	-0.623567
1156.500000	-0.632240
1156.600000	-0.642074
1156.700000	-0.653555
1156.800000	-0.667063
1156.900000	-0.682854
1157.000000	-0.701057
1157.100000	-0.721661
1157.200000	-0.744523
1157.300000	-0.769363
1157.400000	-0.795772
1157.500000	-0.823223
1157.600000	-0.851080
1157.700000	-0.878617
1157.800000	-0.905033
1157.900000	-0.929475
1158.000000	-0.951057
1158.100000	-0.968885
1158.200000	-0.982081
1158.300000	-0.989804
1158.400000	-0.991274
1158.500000	-0.985794
1158.600000	-0.972767
1158.700000	-0.951720
1158.800000	-0.922311
1158.900000	-0.884346
1159.000000	-0.837785
1159.100000	-0.782749
1159.200000	-0.719518
1159.300000	-0.648531
1159.400000	-0.570379
1159.500000	-0.485794
1159.600000	-0.395636
1159.700000	-0.300879
1159.800000	-0.202587
1159.900000	-0.101899
1160.000000	0.000000
1160.100000	0.101899
1160.200000	0.202587
1160.300000	0.300879
1160.400000	0.395636
1160.500000	0.485794
1160.600000	0.570379
1160.700000	0.648531
1160.800000	0.719518
1160.900000	0.782749
1161.000000	0.837785
1161.100000	0.884346
1161.200000	0.922311
1161.300000	0.951720
1161.400000	0.972767
1161.500000	0.985794
1161.600000	0.991274
1161.700000	0.989804
1161.800000	0.982081
1161.900000	0.968885
1162.000000	0.951057
1162.100000	0.929475
1162.200000	0.905033
1162.300000	0.878617
1162.400000	0.851080
1162.500000	0.823223
1162.600000	0.795772
1162.700000	0.769363
1162.800000	0.744523
1162.900000	0.721661
1163.000000	0.701057
1163.100000	0.682854
1163.200000	0.667063
1163.300000	0.653555
1163.400000	0.642074
1163.500000	0.632240
1163.600000	0.623567
1163.700000	0.615471
1163.800000	0.607293
1163.900000	0.598315
1164.000000	0.587785
1164.100000	0.574935
1164.200000	0.559008
1164.300000	0.539277
1164.400000	0.515071
1164.500000	0.485794
1164.600000	0.450944
1164.700000	0.410133
1164.800000	0.363097
1164.900000	0.309713
1165.000000	0.250000
1165.100000	0.184132
1165.200000	0.112431
1165.300000	0.035370
1165.400000	-0.046436
1165.500000	-0.132240
1165.600000	-0.221178
1165.700000	-0.312282
1165.800000	-0.404499
1165.900000	-0.496718
1166.000000	-0.587785
1166.100000	-0.676533
1166.200000	-0.761801
1166.300000	-0.842466
1166.400000	-0.917460
1166.500000	-0.985794
1166.600000	-1.046582
1166.700000	-1.099058
1166.800000	-1.142591
1166.900000	-1.176699
1167.000000	-1.201057
1167.100000	-1.215505
1167.200000	-1.220051
1167.300000	-1.214866
1167.400000	-1.200281
1167.500000	-1.176777
1167.600000	-1.144973
1167.700000	-1.105612
1167.800000	-1.059541
1167.900000	-1.007692
1168.000000	-0.951057
1168.100000	-0.890668
1168.200000	-0.827573
1168.300000	-0.762809
1168.400000	-0.697382
1168.500000	-0.632240
1168.600000	-0.568259
1168.700000	-0.506217
1168.800000	-0.446783
1168.900000	-0.390502
1169.000000	-0.337785
1169.100000	-0.288905
1169.200000	-0.243990
1169.300000	-0.203028
1169.400000	-0.165870
1169.500000	-0.132240
1169.600000	-0.101744
1169.700000	-0.073884
1169.800000	-0.048079
1169.900000	-0.023682
1170.000000	0.000000
1170.100000	0.023682
1170.200000	0.048079
1170.300000	0.073884
1170.400000	0.101744
1170.500000	0.132240
1170.600000	0.165870
1170.700000	0.203028
1170.800000	0.243990
1170.900000	0.288905
1171.000000	0.337785
1171.100000	0.390502
1171.200000	0.446783
1171.300000	0.506217
1171.400000	0.568259
1171.500000	0.632240
1171.600000	0.697382
1171.700000	0.762809
1171.800000	0.827573
1171.900000	0.890668
1172.000000	0.951057
1172.100000	1.007692
1172.200000	1.059541
1172.300000	1.105612
1172.400000	1.144973
1172.500000	1.176777
1172.600000	1.200281
1172.700000	1.214866
1172.800000	1.220051
1172.900000	1.215505
1173.000000	1.201057
1173.100000	1.176699
1173.200000	1.142591
1173.300000	1.099058
1173.400000	1.046582
1173.500000	0.985794
1173.600000	0.917460
1173.700000	0.842466
1173.800000	0.761801
1173.900000	0.676533
1174.000000	0.587785
1174.100000	0.496718
1174.200000	0.404499
1174.300000	0.312282
1174.400000	0.221178
1174.500000	0.132240
1174.600000	0.046436
1174.700000	-0.035370
1174.800000	-0.112431
1174.900000	-0.184132
1175.000000	-0.250000
1175.100000	-0.309713
1175.200000	-0.363097
1175.300000	-0.410133
1175.400000	-0.450944
1175.500000	-0.485794
1175.600000	-0.515071
1175.700000	-0.539277
1175.800000	-0.559008
1175.900000	-0.574935
1176.000000	-0.587785
1176.100000	-0.598315
1176.200000	-0.607293
1176.300000	-0.615471
1176.400000	-0.623567
1176.500000	-0.632240
1176.600000	-0.642074
1176.700000	-0.653555
1176.800000	-0.667063
1176.900000	-0.682854
1177.000000	-0.701057
1177.100000	-0.721661
1177.200000	-0.744523
1177.300000	-0.769363
1177.400000	-0.795772
1177.500000	-0.823223
1177.600000	-0.851080
1177.700000	-0.878617
1177.800000	-0.905033
1177.900000	-0.929475
1178.000000	-0.951057
1178.100000	-0.968885
1178.200000	-0.982081
1178.300000	-0.989804
1178.400000	-0.991274
1178.500000	-0.985794
1178.600000	-0.972767
1178.700000	-0.951720
1178.800000	-0.922311
1178.900000	-0.884346
1179.000000	-0.837785
1179.100000	-0.782749
1179.200000	-0.719518
1179.300000	-0.648531
1179.400000	-0.570379
1179.500000	-0.485794
1179.600000	-0.395636
1179.700000	-0.300879
1179.800000	-0.202587
1179.900000	-0.101899
1180.000000	0.000000
1180.100000	0.101899
1180.200000	0.202587
1180.300000	0.300879
1180.400000	0.395636
1180.500000	0.485794
1180.600000	0.570379
1180.700000	0.648531
1180.800000	0.719518
1180.900000	0.782749
1181.000000	0.837785
1181.100000	0.884346
1181.200000	0.922311
1181.300000	0.951720
1181.400000	0.972767
1181.500000	0.985794
1181.600000	0.991274
1181.700000	0.989804
1181.800000	0.982081
1181.900000	0.968885
1182.000000	0.951057
1182.100000	0.929475
1182.200000	0.905033
1182.300000	0.878617
1182.400000	0.851080
1182.500000	0.823223
1182.600000	0.795772
1182.700000	0.769363
1182.800000	0.744523
1182.900000	0.721661
1183.000000	0.701057
1183.100000	0.682854
1183.200000	0.667063
1183.300000	0.653555
1183.400000	0.642074
1183.500000	0.632240
1183.600000	0.623567
1183.700000	0.615471
1183.800000	0.607293
1183.900000	0.598315
1184.000000	0.587785
1184.100000	0.574935
1184.200000	0.559008
1184.300000	0.539277
1184.400000	0.515071
1184.500000	0.485794
1184.600000	0.450944
1184.700000	0.410133
1184.800000	0.363097
1184.900000	0.309713
1185.000000	0.250000
1185.100000	0.184132
1185.200000	0.112431
1185.300000	0.035370
1185.400000	-0.046436
1185.500000	-0.132240
1185.600000	-0.221178
1185.700000	-0.312282
1185.800000	-0.404499
1185.900000	-0.496718
1186.000000	-0.587785
1186.100000	-0.676533
1186.200000	-0.761801
1186.300000	-0.842466
1186.400000	-0.917460
1186.500000	-0.985794
1186.600000	-1.046582
1186.700000	-1.099058
1186.800000	-1.142591
1186.900000	-1.176699
1187.000000	-1.201057
1187.100000	-1.215505
1187.200000	-1.220051
1187.300000	-1.214866
1187.400000	-1.200281
1187.500000	-1.176777
1187.600000	-1.144973
1187.700000	-1.105612
1187.800000	-1.059541
1187.900000	-1.007692
1188.000000	-0.951057
1188.100000	-0.890668
1188.200000	-0.827573
1188.300000	-0.762809
1188.400000	-0.697382
1188.500000	-0.632240
1188.600000	-0.568259
1188.700000	-0.506217
1188.800000	-0.446783
1188.900000	-0.390502
1189.000000	-0.337785
1189.100000	-0.288905
1189.200000	-0.243990
1189.300000	-0.203028
1189.400000	-0.165870
1189.500000	-0.132240
1189.600000	-0.101744
1189.700000	-0.073884
1189.800000	-0.048079
1189.900000	-0.023682
1190.000000	0.000000
1190.100000	0.023682
1190.200000	0.048079
1190.300000	0.073884
1190.400000	0.101744
1190.500000	0.132240
1190.600000	0.165870
1190.700000	0.203028
1190.800000	0.243990
1190.900000	0.288905
1191.000000	0.337785
1191.100000	0.390502
1191.200000	0.446783
1191.300000	0.506217
1191.400000	0.568259
1191.500000	0.632240
1191.600000	0.697382
1191.700000	0.762809
1191.800000	0.827573
1191.900000	0.890668
1192.000000	0.951057
1192.100000	1.007692
1192.200000	1.059541
1192.300000	1.105612
1192.400000	1.144973
1192.500000	1.176777
1192.600000	1.200281
1192.700000	1.214866
1192.800000	1.220051
1192.900000	1.215505
1193.000000	1.201057
1193.100000	1.176699
1193.200000	1.142591
1193.300000	1.099058
1193.400000	1.046582
1193.500000	0.985794
1193.600000	0.917460
1193.700000	0.842466
1193.800000	0.761801
1193.900000	0.676533
1194.000000	0.587785
1194.100000	0.496718
1194.200000	0.404499
1194.300000	0.312282
1194.400000	0.221178
1194.500000	0.132240
1194.600000	0.046436
1194.700000	-0.035370
1194.800000	-0.112431
1194.900000	-0.184132
1195.000000	-0.250000
1195.100000	-0.309713
1195.200000	-0.363097
1195.300000	-0.410133
1195.400000	-0.450944
1195.500000	-0.485794
1195.600000	-0.515071
1195.700000	-0.539277
1195.800000	-0.559008
1195.900000	-0.574935
1196.000000	-0.587785
1196.100000	-0.598315
1196.200000	-0.607293
1196.300000	-0.615471
1196.400000	-0.623567
1196.500000	-0.632240
1196.600000	-0.642074
1196.700000	-0.653555
1196.800000	-0.667063
1196.900000	-0.682854
1197.000000	-0.701057
1197.100000	-0.721661
1197.200000	-0.744523
1197.300000	-0.769363
1197.400000	-0.795772
1197.500000	-0.823223
1197.600000	-0.851080
1197.700000	-0.878617
1197.800000	-0.905033
1197.900000	-0.929475
1198.000000	-0.951057
1198.100000	-0.968885
1198.200000	-0.982081
1198.300000	-0.989804
1198.400000	-0.991274
1198.500000	-0.985794
1198.600000	-0.972767
1198.700000	-0.951720
1198.800000	-0.922311
1198.900000	-0.884346
1199.000000	-0.837785
1199.100000	-0.782749
1199.200000	-0.719518
1199.300000	-0.648531
1199.400000	-0.570379
1199.500000	-0.485794
1199.600000	-0.395636
1199.700000	-0.300879
1199.800000	-0.202587
1199.900000	-0.101899
1200.000000	0.000000
1200.100000	0.101899
1200.200000	0.202587
1200.300000	0.300879
1200.400000	0.395636
1200.500000	0.485794
1200.600000	0.570379
1200.700000	0.648531
1200.800000	0.719518
1200.900000	0.782749
1201.000000	0.837785
1201.100000	0.884346
1201.200000	0.922311
1201.300000	0.951720
1201.400000	0.972767
1201.500000	0.985794
1201.600000	0.991274
1201.700000	0.989804
1201.800000	0.982081
1201.900000	0.968885
1202.000000	0.951057
1202.100000	0.929475
1202.200000	0.905033
1202.300000	0.878617
1202.400000	0.851080
1202.500000	0.823223
1202.600000	0.795772
1202.700000	0.769363
1202.800000	0.744523
1202.900000	0.721661
1203.000000	0.701057
1203.100000	0.682854
1203.200000	0.667063
1203.300000	0.653555
1203.400000	0.642074
1203.500000	0.632240
1203.600000	0.623567
1203.700000	0.615471
1203.800000	0.607293
1203.900000	0.598315
1204.000000	0.587785
1204.100000	0.574935
1204.200000	0.559008
1204.300000	0.539277
1204.400000	0.515071
1204.500000	0.485794
1204.600000	0.450944
1204.700000	0.410133
1204.800000	0.363097
1204.900000	0.309713
1205.000000	0.250000
1205.100000	0.184132
1205.200000	0.112431
1205.300000	0.035370
1205.400000	-0.046436
1205.500000	-0.132240
1205.600000	-0.221178
1205.700000	-0.312282
1205.800000	-0.404499
1205.900000	-0.496718
1206.000000	-0.587785
1206.100000	-0.676533
1206.200000	-0.761801
1206.300000	-0.842466
1206.400000	-0.917460
1206.500000	-0.985794
1206.600000	-1.046582
1206.700000	-1.099058
1206.800000	-1.142591
1206.900000	-1.176699
1207.000000	-1.201057
1207.100000	-1.215505
1207.200000	-1.220051
1207.300000	-1.214866
1207.400000	-1.200281
1207.500000	-1.176777
1207.600000	-1.144973
1207.700000	-1.105612
1207.800000	-1.059541
1207.900000	-1.007692
1208.000000	-0.951057
1208.100000	-0.890668
1208.200000	-0.827573
1208.300000	-0.762809
1208.400000	-0.697382
1208.500000	-0.632240
1208.600000	-0.568259
1208.700000	-0.506217
1208.800000	-0.446783
1208.900000	-0.390502
1209.000000	-0.337785
1209.100000	-0.288905
1209.200000	-0.243990
1209.300000	-0.203028
1209.400000	-0.165870
1209.500000	-0.132240
1209.600000	-0.101744
1209.700000	-0.073884
1209.800000	-0.048079
1209.900000	-0.023682
1210.000000	-0.000000
1210.100000	0.023682
1210.200000	0.048079
1210.300000	0.073884
1210.400000	0.101744
1210.500000	0.132240
1210.600000	0.165870
1210.700000	0.203028
1210.800000	0.243990
1210.900000	0.288905
1211.000000	0.337785
1211.100000	0.390502
1211.200000	0.446783
1211.300000	0.506217
1211.400000	0.568259
1211.500000	0.632240
1211.600000	0.697382
1211.700000	0.762809
1211.800000	0.827573
1211.900000	0.890668
1212.000000	0.951057
1212.100000	1.007692
1212.200000	1.059541
1212.300000	1.105612
1212.400000	1.144973
1212.500000	1.176777
1212.600000	1.200281
1212.700000	1.214866
1212.800000	1.220051
1212.900000	1.215505
1213.000000	1.201057
1213.100000	1.176699
1213.200000	1.142591
1213.300000	1.099058
1213.400000	1.046582
1213.500000	0.985794
1213.600000	0.917460
1213.700000	0.842466
1213.800000	0.761801
1213.900000	0.676533
1214.000000	0.587785
1214.100000	0.496718
1214.200000	0.404499
1214.300000	0.312282
1214.400000	0.221178
1214.500000	0.132240
1214.600000	0.046436
1214.700000	-0.035370
1214.800000	-0.112431
1214.900000	-0.184132
1215.000000	-0.250000
1215.100000	-0.309713
1215.200000	-0.363097
1215.300000	-0.410133
1215.400000	-0.450944
1215.500000	-0.485794
1215.600000	-0.515071
1215.700000	-0.539277
1215.800000	-0.559008
1215.900000	-0.574935
1216.000000	-0.587785
1216.100000	-0.598315
1216.200000	-0.607293
1216.300000	-0.615471
1216.400000	-0.623567
1216.500000	-0.632240
1216.600000	-0.642074
1216.700000	-0.653555
1216.800000	-0.667063
1216.900000	-0.682854
1217.000000	-0.701057
1217.100000	-0.721661
1217.200000	-0.744523
1217.300000	-0.769363
1217.400000	-0.795772
1217.500000	-0.823223
1217.600000	-0.851080
1217.700000	-0.878617
1217.800000	-0.905033
1217.900000	-0.929475
1218.000000	-0.951057
1218.100000	-0.968885
1218.200000	-0.982081
1218.300000	-0.989804
1218.400000	-0.991274
1218.500000	-0.985794
1218.600000	-0.972767
1218.700000	-0.951720
1218.800000	-0.922311
1218.900000	-0.884346
1219.000000	-0.837785
1219.100000	-0.782749
1219.200000	-0.719518
1219.300000	-0.648531
1219.400000	-0.570379
1219.500000	-0.485794
1219.600000	-0.395636
1219.700000	-0.300879
1219.800000	-0.202587
1219.900000	-0.101899
1220.000000	-0.000000
1220.100000	0.101899
1220.200000	0.202587
1220.300000	0.300879
1220.400000	0.395636
1220.500000	0.485794
1220.600000	0.570379
1220.700000	0.648531
1220.800000	0.719518
1220.900000	0.782749
1221.000000	0.837785
1221.100000	0.884346
1221.200000	0.922311
1221.300000	0.951720
1221.400000	0.972767
1221.500000	0.985794
1221.600000	0.991274
1221.700000	0.989804
1221.800000	0.982081
1221.900000	0.968885
1222.000000	0.951057
1222.100000	0.929475
1222.200000	0.905033
1222.300000	0.878617
1222.400000	0.851080
1222.500000	0.823223
1222.600000	0.795772
1222.700000	0.769363
1222.800000	0.744523
1222.900000	0.721661
1223.000000	0.701057
1223.100000	0.682854
1223.200000	0.667063
1223.300000	0.653555
1223.400000	0.642074
1223.500000	0.632240
1223.600000	0.623567
1223.700000	0.615471
1223.800000	0.607293
1223.900000	0.598315
1224.000000	0.587785
1224.100000	0.574935
1224.200000	0.559008
1224.300000	0.539277
1224.400000	0.515071
1224.500000	0.485794
1224.600000	0.450944
1224.700000	0.410133
1224.800000	0.363097
1224.900000	0.309713
1225.000000	0.250000
1225.100000	0.184132
1225.200000	0.112431
1225.300000	0.035370
1225.400000	-0.046436
1225.500000	-0.132240
1225.600000	-0.221178
1225.700000	-0.312282
1225.800000	-0.404499
1225.900000	-0.496718
1226.000000	-0.587785
1226.100000	-0.676533
1226.200000	-0.761801
1226.300000	-0.842466
1226.400000	-0.917460
1226.500000	-0.985794
1226.600000	-1.046582
1226.700000	-1.099058
1226.800000	-1.142591
1226.900000	-1.176699
1227.000000	-1.201057
1227.100000	-1.215505
1227.200000	-1.220051
1227.300000	-1.214866
1227.400000	-1.200281
1227.500000	-1.176777
1227.600000	-1.144973
1227.700000	-1.105612
1227.800000	-1.059541
1227.900000	-1.007692
1228.000000	-0.951057
1228.100000	-0.890668
1228.200000	-0.827573
1228.300000	-0.762809
1228.400000	-0.697382
1228.500000	-0.632240
1228.600000	-0.568259
1228.700000	-0.506217
1228.800000	-0.446783
1228.900000	-0.390502
1229.000000	-0.337785
1229.100000	-0.288905
1229.200000	-0.243990
1229.300000	-0.203028
1229.400000	-0.165870
1229.500000	-0.132240
1229.600000	-0.101744
1229.700000	-0.073884
1229.800000	-0.048079
1229.900000	-0.023682
1230.000000	-0.000000
1230.100000	0.023682
1230.200000	0.048079
1230.300000	0.073884
1230.400000	0.101744
1230.500000	0.132240
1230.600000	0.165870
1230.700000	0.203028
1230.800000	0.243990
1230.900000	0.288905
1231.000000	0.337785
1231.100000	0.390502
1231.200000	0.446783
1231.300000	0.506217
1231.400000	0.568259
1231.500000	0.632240
1231.600000	0.697382
1231.700000	0.762809
1231.800000	0.827573
1231.900000	0.890668
1232.000000	0.951057
1232.100000	1.007692
1232.200000	1.059541
1232.300000	1.105612
1232.400000	1.144973
1232.500000	1.176777
1232.600000	1.200281
1232.700000	1.214866
1232.800000	1.220051
1232.900000	1.215505
1233.000000	1.201057
1233.100000	1.176699
1233.200000	1.142591
1233.300000	1.099058
1233.400000	1.046582
1233.500000	0.985794
1233.600000	0.917460
1233.700000	0.842466
1233.800000	0.761801
1233.900000	0.676533
1234.000000	0.587785
1234.100000	0.496718
1234.200000	0.404499
1234.300000	0.312282
1234.400000	0.221178
1234.500000	0.132240
1234.600000	0.046436
1234.700000	-0.035370
1234.800000	-0.112431
1234.900000	-0.184132
1235.000000	-0.250000
1235.100000	-0.309713
1235.200000	-0.363097
1235.300000	-0.410133
1235.400000	-0.450944
1235.500000	-0.485794
1235.600000	-0.515071
1235.700000	-0.539277
1235.800000	-0.559008
1235.900000	-0.574935
1236.000000	-0.587785
1236.100000	-0.598315
1236.200000	-0.607293
1236.300000	-0.615471
1236.400000	-0.623567
1236.500000	-0.632240
1236.600000	-0.642074
1236.700000	-0.653555
1236.800000	-0.667063
1236.900000	-0.682854
1237.000000	-0.701057
1237.100000	-0.721661
1237.200000	-0.744523
1237.300000	-0.769363
1237.400000	-0.795772
1237.500000	-0.823223
1237.600000	-0.851080
1237.700000	-0.878617
1237.800000	-0.905033
1237.900000	-0.929475
1238.000000	-0.951057
1238.100000	-0.968885
1238.200000	-0.982081
1238.300000	-0.989804
1238.400000	-0.991274
1238.500000	-0.985794
1238.600000	-0.972767
1238.700000	-0.951720
1238.800000	-0.922311
1238.900000	-0.884346
1239.000000	-0.837785
1239.100000	-0.782749
1239.200000	-0.719518
1239.300000	-0.648531
1239.400000	-0.570379
1239.500000	-0.485794
1239.600000	-0.395636
1239.700000	-0.300879
1239.800000	-0.202587
1239.900000	-0.101899
1240.000000	-0.000000
1240.100000	0.101899
1240.200000	0.202587
1240.300000	0.300879
1240.400000	0.395636
1240.500000	0.485794
1240.600000	0.570379
1240.700000	0.648531
1240.800000	0.719518
1240.900000	0.782749
1241.000000	0.837785
1241.100000	0.884346
1241.200000	0.922311
1241.300000	0.951720
1241.400000	0.972767
1241.500000	0.985794
1241.600000	0.991274
1241.700000	0.989804
1241.800000	0.982081
1241.900000	0.968885
1242.000000	0.951057
1242.100000	0.929475
1242.200000	0.905033
1242.300000	0.878617
1242.400000	0.851080
1242.500000	0.823223
1242.600000	0.795772
1242.700000	0.769363
1242.800000	0.744523
1242.900000	0.721661
1243.000000	0.701057
1243.100000	0.682854
1243.200000	0.667063
1243.300000	0.653555
1243.400000	0.642074
1243.500000	0.632240
1243.600000	0.623567
1243.700000	0.615471
1243.800000	0.607293
1243.900000	0.598315
1244.000000	0.587785
1244.100000	0.574935
1244.200000	0.559008
1244.300000	0.539277
1244.400000	0.515071
1244.500000	0.485794
1244.600000	0.450944
1244.700000	0.410133
1244.800000	0.363097
1244.900000	0.309713
1245.000000	0.250000
1245.100000	0.184132
1245.200000	0.112431
1245.300000	0.035370
1245.400000	-0.046436
1245.500000	-0.132240
1245.600000	-0.221178
1245.700000	-0.312282
1245.800000	-0.404499
1245.900000	-0.496718
1246.000000	-0.587785
1246.100000	-0.676533
1246.200000	-0.761801
1246.300000	-0.842466
1246.400000	-0.917460
1246.500000	-0.985794
1246.600000	-1.046582
1246.700000	-1.099058
1246.800000	-1.142591
1246.900000	-1.176699
1247.000000	-1.201057
1247.100000	-1.215505
1247.200000	-1.220051
1247.300000	-1.214866
1247.400000	-1.200281
1247.500000	-1.176777
1247.600000	-1.144973
1247.700000	-1.105612
1247.800000	-1.059541
1247.900000	-1.007692
1248.000000	-0.951057
1248.100000	-0.890668
1248.200000	-0.827573
1248.300000	-0.762809
1248.400000	-0.697382
1248.500000	-0.632240
1248.600000	-0.568259
1248.700000	-0.506217
1248.800000	-0.446783
1248.900000	-0.390502
1249.000000	-0.337785
1249.100000	-0.288905
1249.200000	-0.243990
1249.300000	-0.203028
1249.400000	-0.165870
1249.500000	-0.132240
1249.600000	-0.101744
1249.700000	-0.073884
1249.800000	-0.048079
1249.900000	-0.023682
1250.000000	-0.000000
1250.100000	0.023682
1250.200000	0.048079
1250.300000	0.073884
1250.400000	0.101744
1250.500000	0.132240
1250.600000	0.165870
1250.700000	0.203028
1250.800000	0.243990
1250.900000	0.288905
1251.000000	0.337785
1251.100000	0.390502
1251.200000	0.446783
1251.300000	0.506217
1251.400000	0.568259
1251.500000	0.632240
1251.600000	0.697382
1251.700000	0.762809
1251.800000	0.827573
1251.900000	0.890668
1252.000000	0.951057
1252.100000	1.007692
1252.200000	1.059541
1252.300000	1.105612
1252.400000	1.144973
1252.500000	1.176777
1252.600000	1.200281
1252.700000	1.214866
1252.800000	1.220051
1252.900000	1.215505
1253.000000	1.201057
1253.100000	1.176699
1253.200000	1.142591
1253.300000	1.099058
1253.400000	1.046582
1253.500000	0.985794
1253.600000	0.917460
1253.700000	0.842466
1253.800000	0.761801
1253.900000	0.676533
1254.000000	0.587785
1254.100000	0.496718
1254.200000	0.404499
1254.300000	0.312282
1254.400000	0.221178
1254.500000	0.132240
1254.600000	0.046436
1254.700000	-0.035370
1254.800000	-0.112431
1254.900000	-0.184132
1255.000000	-0.250000
1255.100000	-0.309713
1255.200000	-0.363097
1255.300000	-0.410133
1255.400000	-0.450944
1255.500000	-0.485794
1255.600000	-0.515071
1255.700000	-0.539277
1255.800000	-0.559008
1255.900000	-0.574935
1256.000000	-0.587785
1256.100000	-0.598315
1256.200000	-0.607293
1256.300000	-0.615471
1256.400000	-0.623567
1256.500000	-0.632240
1256.600000	-0.642074
1256.700000	-0.653555
1256.800000	-0.667063
1256.900000	-0.682854
1257.000000	-0.701057
1257.100000	-0.721661
1257.200000	-0.744523
1257.300000	-0.769363
1257.400000	-0.795772
1257.500000	-0.823223
1257.600000	-0.851080
1257.700000	-0.878617
1257.800000	-0.905033
1257.900000	-0.929475
1258.000000	-0.951057
1258.100000	-0.968885
1258.200000	-0.982081
1258.300000	-0.989804
1258.400000	-0.991274
1258.500000	-0.985794
1258.600000	-0.972767
1258.700000	-0.951720
1258.800000	-0.922311
1258.900000	-0.884346
1259.000000	-0.837785
1259.100000	-0.782749
1259.200000	-0.719518
1259.300000	-0.648531
1259.400000	-0.570379
1259.500000	-0.485794
1259.600000	-0.395636
1259.700000	-0.300879
1259.800000	-0.202587
1259.900000	-0.101899
1260.000000	-0.000000
1260.100000	0.101899
1260.200000	0.202587
1260.300000	0.300879
1260.400000	0.395636
1260.500000	0.485794
1260.600000	0.570379
1260.700000	0.648531
1260.800000	0.719518
1260.900000	0.782749
1261.000000	0.837785
1261.100000	0.884346
1261.200000	0.922311
1261.300000	0.951720
1261.400000	0.972767
1261.500000	0.985794
1261.600000	0.991274
1261.700000	0.989804
1261.800000	0.982081
1261.900000	0.968885
1262.000000	0.951057
1262.100000	0.929475
1262.200000	0.905033
1262.300000	0.878617
1262.400000	0.851080
1262.500000	0.823223
1262.600000	0.795772
1262.700000	0.769363
1262.800000	0.744523
1262.900000	0.721661
1263.000000	0.701057
1263.100000	0.682854
1263.200000	0.667063
1263.300000	0.653555
1263.400000	0.642074
1263.500000	0.632240
1263.600000	0.623567
1263.700000	0.615471
1263.800000	0.607293
1263.900000	0.598315
1264.000000	0.587785
1264.100000	0.574935
1264.200000	0.559008
1264.300000	0.539277
1264.400000	0.515071
1264.500000	0.485794
1264.600000	0.450944
1264.700000	0.410133
1264.800000	0.363097
1264.900000	0.309713
1265.000000	0.250000
1265.100000	0.184132
1265.200000	0.112431
1265.300000	0.035370
1265.400000	-0.046436
1265.500000	-0.132240
1265.600000	-0.221178
1265.700000	-0.312282
1265.800000	-0.404499
1265.900000	-0.496718
1266.000000	-0.587785
1266.100000	-0.676533
1266.200000	-0.761801
1266.300000	-0.842466
1266.400000	-0.917460
1266.500000	-0.985794
1266.600000	-1.046582
1266.700000	-1.099058
1266.800000	-1.142591
1266.900000	-1.176699
1267.000000	-1.201057
1267.100000	-1.215505
1267.200000	-1.220051
1267.300000	-1.214866
1267.400000	-1.200281
1267.500000	-1.176777
1267.600000	-1.144973
1267.700000	-1.105612
1267.800000	-1.059541
1267.900000	-1.007692
1268.000000	-0.951057
1268.100000	-0.890668
1268.200000	-0.827573
1268.300000	-0.762809
1268.400000	-0.697382
1268.500000	-0.632240
1268.600000	-0.568259
1268.700000	-0.506217
1268.800000	-0.446783
1268.900000	-0.390502
1269.000000	-0.337785
1269.100000	-0.288905
1269.200000	-0.243990
1269.300000	-0.203028
1269.400000	-0.165870
1269.500000	-0.132240
1269.600000	-0.101744
1269.700000	-0.073884
1269.800000	-0.048079
1269.900000	-0.023682
1270.000000	-0.000000
1270.100000	0.023682
1270.200000	0.048079
1270.300000	0.073884
1270.400000	0.101744
1270.500000	0.132240
1270.600000	0.165870
1270.700000	0.203028
1270.800000	0.243990
1270.900000	0.288905
1271.000000	0.337785
1271.100000	0.390502
1271.200000	0.446783
1271.300000	0.506217
1271.400000	0.568259
1271.500000	0.632240
1271.600000	0.697382
1271.700000	0.762809
1271.800000	0.827573
1271.900000	0.890668
1272.000000	0.951057
1272.100000	1.007692
1272.200000	1.059541
1272.300000	1.105612
1272.400000	1.144973
1272.500000	1.176777
1272.600000	1.200281
1272.700000	1.214866
1272.800000	1.220051
1272.900000	1.215505
1273.000000	1.201057
1273.100000	1.176699
1273.200000	1.142591
1273.300000	1.099058
1273.400000	1.046582
1273.500000	0.985794
1273.600000	0.917460
1273.700000	0.842466
1273.800000	0.761801
1273.900000	0.676533
1274.000000	0.587785
1274.100000	0.496718
1274.200000	0.404499
1274.300000	0.312282
1274.400000	0.221178
1274.500000	0.132240
1274.600000	0.046436
1274.700000	-0.035370
1274.800000	-0.112431
1274.900000	-0.184132
1275.000000	-0.250000
1275.100000	-0.309713
1275.200000	-0.363097
1275.300000	-0.410133
1275.400000	-0.450944
1275.500000	-0.485794
1275.600000	-0.515071
1275.700000	-0.539277
1275.800000	-0.559008
1275.900000	-0.574935
1276.000000	-0.587785
1276.100000	-0.598315
1276.200000	-0.607293
1276.300000	-0.615471
1276.400000	-0.623567
1276.500000	-0.632240
1276.600000	-0.642074
1276.700000	-0.653555
1276.800000	-0.667063
1276.900000	-0.682854
1277.000000	-0.701057
1277.100000	-0.721661
1277.200000	-0.744523
1277.300000	-0.769363
1277.400000	-0.795772
1277.500000	-0.823223
1277.600000	-0.851080
1277.700000	-0.878617
1277.800000	-0.905033
1277.900000	-0.929475
1278.000000	-0.951057
1278.100000	-0.968885
1278.200000	-0.982081
1278.300000	-0.989804
1278.400000	-0.991274
1278.500000	-0.985794
1278.600000	-0.972767
1278.700000	-0.951720
1278.800000	-0.922311
1278.900000	-0.884346
1279.000000	-0.837785
1279.100000	-0.782749
1279.200000	-0.719518
1279.300000	-0.648531
1279.400000	-0.570379
1279.500000	-0.485794
1279.600000	-0.395636
1279.700000	-0.300879
1279.800000	-0.202587
1279.900000	-0.101899
1280.000000	-0.000000
1280.100000	0.101899
1280.200000	0.202587
1280.300000	0.300879
1280.400000	0.395636
1280.500000	0.485794
1280.600000	0.570379
1280.700000	0.648531
1280.800000	0.719518
1280.900000	0.782749
1281.000000	0.837785
1281.100000	0.884346
1281.200000	0.922311
1281.300000	0.951720
1281.400000	0.972767
1281.500000	0.985794
1281.600000	0.991274
1281.700000	0.989804
1281.800000	0.982081
1281.900000	0.968885
1282.000000	0.951057
1282.100000	0.929475
1282.200000	0.905033
1282.300000	0.878617
1282.400000	0.851080
1282.500000	0.823223
1282.600000	0.795772
1282.700000	0.769363
1282.800000	0.744523
1282.900000	0.721661
1283.000000	0.701057
1283.100000	0.682854
1283.200000	0.667063
1283.300000	0.653555
1283.400000	0.642074
1283.500000	0.632240
1283.600000	0.623567
1283.700000	0.615471
1283.800000	0.607293
1283.900000	0.598315
1284.000000	0.587785
1284.100000	0.574935
1284.200000	0.559008
1284.300000	0.539277
1284.400000	0.515071
1284.500000	0.485794
1284.600000	0.450944
1284.700000	0.410133
1284.800000	0.363097
1284.900000	0.309713
1285.000000	0.250000
1285.100000	0.184132
1285.200000	0.112431
1285.300000	0.035370
1285.400000	-0.046436
1285.500000	-0.132240
1285.600000	-0.221178
1285.700000	-0.312282
1285.800000	-0.404499
1285.900000	-0.496718
1286.000000	-0.587785
1286.100000	-0.676533
1286.200000	-0.761801
1286.300000	-0.842466
1286.400000	-0.917460
1286.500000	-0.985794
1286.600000	-1.046582
1286.700000	-1.099058
1286.800000	-1.142591
1286.900000	-1.176699
1287.000000	-1.201057
1287.100000	-1.215505
1287.200000	-1.220051
1287.300000	-1.214866
1287.400000	-1.200281
1287.500000	-1.176777
1287.600000	-1.144973
1287.700000	-1.105612
1287.800000	-1.059541
1287.900000	-1.007692
1288.000000	-0.951057
1288.100000	-0.890668
1288.200000	-0.827573
1288.300000	-0.762809
1288.400000	-0.697382
1288.500000	-0.632240
1288.600000	-0.568259
1288.700000	-0.506217
1288.800000	-0.446783
1288.900000	-0.390502
1289.000000	-0.337785
1289.100000	-0.288905
1289.200000	-0.243990
1289.300000	-0.203028
1289.400000	-0.165870
1289.500000	-0.132240
1289.600000	-0.101744
1289.700000	-0.073884
1289.800000	-0.048079
1289.900000	-0.023682
1290.000000	-0.000000
1290.100000	0.023682
1290.200000	0.048079
1290.300000	0.073884
1290.400000	0.101744
1290.500000	0.132240
1290.600000	0.165870
1290.700000	0.203028
1290.800000	0.243990
1290.900000	0.288905
1291.000000	0.337785
1291.100000	0.390502
1291.200000	0.446783
1291.300000	0.506217
1291.400000	0.568259
1291.500000	0.632240
1291.600000	0.697382
1291.700000	0.762809
1291.800000	0.827573
1291.900000	0.890668
1292.000000	0.951057
1292.100000	1.007692
1292.200000	1.059541
1292.300000	1.105612
1292.400000	1.144973
1292.500000	1.176777
1292.600000	1.200281
1292.700000	1.214866
1292.800000	1.220051
1292.900000	1.215505
1293.000000	1.201057
1293.100000	1.176699
1293.200000	1.142591
1293.300000	1.099058
1293.400000	1.046582
1293.500000	0.985794
1293.600000	0.917460
1293.700000	0.842466
1293.800000	0.761801
1293.900000	0.676533
1294.000000	0.587785
1294.100000	0.496718
1294.200000	0.404499
1294.300000	0.312282
1294.400000	0.221178
1294.500000	0.132240
1294.600000	0.046436
1294.700000	-0.035370
1294.800000	-0.112431
1294.900000	-0.184132
1295.000000	-0.250000
1295.100000	-0.309713
1295.200000	-0.363097
1295.300000	-0.410133
1295.400000	-0.450944
1295.500000	-0.485794
1295.600000	-0.515071
1295.700000	-0.539277
1295.800000	-0.559008
1295.900000	-0.574935
1296.000000	-0.587785
1296.100000	-0.598315
1296.200000	-0.607293
1296.300000	-0.615471
1296.400000	-0.623567
1296.500000	-0.632240
1296.600000	-0.642074
1296.700000	-0.653555
1296.800000	-0.667063
1296.900000	-0.682854
1297.000000	-0.701057
1297.100000	-0.721661
1297.200000	-0.744523
1297.300000	-0.769363
1297.400000	-0.795772
1297.500000	-0.823223
1297.600000	-0.851080
1297.700000	-0.878617
1297.800000	-0.905033
1297.900000	-0.929475
1298.000000	-0.951057
1298.100000	-0.968885
1298.200000	-0.982081
1298.300000	-0.989804
1298.400000	-0.991274
1298.500000	-0.985794
1298.600000	-0.972767
1298.700000	-0.951720
1298.800000	-0.922311
1298.900000	-0.884346
1299.000000	-0.837785
1299.100000	-0.782749
1299.200000	-0.719518
1299.300000	-0.648531
1299.400000	-0.570379
1299.500000	-0.485794
1299.600000	-0.395636
1299.700000	-0.300879
1299.800000	-0.202587
1299.900000	-0.101899
1300.000000	-0.000000
1300.100000	0.101899
1300.200000	0.202587
1300.300000	0.300879
1300.400000	0.395636
1300.500000	0.485794
1300.600000	0.570379
1300.700000	0.648531
1300.800000	0.719518
1300.900000	0.782749
1301.000000	0.837785
1301.100000	0.884346
1301.200000	0.922311
1301.300000	0.951720
1301.400000	0.972767
1301.500000	0.985794
1301.600000	0.991274
1301.700000	0.989804
1301.800000	0.982081
1301.900000	0.968885
1302.000000	0.951057
1302.100000	0.929475
1302.200000	0.905033
1302.300000	0.878617
1302.400000	0.851080
1302.500000	0.823223
1302.600000	0.795772
1302.700000	0.769363
1302.800000	0.744523
1302.900000	0.721661
1303.000000	0.701057
1303.100000	0.682854
1303.200000	0.667063
1303.300000	0.653555
1303.400000	0.642074
1303.500000	0.632240
1303.600000	0.623567
1303.700000	0.615471
1303.800000	0.607293
1303.900000	0.598315
1304.000000	0.587785
1304.100000	0.574935
1304.200000	0.559008
1304.300000	0.539277
1304.400000	0.515071
1304.500000	0.485794
1304.600000	0.450944
1304.700000	0.410133
1304.800000	0.363097
1304.900000	0.309713
1305.000000	0.250000
1305.100000	0.184132
1305.200000	0.112431
1305.300000	0.035370
1305.400000	-0.046436
1305.500000	-0.132240
1305.600000	-0.221178
1305.700000	-0.312282
1305.800000	-0.404499
1305.900000	-0.496718
1306.000000	-0.587785
1306.100000	-0.676533
1306.200000	-0.761801
1306.300000	-0.842466
1306.400000	-0.917460
1306.500000	-0.985794
1306.600000	-1.046582
1306.700000	-1.099058
1306.800000	-1.142591
1306.900000	-1.176699
1307.000000	-1.201057
1307.100000	-1.215505
1307.200000	-1.220051
1307.300000	-1.214866
1307.400000	-1.200281
1307.500000	-1.176777
1307.600000	-1.144973
1307.700000	-1.105612
1307.800000	-1.059541
1307.900000	-1.007692
1308.000000	-0.951057
1308.100000	-0.890668
1308.200000	-0.827573
1308.300000	-0.762809
1308.400000	-0.697382
1308.500000	-0.632240
1308.600000	-0.568259
1308.700000	-0.506217
1308.800000	-0.446783
1308.900000	-0.390502
1309.000000	-0.337785
1309.100000	-0.288905
1309.200000	-0.243990
1309.300000	-0.203028
1309.400000	-0.165870
1309.500000	-0.132240
1309.600000	-0.101744
1309.700000	-0.073884
1309.800000	-0.048079
1309.900000	-0.023682
1310.000000	-0.000000
1310.100000	0.023682
1310.200000	0.048079
1310.300000	0.073884
1310.400000	0.101744
1310.500000	0.132240
1310.600000	0.165870
1310.700000	0.203028
1310.800000	0.243990
1310.900000	0.288905
1311.000000	0.337785
1311.100000	0.390502
1311.200000	0.446783
1311.300000	0.506217
1311.400000	0.568259
1311.500000	0.632240
1311.600000	0.697382
1311.700000	0.762809
1311.800000	0.827573
1311.900000	0.890668
1312.000000	0.951057
1312.100000	1.007692
1312.200000	1.059541
1312.300000	1.105612
1312.400000	1.144973
1312.500000	1.176777
1312.600000	1.200281
1312.700000	1.214866
1312.800000	1.220051
1312.900000	1.215505
1313.000000	1.201057
1313.100000	1.176699
1313.200000	1.142591
1313.300000	1.099058
1313.400000	1.046582
1313.500000	0.985794
1313.600000	0.917460
1313.700000	0.842466
1313.800000	0.761801
1313.900000	0.676533
1314.000000	0.587785
1314.100000	0.496718
1314.200000	0.404499
1314.300000	0.312282
1314.400000	0.221178
1314.500000	0.132240
1314.600000	0.046436
1314.700000	-0.035370
1314.800000	-0.112431
1314.900000	-0.184132
1315.000000	-0.250000
1315.100000	-0.309713
1315.200000	-0.363097
1315.300000	-0.410133
1315.400000	-0.450944
1315.500000	-0.485794
1315.600000	-0.515071
1315.700000	-0.539277
1315.800000	-0.559008
1315.900000	-0.574935
1316.000000	-0.587785
1316.100000	-0.598315
1316.200000	-0.607293
1316.300000	-0.615471
1316.400000	-0.623567
1316.500000	-0.632240
1316.600000	-0.642074
1316.700000	-0.653555
1316.800000	-0.667063
1316.900000	-0.682854
1317.000000	-0.701057
1317.100000	-0.721661
1317.200000	-0.744523
1317.300000	-0.769363
1317.400000	-0.795772
1317.500000	-0.823223
1317.600000	-0.851080
1317.700000	-0.878617
1317.800000	-0.905033
1317.900000	-0.929475
1318.000000	-0.951057
1318.100000	-0.968885
1318.200000	-0.982081
1318.300000	-0.989804
1318.400000	-0.991274
1318.500000	-0.985794
1318.600000	-0.972767
1318.700000	-0.951720
1318.800000	-0.922311
1318.900000	-0.884346
1319.000000	-0.837785
1319.100000	-0.782749
1319.200000	-0.719518
1319.300000	-0.648531
1319.400000	-0.570379
1319.500000	-0.485794
1319.600000	-0.395636
1319.700000	-0.300879
1319.800000	-0.202587
1319.900000	-0.101899
1320.000000	-0.000000
1320.100000	0.101899
1320.200000	0.202587
1320.300000	0.300879
1320.400000	0.395636
1320.500000	0.485794
1320.600000	0.570379
1320.700000	0.648531
1320.800000	0.719518
1320.900000	0.782749
1321.000000	0.837785
1321.100000	0.884346
1321.200000	0.922311
1321.300000	0.951720
1321.400000	0.972767
1321.500000	0.985794
1321.600000	0.991274
1321.700000	0.989804
1321.800000	0.982081
1321.900000	0.968885
1322.000000	0.951057
1322.100000	0.929475
1322.200000	0.905033
1322.300000	0.878617
1322.400000	0.851080
1322.500000	0.823223
1322.600000	0.795772
1322.700000	0.769363
1322.800000	0.744523
1322.900000	0.721661
1323.000000	0.701057
1323.100000	0.682854
1323.200000	0.667063
1323.300000	0.653555
1323.400000	0.642074
1323.500000	0.632240
1323.600000	0.623567
1323.700000	0.615471
1323.800000	0.607293
1323.900000	0.598315
1324.000000	0.587785
1324.100000	0.574935
1324.200000	0.559008
1324.300000	0.539277
1324.400000	0.515071
1324.500000	0.485794
1324.600000	0.450944
1324.700000	0.410133
1324.800000	0.363097
1324.900000	0.309713
1325.000000	0.250000
1325.100000	0.184132
1325.200000	0.112431
1325.300000	0.035370
1325.400000	-0.046436
1325.500000	-0.132240
1325.600000	-0.221178
1325.700000	-0.312282
1325.800000	-0.404499
1325.900000	-0.496718
1326.000000	-0.587785
1326.100000	-0.676533
1326.200000	-0.761801
1326.300000	-0.842466
1326.400000	-0.917460
1326.500000	-0.985794
1326.600000	-1.046582
1326.700000	-1.099058
1326.800000	-1.142591
1326.900000	-1.176699
1327.000000	-1.201057
1327.100000	-1.215505
1327.200000	-1.220051
1327.300000	-1.214866
1327.400000	-1.200281
1327.500000	-1.176777
1327.600000	-1.144973
1327.700000	-1.105612
1327.800000	-1.059541
1327.900000	-1.007692
1328.000000	-0.951057
1328.100000	-0.890668
1328.200000	-0.827573
1328.300000	-0.762809
1328.400000	-0.697382
1328.500000	-0.632240
1328.600000	-0.568259
1328.700000	-0.506217
1328.800000	-0.446783
1328.900000	-0.390502
1329.000000	-0.337785
1329.100000	-0.288905
1329.200000	-0.243990
1329.300000	-0.203028
1329.400000	-0.165870
1329.500000	-0.132240
1329.600000	-0.101744
1329.700000	-0.073884
1329.800000	-0.048079
1329.900000	-0.023682
1330.000000	-0.000000
1330.100000	0.023682
1330.200000	0.048079
1330.300000	0.073884
1330.400000	0.101744
1330.500000	0.132240
1330.600000	0.165870
1330.700000	0.203028
1330.800000	0.243990
1330.900000	0.288905
1331.000000	0.337785
1331.100000	0.390502
1331.200000	0.446783
1331.300000	0.506217
1331.400000	0.568259
1331.500000	0.632240
1331.600000	0.697382
1331.700000	0.762809
1331.800000	0.827573
1331.900000	0.890668
1332.000000	0.951057
1332.100000	1.007692
1332.200000	1.059541
1332.300000	1.105612
1332.400000	1.144973
1332.500000	1.176777
1332.600000	1.200281
1332.700000	1.214866
1332.800000	1.220051
1332.900000	1.215505
1333.000000	1.201057
1333.100000	1.176699
1333.200000	1.142591
1333.300000	1.099058
1333.400000	1.046582
1333.500000	0.985794
1333.600000	0.917460
1333.700000	0.842466
1333.800000	0.761801
1333.900000	0.676533
1334.000000	0.587785
1334.100000	0.496718
1334.200000	0.404499
1334.300000	0.312282
1334.400000	0.221178
1334.500000	0.132240
1334.600000	0.046436
1334.700000	-0.035370
1334.800000	-0.112431
1334.900000	-0.184132
1335.000000	-0.250000
1335.100000	-0.309713
1335.200000	-0.363097
1335.300000	-0.410133
1335.400000	-0.450944
1335.500000	-0.485794
1335.600000	-0.515071
1335.700000	-0.539277
1335.800000	-0.559008
1335.900000	-0.574935
1336.000000	-0.587785
1336.100000	-0.598315
1336.200000	-0.607293
1336.300000	-0.615471
1336.400000	-0.623567
1336.500000	-0.632240
1336.600000	-0.642074
1336.700000	-0.653555
1336.800000	-0.667063
1336.900000	-0.682854
1337.000000	-0.701057
1337.100000	-0.721661
1337.200000	-0.744523
1337.300000	-0.769363
1337.400000	-0.795772
1337.500000	-0.823223
1337.600000	-0.851080
1337.700000	-0.878617
1337.800000	-0.905033
1337.900000	-0.929475
1338.000000	-0.951057
1338.100000	-0.968885
1338.200000	-0.982081
1338.300000	-0.989804
1338.400000	-0.991274
1338.500000	-0.985794
1338.600000	-0.972767
1338.700000	-0.951720
1338.800000	-0.922311
1338.900000	-0.884346
1339.000000	-0.837785
1339.100000	-0.782749
1339.200000	-0.719518
1339.300000	-0.648531
1339.400000	-0.570379
1339.500000	-0.485794
1339.600000	-0.395636
1339.700000	-0.300879
1339.800000	-0.202587
1339.900000	-0.101899
1340.000000	-0.000000
1340.100000	0.101899
1340.200000	0.202587
1340.300000	0.300879
1340.400000	0.395636
1340.500000	0.485794
1340.600000	0.570379
1340.700000	0.648531
1340.800000	0.719518
1340.900000	0.782749
1341.000000	0.837785
1341.100000	0.884346
1341.200000	0.922311
1341.300000	0.951720
1341.400000	0.972767
1341.500000	0.985794
1341.600000	0.991274
1341.700000	0.989804
1341.800000	0.982081
1341.900000	0.968885
1342.000000	0.951057
1342.100000	0.929475
1342.200000	0.905033
1342.300000	0.878617
1342.400000	0.851080
1342.500000	0.823223
1342.600000	0.795772
1342.700000	0.769363
1342.800000	0.744523
1342.900000	0.721661
1343.000000	0.701057
1343.100000	0.682854
1343.200000	0.667063
1343.300000	0.653555
1343.400000	0.642074
1343.500000	0.632240
1343.600000	0.623567
1343.700000	0.615471
1343.800000	0.607293
1343.900000	0.598315
1344.000000	0.587785
1344.100000	0.574935
1344.200000	0.559008
1344.300000	0.539277
1344.400000	0.515071
1344.500000	0.485794
1344.600000	0.450944
1344.700000	0.410133
1344.800000	0.363097
1344.900000	0.309713
1345.000000	0.250000
1345.100000	0.184132
1345.200000	0.112431
1345.300000	0.035370
1345.400000	-0.046436
1345.500000	-0.132240
1345.600000	-0.221178
1345.700000	-0.312282
1345.800000	-0.404499
1345.900000	-0.496718
1346.000000	-0.587785
1346.100000	-0.676533
1346.200000	-0.761801
1346.300000	-0.842466
1346.400000	-0.917460
1346.500000	-0.985794
1346.600000	-1.046582
1346.700000	-1.099058
1346.800000	-1.142591
1346.900000	-1.176699
1347.000000	-1.201057
1347.100000	-1.215505
1347.200000	-1.220051
1347.300000	-1.214866
1347.400000	-1.200281
1347.500000	-1.176777
1347.600000	-1.144973
1347.700000	-1.105612
1347.800000	-1.059541
1347.900000	-1.007692
1348.000000	-0.951057
1348.100000	-0.890668
1348.200000	-0.827573
1348.300000	-0.762809
1348.400000	-0.697382
1348.500000	-0.632240
1348.600000	-0.568259
1348.700000	-0.506217
1348.800000	-0.446783
1348.900000	-0.390502
1349.000000	-0.337785
1349.100000	-0.288905
1349.200000	-0.243990
1349.300000	-0.203028
1349.400000	-0.165870
1349.500000	-0.132240
1349.600000	-0.101744
1349.700000	-0.073884
1349.800000	-0.048079
1349.900000	-0.023682
1350.000000	-0.000000
1350.100000	0.023682
1350.200000	0.048079
1350.300000	0.073884
1350.400000	0.101744
1350.500000	0.132240
1350.600000	0.165870
1350.700000	0.203028
1350.800000	0.243990
1350.900000	0.288905
1351.000000	0.337785
1351.100000	0.390502
1351.200000	0.446783
1351.300000	0.506217
1351.400000	0.568259
1351.500000	0.632240
1351.600000	0.697382
1351.700000	0.762809
1351.800000	0.827573
1351.900000	0.890668
1352.000000	0.951057
1352.100000	1.007692
1352.200000	1.059541
1352.300000	1.105612
1352.400000	1.144973
1352.500000	1.176777
1352.600000	1.200281
1352.700000	1.214866
1352.800000	1.220051
1352.900000	1.215505
1353.000000	1.201057
1353.100000	1.176699
1353.200000	1.142591
1353.300000	1.099058
1353.400000	1.046582
1353.500000	0.985794
1353.600000	0.917460
1353.700000	0.842466
1353.800000	0.761801
1353.900000	0.676533
1354.000000	0.587785
1354.100000	0.496718
1354.200000	0.404499
1354.300000	0.312282
1354.400000	0.221178
1354.500000	0.132240
1354.600000	0.046436
1354.700000	-0.035370
1354.800000	-0.112431
1354.900000	-0.184132
1355.000000	-0.250000
1355.100000	-0.309713
1355.200000	-0.363097
1355.300000	-0.410133
1355.400000	-0.450944
1355.500000	-0.485794
1355.600000	-0.515071
1355.700000	-0.539277
1355.800000	-0.559008
1355.900000	-0.574935
1356.000000	-0.587785
1356.100000	-0.598315
1356.200000	-0.607293
1356.300000	-0.615471
1356.400000	-0.623567
1356.500000	-0.632240
1356.600000	-0.642074
1356.700000	-0.653555
1356.800000	-0.667063
1356.900000	-0.682854
1357.000000	-0.701057
1357.100000	-0.721661
1357.200000	-0.744523
1357.300000	-0.769363
1357.400000	-0.795772
1357.500000	-0.823223
1357.600000	-0.851080
1357.700000	-0.878617
1357.800000	-0.905033
1357.900000	-0.929475
1358.000000	-0.951057
1358.100000	-0.968885
1358.200000	-0.982081
1358.300000	-0.989804
1358.400000	-0.991274
1358.500000	-0.985794
1358.600000	-0.972767
1358.700000	-0.951720
1358.800000	-0.922311
1358.900000	-0.884346
1359.000000	-0.837785
1359.100000	-0.782749
1359.200000	-0.719518
1359.300000	-0.648531
1359.400000	-0.570379
1359.500000	-0.485794
1359.600000	-0.395636
1359.700000	-0.300879
1359.800000	-0.202587
1359.900000	-0.101899
1360.000000	-0.000000
1360.100000	0.101899
1360.200000	0.202587
1360.300000	0.300879
1360.400000	0.395636
1360.500000	0.485794
1360.600000	0.570379
1360.700000	0.648531
1360.800000	0.719518
1360.900000	0.782749
1361.000000	0.837785
1361.100000	0.884346
1361.200000	0.922311
1361.300000	0.951720
1361.400000	0.972767
1361.500000	0.985794
1361.600000	0.991274
1361.700000	0.989804
1361.800000	0.982081
1361.900000	0.968885
1362.000000	0.951057
1362.100000	0.929475
1362.200000	0.905033
1362.300000	0.878617
1362.400000	0.851080
1362.500000	0.823223
1362.600000	0.795772
1362.700000	0.769363
1362.800000	0.744523
1362.900000	0.721661
1363.000000	0.701057
1363.100000	0.682854
1363.200000	0.667063
1363.300000	0.653555
1363.400000	0.642074
1363.500000	0.632240
1363.600000	0.623567
1363.700000	0.615471
1363.800000	0.607293
1363.900000	0.598315
1364.000000	0.587785
1364.100000	0.574935
1364.200000	0.559008
1364.300000	0.539277
1364.400000	0.515071
1364.500000	0.485794
1364.600000	0.450944
1364.700000	0.410133
1364.800000	0.363097
1364.900000	0.309713
1365.000000	0.250000
1365.100000	0.184132
1365.200000	0.112431
1365.300000	0.035370
1365.400000	-0.046436
1365.500000	-0.132240
1365.600000	-0.221178
1365.700000	-0.312282
1365.800000	-0.404499
1365.900000	-0.496718
1366.000000	-0.587785
1366.100000	-0.676533
1366.200000	-0.761801
1366.300000	-0.842466
1366.400000	-0.917460
1366.500000	-0.985794
1366.600000	-1.046582
1366.700000	-1.099058
1366.800000	-1.142591
1366.900000	-1.176699
1367.000000	-1.201057
1367.100000	-1.215505
1367.200000	-1.220051
1367.300000	-1.214866
1367.400000	-1.200281
1367.500000	-1.176777
1367.600000	-1.144973
1367.700000	-1.105612
1367.800000	-1.059541
1367.900000	-1.007692
1368.000000	-0.951057
1368.100000	-0.890668
1368.200000	-0.827573
1368.300000	-0.762809
1368.400000	-0.697382
1368.500000	-0.632240
1368.600000	-0.568259
1368.700000	-0.506217
1368.800000	-0.446783
1368.900000	-0.390502
1369.000000	-0.337785
1369.100000	-0.288905
1369.200000	-0.243990
1369.300000	-0.203028
1369.400000	-0.165870
1369.500000	-0.132240
1369.600000	-0.101744
1369.700000	-0.073884
1369.800000	-0.048079
1369.900000	-0.023682
1370.000000	-0.000000
1370.100000	0.023682
1370.200000	0.048079
1370.300000	0.073884
1370.400000	0.101744
1370.500000	0.132240
1370.600000	0.165870
1370.700000	0.203028
1370.800000	0.243990
1370.900000	0.288905
1371.000000	0.337785
1371.100000	0.390502
1371.200000	0.446783
1371.300000	0.506217
1371.400000	0.568259
1371.500000	0.632240
1371.600000	0.697382
1371.700000	0.762809
1371.800000	0.827573
1371.900000	0.890668
1372.000000	0.951057
1372.100000	1.007692
1372.200000	1.059541
1372.300000	1.105612
1372.400000	1.144973
1372.500000	1.176777
1372.600000	1.200281
1372.700000	1.214866
1372.800000	1.220051
1372.900000	1.215505
1373.000000	1.201057
1373.100000	1.176699
1373.200000	1.142591
1373.300000	1.099058
1373.400000	1.046582
1373.500000	0.985794
1373.600000	0.917460
1373.700000	0.842466
1373.800000	0.761801
1373.900000	0.676533
1374.000000	0.587785
1374.100000	0.496718
1374.200000	0.404499
1374.300000	0.312282
1374.400000	0.221178
1374.500000	0.132240
1374.600000	0.046436
1374.700000	-0.035370
1374.800000	-0.112431
1374.900000	-0.184132
1375.000000	-0.250000
1375.100000	-0.309713
1375.200000	-0.363097
1375.300000	-0.410133
1375.400000	-0.450944
1375.500000	-0.485794
1375.600000	-0.515071
1375.700000	-0.539277
1375.800000	-0.559008
1375.900000	-0.574935
1376.000000	-0.587785
1376.100000	-0.598315
1376.200000	-0.607293
1376.300000	-0.615471
1376.400000	-0.623567
1376.500000	-0.632240
1376.600000	-0.642074
1376.700000	-0.653555
1376.800000	-0.667063
1376.900000	-0.682854
1377.000000	-0.701057
1377.100000	-0.721661
1377.200000	-0.744523
1377.300000	-0.769363
1377.400000	-0.795772
1377.500000	-0.823223
1377.600000	-0.851080
1377.700000	-0.878617
1377.800000	-0.905033
1377.900000	-0.929475
1378.000000	-0.951057
1378.100000	-0.968885
1378.200000	-0.982081
1378.300000	-0.989804
1378.400000	-0.991274
1378.500000	-0.985794
1378.600000	-0.972767
1378.700000	-0.951720
1378.800000	-0.922311
1378.900000	-0.884346
1379.000000	-0.837785
1379.100000	-0.782749
1379.200000	-0.719518
1379.300000	-0.648531
1379.400000	-0.570379
1379.500000	-0.485794
1379.600000	-0.395636
1379.700000	-0.300879
1379.800000	-0.202587
1379.900000	-0.101899
1380.000000	-0.000000
1380.100000	0.101899
1380.200000	0.202587
1380.300000	0.300879
1380.400000	0.395636
1380.500000	0.485794
1380.600000	0.570379
1380.700000	0.648531
1380.800000	0.719518
1380.900000	0.782749
1381.000000	0.837785
1381.100000	0.884346
1381.200000	0.922311
1381.300000	0.951720
1381.400000	0.972767
1381.500000	0.985794
1381.600000	0.991274
1381.700000	0.989804
1381.800000	0.982081
1381.900000	0.968885
1382.000000	0.951057
1382.100000	0.929475
1382.200000	0.905033
1382.300000	0.878617
1382.400000	0.851080
1382.500000	0.823223
1382.600000	0.795772
1382.700000	0.769363
1382.800000	0.744523
1382.900000	0.721661
1383.000000	0.701057
1383.100000	0.682854
1383.200000	0.667063
1383.300000	0.653555
1383.400000	0.642074
1383.500000	0.632240
1383.600000	0.623567
1383.700000	0.615471
1383.800000	0.607293
1383.900000	0.598315
1384.000000	0.587785
1384.100000	0.574935
1384.200000	0.559008
1384.300000	0.539277
1384.400000	0.515071
1384.500000	0.485794
1384.600000	0.450944
1384.700000	0.410133
1384.800000	0.363097
1384.900000	0.309713
1385.000000	0.250000
1385.100000	0.184132
1385.200000	0.112431
1385.300000	0.035370
1385.400000	-0.046436
1385.500000	-0.132240
1385.600000	-0.221178
1385.700000	-0.312282
1385.800000	-0.404499
1385.900000	-0.496718
1386.000000	-0.587785
1386.100000	-0.676533
1386.200000	-0.761801
1386.300000	-0.842466
1386.400000	-0.917460
1386.500000	-0.985794
1386.600000	-1.046582
1386.700000	-1.099058
1386.800000	-1.142591
1386.900000	-1.176699
1387.000000	-1.201057
1387.100000	-1.215505
1387.200000	-1.220051
1387.300000	-1.214866
1387.400000	-1.200281
1387.500000	-1.176777
1387.600000	-1.144973
1387.700000	-1.105612
1387.800000	-1.059541
1387.900000	-1.007692
1388.000000	-0.951057
1388.100000	-0.890668
1388.200000	-0.827573
1388.300000	-0.762809
1388.400000	-0.697382
1388.500000	-0.632240
1388.600000	-0.568259
1388.700000	-0.506217
1388.800000	-0.446783
1388.900000	-0.390502
1389.000000	-0.337785
1389.100000	-0.288905
1389.200000	-0.243990
1389.300000	-0.203028
1389.400000	-0.165870
1389.500000	-0.132240
1389.600000	-0.101744
1389.700000	-0.073884
1389.800000	-0.048079
1389.900000	-0.023682
1390.000000	-0.000000
1390.100000	0.023682
1390.200000	0.048079
1390.300000	0.073884
1390.400000	0.101744
1390.500000	0.132240
1390.600000	0.165870
1390.700000	0.203028
1390.800000	0.243990
1390.900000	0.288905
1391.000000	0.337785
1391.100000	0.390502
1391.200000	0.446783
1391.300000	0.506217
1391.400000	0.568259
1391.500000	0.632240
1391.600000	0.697382
1391.700000	0.762809
1391.800000	0.827573
1391.900000	0.890668
1392.000000	0.951057
1392.100000	1.007692
1392.200000	1.059541
1392.300000	1.105612
1392.400000	1.144973
1392.500000	1.176777
1392.600000	1.200281
1392.700000	1.214866
1392.800000	1.220051
1392.900000	1.215505
1393.000000	1.201057
1393.100000	1.176699
1393.200000	1.142591
1393.300000	1.099058
1393.400000	1.046582
1393.500000	0.985794
1393.600000	0.917460
1393.700000	0.842466
1393.800000	0.761801
1393.900000	0.676533
1394.000000	0.587785
1394.100000	0.496718
1394.200000	0.404499
1394.300000	0.312282
1394.400000	0.221178
1394.500000	0.132240
1394.600000	0.046436
1394.700000	-0.035370
1394.800000	-0.112431
1394.900000	-0.184132
1395.000000	-0.250000
1395.100000	-0.309713
1395.200000	-0.363097
1395.300000	-0.410133
1395.400000	-0.450944
1395.500000	-0.485794
1395.600000	-0.515071
1395.700000	-0.539277
1395.800000	-0.559008
1395.900000	-0.574935
1396.000000	-0.587785
1396.100000	-0.598315
1396.200000	-0.607293
1396.300000	-0.615471
1396.400000	-0.623567
1396.500000	-0.632240
1396.600000	-0.642074
1396.700000	-0.653555
1396.800000	-0.667063
1396.900000	-0.682854
1397.000000	-0.701057
1397.100000	-0.721661
1397.200000	-0.744523
1397.300000	-0.769363
1397.400000	-0.795772
1397.500000	-0.823223
1397.600000	-0.851080
1397.700000	-0.878617
1397.800000	-0.905033
1397.900000	-0.929475
1398.000000	-0.951057
1398.100000	-0.968885
1398.200000	-0.982081
1398.300000	-0.989804
1398.400000	-0.991274
1398.500000	-0.985794
1398.600000	-0.972767
1398.700000	-0.951720
1398.800000	-0.922311
1398.900000	-0.884346
1399.000000	-0.837785
1399.100000	-0.782749
1399.200000	-0.719518
1399.300000	-0.648531
1399.400000	-0.570379
1399.500000	-0.485794
1399.600000	-0.395636
1399.700000	-0.300879
1399.800000	-0.202587
1399.900000	-0.101899
1400.000000	-0.000000
1400.100000	0.101899
1400.200000	0.202587
1400.300000	0.300879
1400.400000	0.395636
1400.500000	0.485794
1400.600000	0.570379
1400.700000	0.648531
1400.800000	0.719518
1400.900000	0.782749
1401.000000	0.837785
1401.100000	0.884346
1401.200000	0.922311
1401.300000	0.951720
1401.400000	0.972767
1401.500000	0.985794
1401.600000	0.991274
1401.700000	0.989804
1401.800000	0.982081
1401.900000	0.968885
1402.000000	0.951057
1402.100000	0.929475
1402.200000	0.905033
1402.300000	0.878617
1402.400000	0.851080
1402.500000	0.823223
1402.600000	0.795772
1402.700000	0.769363
1402.800000	0.744523
1402.900000	0.721661
1403.000000	0.701057
1403.100000	0.682854
1403.200000	0.667063
1403.300000	0.653555
1403.400000	0.642074
1403.500000	0.632240
1403.600000	0.623567
1403.700000	0.615471
1403.800000	0.607293
1403.900000	0.598315
1404.000000	0.587785
1404.100000	0.574935
1404.200000	0.559008
1404.300000	0.539277
1404.400000	0.515071
1404.500000	0.485794
1404.600000	0.450944
1404.700000	0.410133
1404.800000	0.363097
1404.900000	0.309713
1405.000000	0.250000
1405.100000	0.184132
1405.200000	0.112431
1405.300000	0.035370
1405.400000	-0.046436
1405.500000	-0.132240
1405.600000	-0.221178
1405.700000	-0.312282
1405.800000	-0.404499
1405.900000	-0.496718
1406.000000	-0.587785
1406.100000	-0.676533
1406.200000	-0.761801
1406.300000	-0.842466
1406.400000	-0.917460
1406.500000	-0.985794
1406.600000	-1.046582
1406.700000	-1.099058
1406.800000	-1.142591
1406.900000	-1.176699
1407.000000	-1.201057
1407.100000	-1.215505
1407.200000	-1.220051
1407.300000	-1.214866
1407.400000	-1.200281
1407.500000	-1.176777
1407.600000	-1.144973
1407.700000	-1.105612
1407.800000	-1.059541
1407.900000	-1.007692
1408.000000	-0.951057
1408.100000	-0.890668
1408.200000	-0.827573
1408.300000	-0.762809
1408.400000	-0.697382
1408.500000	-0.632240
1408.600000	-0.568259
1408.700000	-0.506217
1408.800000	-0.446783
1408.900000	-0.390502
1409.000000	-0.337785
1409.100000	-0.288905
1409.200000	-0.243990
1409.300000	-0.203028
1409.400000	-0.165870
1409.500000	-0.132240
1409.600000	-0.101744
1409.700000	-0.073884
1409.800000	-0.048079
1409.900000	-0.023682
1410.000000	-0.000000
1410.100000	0.023682
1410.200000	0.048079
1410.300000	0.073884
1410.400000	0.101744
1410.500000	0.132240
1410.600000	0.165870
1410.700000	0.203028
1410.800000	0.243990
1410.900000	0.288905
1411.000000	0.337785
1411.100000	0.390502
1411.200000	0.446783
1411.300000	0.506217
1411.400000	0.568259
1411.500000	0.632240
1411.600000	0.697382
1411.700000	0.762809
1411.800000	0.827573
1411.900000	0.890668
1412.000000	0.951057
1412.100000	1.007692
1412.200000	1.059541
1412.300000	1.105612
1412.400000	1.144973
1412.500000	1.176777
1412.600000	1.200281
1412.700000	1.214866
1412.800000	1.220051
1412.900000	1.215505
1413.000000	1.201057
1413.100000	1.176699
1413.200000	1.142591
1413.300000	1.099058
1413.400000	1.046582
1413.500000	0.985794
1413.600000	0.917460
1413.700000	0.842466
1413.800000	0.761801
1413.900000	0.676533
1414.000000	0.587785
1414.100000	0.496718
1414.200000	0.404499
1414.300000	0.312282
1414.400000	0.221178
1414.500000	0.132240
1414.600000	0.046436
1414.700000	-0.035370
1414.800000	-0.112431
1414.900000	-0.184132
1415.000000	-0.250000
1415.100000	-0.309713
1415.200000	-0.363097
1415.300000	-0.410133
1415.400000	-0.450944
1415.500000	-0.485794
1415.600000	-0.515071
1415.700000	-0.539277
1415.800000	-0.559008
1415.900000	-0.574935
1416.000000	-0.587785
1416.100000	-0.598315
1416.200000	-0.607293
1416.300000	-0.615471
1416.400000	-0.623567
1416.500000	-0.632240
1416.600000	-0.642074
1416.700000	-0.653555
1416.800000	-0.667063
1416.900000	-0.682854
1417.000000	-0.701057
1417.100000	-0.721661
1417.200000	-0.744523
1417.300000	-0.769363
1417.400000	-0.795772
1417.500000	-0.823223
1417.600000	-0.851080
1417.700000	-0.878617
1417.800000	-0.905033
1417.900000	-0.929475
1418.000000	-0.951057
1418.100000	-0.968885
1418.200000	-0.982081
1418.300000	-0.989804
1418.400000	-0.991274
1418.500000	-0.985794
1418.600000	-0.972767
1418.700000	-0.951720
1418.800000	-0.922311
1418.900000	-0.884346
1419.000000	-0.837785
1419.100000	-0.782749
1419.200000	-0.719518
1419.300000	-0.648531
1419.400000	-0.570379
1419.500000	-0.485794
1419.600000	-0.395636
1419.700000	-0.300879
1419.800000	-0.202587
1419.900000	-0.101899
1420.000000	-0.000000
1420.100000	0.101899
1420.200000	0.202587
1420.300000	0.300879
1420.400000	0.395636
1420.500000	0.485794
1420.600000	0.570379
1420.700000	0.648531
1420.800000	0.719518
1420.900000	0.782749
1421.000000	0.837785
1421.100000	0.884346
1421.200000	0.922311
1421.300000	0.951720
1421.400000	0.972767
1421.500000	0.985794
1421.600000	0.991274
1421.700000	0.989804
1421.800000	0.982081
1421.900000	0.968885
1422.000000	0.951057
1422.100000	0.929475
1422.200000	0.905033
1422.300000	0.878617
1422.400000	0.851080
1422.500000	0.823223
1422.600000	0.795772
1422.700000	0.769363
1422.800000	0.744523
1422.900000	0.721661
1423.000000	0.701057
1423.100000	0.682854
1423.200000	0.667063
1423.300000	0.653555
1423.400000	0.642074
1423.500000	0.632240
1423.600000	0.623567
1423.700000	0.615471
1423.800000	0.607293
1423.900000	0.598315
1424.000000	0.587785
1424.100000	0.574935
1424.200000	0.559008
1424.300000	0.539277
1424.400000	0.515071
1424.500000	0.485794
1424.600000	0.450944
1424.700000	0.410133
1424.800000	0.363097
1424.900000	0.309713
1425.000000	0.250000
1425.100000	0.184132
1425.200000	0.112431
1425.300000	0.035370
1425.400000	-0.046436
1425.500000	-0.132240
1425.600000	-0.221178
1425.700000	-0.312282
1425.800000	-0.404499
1425.900000	-0.496718
1426.000000	-0.587785
1426.100000	-0.676533
1426.200000	-0.761801
1426.300000	-0.842466
1426.400000	-0.917460
1426.500000	-0.985794
1426.600000	-1.046582
1426.700000	-1.099058
1426.800000	-1.142591
1426.900000	-1.176699
1427.000000	-1.201057
1427.100000	-1.215505
1427.200000	-1.220051
1427.300000	-1.214866
1427.400000	-1.200281
1427.500000	-1.176777
1427.600000	-1.144973
1427.700000	-1.105612
1427.800000	-1.059541
1427.900000	-1.007692
1428.000000	-0.951057
1428.100000	-0.890668
1428.200000	-0.827573
1428.300000	-0.762809
1428.400000	-0.697382
1428.500000	-0.632240
1428.600000	-0.568259
1428.700000	-0.506217
1428.800000	-0.446783
1428.900000	-0.390502
1429.000000	-0.337785
1429.100000	-0.288905
1429.200000	-0.243990
1429.300000	-0.203028
1429.400000	-0.165870
1429.500000	-0.132240
1429.600000	-0.101744
1429.700000	-0.073884
1429.800000	-0.048079
1429.900000	-0.023682
1430.000000	-0.000000
1430.100000	0.023682
1430.200000	0.048079
1430.300000	0.073884
1430.400000	0.101744
1430.500000	0.132240
1430.600000	0.165870
1430.700000	0.203028
1430.800000	0.243990
1430.900000	0.288905
1431.000000	0.337785
1431.100000	0.390502
1431.200000	0.446783
1431.300000	0.506217
1431.400000	0.568259
1431.500000	0.632240
1431.600000	0.697382
1431.700000	0.762809
1431.800000	0.827573
1431.900000	0.890668
1432.000000	0.951057
1432.100000	1.007692
1432.200000	1.059541
1432.300000	1.105612
1432.400000	1.144973
1432.500000	1.176777
1432.600000	1.200281
1432.700000	1.214866
1432.800000	1.220051
1432.900000	1.215505
1433.000000	1.201057
1433.100000	1.176699
1433.200000	1.142591
1433.300000	1.099058
1433.400000	1.046582
1433.500000	0.985794
1433.600000	0.917460
1433.700000	0.842466
1433.800000	0.761801
1433.900000	0.676533
1434.000000	0.587785
1434.100000	0.496718
1434.200000	0.404499
1434.300000	0.312282
1434.400000	0.221178
1434.500000	0.132240
1434.600000	0.046436
1434.700000	-0.035370
1434.800000	-0.112431
1434.900000	-0.184132
1435.000000	-0.250000
1435.100000	-0.309713
1435.200000	-0.363097
1435.300000	-0.410133
1435.400000	-0.450944
1435.500000	-0.485794
1435.600000	-0.515071
1435.700000	-0.539277
1435.800000	-0.559008
1435.900000	-0.574935
1436.000000	-0.587785
1436.100000	-0.598315
1436.200000	-0.607293
1436.300000	-0.615471
1436.400000	-0.623567
1436.500000	-0.632240
1436.600000	-0.642074
1436.700000	-0.653555
1436.800000	-0.667063
1436.900000	-0.682854
1437.000000	-0.701057
1437.100000	-0.721661
1437.200000	-0.744523
1437.300000	-0.769363
1437.400000	-0.795772
1437.500000	-0.823223
1437.600000	-0.851080
1437.700000	-0.878617
1437.800000	-0.905033
1437.900000	-0.929475
1438.000000	-0.951057
1438.100000	-0.968885
1438.200000	-0.982081
1438.300000	-0.989804
1438.400000	-0.991274
1438.500000	-0.985794
1438.600000	-0.972767
1438.700000	-0.951720
1438.800000	-0.922311
1438.900000	-0.884346
1439.000000	-0.837785
1439.100000	-0.782749
1439.200000	-0.719518
1439.300000	-0.648531
1439.400000	-0.570379
1439.500000	-0.485794
1439.600000	-0.395636
1439.700000	-0.300879
1439.800000	-0.202587
1439.900000	-0.101899
1440.000000	-0.000000
1440.100000	0.101899
1440.200000	0.202587
1440.300000	0.300879
1440.400000	0.395636
1440.500000	0.485794
1440.600000	0.570379
1440.700000	0.648531
1440.800000	0.719518
1440.900000	0.782749
1441.000000	0.837785
1441.100000	0.884346
1441.200000	0.922311
1441.300000	0.951720
1441.400000	0.972767
1441.500000	0.985794
1441.600000	0.991274
1441.700000	0.989804
1441.800000	0.982081
1441.900000	0.968885
1442.000000	0.951057
1442.100000	0.929475
1442.200000	0.905033
1442.300000	0.878617
1442.400000	0.851080
1442.500000	0.823223
1442.600000	0.795772
1442.700000	0.769363
1442.800000	0.744523
1442.900000	0.721661
1443.000000	0.701057
1443.100000	0.682854
1443.200000	0.667063
1443.300000	0.653555
1443.400000	0.642074
1443.500000	0.632240
1443.600000	0.623567
1443.700000	0.615471
1443.800000	0.607293
1443.900000	0.598315
1444.000000	0.587785
1444.100000	0.574935
1444.200000	0.559008
1444.300000	0.539277
1444.400000	0.515071
1444.500000	0.485794
1444.600000	0.450944
1444.700000	0.410133
1444.800000	0.363097
1444.900000	0.309713
1445.000000	0.250000
1445.100000	0.184132
1445.200000	0.112431
1445.300000	0.035370
1445.400000	-0.046436
1445.500000	-0.132240
1445.600000	-0.221178
1445.700000	-0.312282
1445.800000	-0.404499
1445.900000	-0.496718
1446.000000	-0.587785
1446.100000	-0.676533
1446.200000	-0.761801
1446.300000	-0.842466
1446.400000	-0.917460
1446.500000	-0.985794
1446.600000	-1.046582
1446.700000	-1.099058
1446.800000	-1.142591
1446.900000	-1.176699
1447.000000	-1.201057
1447.100000	-1.215505
1447.200000	-1.220051
1447.300000	-1.214866
1447.400000	-1.200281
1447.500000	-1.176777
1447.600000	-1.144973
1447.700000	-1.105612
1447.800000	-1.059541
1447.900000	-1.007692
1448.000000	-0.951057
1448.100000	-0.890668
1448.200000	-0.827573
1448.300000	-0.762809
1448.400000	-0.697382
1448.500000	-0.632240
1448.600000	-0.568259
1448.700000	-0.506217
1448.800000	-0.446783
1448.900000	-0.390502
1449.000000	-0.337785
1449.100000	-0.288905
1449.200000	-0.243990
1449.300000	-0.203028
1449.400000	-0.165870
1449.500000	-0.132240
1449.600000	-0.101744
1449.700000	-0.073884
1449.800000	-0.048079
1449.900000	-0.023682
1450.000000	-0.000000
1450.100000	0.023682
1450.200000	0.048079
1450.300000	0.073884
1450.400000	0.101744
1450.500000	0.132240
1450.600000	0.165870
1450.700000	0.203028
1450.800000	0.243990
1450.900000	0.288905
1451.000000	0.337785
1451.100000	0.390502
1451.200000	0.446783
1451.300000	0.506217
1451.400000	0.568259
1451.500000	0.632240
1451.600000	0.697382
1451.700000	0.762809
1451.800000	0.827573
1451.900000	0.890668
1452.000000	0.951057
1452.100000	1.007692
1452.200000	1.059541
1452.300000	1.105612
1452.400000	1.144973
1452.500000	1.176777
1452.600000	1.200281
1452.700000	1.214866
1452.800000	1.220051
1452.900000	1.215505
1453.000000	1.201057
1453.100000	1.176699
1453.200000	1.142591
1453.300000	1.099058
1453.400000	1.046582
1453.500000	0.985794
1453.600000	0.917460
1453.700000	0.842466
1453.800000	0.761801
1453.900000	0.676533
1454.000000	0.587785
1454.100000	0.496718
1454.200000	0.404499
1454.300000	0.312282
1454.400000	0.221178
1454.500000	0.132240
1454.600000	0.046436
1454.700000	-0.035370
1454.800000	-0.112431
1454.900000	-0.184132
1455.000000	-0.250000
1455.100000	-0.309713
1455.200000	-0.363097
1455.300000	-0.410133
1455.400000	-0.450944
1455.500000	-0.485794
1455.600000	-0.515071
1455.700000	-0.539277
1455.800000	-0.559008
1455.900000	-0.574935
1456.000000	-0.587785
1456.100000	-0.598315
1456.200000	-0.607293
1456.300000	-0.615471
1456.400000	-0.623567
1456.500000	-0.632240
1456.600000	-0.642074
1456.700000	-0.653555
1456.800000	-0.667063
1456.900000	-0.682854
1457.000000	-0.701057
1457.100000	-0.721661
1457.200000	-0.744523
1457.300000	-0.769363
1457.400000	-0.795772
1457.500000	-0.823223
1457.600000	-0.851080
1457.700000	-0.878617
1457.800000	-0.905033
1457.900000	-0.929475
1458.000000	-0.951057
1458.100000	-0.968885
1458.200000	-0.982081
1458.300000	-0.989804
1458.400000	-0.991274
1458.500000	-0.985794
1458.600000	-0.972767
1458.700000	-0.951720
1458.800000	-0.922311
1458.900000	-0.884346
1459.000000	-0.837785
1459.100000	-0.782749
1459.200000	-0.719518
1459.300000	-0.648531
1459.400000	-0.570379
1459.500000	-0.485794
1459.600000	-0.395636
1459.700000	-0.300879
1459.800000	-0.202587
1459.900000	-0.101899
1460.000000	-0.000000
1460.100000	0.101899
1460.200000	0.202587
1460.300000	0.300879
1460.400000	0.395636
1460.500000	0.485794
1460.600000	0.570379
1460.700000	0.648531
1460.800000	0.719518
1460.900000	0.782749
1461.000000	0.837785
1461.100000	0.884346
1461.200000	0.922311
1461.300000	0.951720
1461.400000	0.972767
1461.500000	0.985794
1461.600000	0.991274
1461.700000	0.989804
1461.800000	0.982081
1461.900000	0.968885
1462.000000	0.951057
1462.100000	0.929475
1462.200000	0.905033
1462.300000	0.878617
1462.400000	0.851080
1462.500000	0.823223
1462.600000	0.795772
1462.700000	0.769363
1462.800000	0.744523
1462.900000	0.721661
1463.000000	0.701057
1463.100000	0.682854
1463.200000	0.667063
1463.300000	0.653555
1463.400000	0.642074
1463.500000	0.632240
1463.600000	0.623567
1463.700000	0.615471
1463.800000	0.607293
1463.900000	0.598315
1464.000000	0.587785
1464.100000	0.574935
1464.200000	0.559008
1464.300000	0.539277
1464.400000	0.515071
1464.500000	0.485794
1464.600000	0.450944
1464.700000	0.410133
1464.800000	0.363097
1464.900000	0.309713
1465.000000	0.250000
1465.100000	0.184132
1465.200000	0.112431
1465.300000	0.035370
1465.400000	-0.046436
1465.500000	-0.132240
1465.600000	-0.221178
1465.700000	-0.312282
1465.800000	-0.404499
1465.900000	-0.496718
1466.000000	-0.587785
1466.100000	-0.676533
1466.200000	-0.761801
1466.300000	-0.842466
1466.400000	-0.917460
1466.500000	-0.985794
1466.600000	-1.046582
1466.700000	-1.099058
1466.800000	-1.142591
1466.900000	-1.176699
1467.000000	-1.201057
1467.100000	-1.215505
1467.200000	-1.220051
1467.300000	-1.214866
1467.400000	-1.200281
1467.500000	-1.176777
1467.600000	-1.144973
1467.700000	-1.105612
1467.800000	-1.059541
1467.900000	-1.007692
1468.000000	-0.951057
1468.100000	-0.890668
1468.200000	-0.827573
1468.300000	-0.762809
1468.400000	-0.697382
1468.500000	-0.632240
1468.600000	-0.568259
1468.700000	-0.506217
1468.800000	-0.446783
1468.900000	-0.390502
1469.000000	-0.337785
1469.100000	-0.288905
1469.200000	-0.243990
1469.300000	-0.203028
1469.400000	-0.165870
1469.500000	-0.132240
1469.600000	-0.101744
1469.700000	-0.073884
1469.800000	-0.048079
1469.900000	-0.023682
1470.000000	-0.000000
1470.100000	0.023682
1470.200000	0.048079
1470.300000	0.073884
1470.400000	0.101744
1470.500000	0.132240
1470.600000	0.165870
1470.700000	0.203028
1470.800000	0.243990
1470.900000	0.288905
1471.000000	0.337785
1471.100000	0.390502
1471.200000	0.446783
1471.300000	0.506217
1471.400000	0.568259
1471.500000	0.632240
1471.600000	0.697382
1471.700000	0.762809
1471.800000	0.827573
1471.900000	0.890668
1472.000000	0.951057
1472.100000	1.007692
1472.200000	1.059541
1472.300000	1.105612
1472.400000	1.144973
1472.500000	1.176777
1472.600000	1.200281
1472.700000	1.214866
1472.800000	1.220051
1472.900000	1.215505
1473.000000	1.201057
1473.100000	1.176699
1473.200000	1.142591
1473.300000	1.099058
1473.400000	1.046582
1473.500000	0.985794
1473.600000	0.917460
1473.700000	0.842466
1473.800000	0.761801
1473.900000	0.676533
1474.000000	0.587785
1474.100000	0.496718
1474.200000	0.404499
1474.300000	0.312282
1474.400000	0.221178
1474.500000	0.132240
1474.600000	0.046436
1474.700000	-0.035370
1474.800000	-0.112431
1474.900000	-0.184132
1475.000000	-0.250000
1475.100000	-0.309713
1475.200000	-0.363097
1475.300000	-0.410133
1475.400000	-0.450944
1475.500000	-0.485794
1475.600000	-0.515071
1475.700000	-0.539277
1475.800000	-0.559008
1475.900000	-0.574935
1476.000000	-0.587785
1476.100000	-0.598315
1476.200000	-0.607293
1476.300000	-0.615471
1476.400000	-0.623567
1476.500000	-0.632240
1476.600000	-0.642074
1476.700000	-0.653555
1476.800000	-0.667063
1476.900000	-0.682854
1477.000000	-0.701057
1477.100000	-0.721661
1477.200000	-0.744523
1477.300000	-0.769363
1477.400000	-0.795772
1477.500000	-0.823223
1477.600000	-0.851080
1477.700000	-0.878617
1477.800000	-0.905033
1477.900000	-0.929475
1478.000000	-0.951057
1478.100000	-0.968885
1478.200000	-0.982081
1478.300000	-0.989804
1478.400000	-0.991274
1478.500000	-0.985794
1478.600000	-0.972767
1478.700000	-0.951720
1478.800000	-0.922311
1478.900000	-0.884346
1479.000000	-0.837785
1479.100000	-0.782749
1479.200000	-0.719518
1479.300000	-0.648531
1479.400000	-0.570379
1479.500000	-0.485794
1479.600000	-0.395636
1479.700000	-0.300879
1479.800000	-0.202587
1479.900000	-0.101899
1480.000000	-0.000000
1480.100000	0.101899
1480.200000	0.202587
1480.300000	0.300879
1480.400000	0.395636
1480.500000	0.485794
1480.600000	0.570379
1480.700000	0.648531
1480.800000	0.719518
1480.900000	0.782749
1481.000000	0.837785
1481.100000	0.884346
1481.200000	0.922311
1481.300000	0.951720
1481.400000	0.972767
1481.500000	0.985794
1481.600000	0.991274
1481.700000	0.989804
1481.800000	0.982081
1481.900000	0.968885
1482.000000	0.951057
1482.100000	0.929475
1482.200000	0.905033
1482.300000	0.878617
1482.400000	0.851080
1482.500000	0.823223
1482.600000	0.795772
1482.700000	0.769363
1482.800000	0.744523
1482.900000	0.721661
1483.000000	0.701057
1483.100000	0.682854
1483.200000	0.667063
1483.300000	0.653555
1483.400000	0.642074
1483.500000	0.632240
1483.600000	0.623567
1483.700000	0.615471
1483.800000	0.607293
1483.900000	0.598315
1484.000000	0.587785
1484.100000	0.574935
1484.200000	0.559008
1484.300000	0.539277
1484.400000	0.515071
1484.500000	0.485794
1484.600000	0.450944
1484.700000	0.410133
1484.800000	0.363097
1484.900000	0.309713
1485.000000	0.250000
1485.100000	0.184132
1485.200000	0.112431
1485.300000	0.035370
1485.400000	-0.046436
1485.500000	-0.132240
1485.600000	-0.221178
1485.700000	-0.312282
1485.800000	-0.404499
1485.900000	-0.496718
1486.000000	-0.587785
1486.100000	-0.676533
1486.200000	-0.761801
1486.300000	-0.842466
1486.400000	-0.917460
1486.500000	-0.985794
1486.600000	-1.046582
1486.700000	-1.099058
1486.800000	-1.142591
1486.900000	-1.176699
1487.000000	-1.201057
1487.100000	-1.215505
1487.200000	-1.220051
1487.300000	-1.214866
1487.400000	-1.200281
1487.500000	-1.176777
1487.600000	-1.144973
1487.700000	-1.105612
1487.800000	-1.059541
1487.900000	-1.007692
1488.000000	-0.951057
1488.100000	-0.890668
1488.200000	-0.827573
1488.300000	-0.762809
1488.400000	-0.697382
1488.500000	-0.632240
1488.600000	-0.568259
1488.700000	-0.506217
1488.800000	-0.446783
1488.900000	-0.390502
1489.000000	-0.337785
1489.100000	-0.288905
1489.200000	-0.243990
1489.300000	-0.203028
1489.400000	-0.165870
1489.500000	-0.132240
1489.600000	-0.101744
1489.700000	-0.073884
1489.800000	-0.048079
1489.900000	-0.023682
1490.000000	-0.000000
1490.100000	0.023682
1490.200000	0.048079
1490.300000	0.073884
1490.400000	0.101744
1490.500000	0.132240
1490.600000	0.165870
1490.700000	0.203028
1490.800000	0.243990
1490.900000	0.288905
1491.000000	0.337785
1491.100000	0.390502
1491.200000	0.446783
1491.300000	0.506217
1491.400000	0.568259
1491.500000	0.632240
1491.600000	0.697382
1491.700000	0.762809
1491.800000	0.827573
1491.900000	0.890668
1492.000000	0.951057
1492.100000	1.007692
1492.200000	1.059541
1492.300000	1.105612
1492.400000	1.144973
1492.500000	1.176777
1492.600000	1.200281
1492.700000	1.214866
1492.800000	1.220051
1492.900000	1.215505
1493.000000	1.201057
1493.100000	1.176699
1493.200000	1.142591
1493.300000	1.099058
1493.400000	1.046582
1493.500000	0.985794
1493.600000	0.917460
1493.700000	0.842466
1493.800000	0.761801
1493.900000	0.676533
1494.000000	0.587785
1494.100000	0.496718
1494.200000	0.404499
1494.300000	0.312282
1494.400000	0.221178
1494.500000	0.132240
1494.600000	0.046436
1494.700000	-0.035370
1494.800000	-0.112431
1494.900000	-0.184132
1495.000000	-0.250000
1495.100000	-0.309713
1495.200000	-0.363097
1495.300000	-0.410133
1495.400000	-0.450944
1495.500000	-0.485794
1495.600000	-0.515071
1495.700000	-0.539277
1495.800000	-0.559008
1495.900000	-0.574935
1496.000000	-0.587785
1496.100000	-0.598315
1496.200000	-0.607293
1496.300000	-0.615471
1496.400000	-0.623567
1496.500000	-0.632240
1496.600000	-0.642074
1496.700000	-0.653555
1496.800000	-0.667063
1496.900000	-0.682854
1497.000000	-0.701057
1497.100000	-0.721661
1497.200000	-0.744523
1497.300000	-0.769363
1497.400000	-0.795772
1497.500000	-0.823223
1497.600000	-0.851080
1497.700000	-0.878617
1497.800000	-0.905033
1497.900000	-0.929475
1498.000000	-0.951057
1498.100000	-0.968885
1498.200000	-0.982081
1498.300000	-0.989804
1498.400000	-0.991274
1498.500000	-0.985794
1498.600000	-0.972767
1498.700000	-0.951720
1498.800000	-0.922311
1498.900000	-0.884346
1499.000000	-0.837785
1499.100000	-0.782749
1499.200000	-0.719518
1499.300000	-0.648531
1499.400000	-0.570379
1499.500000	-0.485794
1499.600000	-0.395636
1499.700000	-0.300879
1499.800000	-0.202587
1499.900000	-0.101899
1500.000000	-0.000000
1500.100000	0.101899
1500.200000	0.202587
1500.300000	0.300879
1500.400000	0.395636
1500.500000	0.485794
1500.600000	0.570379
1500.700000	0.648531
1500.800000	0.719518
1500.900000	0.782749
1501.000000	0.837785
1501.100000	0.884346
1501.200000	0.922311
1501.300000	0.951720
1501.400000	0.972767
1501.500000	0.985794
1501.600000	0.991274
1501.700000	0.989804
1501.800000	0.982081
1501.900000	0.968885
1502.000000	0.951057
1502.100000	0.929475
1502.200000	0.905033
1502.300000	0.878617
1502.400000	0.851080
1502.500000	0.823223
1502.600000	0.795772
1502.700000	0.769363
1502.800000	0.744523
1502.900000	0.721661
1503.000000	0.701057
1503.100000	0.682854
1503.200000	0.667063
1503.300000	0.653555
1503.400000	0.642074
1503.500000	0.632240
1503.600000	0.623567
1503.700000	0.615471
1503.800000	0.607293
1503.900000	0.598315
1504.000000	0.587785
1504.100000	0.574935
1504.200000	0.559008
1504.300000	0.539277
1504.400000	0.515071
1504.500000	0.485794
1504.600000	0.450944
1504.700000	0.410133
1504.800000	0.363097
1504.900000	0.309713
1505.000000	0.250000
1505.100000	0.184132
1505.200000	0.112431
1505.300000	0.035370
1505.400000	-0.046436
1505.500000	-0.132240
1505.600000	-0.221178
1505.700000	-0.312282
1505.800000	-0.404499
1505.900000	-0.496718
1506.000000	-0.587785
1506.100000	-0.676533
1506.200000	-0.761801
1506.300000	-0.842466
1506.400000	-0.917460
1506.500000	-0.985794
1506.600000	-1.046582
1506.700000	-1.099058
1506.800000	-1.142591
1506.900000	-1.176699
1507.000000	-1.201057
1507.100000	-1.215505
1507.200000	-1.220051
1507.300000	-1.214866
1507.400000	-1.200281
1507.500000	-1.176777
1507.600000	-1.144973
1507.700000	-1.105612
1507.800000	-1.059541
1507.900000	-1.007692
1508.000000	-0.951057
1508.100000	-0.890668
1508.200000	-0.827573
1508.300000	-0.762809
1508.400000	-0.697382
1508.500000	-0.632240
1508.600000	-0.568259
1508.700000	-0.506217
1508.800000	-0.446783
1508.900000	-0.390502
1509.000000	-0.337785
1509.100000	-0.288905
1509.200000	-0.243990
1509.300000	-0.203028
1509.400000	-0.165870
1509.500000	-0.132240
1509.600000	-0.101744
1509.700000	-0.073884
1509.800000	-0.048079
1509.900000	-0.023682
1510.000000	-0.000000
1510.100000	0.023682
1510.200000	0.048079
1510.300000	0.073884
1510.400000	0.101744
1510.500000	0.132240
1510.600000	0.165870
1510.700000	0.203028
1510.800000	0.243990
1510.900000	0.288905
1511.000000	0.337785
1511.100000	0.390502
1511.200000	0.446783
1511.300000	0.506217
1511.400000	0.568259
1511.500000	0.632240
1511.600000	0.697382
1511.700000	0.762809
1511.800000	0.827573
1511.900000	0.890668
1512.000000	0.951057
1512.100000	1.007692
1512.200000	1.059541
1512.300000	1.105612
1512.400000	1.144973
1512.500000	1.176777
1512.600000	1.200281
1512.700000	1.214866
1512.800000	1.220051
1512.900000	1.215505
1513.000000	1.201057
1513.100000	1.176699
1513.200000	1.142591
1513.300000	1.099058
1513.400000	1.046582
1513.500000	0.985794
1513.600000	0.917460
1513.700000	0.842466
1513.800000	0.761801
1513.900000	0.676533
1514.000000	0.587785
1514.100000	0.496718
1514.200000	0.404499
1514.300000	0.312282
1514.400000	0.221178
1514.500000	0.132240
1514.600000	0.046436
1514.700000	-0.035370
1514.800000	-0.112431
1514.900000	-0.184132
1515.000000	-0.250000
1515.100000	-0.309713
1515.200000	-0.363097
1515.300000	-0.410133
1515.400000	-0.450944
1515.500000	-0.485794
1515.600000	-0.515071
1515.700000	-0.539277
1515.800000	-0.559008
1515.900000	-0.574935
1516.000000	-0.587785
1516.100000	-0.598315
1516.200000	-0.607293
1516.300000	-0.615471
1516.400000	-0.623567
1516.500000	-0.632240
1516.600000	-0.642074
1516.700000	-0.653555
1516.800000	-0.667063
1516.900000	-0.682854
1517.000000	-0.701057
1517.100000	-0.721661
1517.200000	-0.744523
1517.300000	-0.769363
1517.400000	-0.795772
1517.500000	-0.823223
1517.600000	-0.851080
1517.700000	-0.878617
1517.800000	-0.905033
1517.900000	-0.929475
1518.000000	-0.951057
1518.100000	-0.968885
1518.200000	-0.982081
1518.300000	-0.989804
1518.400000	-0.991274
1518.500000	-0.985794
1518.600000	-0.972767
1518.700000	-0.951720
1518.800000	-0.922311
1518.900000	-0.884346
1519.000000	-0.837785
1519.100000	-0.782749
1519.200000	-0.719518
1519.300000	-0.648531
1519.400000	-0.570379
1519.500000	-0.485794
1519.600000	-0.395636
1519.700000	-0.300879
1519.800000	-0.202587
1519.900000	-0.101899
1520.000000	-0.000000
1520.100000	0.101899
1520.200000	0.202587
1520.300000	0.300879
1520.400000	0.395636
1520.500000	0.485794
1520.600000	0.570379
1520.700000	0.648531
1520.800000	0.719518
1520.900000	0.782749
1521.000000	0.837785
1521.100000	0.884346
1521.200000	0.922311
1521.300000	0.951720
1521.400000	0.972767
1521.500000	0.985794
1521.600000	0.991274
1521.700000	0.989804
1521.800000	0.982081
1521.900000	0.968885
1522.000000	0.951057
1522.100000	0.929475
1522.200000	0.905033
1522.300000	0.878617
1522.400000	0.851080
1522.500000	0.823223
1522.600000	0.795772
1522.700000	0.769363
1522.800000	0.744523
1522.900000	0.721661
1523.000000	0.701057
1523.100000	0.682854
1523.200000	0.667063
1523.300000	0.653555
1523.400000	0.642074
1523.500000	0.632240
1523.600000	0.623567
1523.700000	0.615471
1523.800000	0.607293
1523.900000	0.598315
1524.000000	0.587785
1524.100000	0.574935
1524.200000	0.559008
1524.300000	0.539277
1524.400000	0.515071
1524.500000	0.485794
1524.600000	0.450944
1524.700000	0.410133
1524.800000	0.363097
1524.900000	0.309713
1525.000000	0.250000
1525.100000	0.184132
1525.200000	0.112431
1525.300000	0.035370
1525.400000	-0.046436
1525.500000	-0.132240
1525.600000	-0.221178
1525.700000	-0.312282
1525.800000	-0.404499
1525.900000	-0.496718
1526.000000	-0.587785
1526.100000	-0.676533
1526.200000	-0.761801
1526.300000	-0.842466
1526.400000	-0.917460
1526.500000	-0.985794
1526.600000	-1.046582
1526.700000	-1.099058
1526.800000	-1.142591
1526.900000	-1.176699
1527.000000	-1.201057
1527.100000	-1.215505
1527.200000	-1.220051
1527.300000	-1.214866
1527.400000	-1.200281
1527.500000	-1.176777
1527.600000	-1.144973
1527.700000	-1.105612
1527.800000	-1.059541
1527.900000	-1.007692
1528.000000	-0.951057
1528.100000	-0.890668
1528.200000	-0.827573
1528.300000	-0.762809
1528.400000	-0.697382
1528.500000	-0.632240
1528.600000	-0.568259
1528.700000	-0.506217
1528.800000	-0.446783
1528.900000	-0.390502
1529.000000	-0.337785
1529.100000	-0.288905
1529.200000	-0.243990
1529.300000	-0.203028
1529.400000	-0.165870
1529.500000	-0.132240
1529.600000	-0.101744
1529.700000	-0.073884
1529.800000	-0.048079
1529.900000	-0.023682
1530.000000	-0.000000
1530.100000	0.023682
1530.200000	0.048079
1530.300000	0.073884
1530.400000	0.101744
1530.500000	0.132240
1530.600000	0.165870
1530.700000	0.203028
1530.800000	0.243990
1530.900000	0.288905
1531.000000	0.337785
1531.100000	0.390502
1531.200000	0.446783
1531.300000	0.506217
1531.400000	0.568259
1531.500000	0.632240
1531.600000	0.697382
1531.700000	0.762809
1531.800000	0.827573
1531.900000	0.890668
1532.000000	0.951057
1532.100000	1.007692
1532.200000	1.059541
1532.300000	1.105612
1532.400000	1.144973
1532.500000	1.176777
1532.600000	1.200281
1532.700000	1.214866
1532.800000	1.220051
1532.900000	1.215505
1533.000000	1.201057
1533.100000	1.176699
1533.200000	1.142591
1533.300000	1.099058
1533.400000	1.046582
1533.500000	0.985794
1533.600000	0.917460
1533.700000	0.842466
1533.800000	0.761801
1533.900000	0.676533
1534.000000	0.587785
1534.100000	0.496718
1534.200000	0.404499
1534.300000	0.312282
1534.400000	0.221178
1534.500000	0.132240
1534.600000	0.046436
1534.700000	-0.035370
1534.800000	-0.112431
1534.900000	-0.184132
1535.000000	-0.250000
1535.100000	-0.309713
1535.200000	-0.363097
1535.300000	-0.410133
1535.400000	-0.450944
1535.500000	-0.485794
1535.600000	-0.515071
1535.700000	-0.539277
1535.800000	-0.559008
1535.900000	-0.574935
1536.000000	-0.587785
1536.100000	-0.598315
1536.200000	-0.607293
1536.300000	-0.615471
1536.400000	-0.623567
1536.500000	-0.632240
1536.600000	-0.642074
1536.700000	-0.653555
1536.800000	-0.667063
1536.900000	-0.682854
1537.000000	-0.701057
1537.100000	-0.721661
1537.200000	-0.744523
1537.300000	-0.769363
1537.400000	-0.795772
1537.500000	-0.823223
1537.600000	-0.851080
1537.700000	-0.878617
1537.800000	-0.905033
1537.900000	-0.929475
1538.000000	-0.951057
1538.100000	-0.968885
1538.200000	-0.982081
1538.300000	-0.989804
1538.400000	-0.991274
1538.500000	-0.985794
1538.600000	-0.972767
1538.700000	-0.951720
1538.800000	-0.922311
1538.900000	-0.884346
1539.000000	-0.837785
1539.100000	-0.782749
1539.200000	-0.719518
1539.300000	-0.648531
1539.400000	-0.570379
1539.500000	-0.485794
1539.600000	-0.395636
1539.700000	-0.300879
1539.800000	-0.202587
1539.900000	-0.101899
1540.000000	-0.000000
1540.100000	0.101899
1540.200000	0.202587
1540.300000	0.300879
1540.400000	0.395636
1540.500000	0.485794
1540.600000	0.570379
1540.700000	0.648531
1540.800000	0.719518
1540.900000	0.782749
1541.000000	0.837785
1541.100000	0.884346
1541.200000	0.922311
1541.300000	0.951720
1541.400000	0.972767
1541.500000	0.985794
1541.600000	0.991274
1541.700000	0.989804
1541.800000	0.982081
1541.900000	0.968885
1542.000000	0.951057
1542.100000	0.929475
1542.200000	0.905033
1542.300000	0.878617
1542.400000	0.851080
1542.500000	0.823223
1542.600000	0.795772
1542.700000	0.769363
1542.800000	0.744523
1542.900000	0.721661
1543.000000	0.701057
1543.100000	0.682854
1543.200000	0.667063
1543.300000	0.653555
1543.400000	0.642074
1543.500000	0.632240
1543.600000	0.623567
1543.700000	0.615471
1543.800000	0.607293
1543.900000	0.598315
1544.000000	0.587785
1544.100000	0.574935
1544.200000	0.559008
1544.300000	0.539277
1544.400000	0.515071
1544.500000	0.485794
1544.600000	0.450944
1544.700000	0.410133
1544.800000	0.363097
1544.900000	0.309713
1545.000000	0.250000
1545.100000	0.184132
1545.200000	0.112431
1545.300000	0.035370
1545.400000	-0.046436
1545.500000	-0.132240
1545.600000	-0.221178
1545.700000	-0.312282
1545.800000	-0.404499
1545.900000	-0.496718
1546.000000	-0.587785
1546.100000	-0.676533
1546.200000	-0.761801
1546.300000	-0.842466
1546.400000	-0.917460
1546.500000	-0.985794
1546.600000	-1.046582
1546.700000	-1.099058
1546.800000	-1.142591
1546.900000	-1.176699
1547.000000	-1.201057
1547.100000	-1.215505
1547.200000	-1.220051
1547.300000	-1.214866
1547.400000	-1.200281
1547.500000	-1.176777
1547.600000	-1.144973
1547.700000	-1.105612
1547.800000	-1.059541
1547.900000	-1.007692
1548.000000	-0.951057
1548.100000	-0.890668
1548.200000	-0.827573
1548.300000	-0.762809
1548.400000	-0.697382
1548.500000	-0.632240
1548.600000	-0.568259
1548.700000	-0.506217
1548.800000	-0.446783
1548.900000	-0.390502
1549.000000	-0.337785
1549.100000	-0.288905
1549.200000	-0.243990
1549.300000	-0.203028
1549.400000	-0.165870
1549.500000	-0.132240
1549.600000	-0.101744
1549.700000	-0.073884
1549.800000	-0.048079
1549.900000	-0.023682
1550.000000	-0.000000
1550.100000	0.023682
1550.200000	0.048079
1550.300000	0.073884
1550.400000	0.101744
1550.500000	0.132240
1550.600000	0.165870
1550.700000	0.203028
1550.800000	0.243990
1550.900000	0.288905
1551.000000	0.337785
1551.100000	0.390502
1551.200000	0.446783
1551.300000	0.506217
1551.400000	0.568259
1551.500000	0.632240
1551.600000	0.697382
1551.700000	0.762809
1551.800000	0.827573
1551.900000	0.890668
1552.000000	0.951057
1552.100000	1.007692
1552.200000	1.059541
1552.300000	1.105612
1552.400000	1.144973
1552.500000	1.176777
1552.600000	1.200281
1552.700000	1.214866
1552.800000	1.220051
1552.900000	1.215505
1553.000000	1.201057
1553.100000	1.176699
1553.200000	1.142591
1553.300000	1.099058
1553.400000	1.046582
1553.500000	0.985794
1553.600000	0.917460
1553.700000	0.842466
1553.800000	0.761801
1553.900000	0.676533
1554.000000	0.587785
1554.100000	0.496718
1554.200000	0.404499
1554.300000	0.312282
1554.400000	0.221178
1554.500000	0.132240
1554.600000	0.046436
1554.700000	-0.035370
1554.800000	-0.112431
1554.900000	-0.184132
1555.000000	-0.250000
1555.100000	-0.309713
1555.200000	-0.363097
1555.300000	-0.410133
1555.400000	-0.450944
1555.500000	-0.485794
1555.600000	-0.515071
1555.700000	-0.539277
1555.800000	-0.559008
1555.900000	-0.574935
1556.000000	-0.587785
1556.100000	-0.598315
1556.200000	-0.607293
1556.300000	-0.615471
1556.400000	-0.623567
1556.500000	-0.632240
1556.600000	-0.642074
1556.700000	-0.653555
1556.800000	-0.667063
1556.900000	-0.682854
1557.000000	-0.701057
1557.100000	-0.721661
1557.200000	-0.744523
1557.300000	-0.769363
1557.400000	-0.795772
1557.500000	-0.823223
1557.600000	-0.851080
1557.700000	-0.878617
1557.800000	-0.905033
1557.900000	-0.929475
1558.000000	-0.951057
1558.100000	-0.968885
1558.200000	-0.982081
1558.300000	-0.989804
1558.400000	-0.991274
1558.500000	-0.985794
1558.600000	-0.972767
1558.700000	-0.951720
1558.800000	-0.922311
1558.900000	-0.884346
1559.000000	-0.837785
1559.100000	-0.782749
1559.200000	-0.719518
1559.300000	-0.648531
1559.400000	-0.570379
1559.500000	-0.485794
1559.600000	-0.395636
1559.700000	-0.300879
1559.800000	-0.202587
1559.900000	-0.101899
1560.000000	-0.000000
1560.100000	0.101899
1560.200000	0.202587
1560.300000	0.300879
1560.400000	0.395636
1560.500000	0.485794
1560.600000	0.570379
1560.700000	0.648531
1560.800000	0.719518
1560.900000	0.782749
1561.000000	0.837785
1561.100000	0.884346
1561.200000	0.922311
1561.300000	0.951720
1561.400000	0.972767
1561.500000	0.985794
1561.600000	0.991274
1561.700000	0.989804
1561.800000	0.982081
1561.900000	0.968885
1562.000000	0.951057
1562.100000	0.929475
1562.200000	0.905033
1562.300000	0.878617
1562.400000	0.851080
1562.500000	0.823223
1562.600000	0.795772
1562.700000	0.769363
1562.800000	0.744523
1562.900000	0.721661
1563.000000	0.701057
1563.100000	0.682854
1563.200000	0.667063
1563.300000	0.653555
1563.400000	0.642074
1563.500000	0.632240
1563.600000	0.623567
1563.700000	0.615471
1563.800000	0.607293
1563.900000	0.598315
1564.000000	0.587785
1564.100000	0.574935
1564.200000	0.559008
1564.300000	0.539277
1564.400000	0.515071
1564.500000	0.485794
1564.600000	0.450944
1564.700000	0.410133
1564.800000	0.363097
1564.900000	0.309713
1565.000000	0.250000
1565.100000	0.184132
1565.200000	0.112431
1565.300000	0.035370
1565.400000	-0.046436
1565.500000	-0.132240
1565.600000	-0.221178
1565.700000	-0.312282
1565.800000	-0.404499
1565.900000	-0.496718
1566.000000	-0.587785
1566.100000	-0.676533
1566.200000	-0.761801
1566.300000	-0.842466
1566.400000	-0.917460
1566.500000	-0.985794
1566.600000	-1.046582
1566.700000	-1.099058
1566.800000	-1.142591
1566.900000	-1.176699
1567.000000	-1.201057
1567.100000	-1.215505
1567.200000	-1.220051
1567.300000	-1.214866
1567.400000	-1.200281
1567.500000	-1.176777
1567.600000	-1.144973
1567.700000	-1.105612
1567.800000	-1.059541
1567.900000	-1.007692
1568.000000	-0.951057
1568.100000	-0.890668
1568.200000	-0.827573
1568.300000	-0.762809
1568.400000	-0.697382
1568.500000	-0.632240
1568.600000	-0.568259
1568.700000	-0.506217
1568.800000	-0.446783
1568.900000	-0.390502
1569.000000	-0.337785
1569.100000	-0.288905
1569.200000	-0.243990
1569.300000	-0.203028
1569.400000	-0.165870
1569.500000	-0.132240
1569.600000	-0.101744
1569.700000	-0.073884
1569.800000	-0.048079
1569.900000	-0.023682
1570.000000	-0.000000
1570.100000	0.023682
1570.200000	0.048079
1570.300000	0.073884
1570.400000	0.101744
1570.500000	0.132240
1570.600000	0.165870
1570.700000	0.203028
1570.800000	0.243990
1570.900000	0.288905
1571.000000	0.337785
1571.100000	0.390502
1571.200000	0.446783
1571.300000	0.506217
1571.400000	0.568259
1571.500000	0.632240
1571.600000	0.697382
1571.700000	0.762809
1571.800000	0.827573
1571.900000	0.890668
1572.000000	0.951057
1572.100000	1.007692
1572.200000	1.059541
1572.300000	1.105612
1572.400000	1.144973
1572.500000	1.176777
1572.600000	1.200281
1572.700000	1.214866
1572.800000	1.220051
1572.900000	1.215505
1573.000000	1.201057
1573.100000	1.176699
1573.200000	1.142591
1573.300000	1.099058
1573.400000	1.046582
1573.500000	0.985794
1573.600000	0.917460
1573.700000	0.842466
1573.800000	0.761801
1573.900000	0.676533
1574.000000	0.587785
1574.100000	0.496718
1574.200000	0.404499
1574.300000	0.312282
1574.400000	0.221178
1574.500000	0.132240
1574.600000	0.046436
1574.700000	-0.035370
1574.800000	-0.112431
1574.900000	-0.184132
1575.000000	-0.250000
1575.100000	-0.309713
1575.200000	-0.363097
1575.300000	-0.410133
1575.400000	-0.450944
1575.500000	-0.485794
1575.600000	-0.515071
1575.700000	-0.539277
1575.800000	-0.559008
1575.900000	-0.574935
1576.000000	-0.587785
1576.100000	-0.598315
1576.200000	-0.607293
1576.300000	-0.615471
1576.400000	-0.623567
1576.500000	-0.632240
1576.600000	-0.642074
1576.700000	-0.653555
1576.800000	-0.667063
1576.900000	-0.682854
1577.000000	-0.701057
1577.100000	-0.721661
1577.200000	-0.744523
1577.300000	-0.769363
1577.400000	-0.795772
1577.500000	-0.823223
1577.600000	-0.851080
1577.700000	-0.878617
1577.800000	-0.905033
1577.900000	-0.929475
1578.000000	-0.951057
1578.100000	-0.968885
1578.200000	-0.982081
1578.300000	-0.989804
1578.400000	-0.991274
1578.500000	-0.985794
1578.600000	-0.972767
1578.700000	-0.951720
1578.800000	-0.922311
1578.900000	-0.884346
1579.000000	-0.837785
1579.100000	-0.782749
1579.200000	-0.719518
1579.300000	-0.648531
1579.400000	-0.570379
1579.500000	-0.485794
1579.600000	-0.395636
1579.700000	-0.300879
1579.800000	-0.202587
1579.900000	-0.101899
1580.000000	-0.000000
1580.100000	0.101899
1580.200000	0.202587
1580.300000	0.300879
1580.400000	0.395636
1580.500000	0.485794
1580.600000	0.570379
1580.700000	0.648531
1580.800000	0.719518
1580.900000	0.782749
1581.000000	0.837785
1581.100000	0.884346
1581.200000	0.922311
1581.300000	0.951720
1581.400000	0.972767
1581.500000	0.985794
1581.600000	0.991274
1581.700000	0.989804
1581.800000	0.982081
1581.900000	0.968885
1582.000000	0.951057
1582.100000	0.929475
1582.200000	0.905033
1582.300000	0.878617
1582.400000	0.851080
1582.500000	0.823223
1582.600000	0.795772
1582.700000	0.769363
1582.800000	0.744523
1582.900000	0.721661
1583.000000	0.701057
1583.100000	0.682854
1583.200000	0.667063
1583.300000	0.653555
1583.400000	0.642074
1583.500000	0.632240
1583.600000	0.623567
1583.700000	0.615471
1583.800000	0.607293
1583.900000	0.598315
1584.000000	0.587785
1584.100000	0.574935
1584.200000	0.559008
1584.300000	0.539277
1584.400000	0.515071
1584.500000	0.485794
1584.600000	0.450944
1584.700000	0.410133
1584.800000	0.363097
1584.900000	0.309713
1585.000000	0.250000
1585.100000	0.184132
1585.200000	0.112431
1585.300000	0.035370
1585.400000	-0.046436
1585.500000	-0.132240
1585.600000	-0.221178
1585.700000	-0.312282
1585.800000	-0.404499
1585.900000	-0.496718
1586.000000	-0.587785
1586.100000	-0.676533
1586.200000	-0.761801
1586.300000	-0.842466
1586.400000	-0.917460
1586.500000	-0.985794
1586.600000	-1.046582
1586.700000	-1.099058
1586.800000	-1.142591
1586.900000	-1.176699
1587.000000	-1.201057
1587.100000	-1.215505
1587.200000	-1.220051
1587.300000	-1.214866
1587.400000	-1.200281
1587.500000	-1.176777
1587.600000	-1.144973
1587.700000	-1.105612
1587.800000	-1.059541
1587.900000	-1.007692
1588.000000	-0.951057
1588.100000	-0.890668
1588.200000	-0.827573
1588.300000	-0.762809
1588.400000	-0.697382
1588.500000	-0.632240
1588.600000	-0.568259
1588.700000	-0.506217
1588.800000	-0.446783
1588.900000	-0.390502
1589.000000	-0.337785
1589.100000	-0.288905
1589.200000	-0.243990
1589.300000	-0.203028
1589.400000	-0.165870
1589.500000	-0.132240
1589.600000	-0.101744
1589.700000	-0.073884
1589.800000	-0.048079
1589.900000	-0.023682
1590.000000	-0.000000
1590.100000	0.023682
1590.200000	0.048079
1590.300000	0.073884
1590.400000	0.101744
1590.500000	0.132240
1590.600000	0.165870
1590.700000	0.203028
1590.800000	0.243990
1590.900000	0.288905
1591.000000	0.337785
1591.100000	0.390502
1591.200000	0.446783
1591.300000	0.506217
1591.400000	0.568259
1591.500000	0.632240
1591.600000	0.697382
1591.700000	0.762809
1591.800000	0.827573
1591.900000	0.890668
1592.000000	0.951057
1592.100000	1.007692
1592.200000	1.059541
1592.300000	1.105612
1592.400000	1.144973
1592.500000	1.176777
1592.600000	1.200281
1592.700000	1.214866
1592.800000	1.220051
1592.900000	1.215505
1593.000000	1.201057
1593.100000	1.176699
1593.200000	1.142591
1593.300000	1.099058
1593.400000	1.046582
1593.500000	0.985794
1593.600000	0.917460
1593.700000	0.842466
1593.800000	0.761801
1593.900000	0.676533
1594.000000	0.587785
1594.100000	0.496718
1594.200000	0.404499
1594.300000	0.312282
1594.400000	0.221178
1594.500000	0.132240
1594.600000	0.046436
1594.700000	-0.035370
1594.800000	-0.112431
1594.900000	-0.184132
1595.000000	-0.250000
1595.100000	-0.309713
1595.200000	-0.363097
1595.300000	-0.410133
1595.400000	-0.450944
1595.500000	-0.485794
1595.600000	-0.515071
1595.700000	-0.539277
1595.800000	-0.559008
1595.900000	-0.574935
1596.000000	-0.587785
1596.100000	-0.598315
1596.200000	-0.607293
1596.300000	-0.615471
1596.400000	-0.623567
1596.500000	-0.632240
1596.600000	-0.642074
1596.700000	-0.653555
1596.800000	-0.667063
1596.900000	-0.682854
1597.000000	-0.701057
1597.100000	-0.721661
1597.200000	-0.744523
1597.300000	-0.769363
1597.400000	-0.795772
1597.500000	-0.823223
1597.600000	-0.851080
1597.700000	-0.878617
1597.800000	-0.905033
1597.900000	-0.929475
1598.000000	-0.951057
1598.100000	-0.968885
1598.200000	-0.982081
1598.300000	-0.989804
1598.400000	-0.991274
1598.500000	-0.985794
1598.600000	-0.972767
1598.700000	-0.951720
1598.800000	-0.922311
1598.900000	-0.884346
1599.000000	-0.837785
1599.100000	-0.782749
1599.200000	-0.719518
1599.300000	-0.648531
1599.400000	-0.570379
1599.500000	-0.485794
1599.600000	-0.395636
1599.700000	-0.300879
1599.800000	-0.202587
1599.900000	-0.101899
1600.000000	-0.000000
1600.100000	0.101899
1600.200000	0.202587
1600.300000	0.300879
1600.400000	0.395636
1600.500000	0.485794
1600.600000	0.570379
1600.700000	0.648531
1600.800000	0.719518
1600.900000	0.782749
1601.000000	0.837785
1601.100000	0.884346
1601.200000	0.922311
1601.300000	0.951720
1601.400000	0.972767
1601.500000	0.985794
1601.600000	0.991274
1601.700000	0.989804
1601.800000	0.982081
1601.900000	0.968885
1602.000000	0.951057
1602.100000	0.929475
1602.200000	0.905033
1602.300000	0.878617
1602.400000	0.851080
1602.500000	0.823223
1602.600000	0.795772
1602.700000	0.769363
1602.800000	0.744523
1602.900000	0.721661
1603.000000	0.701057
1603.100000	0.682854
1603.200000	0.667063
1603.300000	0.653555
1603.400000	0.642074
1603.500000	0.632240
1603.600000	0.623567
1603.700000	0.615471
1603.800000	0.607293
1603.900000	0.598315
1604.000000	0.587785
1604.100000	0.574935
1604.200000	0.559008
1604.300000	0.539277
1604.400000	0.515071
1604.500000	0.485794
1604.600000	0.450944
1604.700000	0.410133
1604.800000	0.363097
1604.900000	0.309713
1605.000000	0.250000
1605.100000	0.184132
1605.200000	0.112431
1605.300000	0.035370
1605.400000	-0.046436
1605.500000	-0.132240
1605.600000	-0.221178
1605.700000	-0.312282
1605.800000	-0.404499
1605.900000	-0.496718
1606.000000	-0.587785
1606.100000	-0.676533
1606.200000	-0.761801
1606.300000	-0.842466
1606.400000	-0.917460
1606.500000	-0.985794
1606.600000	-1.046582
1606.700000	-1.099058
1606.800000	-1.142591
1606.900000	-1.176699
1607.000000	-1.201057
1607.100000	-1.215505
1607.200000	-1.220051
1607.300000	-1.214866
1607.400000	-1.200281
1607.500000	-1.176777
1607.600000	-1.144973
1607.700000	-1.105612
1607.800000	-1.059541
1607.900000	-1.007692
1608.000000	-0.951057
1608.100000	-0.890668
1608.200000	-0.827573
1608.300000	-0.762809
1608.400000	-0.697382
1608.500000	-0.632240
1608.600000	-0.568259
1608.700000	-0.506217
1608.800000	-0.446783
1608.900000	-0.390502
1609.000000	-0.337785
1609.100000	-0.288905
1609.200000	-0.243990
1609.300000	-0.203028
1609.400000	-0.165870
1609.500000	-0.132240
1609.600000	-0.101744
1609.700000	-0.073884
1609.800000	-0.048079
1609.900000	-0.023682
1610.000000	-0.000000
1610.100000	0.023682
1610.200000	0.048079
1610.300000	0.073884
1610.400000	0.101744
1610.500000	0.132240
1610.600000	0.165870
1610.700000	0.203028
1610.800000	0.243990
1610.900000	0.288905
1611.000000	0.337785
1611.100000	0.390502
1611.200000	0.446783
1611.300000	0.506217
1611.400000	0.568259
1611.500000	0.632240
1611.600000	0.697382
1611.700000	0.762809
1611.800000	0.827573
1611.900000	0.890668
1612.000000	0.951057
1612.100000	1.007692
1612.200000	1.059541
1612.300000	1.105612
1612.400000	1.144973
1612.500000	1.176777
1612.600000	1.200281
1612.700000	1.214866
1612.800000	1.220051
1612.900000	1.215505
1613.000000	1.201057
1613.100000	1.176699
1613.200000	1.142591
1613.300000	1.099058
1613.400000	1.046582
1613.500000	0.985794
1613.600000	0.917460
1613.700000	0.842466
1613.800000	0.761801
1613.900000	0.676533
1614.000000	0.587785
1614.100000	0.496718
1614.200000	0.404499
1614.300000	0.312282
1614.400000	0.221178
1614.500000	0.132240
1614.600000	0.046436
1614.700000	-0.035370
1614.800000	-0.112431
1614.900000	-0.184132
1615.000000	-0.250000
1615.100000	-0.309713
1615.200000	-0.363097
1615.300000	-0.410133
1615.400000	-0.450944
1615.500000	-0.485794
1615.600000	-0.515071
1615.700000	-0.539277
1615.800000	-0.559008
1615.900000	-0.574935
1616.000000	-0.587785
1616.100000	-0.598315
1616.200000	-0.607293
1616.300000	-0.615471
1616.400000	-0.623567
1616.500000	-0.632240
1616.600000	-0.642074
1616.700000	-0.653555
1616.800000	-0.667063
1616.900000	-0.682854
1617.000000	-0.701057
1617.100000	-0.721661
1617.200000	-0.744523
1617.300000	-0.769363
1617.400000	-0.795772
1617.500000	-0.823223
1617.600000	-0.851080
1617.700000	-0.878617
1617.800000	-0.905033
1617.900000	-0.929475
1618.000000	-0.951057
1618.100000	-0.968885
1618.200000	-0.982081
1618.300000	-0.989804
1618.400000	-0.991274
1618.500000	-0.985794
1618.600000	-0.972767
1618.700000	-0.951720
1618.800000	-0.922311
1618.900000	-0.884346
1619.000000	-0.837785
1619.100000	-0.782749
1619.200000	-0.719518
1619.300000	-0.648531
1619.400000	-0.570379
1619.500000	-0.485794
1619.600000	-0.395636
1619.700000	-0.300879
1619.800000	-0.202587
1619.900000	-0.101899
1620.000000	-0.000000
1620.100000	0.101899
1620.200000	0.202587
1620.300000	0.300879
1620.400000	0.395636
1620.500000	0.485794
1620.600000	0.570379
1620.700000	0.648531
1620.800000	0.719518
1620.900000	0.782749
1621.000000	0.837785
1621.100000	0.884346
1621.200000	0.922311
1621.300000	0.951720
1621.400000	0.972767
1621.500000	0.985794
1621.600000	0.991274
1621.700000	0.989804
1621.800000	0.982081
1621.900000	0.968885
1622.000000	0.951057
1622.100000	0.929475
1622.200000	0.905033
1622.300000	0.878617
1622.400000	0.851080
1622.500000	0.823223
1622.600000	0.795772
1622.700000	0.769363
1622.800000	0.744523
1622.900000	0.721661
1623.000000	0.701057
1623.100000	0.682854
1623.200000	0.667063
1623.300000	0.653555
1623.400000	0.642074
1623.500000	0.632240
1623.600000	0.623567
1623.700000	0.615471
1623.800000	0.607293
1623.900000	0.598315
1624.000000	0.587785
1624.100000	0.574935
1624.200000	0.559008
1624.300000	0.539277
1624.400000	0.515071
1624.500000	0.485794
1624.600000	0.450944
1624.700000	0.410133
1624.800000	0.363097
1624.900000	0.309713
1625.000000	0.250000
1625.100000	0.184132
1625.200000	0.112431
1625.300000	0.035370
1625.400000	-0.046436
1625.500000	-0.132240
1625.600000	-0.221178
1625.700000	-0.312282
1625.800000	-0.404499
1625.900000	-0.496718
1626.000000	-0.587785
1626.100000	-0.676533
1626.200000	-0.761801
1626.300000	-0.842466
1626.400000	-0.917460
1626.500000	-0.985794
1626.600000	-1.046582
1626.700000	-1.099058
1626.800000	-1.142591
1626.900000	-1.176699
1627.000000	-1.201057
1627.100000	-1.215505
1627.200000	-1.220051
1627.300000	-1.214866
1627.400000	-1.200281
1627.500000	-1.176777
1627.600000	-1.144973
1627.700000	-1.105612
1627.800000	-1.059541
1627.900000	-1.007692
1628.000000	-0.951057
1628.100000	-0.890668
1628.200000	-0.827573
1628.300000	-0.762809
1628.400000	-0.697382
1628.500000	-0.632240
1628.600000	-0.568259
1628.700000	-0.506217
1628.800000	-0.446783
1628.900000	-0.390502
1629.000000	-0.337785
1629.100000	-0.288905
1629.200000	-0.243990
1629.300000	-0.203028
1629.400000	-0.165870
1629.500000	-0.132240
1629.600000	-0.101744
1629.700000	-0.073884
1629.800000	-0.048079
1629.900000	-0.023682
1630.000000	-0.000000
1630.100000	0.023682
1630.200000	0.048079
1630.300000	0.073884
1630.400000	0.101744
1630.500000	0.132240
1630.600000	0.165870
1630.700000	0.203028
1630.800000	0.243990
1630.900000	0.288905
1631.000000	0.337785
1631.100000	0.390502
1631.200000	0.446783
1631.300000	0.506217
1631.400000	0.568259
1631.500000	0.632240
1631.600000	0.697382
1631.700000	0.762809
1631.800000	0.827573
1631.900000	0.890668
1632.000000	0.951057
1632.100000	1.007692
1632.200000	1.059541
1632.300000	1.105612
1632.400000	1.144973
1632.500000	1.176777
1632.600000	1.200281
1632.700000	1.214866
1632.800000	1.220051
1632.900000	1.215505
1633.000000	1.201057
1633.100000	1.176699
1633.200000	1.142591
1633.300000	1.099058
1633.400000	1.046582
1633.500000	0.985794
1633.600000	0.917460
1633.700000	0.842466
1633.800000	0.761801
1633.900000	0.676533
1634.000000	0.587785
1634.100000	0.496718
1634.200000	0.404499
1634.300000	0.312282
1634.400000	0.221178
1634.500000	0.132240
1634.600000	0.046436
1634.700000	-0.035370
1634.800000	-0.112431
1634.900000	-0.184132
1635.000000	-0.250000
1635.100000	-0.309713
1635.200000	-0.363097
1635.300000	-0.410133
1635.400000	-0.450944
1635.500000	-0.485794
1635.600000	-0.515071
1635.700000	-0.539277
1635.800000	-0.559008
1635.900000	-0.574935
1636.000000	-0.587785
1636.100000	-0.598315
1636.200000	-0.607293
1636.300000	-0.615471
1636.400000	-0.623567
1636.500000	-0.632240
1636.600000	-0.642074
1636.700000	-0.653555
1636.800000	-0.667063
1636.900000	-0.682854
1637.000000	-0.701057
1637.100000	-0.721661
1637.200000	-0.744523
1637.300000	-0.769363
1637.400000	-0.795772
1637.500000	-0.823223
1637.600000	-0.851080
1637.700000	-0.878617
1637.800000	-0.905033
1637.900000	-0.929475
1638.000000	-0.951057
1638.100000	-0.968885
1638.200000	-0.982081
1638.300000	-0.989804
