0	0.000000	10.753970	0.000000	10.753970
1	0.000610	10.754262	0.084337	10.754593
2	0.001221	10.755140	0.168693	10.756463
3	0.001831	10.756602	0.253085	10.759579
4	0.002441	10.758651	0.337533	10.763944
5	0.003052	10.761286	0.422054	10.769559
6	0.003662	10.764509	0.506668	10.776426
7	0.004272	10.768321	0.591393	10.784548
8	0.004883	10.772724	0.676247	10.793929
9	0.005493	10.777720	0.761250	10.804571
10	0.006104	10.783311	0.846421	10.816479
11	0.006714	10.789499	0.931777	10.829658
12	0.007324	10.796287	1.017340	10.844113
13	0.007935	10.803678	1.103127	10.859850
14	0.008545	10.811675	1.189159	10.876875
15	0.009155	10.820282	1.275455	10.895195
16	0.009766	10.829502	1.362036	10.914818
17	0.010376	10.839339	1.448920	10.935750
18	0.010986	10.849798	1.536129	10.958002
19	0.011597	10.860883	1.623683	10.981581
20	0.012207	10.872599	1.711602	11.006498
21	0.012817	10.884952	1.799910	11.032762
22	0.013428	10.897946	1.888625	11.060386
23	0.014038	10.911588	1.977771	11.089380
24	0.014648	10.925884	2.067369	11.119756
25	0.015259	10.940841	2.157443	11.151527
26	0.015869	10.956464	2.248014	11.184707
27	0.016479	10.972762	2.339106	11.219310
28	0.017090	10.989741	2.430743	11.255351
29	0.017700	11.007410	2.522949	11.292845
30	0.018311	11.025777	2.615748	11.331810
31	0.018921	11.044851	2.709166	11.372261
32	0.019531	11.064640	2.803228	11.414217
33	0.020142	11.085154	2.897960	11.457697
34	0.020752	11.106403	2.993390	11.502720
35	0.021362	11.128397	3.089544	11.549307
36	0.021973	11.151146	3.186450	11.597479
37	0.022583	11.174663	3.284137	11.647259
38	0.023193	11.198958	3.382635	11.698670
39	0.023804	11.224044	3.481972	11.751736
40	0.024414	11.249933	3.582181	11.806482
41	0.025024	11.276639	3.683293	11.862936
42	0.025635	11.304176	3.785340	11.921123
43	0.026245	11.332556	3.888355	11.981074
44	0.026855	11.361797	3.992373	12.042818
45	0.027466	11.391912	4.097429	12.106386
46	0.028076	11.422918	4.203559	12.171810
47	0.028687	11.454832	4.310800	12.239124
48	0.029297	11.487671	4.419190	12.308364
49	0.029907	11.521453	4.528769	12.379565
50	0.030518	11.556197	4.639579	12.452766
51	0.031128	11.591924	4.751659	12.528007
52	0.031738	11.628652	4.865055	12.605329
53	0.032349	11.666404	4.979810	12.684774
54	0.032959	11.705201	5.095970	12.766388
55	0.033569	11.745067	5.213584	12.850217
56	0.034180	11.786026	5.332700	12.936309
57	0.034790	11.828102	5.453370	13.024716
58	0.035400	11.871321	5.575645	13.115491
59	0.036011	11.915711	5.699582	13.208687
60	0.036621	11.961300	5.825235	13.304362
61	0.037231	12.008117	5.952663	13.402577
62	0.037842	12.056192	6.081928	13.503392
63	0.038452	12.105558	6.213091	13.606874
64	0.039063	12.156247	6.346219	13.713090
65	0.039673	12.208295	6.481379	13.822110
66	0.040283	12.261737	6.618642	13.934009
67	0.040894	12.316611	6.758079	14.048863
68	0.041504	12.372957	6.899769	14.166753
69	0.042114	12.430816	7.043789	14.287762
70	0.042725	12.490230	7.190222	14.411979
71	0.043335	12.551244	7.339154	14.539495
72	0.043945	12.613906	7.490674	14.670406
73	0.044556	12.678264	7.644875	14.804813
74	0.045166	12.744369	7.801854	14.942820
75	0.045776	12.812275	7.961714	15.084537
76	0.046387	12.882038	8.124558	15.230081
77	0.046997	12.953717	8.290500	15.379570
78	0.047607	13.027374	8.459653	15.533132
79	0.048218	13.103073	8.632138	15.690899
80	0.048828	13.180881	8.808084	15.853011
81	0.049438	13.260870	8.987621	16.019613
82	0.050049	13.343114	9.170889	16.190858
83	0.050659	13.427691	9.358034	16.366908
84	0.051270	13.514684	9.549209	16.547932
85	0.051880	13.604179	9.744573	16.734109
86	0.052490	13.696267	9.944296	16.925624
87	0.053101	13.791044	10.148555	17.122677
88	0.053711	13.888611	10.357537	17.325474
89	0.054321	13.989073	10.571437	17.534236
90	0.054932	14.092544	10.790462	17.749194
91	0.055542	14.199142	11.014831	17.970591
92	0.056152	14.308991	11.244775	18.198686
93	0.056763	14.422223	11.480534	18.433751
94	0.057373	14.538979	11.722368	18.676076
95	0.057983	14.659406	11.970546	18.925965
96	0.058594	14.783661	12.225357	19.183743
97	0.059204	14.911910	12.487106	19.449752
98	0.059814	15.044329	12.756114	19.724357
99	0.060425	15.181105	13.032725	20.007945
100	0.061035	15.322437	13.317304	20.300927
101	0.061646	15.468537	13.610236	20.603742
102	0.062256	15.619630	13.911935	20.916854
103	0.062866	15.775956	14.222839	21.240762
104	0.063477	15.937772	14.543417	21.575995
105	0.064087	16.105351	14.874169	21.923121
106	0.064697	16.278986	15.215629	22.282746
107	0.065308	16.458990	15.568370	22.655518
108	0.065918	16.645700	15.933003	23.042133
109	0.066528	16.839475	16.310187	23.443338
110	0.067139	17.040703	16.700628	23.859935
111	0.067749	17.249800	17.105084	24.292787
112	0.068359	17.467215	17.524376	24.742824
113	0.068970	17.693432	17.959383	25.211049
114	0.069580	17.928974	18.411060	25.698545
115	0.070190	18.174407	18.880437	26.206487
116	0.070801	18.430344	19.368631	26.736145
117	0.071411	18.697450	19.876854	27.288899
118	0.072021	18.976450	20.406425	27.866249
119	0.072632	19.268131	20.958777	28.469830
120	0.073242	19.573353	21.535478	29.101426
121	0.073853	19.893057	22.138240	29.762987
122	0.074463	20.228274	22.768937	30.456651
123	0.075073	20.580135	23.429631	31.184765
124	0.075684	20.949884	24.122586	31.949911
125	0.076294	21.338896	24.850301	32.754938
126	0.076904	21.748688	25.615541	33.602996
127	0.077515	22.180944	26.421367	34.497579
128	0.078125	22.637535	27.271186	35.442567
129	0.078735	23.120547	28.168792	36.442290
130	0.079346	23.632313	29.118430	37.501589
131	0.079956	24.175449	30.124860	38.625892
132	0.080566	24.752902	31.193442	39.821313
133	0.081177	25.367998	32.330229	41.094757
134	0.081787	26.024512	33.542086	42.454055
135	0.082397	26.726740	34.836831	43.908125
136	0.083008	27.479597	36.223404	45.467167
137	0.083618	28.288730	37.712077	47.142900
138	0.084229	29.160659	39.314713	48.948858
139	0.084839	30.102956	41.045084	50.900755
140	0.085449	31.124462	42.919272	53.016941
141	0.086060	32.235567	44.956178	55.318981
142	0.086670	33.448563	47.178162	57.832389
143	0.087280	34.778102	49.611876	60.587578
144	0.087891	36.241790	52.289346	63.621090
145	0.088501	37.860972	55.249397	66.977228
146	0.089111	39.661776	58.539559	70.710229
147	0.089722	41.676538	62.218652	74.887212
148	0.090332	43.945761	66.360346	79.592245
149	0.090942	46.520862	71.058174	84.932059
150	0.091553	49.468121	76.432695	91.044230
151	0.092163	52.874464	82.642030	98.109195
152	0.092773	56.856184	89.897716	106.368346
153	0.093384	61.572489	98.489349	116.152156
154	0.093994	67.247302	108.824245	127.925431
155	0.094604	74.205871	121.494027	142.363302
156	0.095215	82.939385	137.392165	160.485354
157	0.095825	94.226279	157.934628	183.907418
158	0.096436	109.378161	185.507222	215.352064
159	0.097046	130.790614	224.467495	259.791919
160	0.097656	163.354618	283.712107	327.379430
161	0.098267	218.849857	384.668225	442.566269
162	0.098877	334.664022	595.343805	682.959921
163	0.099487	726.221428	1307.594222	1495.727319
164	0.100098	-3776.661462	-6883.109467	7851.137990
165	0.100708	-515.949090	-951.886055	1082.723661
166	0.101318	-274.412485	-512.523235	581.362433
167	0.101929	-185.745424	-351.229341	397.320290
168	0.102539	-139.705359	-267.473923	301.761308
169	0.103149	-111.509081	-216.176492	243.241754
170	0.103760	-92.466374	-181.529602	203.722916
171	0.104370	-78.741890	-156.556784	175.243578
172	0.104980	-68.380353	-137.701404	153.745079
173	0.105591	-60.280320	-122.959945	136.941101
174	0.106201	-53.773986	-111.117675	123.445450
175	0.106812	-48.432902	-101.395249	112.368779
176	0.107422	-43.969557	-93.269685	103.114287
177	0.108032	-40.183828	-86.376964	95.266573
178	0.108643	-36.932124	-80.455894	88.527581
179	0.109253	-34.108740	-75.314201	82.677899
180	0.109863	-31.634137	-70.807202	77.552424
181	0.110474	-29.447314	-66.823941	73.024540
182	0.111084	-27.500709	-63.277900	68.995519
183	0.111694	-25.756686	-60.100623	65.387245
184	0.112305	-24.185078	-57.237238	62.137102
185	0.112915	-22.761421	-54.643244	59.194310
186	0.113525	-21.465665	-52.282173	56.517257
187	0.114136	-20.281223	-50.123854	54.071516
188	0.114746	-19.194256	-48.143115	51.828361
189	0.115356	-18.193123	-46.318781	49.763633
190	0.115967	-17.267963	-44.632917	47.856868
191	0.116577	-16.410366	-43.070230	46.090615
192	0.117188	-15.613120	-41.617597	44.449903
193	0.117798	-14.869997	-40.263697	42.921814
194	0.118408	-14.175600	-38.998709	41.495143
195	0.119019	-13.525221	-37.814073	40.160126
196	0.119629	-12.914739	-36.702293	38.908210
197	0.120239	-12.340528	-35.656779	37.731877
198	0.120850	-11.799390	-34.671711	36.624488
199	0.121460	-11.288486	-33.741931	35.580160
200	0.122070	-10.805295	-32.862851	34.593661
201	0.122681	-10.347565	-32.030379	33.660322
202	0.123291	-9.913280	-31.240849	32.775963
203	0.123901	-9.500631	-30.490971	31.936833
204	0.124512	-9.107986	-29.777782	31.139552
205	0.125122	-8.733875	-29.098608	30.381072
206	0.125732	-8.376965	-28.451027	29.658633
207	0.126343	-8.036047	-27.832842	28.969728
208	0.126953	-7.710022	-27.242055	28.312082
209	0.127563	-7.397886	-26.676845	27.683619
210	0.128174	-7.098724	-26.135549	27.082444
211	0.128784	-6.811698	-25.616643	26.506822
212	0.129395	-6.536038	-25.118732	25.955163
213	0.130005	-6.271038	-24.640533	25.426006
214	0.130615	-6.016048	-24.180866	24.918008
215	0.131226	-5.770467	-23.738643	24.429929
216	0.131836	-5.533741	-23.312857	23.960626
217	0.132446	-5.305359	-22.902582	23.509042
218	0.133057	-5.084844	-22.506954	23.074198
219	0.133667	-4.871757	-22.125176	22.655185
220	0.134277	-4.665687	-21.756506	22.251162
221	0.134888	-4.466253	-21.400255	21.861343
222	0.135498	-4.273101	-21.055779	21.485000
223	0.136108	-4.085899	-20.722479	21.121451
224	0.136719	-3.904337	-20.399796	20.770064
225	0.137329	-3.728126	-20.087207	20.430243
226	0.137939	-3.556994	-19.784223	20.101435
227	0.138550	-3.390688	-19.490385	19.783120
228	0.139160	-3.228968	-19.205262	19.474812
229	0.139771	-3.071610	-18.928451	19.176054
230	0.140381	-2.918404	-18.659574	18.886418
231	0.140991	-2.769150	-18.398272	18.605499
232	0.141602	-2.623661	-18.144209	18.332919
233	0.142212	-2.481762	-17.897070	18.068322
234	0.142822	-2.343284	-17.656554	17.811370
235	0.143433	-2.208070	-17.422381	17.561746
236	0.144043	-2.075971	-17.194283	17.319151
237	0.144653	-1.946845	-16.972008	17.083303
238	0.145264	-1.820558	-16.755317	16.853934
239	0.145874	-1.696982	-16.543986	16.630791
240	0.146484	-1.575998	-16.337799	16.413636
241	0.147095	-1.457490	-16.136552	16.202241
242	0.147705	-1.341348	-15.940054	15.996392
243	0.148315	-1.227468	-15.748121	15.795885
244	0.148926	-1.115752	-15.560578	15.600528
245	0.149536	-1.006105	-15.377259	15.410138
246	0.150146	-0.898435	-15.198007	15.224540
247	0.150757	-0.792657	-15.022672	15.043569
248	0.151367	-0.688688	-14.851109	14.867068
249	0.151978	-0.586449	-14.683182	14.694889
250	0.152588	-0.485864	-14.518761	14.526888
251	0.153198	-0.386861	-14.357720	14.362931
252	0.153809	-0.289369	-14.199941	14.202890
253	0.154419	-0.193321	-14.045310	14.046641
254	0.155029	-0.098653	-13.893718	13.894068
255	0.155640	-0.005304	-13.745059	13.745060
256	0.156250	0.086787	-13.599235	13.599512
257	0.156860	0.177678	-13.456149	13.457322
258	0.157471	0.267423	-13.315710	13.318395
259	0.158081	0.356078	-13.177829	13.182638
260	0.158691	0.443692	-13.042421	13.049966
261	0.159302	0.530317	-12.909405	12.920293
262	0.159912	0.616002	-12.778703	12.793542
263	0.160522	0.700793	-12.650240	12.669636
264	0.161133	0.784736	-12.523943	12.548505
265	0.161743	0.867876	-12.399743	12.430078
266	0.162354	0.950256	-12.277572	12.314291
267	0.162964	1.031917	-12.157366	12.201082
268	0.163574	1.112902	-12.039062	12.090392
269	0.164185	1.193250	-11.922600	11.982164
270	0.164795	1.273000	-11.807923	11.876345
271	0.165405	1.352191	-11.694972	11.772884
272	0.166016	1.430859	-11.583695	11.671733
273	0.166626	1.509041	-11.474040	11.572847
274	0.167236	1.586774	-11.365954	11.476182
275	0.167847	1.664092	-11.259389	11.381697
276	0.168457	1.741031	-11.154297	11.289354
277	0.169067	1.817624	-11.050632	11.199117
278	0.169678	1.893906	-10.948349	11.110950
279	0.170288	1.969909	-10.847404	11.024823
280	0.170898	2.045666	-10.747756	10.940704
281	0.171509	2.121211	-10.649363	10.858566
282	0.172119	2.196574	-10.552185	10.778383
283	0.172729	2.271789	-10.456183	10.700130
284	0.173340	2.346887	-10.361319	10.623785
285	0.173950	2.421899	-10.267557	10.549328
286	0.174561	2.496857	-10.174860	10.476740
287	0.175171	2.571793	-10.083194	10.406004
288	0.175781	2.646737	-9.992523	10.337104
289	0.176392	2.721721	-9.902814	10.270029
290	0.177002	2.796777	-9.814035	10.204766
291	0.177612	2.871936	-9.726153	10.141305
292	0.178223	2.947230	-9.639137	10.079639
293	0.178833	3.022689	-9.552955	10.019761
294	0.179443	3.098348	-9.467578	9.961666
295	0.180054	3.174236	-9.382975	9.905352
296	0.180664	3.250388	-9.299117	9.850817
297	0.181274	3.326835	-9.215976	9.798063
298	0.181885	3.403612	-9.133522	9.747092
299	0.182495	3.480752	-9.051727	9.697907
300	0.183105	3.558288	-8.970565	9.650515
301	0.183716	3.636257	-8.890007	9.604925
302	0.184326	3.714692	-8.810025	9.561144
303	0.184937	3.793631	-8.730594	9.519186
304	0.185547	3.873109	-8.651686	9.479064
305	0.186157	3.953164	-8.573275	9.440792
306	0.186768	4.033834	-8.495335	9.404389
307	0.187378	4.115159	-8.417838	9.369874
308	0.187988	4.197177	-8.340759	9.337268
309	0.188599	4.279931	-8.264072	9.306594
310	0.189209	4.363463	-8.187750	9.277880
311	0.189819	4.447814	-8.111767	9.251152
312	0.190430	4.533031	-8.036097	9.226442
313	0.191040	4.619159	-7.960713	9.203781
314	0.191650	4.706245	-7.885588	9.183204
315	0.192261	4.794337	-7.810697	9.164750
316	0.192871	4.883486	-7.736011	9.148459
317	0.193481	4.973744	-7.661504	9.134373
318	0.194092	5.065164	-7.587148	9.122538
319	0.194702	5.157802	-7.512915	9.113002
320	0.195313	5.251716	-7.438776	9.105818
321	0.195923	5.346966	-7.364704	9.101039
322	0.196533	5.443613	-7.290668	9.098723
323	0.197144	5.541722	-7.216638	9.098932
324	0.197754	5.641361	-7.142585	9.101729
325	0.198364	5.742599	-7.068477	9.107184
326	0.198975	5.845509	-6.994281	9.115368
327	0.199585	5.950167	-6.919966	9.126358
328	0.200195	6.056652	-6.845497	9.140233
329	0.200806	6.165048	-6.770839	9.157078
330	0.201416	6.275441	-6.695958	9.176983
331	0.202026	6.387921	-6.620817	9.200041
332	0.202637	6.502584	-6.545376	9.226351
333	0.203247	6.619530	-6.469598	9.256018
334	0.203857	6.738862	-6.393440	9.289152
335	0.204468	6.860692	-6.316861	9.325869
336	0.205078	6.985133	-6.239817	9.366291
337	0.205688	7.112309	-6.162262	9.410548
338	0.206299	7.242346	-6.084147	9.458775
339	0.206909	7.375380	-6.005424	9.511117
340	0.207520	7.511553	-5.926039	9.567725
341	0.208130	7.651015	-5.845939	9.628761
342	0.208740	7.793926	-5.765065	9.694393
343	0.209351	7.940453	-5.683358	9.764802
344	0.209961	8.090774	-5.600754	9.840177
345	0.210571	8.245079	-5.517187	9.920720
346	0.211182	8.403568	-5.432586	10.006645
347	0.211792	8.566454	-5.346877	10.098180
348	0.212402	8.733963	-5.259981	10.195564
349	0.213013	8.906337	-5.171816	10.299054
350	0.213623	9.083832	-5.082292	10.408924
351	0.214233	9.266723	-4.991316	10.525464
352	0.214844	9.455303	-4.898788	10.648985
353	0.215454	9.649886	-4.804602	10.779819
354	0.216064	9.850807	-4.708644	10.918321
355	0.216675	10.058427	-4.610793	11.064871
356	0.217285	10.273133	-4.510919	11.219877
357	0.217896	10.495340	-4.408883	11.383778
358	0.218506	10.725496	-4.304535	11.557045
359	0.219116	10.964086	-4.197713	11.740186
360	0.219727	11.211629	-4.088246	11.933750
361	0.220337	11.468692	-3.975944	12.138329
362	0.220947	11.735886	-3.860607	12.354566
363	0.221558	12.013874	-3.742014	12.583157
364	0.222168	12.303379	-3.619928	12.824860
365	0.222778	12.605188	-3.494088	13.080497
366	0.223389	12.920158	-3.364214	13.350970
367	0.223999	13.249228	-3.229996	13.637262
368	0.224609	13.593427	-3.091097	13.940450
369	0.225220	13.953885	-2.947147	14.261717
370	0.225830	14.331845	-2.797738	14.602367
371	0.226440	14.728681	-2.642421	14.963838
372	0.227051	15.145910	-2.480700	15.347718
373	0.227661	15.585215	-2.312025	15.755773
374	0.228271	16.048470	-2.135784	16.189965
375	0.228882	16.537764	-1.951296	16.652483
376	0.229492	17.055433	-1.757798	17.145776
377	0.230103	17.604102	-1.554435	17.672597
378	0.230713	18.186727	-1.340244	18.236044
379	0.231323	18.806649	-1.114137	18.839622
380	0.231934	19.467663	-0.874877	19.487311
381	0.232544	20.174090	-0.621058	20.183647
382	0.233154	20.930882	-0.351069	20.933826
383	0.233765	21.743732	-0.063057	21.743824
384	0.234375	22.619224	0.245119	22.620552
385	0.234985	23.565011	0.575948	23.572048
386	0.235596	24.590044	0.932342	24.607713
387	0.236206	25.704857	1.317725	25.738610
388	0.236816	26.921935	1.736156	26.977858
389	0.237427	28.256186	2.192482	28.341119
390	0.238037	29.725563	2.692537	29.847259
391	0.238647	31.351876	3.243410	31.519198
392	0.239258	33.161893	3.853802	33.385070
393	0.239868	35.188832	4.534508	35.479792
394	0.240479	37.474428	5.299089	37.847233
395	0.241089	40.071849	6.164823	40.543287
396	0.241699	43.049903	7.154070	43.640289
397	0.242310	46.499237	8.296285	47.233541
398	0.242920	50.541758	9.631078	51.451210
399	0.243530	55.345377	11.213011	56.469836
400	0.244141	61.147962	13.119372	62.539517
401	0.244751	68.298021	15.463400	70.026684
402	0.245361	77.327486	18.417934	79.490631
403	0.245972	89.090670	22.260557	91.829625
404	0.246582	105.052111	27.467128	108.583558
405	0.247192	127.949854	34.927294	132.631372
406	0.247803	163.564217	46.519196	170.050842
407	0.248413	226.568316	67.010420	236.270181
408	0.249023	368.318048	113.087510	385.288164
409	0.249634	982.541956	312.680627	1031.095471
410	0.250244	-1474.316842	-485.581655	1552.224112
411	0.250854	-421.366989	-143.438112	445.111932
412	0.251465	-245.869389	-86.396223	260.607107
413	0.252075	-173.601528	-62.895844	184.643921
414	0.252686	-134.179541	-50.067867	143.216411
415	0.253296	-109.355757	-41.983264	117.137850
416	0.253906	-92.287300	-36.418649	99.213224
417	0.254517	-79.830146	-32.352465	86.136718
418	0.255127	-70.337423	-29.249609	76.176720
419	0.255737	-62.863058	-26.802681	68.338479
420	0.256348	-56.824849	-24.822512	62.009843
421	0.256958	-51.844877	-23.186307	56.793451
422	0.257568	-47.667131	-21.810882	52.420130
423	0.258179	-44.112023	-20.637884	48.701055
424	0.258789	-41.049847	-19.625167	45.499858
425	0.259399	-38.384590	-18.741533	42.715592
426	0.260010	-36.043654	-17.963394	40.271932
427	0.260620	-33.971132	-17.272582	38.110103
428	0.261230	-32.123270	-16.654879	36.184105
429	0.261841	-30.465335	-16.098999	34.457429
430	0.262451	-28.969403	-15.595868	32.900721
431	0.263062	-27.612773	-15.138109	31.490118
432	0.263672	-26.376793	-14.719659	30.206019
433	0.264282	-25.246003	-14.335496	29.032174
434	0.264893	-24.207476	-13.981416	27.954997
435	0.265503	-23.250319	-13.653880	26.963045
436	0.266113	-22.365293	-13.349885	26.046607
437	0.266724	-21.544504	-13.066865	25.197393
438	0.267334	-20.781172	-12.802616	24.408279
439	0.267944	-20.069438	-12.555234	23.673112
440	0.268555	-19.404216	-12.323063	22.986550
441	0.269165	-18.781065	-12.104661	22.343931
442	0.269775	-18.196095	-11.898763	21.741169
443	0.270386	-17.645879	-11.704254	21.174669
444	0.270996	-17.127391	-11.520150	20.641254
445	0.271606	-16.637944	-11.345577	20.138106
446	0.272217	-16.175150	-11.179759	19.662718
447	0.272827	-15.736873	-11.021999	19.212851
448	0.273438	-15.321201	-10.871677	18.786499
449	0.274048	-14.926416	-10.728232	18.381862
450	0.274658	-14.550970	-10.591162	17.997317
451	0.275269	-14.193463	-10.460010	17.631399
452	0.275879	-13.852631	-10.334364	17.282779
453	0.276489	-13.527321	-10.213851	16.950256
454	0.277100	-13.216489	-10.098128	16.632732
455	0.277710	-12.919179	-9.986885	16.329209
456	0.278320	-12.634520	-9.879838	16.038775
457	0.278931	-12.361713	-9.776726	15.760594
458	0.279541	-12.100026	-9.677312	15.493902
459	0.280151	-11.848785	-9.581375	15.237994
460	0.280762	-11.607371	-9.488712	14.992222
461	0.281372	-11.375212	-9.399139	14.755990
462	0.281982	-11.151780	-9.312481	14.528747
463	0.282593	-10.936586	-9.228581	14.309983
464	0.283203	-10.729178	-9.147289	14.099225
465	0.283813	-10.529136	-9.068469	13.896037
466	0.284424	-10.336069	-8.991994	13.700010
467	0.285034	-10.149616	-8.917744	13.510768
468	0.285645	-9.969437	-8.845609	13.327958
469	0.286255	-9.795216	-8.775487	13.151252
470	0.286865	-9.626661	-8.707279	12.980343
471	0.287476	-9.463494	-8.640897	12.814946
472	0.288086	-9.305459	-8.576256	12.654791
473	0.288696	-9.152314	-8.513277	12.499629
474	0.289307	-9.003831	-8.451886	12.349225
475	0.289917	-8.859800	-8.392012	12.203357
476	0.290527	-8.720019	-8.333590	12.061818
477	0.291138	-8.584301	-8.276559	11.924414
478	0.291748	-8.452469	-8.220861	11.790962
479	0.292358	-8.324355	-8.166439	11.661287
480	0.292969	-8.199802	-8.113244	11.535228
481	0.293579	-8.078662	-8.061225	11.412631
482	0.294189	-7.960795	-8.010337	11.293350
483	0.294800	-7.846067	-7.960537	11.177249
484	0.295410	-7.734352	-7.911781	11.064199
485	0.296021	-7.625533	-7.864032	10.954075
486	0.296631	-7.519496	-7.817252	10.846762
487	0.297241	-7.416133	-7.771406	10.742150
488	0.297852	-7.315345	-7.726460	10.640134
489	0.298462	-7.217033	-7.682383	10.540615
490	0.299072	-7.121107	-7.639143	10.443499
491	0.299683	-7.027480	-7.596713	10.348696
492	0.300293	-6.936068	-7.555065	10.256122
493	0.300903	-6.846792	-7.514172	10.165694
494	0.301514	-6.759578	-7.474010	10.077336
495	0.302124	-6.674353	-7.434554	9.990975
496	0.302734	-6.591049	-7.395783	9.906540
497	0.303345	-6.509602	-7.357675	9.823965
498	0.303955	-6.429948	-7.320208	9.743186
499	0.304565	-6.352028	-7.283363	9.664141
500	0.305176	-6.275785	-7.247120	9.586774
501	0.305786	-6.201165	-7.211463	9.511027
502	0.306396	-6.128115	-7.176373	9.436849
503	0.307007	-6.056586	-7.141833	9.364188
504	0.307617	-5.986530	-7.107828	9.292995
505	0.308228	-5.917901	-7.074343	9.223225
506	0.308838	-5.850655	-7.041362	9.154832
507	0.309448	-5.784751	-7.008872	9.087774
508	0.310059	-5.720148	-6.976859	9.022009
509	0.310669	-5.656806	-6.945310	8.957499
510	0.311279	-5.594689	-6.914212	8.894205
511	0.311890	-5.533762	-6.883554	8.832091
512	0.312500	-5.473989	-6.853323	8.771123
513	0.313110	-5.415338	-6.823509	8.711266
514	0.313721	-5.357777	-6.794101	8.652490
515	0.314331	-5.301275	-6.765089	8.594763
516	0.314941	-5.245802	-6.736463	8.538054
517	0.315552	-5.191332	-6.708212	8.482337
518	0.316162	-5.137835	-6.680328	8.427582
519	0.316772	-5.085287	-6.652802	8.373764
520	0.317383	-5.033661	-6.625626	8.320857
521	0.317993	-4.982932	-6.598790	8.268836
522	0.318604	-4.933079	-6.572287	8.217677
523	0.319214	-4.884077	-6.546109	8.167359
524	0.319824	-4.835905	-6.520249	8.117858
525	0.320435	-4.788541	-6.494698	8.069153
526	0.321045	-4.741965	-6.469452	8.021224
527	0.321655	-4.696157	-6.444502	7.974051
528	0.322266	-4.651099	-6.419841	7.927615
529	0.322876	-4.606771	-6.395464	7.881897
530	0.323486	-4.563155	-6.371365	7.836879
531	0.324097	-4.520235	-6.347537	7.792545
532	0.324707	-4.477993	-6.323975	7.748877
533	0.325317	-4.436414	-6.300673	7.705858
534	0.325928	-4.395482	-6.277626	7.663475
535	0.326538	-4.355181	-6.254828	7.621710
536	0.327148	-4.315497	-6.232274	7.580551
537	0.327759	-4.276415	-6.209960	7.539982
538	0.328369	-4.237923	-6.187880	7.499990
539	0.328979	-4.200005	-6.166030	7.460561
540	0.329590	-4.162650	-6.144405	7.421682
541	0.330200	-4.125845	-6.123001	7.383342
542	0.330811	-4.089577	-6.101814	7.345528
543	0.331421	-4.053835	-6.080840	7.308228
544	0.332031	-4.018607	-6.060074	7.271430
545	0.332642	-3.983882	-6.039512	7.235125
546	0.333252	-3.949650	-6.019152	7.199300
547	0.333862	-3.915899	-5.998988	7.163946
548	0.334473	-3.882619	-5.979018	7.129052
549	0.335083	-3.849802	-5.959237	7.094609
550	0.335693	-3.817436	-5.939644	7.060608
551	0.336304	-3.785512	-5.920233	7.027038
552	0.336914	-3.754022	-5.901002	6.993891
553	0.337524	-3.722956	-5.881949	6.961158
554	0.338135	-3.692306	-5.863068	6.928831
555	0.338745	-3.662064	-5.844359	6.896901
556	0.339355	-3.632221	-5.825817	6.865361
557	0.339966	-3.602769	-5.807441	6.834202
558	0.340576	-3.573701	-5.789226	6.803417
559	0.341187	-3.545009	-5.771171	6.772998
560	0.341797	-3.516686	-5.753273	6.742939
561	0.342407	-3.488725	-5.735529	6.713233
562	0.343018	-3.461118	-5.717937	6.683872
563	0.343628	-3.433859	-5.700494	6.654849
564	0.344238	-3.406942	-5.683198	6.626159
565	0.344849	-3.380359	-5.666047	6.597796
566	0.345459	-3.354105	-5.649038	6.569752
567	0.346069	-3.328173	-5.632169	6.542023
568	0.346680	-3.302558	-5.615438	6.514601
569	0.347290	-3.277254	-5.598842	6.487482
570	0.347900	-3.252254	-5.582381	6.460661
571	0.348511	-3.227555	-5.566051	6.434130
572	0.349121	-3.203149	-5.549851	6.407887
573	0.349731	-3.179032	-5.533779	6.381924
574	0.350342	-3.155199	-5.517832	6.356238
575	0.350952	-3.131645	-5.502010	6.330822
576	0.351563	-3.108364	-5.486310	6.305674
577	0.352173	-3.085353	-5.470730	6.280787
578	0.352783	-3.062606	-5.455269	6.256158
579	0.353394	-3.040118	-5.439925	6.231782
580	0.354004	-3.017886	-5.424696	6.207654
581	0.354614	-2.995905	-5.409581	6.183771
582	0.355225	-2.974171	-5.394579	6.160128
583	0.355835	-2.952679	-5.379687	6.136721
584	0.356445	-2.931426	-5.364903	6.113546
585	0.357056	-2.910408	-5.350228	6.090600
586	0.357666	-2.889620	-5.335659	6.067879
587	0.358276	-2.869059	-5.321194	6.045379
588	0.358887	-2.848721	-5.306832	6.023096
589	0.359497	-2.828602	-5.292573	6.001027
590	0.360107	-2.808700	-5.278414	5.979168
591	0.360718	-2.789010	-5.264354	5.957517
592	0.361328	-2.769529	-5.250392	5.936069
593	0.361938	-2.750254	-5.236527	5.914822
594	0.362549	-2.731182	-5.222758	5.893772
595	0.363159	-2.712309	-5.209082	5.872917
596	0.363770	-2.693632	-5.195500	5.852254
597	0.364380	-2.675148	-5.182009	5.831778
598	0.364990	-2.656855	-5.168609	5.811489
599	0.365601	-2.638749	-5.155299	5.791382
600	0.366211	-2.620827	-5.142077	5.771455
601	0.366821	-2.603086	-5.128942	5.751705
602	0.367432	-2.585525	-5.115894	5.732130
603	0.368042	-2.568140	-5.102931	5.712727
604	0.368652	-2.550928	-5.090052	5.693493
605	0.369263	-2.533887	-5.077257	5.674427
606	0.369873	-2.517014	-5.064543	5.655525
607	0.370483	-2.500308	-5.051911	5.636785
608	0.371094	-2.483765	-5.039359	5.618205
609	0.371704	-2.467382	-5.026887	5.599783
610	0.372314	-2.451159	-5.014493	5.581516
611	0.372925	-2.435092	-5.002176	5.563402
612	0.373535	-2.419179	-4.989936	5.545439
613	0.374146	-2.403419	-4.977772	5.527625
614	0.374756	-2.387808	-4.965683	5.509958
615	0.375366	-2.372345	-4.953668	5.492435
616	0.375977	-2.357027	-4.941726	5.475055
617	0.376587	-2.341853	-4.929856	5.457816
618	0.377197	-2.326820	-4.918058	5.440716
619	0.377808	-2.311927	-4.906331	5.423752
620	0.378418	-2.297172	-4.894673	5.406924
621	0.379028	-2.282553	-4.883085	5.390229
622	0.379639	-2.268067	-4.871566	5.373666
623	0.380249	-2.253714	-4.860114	5.357232
624	0.380859	-2.239491	-4.848729	5.340926
625	0.381470	-2.225396	-4.837411	5.324747
626	0.382080	-2.211428	-4.826158	5.308693
627	0.382690	-2.197586	-4.814970	5.292761
628	0.383301	-2.183867	-4.803847	5.276952
629	0.383911	-2.170269	-4.792787	5.261262
630	0.384521	-2.156792	-4.781790	5.245690
631	0.385132	-2.143433	-4.770855	5.230236
632	0.385742	-2.130192	-4.759982	5.214897
633	0.386353	-2.117066	-4.749170	5.199671
634	0.386963	-2.104054	-4.738418	5.184559
635	0.387573	-2.091155	-4.727726	5.169557
636	0.388184	-2.078367	-4.717093	5.154666
637	0.388794	-2.065689	-4.706519	5.139882
638	0.389404	-2.053119	-4.696003	5.125206
639	0.390015	-2.040655	-4.685544	5.110635
640	0.390625	-2.028298	-4.675142	5.096169
641	0.391235	-2.016045	-4.664796	5.081807
642	0.391846	-2.003895	-4.654506	5.067546
643	0.392456	-1.991846	-4.644271	5.053386
644	0.393066	-1.979898	-4.634091	5.039325
645	0.393677	-1.968049	-4.623965	5.025363
646	0.394287	-1.956298	-4.613893	5.011498
647	0.394897	-1.944644	-4.603874	4.997729
648	0.395508	-1.933086	-4.593907	4.984055
649	0.396118	-1.921622	-4.583992	4.970474
650	0.396729	-1.910251	-4.574130	4.956987
651	0.397339	-1.898972	-4.564318	4.943591
652	0.397949	-1.887785	-4.554557	4.930286
653	0.398560	-1.876687	-4.544846	4.917070
654	0.399170	-1.865679	-4.535185	4.903943
655	0.399780	-1.854758	-4.525573	4.890904
656	0.400391	-1.843924	-4.516010	4.877951
657	0.401001	-1.833176	-4.506496	4.865083
658	0.401611	-1.822513	-4.497029	4.852301
659	0.402222	-1.811934	-4.487610	4.839602
660	0.402832	-1.801437	-4.478238	4.826986
661	0.403442	-1.791022	-4.468913	4.814451
662	0.404053	-1.780689	-4.459633	4.801998
663	0.404663	-1.770435	-4.450400	4.789624
664	0.405273	-1.760260	-4.441213	4.777330
665	0.405884	-1.750164	-4.432070	4.765115
666	0.406494	-1.740145	-4.422972	4.752976
667	0.407104	-1.730202	-4.413918	4.740915
668	0.407715	-1.720335	-4.404908	4.728929
669	0.408325	-1.710543	-4.395942	4.717019
670	0.408936	-1.700825	-4.387019	4.705182
671	0.409546	-1.691180	-4.378139	4.693419
672	0.410156	-1.681607	-4.369301	4.681729
673	0.410767	-1.672105	-4.360505	4.670111
674	0.411377	-1.662675	-4.351751	4.658564
675	0.411987	-1.653314	-4.343038	4.647088
676	0.412598	-1.644022	-4.334366	4.635681
677	0.413208	-1.634799	-4.325735	4.624343
678	0.413818	-1.625644	-4.317144	4.613074
679	0.414429	-1.616555	-4.308593	4.601872
680	0.415039	-1.607533	-4.300082	4.590737
681	0.415649	-1.598576	-4.291610	4.579669
682	0.416260	-1.589684	-4.283178	4.568666
683	0.416870	-1.580856	-4.274784	4.557728
684	0.417480	-1.572092	-4.266428	4.546854
685	0.418091	-1.563390	-4.258110	4.536044
686	0.418701	-1.554751	-4.249831	4.525297
687	0.419312	-1.546173	-4.241588	4.514612
688	0.419922	-1.537656	-4.233383	4.503989
689	0.420532	-1.529199	-4.225215	4.493428
690	0.421143	-1.520801	-4.217084	4.482927
691	0.421753	-1.512463	-4.208988	4.472486
692	0.422363	-1.504183	-4.200929	4.462104
693	0.422974	-1.495961	-4.192906	4.451781
694	0.423584	-1.487796	-4.184918	4.441517
695	0.424194	-1.479687	-4.176965	4.431310
696	0.424805	-1.471635	-4.169047	4.421161
697	0.425415	-1.463638	-4.161164	4.411068
698	0.426025	-1.455696	-4.153315	4.401032
699	0.426636	-1.447808	-4.145501	4.391051
700	0.427246	-1.439974	-4.137720	4.381125
701	0.427856	-1.432194	-4.129973	4.371253
702	0.428467	-1.424466	-4.122259	4.361436
703	0.429077	-1.416790	-4.114579	4.351672
704	0.429688	-1.409166	-4.106931	4.341962
705	0.430298	-1.401593	-4.099316	4.332303
706	0.430908	-1.394071	-4.091733	4.322698
707	0.431519	-1.386599	-4.084183	4.313143
708	0.432129	-1.379177	-4.076664	4.303640
709	0.432739	-1.371804	-4.069177	4.294188
710	0.433350	-1.364480	-4.061721	4.284785
711	0.433960	-1.357204	-4.054297	4.275433
712	0.434570	-1.349976	-4.046904	4.266130
713	0.435181	-1.342795	-4.039541	4.256876
714	0.435791	-1.335661	-4.032209	4.247670
715	0.436401	-1.328574	-4.024908	4.238513
716	0.437012	-1.321532	-4.017636	4.229403
717	0.437622	-1.314536	-4.010395	4.220340
718	0.438232	-1.307586	-4.003183	4.211324
719	0.438843	-1.300680	-3.996000	4.202355
720	0.439453	-1.293818	-3.988847	4.193431
721	0.440063	-1.287000	-3.981723	4.184553
722	0.440674	-1.280226	-3.974628	4.175721
723	0.441284	-1.273495	-3.967561	4.166933
724	0.441895	-1.266807	-3.960523	4.158190
725	0.442505	-1.260160	-3.953513	4.149490
726	0.443115	-1.253556	-3.946531	4.140835
727	0.443726	-1.246993	-3.939577	4.132222
728	0.444336	-1.240472	-3.932651	4.123653
729	0.444946	-1.233991	-3.925752	4.115126
730	0.445557	-1.227551	-3.918881	4.106642
731	0.446167	-1.221150	-3.912037	4.098199
732	0.446777	-1.214789	-3.905219	4.089798
733	0.447388	-1.208468	-3.898429	4.081439
734	0.447998	-1.202186	-3.891665	4.073120
735	0.448608	-1.195942	-3.884927	4.064841
736	0.449219	-1.189736	-3.878216	4.056603
737	0.449829	-1.183569	-3.871530	4.048405
738	0.450439	-1.177439	-3.864871	4.040246
739	0.451050	-1.171346	-3.858237	4.032127
740	0.451660	-1.165290	-3.851629	4.024046
741	0.452271	-1.159271	-3.845046	4.016004
742	0.452881	-1.153288	-3.838488	4.008000
743	0.453491	-1.147341	-3.831956	4.000034
744	0.454102	-1.141429	-3.825448	3.992106
745	0.454712	-1.135554	-3.818965	3.984216
746	0.455322	-1.129713	-3.812506	3.976362
747	0.455933	-1.123906	-3.806072	3.968545
748	0.456543	-1.118135	-3.799663	3.960765
749	0.457153	-1.112397	-3.793277	3.953021
750	0.457764	-1.106693	-3.786915	3.945313
751	0.458374	-1.101023	-3.780577	3.937641
752	0.458984	-1.095386	-3.774262	3.930004
753	0.459595	-1.089782	-3.767971	3.922402
754	0.460205	-1.084211	-3.761704	3.914835
755	0.460815	-1.078673	-3.755459	3.907302
756	0.461426	-1.073166	-3.749238	3.899804
757	0.462036	-1.067691	-3.743040	3.892340
758	0.462646	-1.062248	-3.736864	3.884910
759	0.463257	-1.056837	-3.730711	3.877513
760	0.463867	-1.051456	-3.724580	3.870149
761	0.464478	-1.046107	-3.718472	3.862819
762	0.465088	-1.040788	-3.712385	3.855521
763	0.465698	-1.035499	-3.706321	3.848256
764	0.466309	-1.030240	-3.700279	3.841023
765	0.466919	-1.025011	-3.694259	3.833823
766	0.467529	-1.019812	-3.688260	3.826654
767	0.468140	-1.014642	-3.682283	3.819516
768	0.468750	-1.009502	-3.676327	3.812410
769	0.469360	-1.004390	-3.670392	3.805336
770	0.469971	-0.999307	-3.664479	3.798292
771	0.470581	-0.994252	-3.658586	3.791278
772	0.471191	-0.989225	-3.652715	3.784296
773	0.471802	-0.984227	-3.646864	3.777343
774	0.472412	-0.979256	-3.641034	3.770420
775	0.473022	-0.974313	-3.635224	3.763528
776	0.473633	-0.969397	-3.629435	3.756665
777	0.474243	-0.964508	-3.623666	3.749831
778	0.474854	-0.959646	-3.617917	3.743026
779	0.475464	-0.954810	-3.612188	3.736250
780	0.476074	-0.950001	-3.606479	3.729504
781	0.476685	-0.945219	-3.600790	3.722785
782	0.477295	-0.940462	-3.595121	3.716095
783	0.477905	-0.935731	-3.589471	3.709433
784	0.478516	-0.931026	-3.583841	3.702799
785	0.479126	-0.926346	-3.578230	3.696193
786	0.479736	-0.921692	-3.572638	3.689615
787	0.480347	-0.917062	-3.567065	3.683064
788	0.480957	-0.912458	-3.561511	3.676539
789	0.481567	-0.907878	-3.555977	3.670042
790	0.482178	-0.903322	-3.550461	3.663572
791	0.482788	-0.898791	-3.544963	3.657129
792	0.483398	-0.894284	-3.539485	3.650712
793	0.484009	-0.889800	-3.534024	3.644321
794	0.484619	-0.885341	-3.528583	3.637956
795	0.485229	-0.880905	-3.523159	3.631617
796	0.485840	-0.876492	-3.517754	3.625304
797	0.486450	-0.872103	-3.512366	3.619016
798	0.487061	-0.867736	-3.506997	3.612754
799	0.487671	-0.863393	-3.501645	3.606517
800	0.488281	-0.859072	-3.496311	3.600305
801	0.488892	-0.854773	-3.490995	3.594118
802	0.489502	-0.850497	-3.485697	3.587956
803	0.490112	-0.846244	-3.480416	3.581818
804	0.490723	-0.842012	-3.475152	3.575705
805	0.491333	-0.837802	-3.469906	3.569616
806	0.491943	-0.833613	-3.464676	3.563551
807	0.492554	-0.829446	-3.459464	3.557510
808	0.493164	-0.825301	-3.454269	3.551492
809	0.493774	-0.821177	-3.449091	3.545498
810	0.494385	-0.817073	-3.443929	3.539528
811	0.494995	-0.812991	-3.438785	3.533581
812	0.495605	-0.808929	-3.433657	3.527657
813	0.496216	-0.804888	-3.428545	3.521756
814	0.496826	-0.800868	-3.423450	3.515878
815	0.497437	-0.796868	-3.418371	3.510023
816	0.498047	-0.792888	-3.413309	3.504190
817	0.498657	-0.788928	-3.408263	3.498380
818	0.499268	-0.784987	-3.403233	3.492592
819	0.499878	-0.781067	-3.398219	3.486826
820	0.500488	-0.777166	-3.393221	3.481082
821	0.501099	-0.773284	-3.388238	3.475360
822	0.501709	-0.769422	-3.383272	3.469660
823	0.502319	-0.765579	-3.378321	3.463981
824	0.502930	-0.761755	-3.373386	3.458324
825	0.503540	-0.757950	-3.368466	3.452688
826	0.504150	-0.754164	-3.363562	3.447073
827	0.504761	-0.750396	-3.358673	3.441479
828	0.505371	-0.746647	-3.353799	3.435906
829	0.505981	-0.742916	-3.348941	3.430354
830	0.506592	-0.739203	-3.344098	3.424823
831	0.507202	-0.735509	-3.339269	3.419312
832	0.507813	-0.731832	-3.334456	3.413821
833	0.508423	-0.728174	-3.329658	3.408351
834	0.509033	-0.724533	-3.324874	3.402901
835	0.509644	-0.720910	-3.320105	3.397471
836	0.510254	-0.717304	-3.315351	3.392061
837	0.510864	-0.713716	-3.310612	3.386671
838	0.511475	-0.710144	-3.305887	3.381300
839	0.512085	-0.706590	-3.301176	3.375949
840	0.512695	-0.703053	-3.296480	3.370618
841	0.513306	-0.699533	-3.291798	3.365306
842	0.513916	-0.696030	-3.287130	3.360013
843	0.514526	-0.692543	-3.282477	3.354739
844	0.515137	-0.689073	-3.277838	3.349484
845	0.515747	-0.685620	-3.273212	3.344248
846	0.516357	-0.682183	-3.268601	3.339030
847	0.516968	-0.678762	-3.264003	3.333832
848	0.517578	-0.675357	-3.259419	3.328652
849	0.518188	-0.671968	-3.254849	3.323490
850	0.518799	-0.668595	-3.250293	3.318346
851	0.519409	-0.665238	-3.245750	3.313221
852	0.520020	-0.661896	-3.241221	3.308114
853	0.520630	-0.658570	-3.236705	3.303025
854	0.521240	-0.655260	-3.232203	3.297954
855	0.521851	-0.651965	-3.227714	3.292901
856	0.522461	-0.648685	-3.223238	3.287865
857	0.523071	-0.645421	-3.218776	3.282847
858	0.523682	-0.642171	-3.214326	3.277846
859	0.524292	-0.638937	-3.209890	3.272863
860	0.524902	-0.635717	-3.205467	3.267897
861	0.525513	-0.632512	-3.201056	3.262949
862	0.526123	-0.629322	-3.196659	3.258017
863	0.526733	-0.626147	-3.192274	3.253102
864	0.527344	-0.622986	-3.187903	3.248205
865	0.527954	-0.619839	-3.183544	3.243324
866	0.528564	-0.616707	-3.179197	3.238460
867	0.529175	-0.613589	-3.174863	3.233612
868	0.529785	-0.610485	-3.170542	3.228781
869	0.530396	-0.607395	-3.166233	3.223967
870	0.531006	-0.604319	-3.161937	3.219168
871	0.531616	-0.601257	-3.157653	3.214386
872	0.532227	-0.598209	-3.153381	3.209621
873	0.532837	-0.595175	-3.149121	3.204871
874	0.533447	-0.592154	-3.144874	3.200137
875	0.534058	-0.589146	-3.140639	3.195419
876	0.534668	-0.586152	-3.136415	3.190717
877	0.535278	-0.583171	-3.132204	3.186031
878	0.535889	-0.580204	-3.128005	3.181360
879	0.536499	-0.577250	-3.123818	3.176705
880	0.537109	-0.574309	-3.119642	3.172065
881	0.537720	-0.571380	-3.115479	3.167441
882	0.538330	-0.568465	-3.111327	3.162832
883	0.538940	-0.565563	-3.107186	3.158238
884	0.539551	-0.562673	-3.103058	3.153660
885	0.540161	-0.559796	-3.098941	3.149096
886	0.540771	-0.556932	-3.094835	3.144547
887	0.541382	-0.554080	-3.090741	3.140014
888	0.541992	-0.551241	-3.086658	3.135495
889	0.542603	-0.548414	-3.082587	3.130990
890	0.543213	-0.545599	-3.078527	3.126501
891	0.543823	-0.542797	-3.074478	3.122026
892	0.544434	-0.540007	-3.070441	3.117565
893	0.545044	-0.537228	-3.066415	3.113119
894	0.545654	-0.534462	-3.062399	3.108688
895	0.546265	-0.531708	-3.058395	3.104270
896	0.546875	-0.528966	-3.054402	3.099867
897	0.547485	-0.526235	-3.050420	3.095478
898	0.548096	-0.523516	-3.046448	3.091103
899	0.548706	-0.520809	-3.042488	3.086742
900	0.549316	-0.518113	-3.038538	3.082395
901	0.549927	-0.515429	-3.034600	3.078061
902	0.550537	-0.512756	-3.030671	3.073742
903	0.551147	-0.510095	-3.026754	3.069436
904	0.551758	-0.507445	-3.022847	3.065144
905	0.552368	-0.504806	-3.018951	3.060865
906	0.552979	-0.502178	-3.015065	3.056600
907	0.553589	-0.499562	-3.011190	3.052348
908	0.554199	-0.496956	-3.007325	3.048109
909	0.554810	-0.494362	-3.003471	3.043884
910	0.555420	-0.491778	-2.999627	3.039672
911	0.556030	-0.489205	-2.995793	3.035473
912	0.556641	-0.486643	-2.991969	3.031287
913	0.557251	-0.484092	-2.988156	3.027114
914	0.557861	-0.481551	-2.984353	3.022954
915	0.558472	-0.479021	-2.980560	3.018807
916	0.559082	-0.476501	-2.976777	3.014673
917	0.559692	-0.473992	-2.973004	3.010552
918	0.560303	-0.471493	-2.969241	3.006443
919	0.560913	-0.469005	-2.965488	3.002347
920	0.561523	-0.466527	-2.961745	2.998263
921	0.562134	-0.464059	-2.958012	2.994192
922	0.562744	-0.461601	-2.954289	2.990133
923	0.563354	-0.459153	-2.950575	2.986087
924	0.563965	-0.456715	-2.946871	2.982053
925	0.564575	-0.454288	-2.943177	2.978031
926	0.565186	-0.451870	-2.939493	2.974021
927	0.565796	-0.449462	-2.935818	2.970024
928	0.566406	-0.447064	-2.932153	2.966039
929	0.567017	-0.444676	-2.928497	2.962065
930	0.567627	-0.442297	-2.924851	2.958104
931	0.568237	-0.439928	-2.921214	2.954154
932	0.568848	-0.437569	-2.917586	2.950216
933	0.569458	-0.435219	-2.913968	2.946290
934	0.570068	-0.432879	-2.910360	2.942376
935	0.570679	-0.430548	-2.906760	2.938474
936	0.571289	-0.428226	-2.903170	2.934583
937	0.571899	-0.425914	-2.899589	2.930703
938	0.572510	-0.423611	-2.896018	2.926835
939	0.573120	-0.421317	-2.892455	2.922979
940	0.573730	-0.419033	-2.888902	2.919134
941	0.574341	-0.416757	-2.885357	2.915300
942	0.574951	-0.414491	-2.881822	2.911477
943	0.575562	-0.412233	-2.878296	2.907666
944	0.576172	-0.409985	-2.874778	2.903866
945	0.576782	-0.407745	-2.871270	2.900077
946	0.577393	-0.405515	-2.867770	2.896299
947	0.578003	-0.403293	-2.864279	2.892532
948	0.578613	-0.401080	-2.860798	2.888776
949	0.579224	-0.398875	-2.857324	2.885031
950	0.579834	-0.396679	-2.853860	2.881297
951	0.580444	-0.394492	-2.850404	2.877573
952	0.581055	-0.392314	-2.846957	2.873861
953	0.581665	-0.390144	-2.843519	2.870159
954	0.582275	-0.387982	-2.840089	2.866467
955	0.582886	-0.385829	-2.836668	2.862787
956	0.583496	-0.383684	-2.833255	2.859117
957	0.584106	-0.381548	-2.829851	2.855457
958	0.584717	-0.379420	-2.826455	2.851808
959	0.585327	-0.377300	-2.823068	2.848169
960	0.585938	-0.375189	-2.819689	2.844541
961	0.586548	-0.373085	-2.816318	2.840923
962	0.587158	-0.370990	-2.812956	2.837315
963	0.587769	-0.368902	-2.809602	2.833717
964	0.588379	-0.366823	-2.806256	2.830130
965	0.588989	-0.364752	-2.802919	2.826552
966	0.589600	-0.362689	-2.799590	2.822985
967	0.590210	-0.360633	-2.796269	2.819428
968	0.590820	-0.358586	-2.792956	2.815881
969	0.591431	-0.356546	-2.789651	2.812344
970	0.592041	-0.354514	-2.786354	2.808816
971	0.592651	-0.352490	-2.783065	2.805299
972	0.593262	-0.350473	-2.779784	2.801791
973	0.593872	-0.348464	-2.776512	2.798293
974	0.594482	-0.346463	-2.773247	2.794805
975	0.595093	-0.344469	-2.769990	2.791326
976	0.595703	-0.342483	-2.766741	2.787857
977	0.596313	-0.340504	-2.763500	2.784398
978	0.596924	-0.338533	-2.760266	2.780948
979	0.597534	-0.336569	-2.757041	2.777508
980	0.598145	-0.334613	-2.753823	2.774077
981	0.598755	-0.332663	-2.750613	2.770656
982	0.599365	-0.330722	-2.747410	2.767244
983	0.599976	-0.328787	-2.744215	2.763841
984	0.600586	-0.326860	-2.741028	2.760448
985	0.601196	-0.324939	-2.737849	2.757064
986	0.601807	-0.323026	-2.734677	2.753689
987	0.602417	-0.321120	-2.731512	2.750323
988	0.603027	-0.319221	-2.728356	2.746967
989	0.603638	-0.317330	-2.725206	2.743619
990	0.604248	-0.315445	-2.722064	2.740281
991	0.604858	-0.313567	-2.718930	2.736952
992	0.605469	-0.311696	-2.715803	2.733631
993	0.606079	-0.309832	-2.712683	2.730320
994	0.606689	-0.307975	-2.709571	2.727017
995	0.607300	-0.306124	-2.706466	2.723724
996	0.607910	-0.304281	-2.703368	2.720439
997	0.608521	-0.302444	-2.700278	2.717163
998	0.609131	-0.300614	-2.697195	2.713895
999	0.609741	-0.298790	-2.694119	2.710637
1000	0.610352	-0.296973	-2.691050	2.707387
1001	0.610962	-0.295163	-2.687988	2.704145
1002	0.611572	-0.293359	-2.684934	2.700913
1003	0.612183	-0.291562	-2.681886	2.697688
1004	0.612793	-0.289772	-2.678846	2.694473
1005	0.613403	-0.287988	-2.675813	2.691266
1006	0.614014	-0.286210	-2.672787	2.688067
1007	0.614624	-0.284439	-2.669767	2.684877
1008	0.615234	-0.282674	-2.666755	2.681695
1009	0.615845	-0.280915	-2.663750	2.678521
1010	0.616455	-0.279163	-2.660752	2.675356
1011	0.617065	-0.277417	-2.657760	2.672199
1012	0.617676	-0.275677	-2.654776	2.669051
1013	0.618286	-0.273944	-2.651798	2.665910
1014	0.618896	-0.272217	-2.648827	2.662778
1015	0.619507	-0.270496	-2.645863	2.659654
1016	0.620117	-0.268781	-2.642905	2.656538
1017	0.620728	-0.267072	-2.639955	2.653430
1018	0.621338	-0.265369	-2.637011	2.650330
1019	0.621948	-0.263672	-2.634074	2.647238
1020	0.622559	-0.261982	-2.631143	2.644154
1021	0.623169	-0.260297	-2.628219	2.641078
1022	0.623779	-0.258618	-2.625302	2.638010
1023	0.624390	-0.256945	-2.622392	2.634949
1024	0.625000	-0.255278	-2.619488	2.631897
1025	0.625610	-0.253617	-2.616590	2.628853
1026	0.626221	-0.251962	-2.613699	2.625816
1027	0.626831	-0.250312	-2.610815	2.622787
1028	0.627441	-0.248669	-2.607937	2.619765
1029	0.628052	-0.247031	-2.605065	2.616752
1030	0.628662	-0.245399	-2.602200	2.613746
1031	0.629272	-0.243772	-2.599342	2.610747
1032	0.629883	-0.242151	-2.596489	2.607757
1033	0.630493	-0.240536	-2.593643	2.604773
1034	0.631104	-0.238926	-2.590804	2.601798
1035	0.631714	-0.237322	-2.587971	2.598829
1036	0.632324	-0.235724	-2.585144	2.595869
1037	0.632935	-0.234131	-2.582323	2.592915
1038	0.633545	-0.232543	-2.579509	2.589969
1039	0.634155	-0.230962	-2.576701	2.587031
1040	0.634766	-0.229385	-2.573899	2.584100
1041	0.635376	-0.227814	-2.571103	2.581176
1042	0.635986	-0.226248	-2.568313	2.578259
1043	0.636597	-0.224688	-2.565530	2.575350
1044	0.637207	-0.223133	-2.562753	2.572448
1045	0.637817	-0.221583	-2.559981	2.569553
1046	0.638428	-0.220039	-2.557216	2.566666
1047	0.639038	-0.218500	-2.554457	2.563785
1048	0.639648	-0.216966	-2.551704	2.560912
1049	0.640259	-0.215438	-2.548957	2.558045
1050	0.640869	-0.213914	-2.546216	2.555186
1051	0.641479	-0.212396	-2.543481	2.552334
1052	0.642090	-0.210883	-2.540752	2.549489
1053	0.642700	-0.209375	-2.538029	2.546651
1054	0.643311	-0.207872	-2.535312	2.543819
1055	0.643921	-0.206374	-2.532601	2.540995
1056	0.644531	-0.204882	-2.529895	2.538178
1057	0.645142	-0.203394	-2.527195	2.535367
1058	0.645752	-0.201911	-2.524502	2.532563
1059	0.646362	-0.200434	-2.521814	2.529766
1060	0.646973	-0.198961	-2.519132	2.526976
1061	0.647583	-0.197493	-2.516455	2.524193
1062	0.648193	-0.196030	-2.513785	2.521416
1063	0.648804	-0.194572	-2.511120	2.518647
1064	0.649414	-0.193119	-2.508460	2.515883
1065	0.650024	-0.191671	-2.505807	2.513127
1066	0.650635	-0.190228	-2.503159	2.510377
1067	0.651245	-0.188789	-2.500517	2.507634
1068	0.651855	-0.187355	-2.497881	2.504897
1069	0.652466	-0.185926	-2.495250	2.502167
1070	0.653076	-0.184501	-2.492624	2.499443
1071	0.653687	-0.183082	-2.490005	2.496726
1072	0.654297	-0.181667	-2.487390	2.494016
1073	0.654907	-0.180257	-2.484782	2.491311
1074	0.655518	-0.178851	-2.482179	2.488614
1075	0.656128	-0.177450	-2.479581	2.485923
1076	0.656738	-0.176053	-2.476989	2.483238
1077	0.657349	-0.174662	-2.474402	2.480559
1078	0.657959	-0.173274	-2.471821	2.477887
1079	0.658569	-0.171892	-2.469245	2.475221
1080	0.659180	-0.170513	-2.466675	2.472562
1081	0.659790	-0.169140	-2.464110	2.469908
1082	0.660400	-0.167770	-2.461550	2.467261
1083	0.661011	-0.166406	-2.458996	2.464620
1084	0.661621	-0.165045	-2.456447	2.461986
1085	0.662231	-0.163689	-2.453904	2.459357
1086	0.662842	-0.162338	-2.451366	2.456735
1087	0.663452	-0.160991	-2.448833	2.454119
1088	0.664063	-0.159648	-2.446305	2.451509
1089	0.664673	-0.158310	-2.443782	2.448905
1090	0.665283	-0.156976	-2.441265	2.446307
1091	0.665894	-0.155646	-2.438753	2.443715
1092	0.666504	-0.154320	-2.436246	2.441129
1093	0.667114	-0.152999	-2.433745	2.438549
1094	0.667725	-0.151682	-2.431248	2.435975
1095	0.668335	-0.150369	-2.428757	2.433407
1096	0.668945	-0.149061	-2.426271	2.430845
1097	0.669556	-0.147756	-2.423790	2.428289
1098	0.670166	-0.146456	-2.421314	2.425739
1099	0.670776	-0.145160	-2.418843	2.423195
1100	0.671387	-0.143868	-2.416377	2.420656
1101	0.671997	-0.142581	-2.413917	2.418124
1102	0.672607	-0.141297	-2.411461	2.415597
1103	0.673218	-0.140017	-2.409010	2.413076
1104	0.673828	-0.138742	-2.406564	2.410560
1105	0.674438	-0.137470	-2.404124	2.408051
1106	0.675049	-0.136203	-2.401688	2.405547
1107	0.675659	-0.134939	-2.399257	2.403049
1108	0.676270	-0.133680	-2.396831	2.400556
1109	0.676880	-0.132424	-2.394410	2.398070
1110	0.677490	-0.131173	-2.391994	2.395588
1111	0.678101	-0.129925	-2.389583	2.393113
1112	0.678711	-0.128681	-2.387177	2.390643
1113	0.679321	-0.127442	-2.384776	2.388178
1114	0.679932	-0.126206	-2.382379	2.385719
1115	0.680542	-0.124974	-2.379987	2.383266
1116	0.681152	-0.123746	-2.377600	2.380818
1117	0.681763	-0.122521	-2.375218	2.378376
1118	0.682373	-0.121301	-2.372841	2.375939
1119	0.682983	-0.120084	-2.370468	2.373508
1120	0.683594	-0.118871	-2.368100	2.371082
1121	0.684204	-0.117662	-2.365737	2.368661
1122	0.684814	-0.116457	-2.363379	2.366246
1123	0.685425	-0.115255	-2.361025	2.363837
1124	0.686035	-0.114057	-2.358676	2.361432
1125	0.686646	-0.112863	-2.356332	2.359033
1126	0.687256	-0.111673	-2.353992	2.356639
1127	0.687866	-0.110486	-2.351657	2.354251
1128	0.688477	-0.109303	-2.349327	2.351868
1129	0.689087	-0.108123	-2.347001	2.349490
1130	0.689697	-0.106947	-2.344680	2.347118
1131	0.690308	-0.105775	-2.342363	2.344750
1132	0.690918	-0.104606	-2.340051	2.342388
1133	0.691528	-0.103441	-2.337744	2.340031
1134	0.692139	-0.102280	-2.335441	2.337679
1135	0.692749	-0.101122	-2.333142	2.335333
1136	0.693359	-0.099967	-2.330849	2.332991
1137	0.693970	-0.098816	-2.328559	2.330655
1138	0.694580	-0.097669	-2.326274	2.328324
1139	0.695190	-0.096525	-2.323994	2.325998
1140	0.695801	-0.095384	-2.321718	2.323677
1141	0.696411	-0.094248	-2.319446	2.321361
1142	0.697021	-0.093114	-2.317179	2.319050
1143	0.697632	-0.091984	-2.314917	2.316744
1144	0.698242	-0.090857	-2.312659	2.314443
1145	0.698853	-0.089734	-2.310405	2.312147
1146	0.699463	-0.088614	-2.308155	2.309856
1147	0.700073	-0.087498	-2.305910	2.307570
1148	0.700684	-0.086385	-2.303669	2.305288
1149	0.701294	-0.085275	-2.301433	2.303012
1150	0.701904	-0.084168	-2.299201	2.300741
1151	0.702515	-0.083065	-2.296973	2.298475
1152	0.703125	-0.081966	-2.294750	2.296213
1153	0.703735	-0.080869	-2.292530	2.293956
1154	0.704346	-0.079776	-2.290315	2.291704
1155	0.704956	-0.078686	-2.288105	2.289457
1156	0.705566	-0.077599	-2.285898	2.287215
1157	0.706177	-0.076516	-2.283696	2.284978
1158	0.706787	-0.075436	-2.281498	2.282745
1159	0.707397	-0.074358	-2.279304	2.280517
1160	0.708008	-0.073285	-2.277115	2.278294
1161	0.708618	-0.072214	-2.274929	2.276075
1162	0.709229	-0.071147	-2.272748	2.273862
1163	0.709839	-0.070082	-2.270571	2.271652
1164	0.710449	-0.069021	-2.268398	2.269448
1165	0.711060	-0.067963	-2.266229	2.267248
1166	0.711670	-0.066908	-2.264065	2.265053
1167	0.712280	-0.065857	-2.261904	2.262863
1168	0.712891	-0.064808	-2.259748	2.260677
1169	0.713501	-0.063762	-2.257595	2.258496
1170	0.714111	-0.062720	-2.255447	2.256319
1171	0.714722	-0.061680	-2.253303	2.254147
1172	0.715332	-0.060644	-2.251163	2.251979
1173	0.715942	-0.059611	-2.249026	2.249816
1174	0.716553	-0.058580	-2.246894	2.247658
1175	0.717163	-0.057553	-2.244766	2.245504
1176	0.717773	-0.056529	-2.242642	2.243354
1177	0.718384	-0.055508	-2.240522	2.241209
1178	0.718994	-0.054489	-2.238406	2.239069
1179	0.719604	-0.053474	-2.236293	2.236933
1180	0.720215	-0.052461	-2.234185	2.234801
1181	0.720825	-0.051452	-2.232081	2.232674
1182	0.721436	-0.050445	-2.229980	2.230551
1183	0.722046	-0.049442	-2.227884	2.228432
1184	0.722656	-0.048441	-2.225791	2.226318
1185	0.723267	-0.047443	-2.223702	2.224209
1186	0.723877	-0.046448	-2.221618	2.222103
1187	0.724487	-0.045456	-2.219537	2.220002
1188	0.725098	-0.044467	-2.217460	2.217905
1189	0.725708	-0.043480	-2.215386	2.215813
1190	0.726318	-0.042497	-2.213317	2.213725
1191	0.726929	-0.041516	-2.211251	2.211641
1192	0.727539	-0.040538	-2.209190	2.209561
1193	0.728149	-0.039563	-2.207132	2.207486
1194	0.728760	-0.038591	-2.205077	2.205415
1195	0.729370	-0.037621	-2.203027	2.203348
1196	0.729980	-0.036655	-2.200980	2.201286
1197	0.730591	-0.035691	-2.198937	2.199227
1198	0.731201	-0.034729	-2.196898	2.197173
1199	0.731812	-0.033771	-2.194863	2.195123
1200	0.732422	-0.032815	-2.192831	2.193077
1201	0.733032	-0.031862	-2.190803	2.191035
1202	0.733643	-0.030912	-2.188779	2.188997
1203	0.734253	-0.029964	-2.186758	2.186964
1204	0.734863	-0.029019	-2.184742	2.184934
1205	0.735474	-0.028077	-2.182728	2.182909
1206	0.736084	-0.027137	-2.180719	2.180888
1207	0.736694	-0.026200	-2.178713	2.178870
1208	0.737305	-0.025266	-2.176711	2.176857
1209	0.737915	-0.024334	-2.174712	2.174848
1210	0.738525	-0.023405	-2.172717	2.172843
1211	0.739136	-0.022478	-2.170726	2.170842
1212	0.739746	-0.021554	-2.168738	2.168845
1213	0.740356	-0.020633	-2.166754	2.166852
1214	0.740967	-0.019714	-2.164773	2.164863
1215	0.741577	-0.018798	-2.162796	2.162878
1216	0.742188	-0.017885	-2.160822	2.160896
1217	0.742798	-0.016974	-2.158852	2.158919
1218	0.743408	-0.016065	-2.156886	2.156946
1219	0.744019	-0.015159	-2.154923	2.154976
1220	0.744629	-0.014256	-2.152964	2.153011
1221	0.745239	-0.013355	-2.151008	2.151049
1222	0.745850	-0.012457	-2.149055	2.149092
1223	0.746460	-0.011561	-2.147107	2.147138
1224	0.747070	-0.010667	-2.145161	2.145188
1225	0.747681	-0.009776	-2.143219	2.143242
1226	0.748291	-0.008888	-2.141281	2.141299
1227	0.748901	-0.008002	-2.139346	2.139361
1228	0.749512	-0.007118	-2.137414	2.137426
1229	0.750122	-0.006237	-2.135486	2.135495
1230	0.750732	-0.005359	-2.133561	2.133568
1231	0.751343	-0.004482	-2.131640	2.131645
1232	0.751953	-0.003608	-2.129722	2.129725
1233	0.752563	-0.002737	-2.127807	2.127809
1234	0.753174	-0.001868	-2.125896	2.125897
1235	0.753784	-0.001001	-2.123988	2.123989
1236	0.754395	-0.000137	-2.122084	2.122084
1237	0.755005	0.000725	-2.120183	2.120183
1238	0.755615	0.001585	-2.118285	2.118286
1239	0.756226	0.002442	-2.116391	2.116392
1240	0.756836	0.003297	-2.114500	2.114502
1241	0.757446	0.004149	-2.112612	2.112616
1242	0.758057	0.005000	-2.110727	2.110733
1243	0.758667	0.005848	-2.108846	2.108854
1244	0.759277	0.006693	-2.106968	2.106979
1245	0.759888	0.007537	-2.105094	2.105107
1246	0.760498	0.008378	-2.103223	2.103239
1247	0.761108	0.009216	-2.101355	2.101375
1248	0.761719	0.010053	-2.099490	2.099514
1249	0.762329	0.010887	-2.097628	2.097656
1250	0.762939	0.011719	-2.095770	2.095803
1251	0.763550	0.012549	-2.093915	2.093952
1252	0.764160	0.013376	-2.092063	2.092106
1253	0.764771	0.014202	-2.090214	2.090262
1254	0.765381	0.015025	-2.088369	2.088423
1255	0.765991	0.015845	-2.086526	2.086587
1256	0.766602	0.016664	-2.084687	2.084754
1257	0.767212	0.017481	-2.082851	2.082925
1258	0.767822	0.018295	-2.081019	2.081099
1259	0.768433	0.019107	-2.079189	2.079277
1260	0.769043	0.019917	-2.077363	2.077458
1261	0.769653	0.020725	-2.075539	2.075643
1262	0.770264	0.021530	-2.073719	2.073831
1263	0.770874	0.022334	-2.071902	2.072022
1264	0.771484	0.023135	-2.070088	2.070217
1265	0.772095	0.023934	-2.068277	2.068416
1266	0.772705	0.024731	-2.066470	2.066618
1267	0.773315	0.025526	-2.064665	2.064823
1268	0.773926	0.026319	-2.062863	2.063031
1269	0.774536	0.027109	-2.061065	2.061243
1270	0.775146	0.027898	-2.059269	2.059458
1271	0.775757	0.028685	-2.057477	2.057677
1272	0.776367	0.029469	-2.055688	2.055899
1273	0.776978	0.030251	-2.053901	2.054124
1274	0.777588	0.031032	-2.052118	2.052353
1275	0.778198	0.031810	-2.050338	2.050585
1276	0.778809	0.032586	-2.048561	2.048820
1277	0.779419	0.033360	-2.046786	2.047058
1278	0.780029	0.034133	-2.045015	2.045300
1279	0.780640	0.034903	-2.043247	2.043545
1280	0.781250	0.035671	-2.041482	2.041793
1281	0.781860	0.036437	-2.039719	2.040045
1282	0.782471	0.037201	-2.037960	2.038300
1283	0.783081	0.037963	-2.036204	2.036558
1284	0.783691	0.038723	-2.034450	2.034819
1285	0.784302	0.039481	-2.032700	2.033083
1286	0.784912	0.040237	-2.030952	2.031351
1287	0.785522	0.040991	-2.029208	2.029622
1288	0.786133	0.041744	-2.027466	2.027896
1289	0.786743	0.042494	-2.025727	2.026173
1290	0.787354	0.043242	-2.023991	2.024453
1291	0.787964	0.043988	-2.022259	2.022737
1292	0.788574	0.044733	-2.020528	2.021024
1293	0.789185	0.045475	-2.018801	2.019313
1294	0.789795	0.046216	-2.017077	2.017606
1295	0.790405	0.046954	-2.015356	2.015902
1296	0.791016	0.047691	-2.013637	2.014202
1297	0.791626	0.048426	-2.011921	2.012504
1298	0.792236	0.049159	-2.010208	2.010809
1299	0.792847	0.049890	-2.008498	2.009118
1300	0.793457	0.050619	-2.006791	2.007429
1301	0.794067	0.051347	-2.005087	2.005744
1302	0.794678	0.052072	-2.003385	2.004062
1303	0.795288	0.052796	-2.001686	2.002382
1304	0.795898	0.053517	-1.999990	2.000706
1305	0.796509	0.054237	-1.998297	1.999033
1306	0.797119	0.054955	-1.996607	1.997363
1307	0.797729	0.055671	-1.994919	1.995696
1308	0.798340	0.056386	-1.993234	1.994032
1309	0.798950	0.057098	-1.991552	1.992370
1310	0.799561	0.057809	-1.989873	1.990712
1311	0.800171	0.058518	-1.988196	1.989057
1312	0.800781	0.059225	-1.986522	1.987405
1313	0.801392	0.059930	-1.984851	1.985756
1314	0.802002	0.060634	-1.983183	1.984110
1315	0.802612	0.061336	-1.981517	1.982466
1316	0.803223	0.062035	-1.979854	1.980826
1317	0.803833	0.062734	-1.978194	1.979188
1318	0.804443	0.063430	-1.976536	1.977554
1319	0.805054	0.064125	-1.974882	1.975922
1320	0.805664	0.064818	-1.973229	1.974294
1321	0.806274	0.065509	-1.971580	1.972668
1322	0.806885	0.066198	-1.969933	1.971045
1323	0.807495	0.066886	-1.968289	1.969425
1324	0.808105	0.067572	-1.966648	1.967808
1325	0.808716	0.068256	-1.965009	1.966194
1326	0.809326	0.068939	-1.963373	1.964582
1327	0.809937	0.069619	-1.961739	1.962974
1328	0.810547	0.070299	-1.960108	1.961368
1329	0.811157	0.070976	-1.958480	1.959765
1330	0.811768	0.071652	-1.956854	1.958165
1331	0.812378	0.072326	-1.955231	1.956568
1332	0.812988	0.072998	-1.953611	1.954974
1333	0.813599	0.073669	-1.951993	1.953382
1334	0.814209	0.074338	-1.950378	1.951794
1335	0.814819	0.075005	-1.948765	1.950208
1336	0.815430	0.075671	-1.947155	1.948625
1337	0.816040	0.076335	-1.945547	1.947044
1338	0.816650	0.076997	-1.943942	1.945467
1339	0.817261	0.077658	-1.942340	1.943892
1340	0.817871	0.078317	-1.940740	1.942320
1341	0.818481	0.078974	-1.939143	1.940750
1342	0.819092	0.079630	-1.937548	1.939184
1343	0.819702	0.080284	-1.935956	1.937620
1344	0.820313	0.080937	-1.934366	1.936059
1345	0.820923	0.081588	-1.932779	1.934500
1346	0.821533	0.082237	-1.931194	1.932945
1347	0.822144	0.082885	-1.929612	1.931392
1348	0.822754	0.083531	-1.928033	1.929841
1349	0.823364	0.084175	-1.926455	1.928294
1350	0.823975	0.084818	-1.924881	1.926749
1351	0.824585	0.085460	-1.923309	1.925206
1352	0.825195	0.086100	-1.921739	1.923667
1353	0.825806	0.086738	-1.920172	1.922130
1354	0.826416	0.087375	-1.918607	1.920595
1355	0.827026	0.088010	-1.917045	1.919064
1356	0.827637	0.088643	-1.915485	1.917535
1357	0.828247	0.089276	-1.913927	1.916008
1358	0.828857	0.089906	-1.912373	1.914485
1359	0.829468	0.090535	-1.910820	1.912964
1360	0.830078	0.091162	-1.909270	1.911445
1361	0.830688	0.091788	-1.907722	1.909929
1362	0.831299	0.092413	-1.906177	1.908416
1363	0.831909	0.093036	-1.904634	1.906905
1364	0.832520	0.093657	-1.903094	1.905397
1365	0.833130	0.094277	-1.901556	1.903891
1366	0.833740	0.094895	-1.900020	1.902388
1367	0.834351	0.095512	-1.898487	1.900888
1368	0.834961	0.096128	-1.896956	1.899390
1369	0.835571	0.096741	-1.895428	1.897895
1370	0.836182	0.097354	-1.893901	1.896402
1371	0.836792	0.097965	-1.892378	1.894912
1372	0.837402	0.098574	-1.890856	1.893424
1373	0.838013	0.099182	-1.889337	1.891939
1374	0.838623	0.099789	-1.887821	1.890456
1375	0.839233	0.100394	-1.886306	1.888976
1376	0.839844	0.100997	-1.884794	1.887498
1377	0.840454	0.101600	-1.883285	1.886023
1378	0.841064	0.102200	-1.881777	1.884550
1379	0.841675	0.102800	-1.880272	1.883080
1380	0.842285	0.103397	-1.878769	1.881612
1381	0.842896	0.103994	-1.877269	1.880147
1382	0.843506	0.104589	-1.875771	1.878684
1383	0.844116	0.105183	-1.874275	1.877224
1384	0.844727	0.105775	-1.872782	1.875766
1385	0.845337	0.106365	-1.871290	1.874311
1386	0.845947	0.106955	-1.869801	1.872858
1387	0.846558	0.107543	-1.868315	1.871407
1388	0.847168	0.108129	-1.866830	1.869959
1389	0.847778	0.108714	-1.865348	1.868513
1390	0.848389	0.109298	-1.863868	1.867070
1391	0.848999	0.109881	-1.862391	1.865629
1392	0.849609	0.110462	-1.860915	1.864191
1393	0.850220	0.111041	-1.859442	1.862755
1394	0.850830	0.111620	-1.857971	1.861321
1395	0.851440	0.112196	-1.856502	1.859890
1396	0.852051	0.112772	-1.855036	1.858461
1397	0.852661	0.113346	-1.853572	1.857034
1398	0.853271	0.113919	-1.852110	1.855610
1399	0.853882	0.114491	-1.850650	1.854188
1400	0.854492	0.115061	-1.849192	1.852768
1401	0.855103	0.115630	-1.847737	1.851351
1402	0.855713	0.116197	-1.846284	1.849937
1403	0.856323	0.116763	-1.844833	1.848524
1404	0.856934	0.117328	-1.843384	1.847114
1405	0.857544	0.117891	-1.841937	1.845706
1406	0.858154	0.118454	-1.840493	1.844301
1407	0.858765	0.119014	-1.839050	1.842897
1408	0.859375	0.119574	-1.837610	1.841496
1409	0.859985	0.120132	-1.836172	1.840098
1410	0.860596	0.120689	-1.834736	1.838702
1411	0.861206	0.121245	-1.833303	1.837308
1412	0.861816	0.121799	-1.831871	1.835916
1413	0.862427	0.122352	-1.830442	1.834526
1414	0.863037	0.122904	-1.829014	1.833139
1415	0.863647	0.123455	-1.827589	1.831754
1416	0.864258	0.124004	-1.826166	1.830372
1417	0.864868	0.124552	-1.824745	1.828991
1418	0.865479	0.125098	-1.823327	1.827613
1419	0.866089	0.125644	-1.821910	1.826237
1420	0.866699	0.126188	-1.820495	1.824863
1421	0.867310	0.126731	-1.819083	1.823492
1422	0.867920	0.127272	-1.817672	1.822123
1423	0.868530	0.127813	-1.816264	1.820756
1424	0.869141	0.128352	-1.814858	1.819391
1425	0.869751	0.128890	-1.813454	1.818028
1426	0.870361	0.129427	-1.812052	1.816668
1427	0.870972	0.129962	-1.810652	1.815310
1428	0.871582	0.130496	-1.809254	1.813954
1429	0.872192	0.131029	-1.807858	1.812600
1430	0.872803	0.131561	-1.806464	1.811248
1431	0.873413	0.132092	-1.805072	1.809899
1432	0.874023	0.132621	-1.803682	1.808552
1433	0.874634	0.133149	-1.802295	1.807206
1434	0.875244	0.133676	-1.800909	1.805863
1435	0.875854	0.134202	-1.799526	1.804523
1436	0.876465	0.134726	-1.798144	1.803184
1437	0.877075	0.135249	-1.796764	1.801848
1438	0.877686	0.135772	-1.795387	1.800513
1439	0.878296	0.136293	-1.794011	1.799181
1440	0.878906	0.136812	-1.792638	1.797851
1441	0.879517	0.137331	-1.791266	1.796523
1442	0.880127	0.137848	-1.789897	1.795197
1443	0.880737	0.138364	-1.788529	1.793873
1444	0.881348	0.138879	-1.787164	1.792552
1445	0.881958	0.139393	-1.785800	1.791232
1446	0.882568	0.139906	-1.784438	1.789915
1447	0.883179	0.140418	-1.783079	1.788599
1448	0.883789	0.140928	-1.781721	1.787286
1449	0.884399	0.141437	-1.780365	1.785975
1450	0.885010	0.141945	-1.779012	1.784666
1451	0.885620	0.142452	-1.777660	1.783359
1452	0.886230	0.142958	-1.776310	1.782054
1453	0.886841	0.143463	-1.774962	1.780751
1454	0.887451	0.143966	-1.773616	1.779450
1455	0.888062	0.144469	-1.772272	1.778151
1456	0.888672	0.144970	-1.770930	1.776854
1457	0.889282	0.145470	-1.769590	1.775560
1458	0.889893	0.145969	-1.768252	1.774267
1459	0.890503	0.146467	-1.766916	1.772976
1460	0.891113	0.146964	-1.765582	1.771688
1461	0.891724	0.147460	-1.764249	1.770401
1462	0.892334	0.147954	-1.762919	1.769116
1463	0.892944	0.148448	-1.761590	1.767834
1464	0.893555	0.148940	-1.760263	1.766553
1465	0.894165	0.149432	-1.758939	1.765275
1466	0.894775	0.149922	-1.757616	1.763998
1467	0.895386	0.150411	-1.756295	1.762724
1468	0.895996	0.150899	-1.754975	1.761451
1469	0.896606	0.151386	-1.753658	1.760180
1470	0.897217	0.151872	-1.752343	1.758912
1471	0.897827	0.152356	-1.751029	1.757645
1472	0.898438	0.152840	-1.749718	1.756380
1473	0.899048	0.153323	-1.748408	1.755118
1474	0.899658	0.153804	-1.747100	1.753857
1475	0.900269	0.154285	-1.745794	1.752598
1476	0.900879	0.154764	-1.744490	1.751341
1477	0.901489	0.155243	-1.743187	1.750086
1478	0.902100	0.155720	-1.741887	1.748833
1479	0.902710	0.156196	-1.740588	1.747582
1480	0.903320	0.156672	-1.739291	1.746333
1481	0.903931	0.157146	-1.737996	1.745086
1482	0.904541	0.157619	-1.736703	1.743841
1483	0.905151	0.158091	-1.735412	1.742598
1484	0.905762	0.158562	-1.734122	1.741356
1485	0.906372	0.159032	-1.732834	1.740117
1486	0.906982	0.159501	-1.731548	1.738879
1487	0.907593	0.159969	-1.730264	1.737643
1488	0.908203	0.160436	-1.728982	1.736410
1489	0.908813	0.160902	-1.727701	1.735178
1490	0.909424	0.161367	-1.726423	1.733948
1491	0.910034	0.161831	-1.725146	1.732719
1492	0.910645	0.162294	-1.723870	1.731493
1493	0.911255	0.162756	-1.722597	1.730269
1494	0.911865	0.163216	-1.721325	1.729046
1495	0.912476	0.163676	-1.720056	1.727826
1496	0.913086	0.164135	-1.718788	1.726607
1497	0.913696	0.164593	-1.717521	1.725390
1498	0.914307	0.165050	-1.716257	1.724175
1499	0.914917	0.165506	-1.714994	1.722962
1500	0.915527	0.165961	-1.713733	1.721750
1501	0.916138	0.166415	-1.712474	1.720541
1502	0.916748	0.166868	-1.711216	1.719333
1503	0.917358	0.167320	-1.709960	1.718127
1504	0.917969	0.167771	-1.708706	1.716923
1505	0.918579	0.168221	-1.707454	1.715721
1506	0.919189	0.168670	-1.706203	1.714520
1507	0.919800	0.169118	-1.704955	1.713322
1508	0.920410	0.169565	-1.703707	1.712125
1509	0.921021	0.170011	-1.702462	1.710930
1510	0.921631	0.170456	-1.701218	1.709737
1511	0.922241	0.170900	-1.699976	1.708545
1512	0.922852	0.171344	-1.698736	1.707356
1513	0.923462	0.171786	-1.697498	1.706168
1514	0.924072	0.172227	-1.696261	1.704982
1515	0.924683	0.172668	-1.695026	1.703797
1516	0.925293	0.173107	-1.693792	1.702615
1517	0.925903	0.173546	-1.692560	1.701434
1518	0.926514	0.173983	-1.691330	1.700255
1519	0.927124	0.174420	-1.690102	1.699078
1520	0.927734	0.174856	-1.688875	1.697903
1521	0.928345	0.175291	-1.687650	1.696729
1522	0.928955	0.175725	-1.686427	1.695557
1523	0.929565	0.176157	-1.685205	1.694387
1524	0.930176	0.176590	-1.683985	1.693219
1525	0.930786	0.177021	-1.682767	1.692052
1526	0.931396	0.177451	-1.681550	1.690887
1527	0.932007	0.177880	-1.680335	1.689724
1528	0.932617	0.178309	-1.679121	1.688562
1529	0.933228	0.178736	-1.677910	1.687402
1530	0.933838	0.179163	-1.676699	1.686244
1531	0.934448	0.179588	-1.675491	1.685088
1532	0.935059	0.180013	-1.674284	1.683934
1533	0.935669	0.180437	-1.673079	1.682781
1534	0.936279	0.180860	-1.671875	1.681629
1535	0.936890	0.181282	-1.670673	1.680480
1536	0.937500	0.181703	-1.669473	1.679332
1537	0.938110	0.182123	-1.668274	1.678186
1538	0.938721	0.182543	-1.667077	1.677042
1539	0.939331	0.182961	-1.665882	1.675899
1540	0.939941	0.183379	-1.664688	1.674758
1541	0.940552	0.183796	-1.663496	1.673618
1542	0.941162	0.184212	-1.662305	1.672481
1543	0.941772	0.184627	-1.661116	1.671345
1544	0.942383	0.185041	-1.659928	1.670210
1545	0.942993	0.185454	-1.658743	1.669078
1546	0.943604	0.185867	-1.657558	1.667947
1547	0.944214	0.186278	-1.656376	1.666817
1548	0.944824	0.186689	-1.655195	1.665690
1549	0.945435	0.187099	-1.654015	1.664563
1550	0.946045	0.187508	-1.652837	1.663439
1551	0.946655	0.187916	-1.651661	1.662316
1552	0.947266	0.188323	-1.650486	1.661195
1553	0.947876	0.188730	-1.649313	1.660076
1554	0.948486	0.189135	-1.648141	1.658958
1555	0.949097	0.189540	-1.646971	1.657841
1556	0.949707	0.189944	-1.645802	1.656727
1557	0.950317	0.190347	-1.644635	1.655614
1558	0.950928	0.190749	-1.643470	1.654502
1559	0.951538	0.191151	-1.642306	1.653393
1560	0.952148	0.191551	-1.641143	1.652284
1561	0.952759	0.191951	-1.639983	1.651178
1562	0.953369	0.192350	-1.638823	1.650073
1563	0.953979	0.192748	-1.637665	1.648969
1564	0.954590	0.193145	-1.636509	1.647868
1565	0.955200	0.193542	-1.635354	1.646767
1566	0.955811	0.193938	-1.634201	1.645669
1567	0.956421	0.194332	-1.633050	1.644572
1568	0.957031	0.194726	-1.631899	1.643476
1569	0.957642	0.195120	-1.630751	1.642382
1570	0.958252	0.195512	-1.629604	1.641290
1571	0.958862	0.195904	-1.628458	1.640199
1572	0.959473	0.196294	-1.627314	1.639110
1573	0.960083	0.196684	-1.626171	1.638023
1574	0.960693	0.197074	-1.625030	1.636937
1575	0.961304	0.197462	-1.623891	1.635852
1576	0.961914	0.197850	-1.622753	1.634769
1577	0.962524	0.198236	-1.621616	1.633688
1578	0.963135	0.198622	-1.620481	1.632608
1579	0.963745	0.199008	-1.619347	1.631530
1580	0.964355	0.199392	-1.618215	1.630453
1581	0.964966	0.199776	-1.617084	1.629378
1582	0.965576	0.200159	-1.615955	1.628304
1583	0.966187	0.200541	-1.614827	1.627232
1584	0.966797	0.200922	-1.613701	1.626161
1585	0.967407	0.201303	-1.612576	1.625092
1586	0.968018	0.201682	-1.611453	1.624024
1587	0.968628	0.202061	-1.610331	1.622958
1588	0.969238	0.202440	-1.609210	1.621894
1589	0.969849	0.202817	-1.608091	1.620831
1590	0.970459	0.203194	-1.606974	1.619769
1591	0.971069	0.203570	-1.605858	1.618709
1592	0.971680	0.203945	-1.604743	1.617651
1593	0.972290	0.204319	-1.603630	1.616594
1594	0.972900	0.204693	-1.602518	1.615538
1595	0.973511	0.205066	-1.601408	1.614484
1596	0.974121	0.205438	-1.600299	1.613431
1597	0.974731	0.205809	-1.599191	1.612380
1598	0.975342	0.206180	-1.598085	1.611331
1599	0.975952	0.206550	-1.596981	1.610283
1600	0.976563	0.206919	-1.595877	1.609236
1601	0.977173	0.207287	-1.594776	1.608191
1602	0.977783	0.207655	-1.593675	1.607147
1603	0.978394	0.208022	-1.592576	1.606105
1604	0.979004	0.208388	-1.591479	1.605064
1605	0.979614	0.208754	-1.590383	1.604025
1606	0.980225	0.209118	-1.589288	1.602987
1607	0.980835	0.209483	-1.588194	1.601950
1608	0.981445	0.209846	-1.587103	1.600915
1609	0.982056	0.210208	-1.586012	1.599882
1610	0.982666	0.210570	-1.584923	1.598850
1611	0.983276	0.210931	-1.583835	1.597819
1612	0.983887	0.211292	-1.582749	1.596790
1613	0.984497	0.211651	-1.581664	1.595762
1614	0.985107	0.212010	-1.580580	1.594736
1615	0.985718	0.212369	-1.579498	1.593711
1616	0.986328	0.212726	-1.578417	1.592687
1617	0.986938	0.213083	-1.577338	1.591665
1618	0.987549	0.213439	-1.576259	1.590644
1619	0.988159	0.213794	-1.575183	1.589625
1620	0.988770	0.214149	-1.574107	1.588607
1621	0.989380	0.214503	-1.573033	1.587591
1622	0.989990	0.214856	-1.571961	1.586576
1623	0.990601	0.215209	-1.570889	1.585562
1624	0.991211	0.215561	-1.569819	1.584550
1625	0.991821	0.215912	-1.568751	1.583539
1626	0.992432	0.216263	-1.567683	1.582530
1627	0.993042	0.216612	-1.566618	1.581522
1628	0.993652	0.216962	-1.565553	1.580515
1629	0.994263	0.217310	-1.564490	1.579510
1630	0.994873	0.217658	-1.563428	1.578506
1631	0.995483	0.218005	-1.562367	1.577504
1632	0.996094	0.218351	-1.561308	1.576503
1633	0.996704	0.218697	-1.560250	1.575503
1634	0.997314	0.219042	-1.559194	1.574504
1635	0.997925	0.219386	-1.558138	1.573507
1636	0.998535	0.219730	-1.557085	1.572512
1637	0.999146	0.220073	-1.556032	1.571518
1638	0.999756	0.220415	-1.554981	1.570525
1639	1.000366	0.220757	-1.553931	1.569533
1640	1.000977	0.221098	-1.552882	1.568543
1641	1.001587	0.221438	-1.551835	1.567554
1642	1.002197	0.221778	-1.550789	1.566567
1643	1.002808	0.222117	-1.549744	1.565580
1644	1.003418	0.222455	-1.548700	1.564596
1645	1.004028	0.222793	-1.547658	1.563612
1646	1.004639	0.223130	-1.546618	1.562630
1647	1.005249	0.223466	-1.545578	1.561649
1648	1.005859	0.223802	-1.544540	1.560670
1649	1.006470	0.224137	-1.543503	1.559692
1650	1.007080	0.224472	-1.542467	1.558715
1651	1.007690	0.224805	-1.541433	1.557739
1652	1.008301	0.225138	-1.540400	1.556765
1653	1.008911	0.225471	-1.539368	1.555792
1654	1.009521	0.225803	-1.538337	1.554821
1655	1.010132	0.226134	-1.537308	1.553851
1656	1.010742	0.226464	-1.536280	1.552882
1657	1.011353	0.226794	-1.535253	1.551914
1658	1.011963	0.227124	-1.534228	1.550948
1659	1.012573	0.227452	-1.533203	1.549983
1660	1.013184	0.227780	-1.532181	1.549019
1661	1.013794	0.228108	-1.531159	1.548057
1662	1.014404	0.228434	-1.530138	1.547096
1663	1.015015	0.228760	-1.529119	1.546136
1664	1.015625	0.229086	-1.528101	1.545178
1665	1.016235	0.229411	-1.527085	1.544220
1666	1.016846	0.229735	-1.526069	1.543264
1667	1.017456	0.230059	-1.525055	1.542310
1668	1.018066	0.230382	-1.524042	1.541356
1669	1.018677	0.230704	-1.523030	1.540404
1670	1.019287	0.231026	-1.522020	1.539454
1671	1.019897	0.231347	-1.521011	1.538504
1672	1.020508	0.231667	-1.520003	1.537556
1673	1.021118	0.231987	-1.518996	1.536609
1674	1.021729	0.232307	-1.517990	1.535663
1675	1.022339	0.232625	-1.516986	1.534718
1676	1.022949	0.232943	-1.515983	1.533775
1677	1.023560	0.233261	-1.514981	1.532833
1678	1.024170	0.233578	-1.513980	1.531893
1679	1.024780	0.233894	-1.512981	1.530953
1680	1.025391	0.234210	-1.511983	1.530015
1681	1.026001	0.234525	-1.510986	1.529078
1682	1.026611	0.234839	-1.509990	1.528142
1683	1.027222	0.235153	-1.508995	1.527208
1684	1.027832	0.235466	-1.508002	1.526274
1685	1.028442	0.235779	-1.507009	1.525342
1686	1.029053	0.236091	-1.506018	1.524412
1687	1.029663	0.236402	-1.505029	1.523482
1688	1.030273	0.236713	-1.504040	1.522554
1689	1.030884	0.237024	-1.503053	1.521627
1690	1.031494	0.237333	-1.502066	1.520701
1691	1.032104	0.237642	-1.501081	1.519776
1692	1.032715	0.237951	-1.500098	1.518853
1693	1.033325	0.238259	-1.499115	1.517930
1694	1.033936	0.238566	-1.498133	1.517009
1695	1.034546	0.238873	-1.497153	1.516090
1696	1.035156	0.239179	-1.496174	1.515171
1697	1.035767	0.239485	-1.495196	1.514254
1698	1.036377	0.239790	-1.494219	1.513337
1699	1.036987	0.240095	-1.493244	1.512422
1700	1.037598	0.240399	-1.492269	1.511509
1701	1.038208	0.240702	-1.491296	1.510596
1702	1.038818	0.241005	-1.490324	1.509685
1703	1.039429	0.241307	-1.489353	1.508775
1704	1.040039	0.241609	-1.488383	1.507866
1705	1.040649	0.241910	-1.487414	1.506958
1706	1.041260	0.242210	-1.486447	1.506051
1707	1.041870	0.242510	-1.485480	1.505146
1708	1.042480	0.242810	-1.484515	1.504241
1709	1.043091	0.243109	-1.483551	1.503338
1710	1.043701	0.243407	-1.482588	1.502436
1711	1.044312	0.243705	-1.481627	1.501536
1712	1.044922	0.244002	-1.480666	1.500636
1713	1.045532	0.244298	-1.479707	1.499738
1714	1.046143	0.244595	-1.478748	1.498840
1715	1.046753	0.244890	-1.477791	1.497944
1716	1.047363	0.245185	-1.476835	1.497049
1717	1.047974	0.245480	-1.475880	1.496156
1718	1.048584	0.245773	-1.474926	1.495263
1719	1.049194	0.246067	-1.473974	1.494372
1720	1.049805	0.246360	-1.473022	1.493481
1721	1.050415	0.246652	-1.472072	1.492592
1722	1.051025	0.246944	-1.471122	1.491704
1723	1.051636	0.247235	-1.470174	1.490817
1724	1.052246	0.247525	-1.469227	1.489932
1725	1.052856	0.247815	-1.468281	1.489047
1726	1.053467	0.248105	-1.467336	1.488164
1727	1.054077	0.248394	-1.466392	1.487282
1728	1.054688	0.248683	-1.465450	1.486400
1729	1.055298	0.248971	-1.464508	1.485520
1730	1.055908	0.249258	-1.463568	1.484642
1731	1.056519	0.249545	-1.462629	1.483764
1732	1.057129	0.249831	-1.461690	1.482887
1733	1.057739	0.250117	-1.460753	1.482012
1734	1.058350	0.250402	-1.459817	1.481137
1735	1.058960	0.250687	-1.458882	1.480264
1736	1.059570	0.250972	-1.457948	1.479392
1737	1.060181	0.251255	-1.457016	1.478521
1738	1.060791	0.251539	-1.456084	1.477651
1739	1.061401	0.251821	-1.455153	1.476782
1740	1.062012	0.252104	-1.454224	1.475915
1741	1.062622	0.252385	-1.453296	1.475048
1742	1.063232	0.252666	-1.452368	1.474182
1743	1.063843	0.252947	-1.451442	1.473318
1744	1.064453	0.253227	-1.450517	1.472455
1745	1.065063	0.253507	-1.449593	1.471593
1746	1.065674	0.253786	-1.448670	1.470732
1747	1.066284	0.254065	-1.447748	1.469872
1748	1.066895	0.254343	-1.446827	1.469013
1749	1.067505	0.254620	-1.445907	1.468155
1750	1.068115	0.254897	-1.444988	1.467298
1751	1.068726	0.255174	-1.444071	1.466443
1752	1.069336	0.255450	-1.443154	1.465588
1753	1.069946	0.255726	-1.442238	1.464735
1754	1.070557	0.256001	-1.441324	1.463882
1755	1.071167	0.256275	-1.440410	1.463031
1756	1.071777	0.256550	-1.439498	1.462181
1757	1.072388	0.256823	-1.438587	1.461331
1758	1.072998	0.257096	-1.437676	1.460483
1759	1.073608	0.257369	-1.436767	1.459636
1760	1.074219	0.257641	-1.435859	1.458790
1761	1.074829	0.257913	-1.434952	1.457946
1762	1.075439	0.258184	-1.434045	1.457102
1763	1.076050	0.258454	-1.433140	1.456259
1764	1.076660	0.258725	-1.432236	1.455417
1765	1.077271	0.258994	-1.431333	1.454577
1766	1.077881	0.259264	-1.430431	1.453737
1767	1.078491	0.259532	-1.429530	1.452898
1768	1.079102	0.259800	-1.428630	1.452061
1769	1.079712	0.260068	-1.427731	1.451225
1770	1.080322	0.260336	-1.426834	1.450389
1771	1.080933	0.260602	-1.425937	1.449555
1772	1.081543	0.260869	-1.425041	1.448722
1773	1.082153	0.261134	-1.424146	1.447889
1774	1.082764	0.261400	-1.423252	1.447058
1775	1.083374	0.261665	-1.422360	1.446228
1776	1.083984	0.261929	-1.421468	1.445399
1777	1.084595	0.262193	-1.420577	1.444571
1778	1.085205	0.262457	-1.419687	1.443744
1779	1.085815	0.262719	-1.418799	1.442917
1780	1.086426	0.262982	-1.417911	1.442092
1781	1.087036	0.263244	-1.417024	1.441268
1782	1.087646	0.263506	-1.416138	1.440445
1783	1.088257	0.263767	-1.415254	1.439624
1784	1.088867	0.264027	-1.414370	1.438803
1785	1.089478	0.264288	-1.413487	1.437983
1786	1.090088	0.264547	-1.412606	1.437164
1787	1.090698	0.264807	-1.411725	1.436346
1788	1.091309	0.265065	-1.410845	1.435529
1789	1.091919	0.265324	-1.409966	1.434713
1790	1.092529	0.265582	-1.409089	1.433898
1791	1.093140	0.265839	-1.408212	1.433085
1792	1.093750	0.266096	-1.407336	1.432272
1793	1.094360	0.266353	-1.406461	1.431460
1794	1.094971	0.266609	-1.405588	1.430649
1795	1.095581	0.266864	-1.404715	1.429839
1796	1.096191	0.267120	-1.403843	1.429030
1797	1.096802	0.267374	-1.402972	1.428222
1798	1.097412	0.267629	-1.402102	1.427416
1799	1.098022	0.267882	-1.401233	1.426610
1800	1.098633	0.268136	-1.400365	1.425805
1801	1.099243	0.268389	-1.399498	1.425001
1802	1.099854	0.268641	-1.398632	1.424198
1803	1.100464	0.268893	-1.397767	1.423396
1804	1.101074	0.269145	-1.396903	1.422595
1805	1.101685	0.269396	-1.396040	1.421795
1806	1.102295	0.269647	-1.395178	1.420996
1807	1.102905	0.269897	-1.394317	1.420198
1808	1.103516	0.270147	-1.393457	1.419401
1809	1.104126	0.270396	-1.392597	1.418605
1810	1.104736	0.270645	-1.391739	1.417810
1811	1.105347	0.270894	-1.390882	1.417016
1812	1.105957	0.271142	-1.390025	1.416223
1813	1.106567	0.271390	-1.389170	1.415431
1814	1.107178	0.271637	-1.388315	1.414640
1815	1.107788	0.271884	-1.387462	1.413849
1816	1.108398	0.272130	-1.386609	1.413060
1817	1.109009	0.272376	-1.385757	1.412272
1818	1.109619	0.272621	-1.384907	1.411485
1819	1.110229	0.272866	-1.384057	1.410698
1820	1.110840	0.273111	-1.383208	1.409913
1821	1.111450	0.273355	-1.382360	1.409128
1822	1.112061	0.273599	-1.381513	1.408345
1823	1.112671	0.273842	-1.380667	1.407562
1824	1.113281	0.274085	-1.379822	1.406780
1825	1.113892	0.274328	-1.378978	1.406000
1826	1.114502	0.274570	-1.378134	1.405220
1827	1.115112	0.274812	-1.377292	1.404441
1828	1.115723	0.275053	-1.376451	1.403663
1829	1.116333	0.275294	-1.375610	1.402886
1830	1.116943	0.275534	-1.374771	1.402110
1831	1.117554	0.275774	-1.373932	1.401335
1832	1.118164	0.276014	-1.373094	1.400561
1833	1.118774	0.276253	-1.372258	1.399788
1834	1.119385	0.276492	-1.371422	1.399016
1835	1.119995	0.276730	-1.370587	1.398244
1836	1.120605	0.276968	-1.369753	1.397474
1837	1.121216	0.277206	-1.368919	1.396705
1838	1.121826	0.277443	-1.368087	1.395936
1839	1.122437	0.277680	-1.367256	1.395168
1840	1.123047	0.277916	-1.366425	1.394402
1841	1.123657	0.278152	-1.365596	1.393636
1842	1.124268	0.278388	-1.364767	1.392871
1843	1.124878	0.278623	-1.363940	1.392107
1844	1.125488	0.278857	-1.363113	1.391344
1845	1.126099	0.279092	-1.362287	1.390582
1846	1.126709	0.279326	-1.361462	1.389821
1847	1.127319	0.279559	-1.360638	1.389060
1848	1.127930	0.279792	-1.359815	1.388301
1849	1.128540	0.280025	-1.358992	1.387542
1850	1.129150	0.280257	-1.358171	1.386785
1851	1.129761	0.280489	-1.357350	1.386028
1852	1.130371	0.280721	-1.356531	1.385272
1853	1.130981	0.280952	-1.355712	1.384517
1854	1.131592	0.281183	-1.354894	1.383763
1855	1.132202	0.281413	-1.354077	1.383010
1856	1.132813	0.281643	-1.353261	1.382258
1857	1.133423	0.281872	-1.352445	1.381507
1858	1.134033	0.282102	-1.351631	1.380756
1859	1.134644	0.282330	-1.350818	1.380007
1860	1.135254	0.282559	-1.350005	1.379258
1861	1.135864	0.282787	-1.349193	1.378510
1862	1.136475	0.283014	-1.348382	1.377763
1863	1.137085	0.283242	-1.347572	1.377017
1864	1.137695	0.283468	-1.346763	1.376272
1865	1.138306	0.283695	-1.345955	1.375528
1866	1.138916	0.283921	-1.345148	1.374785
1867	1.139526	0.284147	-1.344341	1.374042
1868	1.140137	0.284372	-1.343535	1.373301
1869	1.140747	0.284597	-1.342731	1.372560
1870	1.141357	0.284821	-1.341927	1.371820
1871	1.141968	0.285046	-1.341124	1.371081
1872	1.142578	0.285269	-1.340321	1.370343
1873	1.143188	0.285493	-1.339520	1.369606
1874	1.143799	0.285716	-1.338719	1.368869
1875	1.144409	0.285938	-1.337920	1.368134
1876	1.145020	0.286161	-1.337121	1.367399
1877	1.145630	0.286383	-1.336323	1.366665
1878	1.146240	0.286604	-1.335526	1.365932
1879	1.146851	0.286825	-1.334730	1.365200
1880	1.147461	0.287046	-1.333934	1.364469
1881	1.148071	0.287267	-1.333140	1.363739
1882	1.148682	0.287487	-1.332346	1.363009
1883	1.149292	0.287706	-1.331553	1.362281
1884	1.149902	0.287926	-1.330761	1.361553
1885	1.150513	0.288145	-1.329970	1.360826
1886	1.151123	0.288363	-1.329179	1.360100
1887	1.151733	0.288581	-1.328390	1.359374
1888	1.152344	0.288799	-1.327601	1.358650
1889	1.152954	0.289017	-1.326813	1.357926
1890	1.153564	0.289234	-1.326026	1.357204
1891	1.154175	0.289451	-1.325240	1.356482
1892	1.154785	0.289667	-1.324455	1.355761
1893	1.155396	0.289883	-1.323670	1.355041
1894	1.156006	0.290099	-1.322886	1.354321
1895	1.156616	0.290314	-1.322104	1.353603
1896	1.157227	0.290529	-1.321322	1.352885
1897	1.157837	0.290744	-1.320540	1.352168
1898	1.158447	0.290958	-1.319760	1.351452
1899	1.159058	0.291172	-1.318980	1.350737
1900	1.159668	0.291385	-1.318201	1.350022
1901	1.160278	0.291598	-1.317424	1.349309
1902	1.160889	0.291811	-1.316646	1.348596
1903	1.161499	0.292024	-1.315870	1.347884
1904	1.162109	0.292236	-1.315095	1.347173
1905	1.162720	0.292448	-1.314320	1.346463
1906	1.163330	0.292659	-1.313546	1.345753
1907	1.163940	0.292870	-1.312773	1.345045
1908	1.164551	0.293081	-1.312001	1.344337
1909	1.165161	0.293291	-1.311229	1.343630
1910	1.165771	0.293501	-1.310458	1.342924
1911	1.166382	0.293711	-1.309689	1.342218
1912	1.166992	0.293920	-1.308919	1.341514
1913	1.167603	0.294129	-1.308151	1.340810
1914	1.168213	0.294338	-1.307384	1.340107
1915	1.168823	0.294546	-1.306617	1.339405
1916	1.169434	0.294754	-1.305851	1.338704
1917	1.170044	0.294962	-1.305086	1.338003
1918	1.170654	0.295169	-1.304322	1.337303
1919	1.171265	0.295376	-1.303558	1.336604
1920	1.171875	0.295583	-1.302796	1.335906
1921	1.172485	0.295789	-1.302034	1.335209
1922	1.173096	0.295995	-1.301273	1.334512
1923	1.173706	0.296201	-1.300512	1.333817
1924	1.174316	0.296406	-1.299753	1.333122
1925	1.174927	0.296611	-1.298994	1.332428
1926	1.175537	0.296815	-1.298236	1.331734
1927	1.176147	0.297020	-1.297479	1.331042
1928	1.176758	0.297223	-1.296722	1.330350
1929	1.177368	0.297427	-1.295967	1.329659
1930	1.177979	0.297630	-1.295212	1.328969
1931	1.178589	0.297833	-1.294458	1.328279
1932	1.179199	0.298036	-1.293705	1.327591
1933	1.179810	0.298238	-1.292952	1.326903
1934	1.180420	0.298440	-1.292200	1.326216
1935	1.181030	0.298642	-1.291449	1.325529
1936	1.181641	0.298843	-1.290699	1.324844
1937	1.182251	0.299044	-1.289950	1.324159
1938	1.182861	0.299244	-1.289201	1.323475
1939	1.183472	0.299445	-1.288453	1.322792
1940	1.184082	0.299645	-1.287706	1.322110
1941	1.184692	0.299844	-1.286960	1.321428
1942	1.185303	0.300044	-1.286214	1.320747
1943	1.185913	0.300243	-1.285469	1.320067
1944	1.186523	0.300441	-1.284725	1.319388
1945	1.187134	0.300640	-1.283982	1.318709
1946	1.187744	0.300838	-1.283239	1.318031
1947	1.188354	0.301035	-1.282497	1.317354
1948	1.188965	0.301233	-1.281756	1.316678
1949	1.189575	0.301430	-1.281016	1.316002
1950	1.190186	0.301627	-1.280277	1.315328
1951	1.190796	0.301823	-1.279538	1.314654
1952	1.191406	0.302019	-1.278800	1.313980
1953	1.192017	0.302215	-1.278062	1.313308
1954	1.192627	0.302410	-1.277326	1.312636
1955	1.193237	0.302606	-1.276590	1.311965
1956	1.193848	0.302800	-1.275855	1.311295
1957	1.194458	0.302995	-1.275121	1.310625
1958	1.195068	0.303189	-1.274387	1.309957
1959	1.195679	0.303383	-1.273654	1.309289
1960	1.196289	0.303577	-1.272922	1.308621
1961	1.196899	0.303770	-1.272191	1.307955
1962	1.197510	0.303963	-1.271460	1.307289
1963	1.198120	0.304156	-1.270731	1.306624
1964	1.198730	0.304348	-1.270001	1.305960
1965	1.199341	0.304540	-1.269273	1.305296
1966	1.199951	0.304732	-1.268545	1.304634
1967	1.200562	0.304923	-1.267819	1.303972
1968	1.201172	0.305115	-1.267092	1.303310
1969	1.201782	0.305305	-1.266367	1.302650
1970	1.202393	0.305496	-1.265642	1.301990
1971	1.203003	0.305686	-1.264918	1.301331
1972	1.203613	0.305876	-1.264195	1.300673
1973	1.204224	0.306066	-1.263472	1.300015
1974	1.204834	0.306255	-1.262751	1.299358
1975	1.205444	0.306444	-1.262029	1.298702
1976	1.206055	0.306633	-1.261309	1.298046
1977	1.206665	0.306821	-1.260589	1.297392
1978	1.207275	0.307009	-1.259871	1.296738
1979	1.207886	0.307197	-1.259152	1.296084
1980	1.208496	0.307385	-1.258435	1.295432
1981	1.209106	0.307572	-1.257718	1.294780
1982	1.209717	0.307759	-1.257002	1.294129
1983	1.210327	0.307946	-1.256287	1.293479
1984	1.210938	0.308132	-1.255572	1.292829
1985	1.211548	0.308318	-1.254858	1.292180
1986	1.212158	0.308504	-1.254145	1.291532
1987	1.212769	0.308689	-1.253432	1.290884
1988	1.213379	0.308874	-1.252721	1.290237
1989	1.213989	0.309059	-1.252010	1.289591
1990	1.214600	0.309244	-1.251299	1.288946
1991	1.215210	0.309428	-1.250590	1.288301
1992	1.215820	0.309612	-1.249881	1.287657
1993	1.216431	0.309796	-1.249172	1.287014
1994	1.217041	0.309979	-1.248465	1.286371
1995	1.217651	0.310162	-1.247758	1.285730
1996	1.218262	0.310345	-1.247052	1.285088
1997	1.218872	0.310528	-1.246346	1.284448
1998	1.219482	0.310710	-1.245642	1.283808
1999	1.220093	0.310892	-1.244938	1.283169
2000	1.220703	0.311074	-1.244234	1.282531
2001	1.221313	0.311255	-1.243532	1.281893
2002	1.221924	0.311436	-1.242830	1.281256
2003	1.222534	0.311617	-1.242128	1.280620
2004	1.223145	0.311798	-1.241428	1.279985
2005	1.223755	0.311978	-1.240728	1.279350
2006	1.224365	0.312158	-1.240029	1.278716
2007	1.224976	0.312338	-1.239330	1.278082
2008	1.225586	0.312517	-1.238632	1.277449
2009	1.226196	0.312696	-1.237935	1.276817
2010	1.226807	0.312875	-1.237239	1.276186
2011	1.227417	0.313054	-1.236543	1.275555
2012	1.228027	0.313232	-1.235848	1.274925
2013	1.228638	0.313410	-1.235153	1.274296
2014	1.229248	0.313588	-1.234460	1.273667
2015	1.229858	0.313765	-1.233767	1.273039
2016	1.230469	0.313942	-1.233074	1.272412
2017	1.231079	0.314119	-1.232383	1.271785
2018	1.231689	0.314296	-1.231691	1.271159
2019	1.232300	0.314472	-1.231001	1.270534
2020	1.232910	0.314649	-1.230311	1.269909
2021	1.233521	0.314824	-1.229622	1.269286
2022	1.234131	0.315000	-1.228934	1.268662
2023	1.234741	0.315175	-1.228247	1.268040
2024	1.235352	0.315350	-1.227560	1.267418
2025	1.235962	0.315525	-1.226873	1.266797
2026	1.236572	0.315700	-1.226188	1.266176
2027	1.237183	0.315874	-1.225503	1.265556
2028	1.237793	0.316048	-1.224818	1.264937
2029	1.238403	0.316221	-1.224135	1.264319
2030	1.239014	0.316395	-1.223452	1.263701
2031	1.239624	0.316568	-1.222769	1.263084
2032	1.240234	0.316741	-1.222088	1.262467
2033	1.240845	0.316913	-1.221407	1.261851
2034	1.241455	0.317086	-1.220726	1.261236
2035	1.242065	0.317258	-1.220047	1.260621
2036	1.242676	0.317430	-1.219368	1.260007
2037	1.243286	0.317601	-1.218689	1.259394
2038	1.243896	0.317772	-1.218011	1.258782
2039	1.244507	0.317943	-1.217334	1.258170
2040	1.245117	0.318114	-1.216658	1.257558
2041	1.245728	0.318285	-1.215982	1.256948
2042	1.246338	0.318455	-1.215307	1.256338
2043	1.246948	0.318625	-1.214633	1.255729
2044	1.247559	0.318795	-1.213959	1.255120
2045	1.248169	0.318964	-1.213286	1.254512
2046	1.248779	0.319133	-1.212613	1.253905
2047	1.249390	0.319302	-1.211941	1.253298
2048	1.250000	0.319471	-1.211270	1.252692
2049	1.250610	0.319639	-1.210600	1.252086
2050	1.251221	0.319807	-1.209930	1.251482
2051	1.251831	0.319975	-1.209260	1.250878
2052	1.252441	0.320143	-1.208592	1.250274
2053	1.253052	0.320310	-1.207924	1.249671
2054	1.253662	0.320477	-1.207256	1.249069
2055	1.254272	0.320644	-1.206590	1.248468
2056	1.254883	0.320811	-1.205924	1.247867
2057	1.255493	0.320977	-1.205258	1.247266
2058	1.256104	0.321143	-1.204593	1.246667
2059	1.256714	0.321309	-1.203929	1.246068
2060	1.257324	0.321475	-1.203266	1.245469
2061	1.257935	0.321640	-1.202603	1.244872
2062	1.258545	0.321805	-1.201940	1.244275
2063	1.259155	0.321970	-1.201279	1.243678
2064	1.259766	0.322135	-1.200618	1.243082
2065	1.260376	0.322299	-1.199957	1.242487
2066	1.260986	0.322463	-1.199298	1.241893
2067	1.261597	0.322627	-1.198638	1.241299
2068	1.262207	0.322791	-1.197980	1.240705
2069	1.262817	0.322954	-1.197322	1.240113
2070	1.263428	0.323117	-1.196665	1.239521
2071	1.264038	0.323280	-1.196008	1.238929
2072	1.264648	0.323443	-1.195352	1.238338
2073	1.265259	0.323605	-1.194697	1.237748
2074	1.265869	0.323767	-1.194042	1.237159
2075	1.266479	0.323929	-1.193388	1.236570
2076	1.267090	0.324091	-1.192734	1.235981
2077	1.267700	0.324252	-1.192081	1.235394
2078	1.268311	0.324413	-1.191429	1.234807
2079	1.268921	0.324574	-1.190777	1.234220
2080	1.269531	0.324735	-1.190126	1.233634
2081	1.270142	0.324895	-1.189476	1.233049
2082	1.270752	0.325055	-1.188826	1.232464
2083	1.271362	0.325215	-1.188177	1.231880
2084	1.271973	0.325375	-1.187528	1.231297
2085	1.272583	0.325534	-1.186880	1.230714
2086	1.273193	0.325694	-1.186233	1.230132
2087	1.273804	0.325853	-1.185586	1.229550
2088	1.274414	0.326011	-1.184940	1.228969
2089	1.275024	0.326170	-1.184294	1.228389
2090	1.275635	0.326328	-1.183649	1.227809
2091	1.276245	0.326486	-1.183005	1.227230
2092	1.276855	0.326644	-1.182361	1.226652
2093	1.277466	0.326802	-1.181718	1.226074
2094	1.278076	0.326959	-1.181075	1.225496
2095	1.278687	0.327116	-1.180433	1.224920
2096	1.279297	0.327273	-1.179792	1.224343
2097	1.279907	0.327430	-1.179151	1.223768
2098	1.280518	0.327586	-1.178511	1.223193
2099	1.281128	0.327742	-1.177872	1.222619
2100	1.281738	0.327898	-1.177233	1.222045
2101	1.282349	0.328054	-1.176594	1.221472
2102	1.282959	0.328209	-1.175956	1.220899
2103	1.283569	0.328364	-1.175319	1.220327
2104	1.284180	0.328519	-1.174683	1.219756
2105	1.284790	0.328674	-1.174047	1.219185
2106	1.285400	0.328829	-1.173411	1.218615
2107	1.286011	0.328983	-1.172776	1.218045
2108	1.286621	0.329137	-1.172142	1.217476
2109	1.287231	0.329291	-1.171509	1.216908
2110	1.287842	0.329445	-1.170876	1.216340
2111	1.288452	0.329598	-1.170243	1.215773
2112	1.289063	0.329751	-1.169611	1.215206
2113	1.289673	0.329904	-1.168980	1.214640
2114	1.290283	0.330057	-1.168349	1.214075
2115	1.290894	0.330209	-1.167719	1.213510
2116	1.291504	0.330362	-1.167090	1.212946
2117	1.292114	0.330514	-1.166461	1.212382
2118	1.292725	0.330665	-1.165832	1.211819
2119	1.293335	0.330817	-1.165204	1.211256
2120	1.293945	0.330968	-1.164577	1.210694
2121	1.294556	0.331120	-1.163951	1.210133
2122	1.295166	0.331271	-1.163325	1.209572
2123	1.295776	0.331421	-1.162699	1.209012
2124	1.296387	0.331572	-1.162074	1.208452
2125	1.296997	0.331722	-1.161450	1.207893
2126	1.297607	0.331872	-1.160826	1.207334
2127	1.298218	0.332022	-1.160203	1.206776
2128	1.298828	0.332171	-1.159580	1.206219
2129	1.299438	0.332321	-1.158958	1.205662
2130	1.300049	0.332470	-1.158337	1.205106
2131	1.300659	0.332619	-1.157716	1.204550
2132	1.301270	0.332768	-1.157095	1.203995
2133	1.301880	0.332916	-1.156476	1.203441
2134	1.302490	0.333064	-1.155856	1.202887
2135	1.303101	0.333212	-1.155238	1.202333
2136	1.303711	0.333360	-1.154620	1.201780
2137	1.304321	0.333508	-1.154002	1.201228
2138	1.304932	0.333655	-1.153385	1.200676
2139	1.305542	0.333803	-1.152769	1.200125
2140	1.306152	0.333950	-1.152153	1.199575
2141	1.306763	0.334096	-1.151538	1.199024
2142	1.307373	0.334243	-1.150923	1.198475
2143	1.307983	0.334389	-1.150309	1.197926
2144	1.308594	0.334535	-1.149695	1.197378
2145	1.309204	0.334681	-1.149082	1.196830
2146	1.309814	0.334827	-1.148470	1.196283
2147	1.310425	0.334973	-1.147858	1.195736
2148	1.311035	0.335118	-1.147247	1.195190
2149	1.311646	0.335263	-1.146636	1.194644
2150	1.312256	0.335408	-1.146026	1.194099
2151	1.312866	0.335552	-1.145416	1.193555
2152	1.313477	0.335697	-1.144807	1.193011
2153	1.314087	0.335841	-1.144198	1.192468
2154	1.314697	0.335985	-1.143590	1.191925
2155	1.315308	0.336129	-1.142983	1.191382
2156	1.315918	0.336273	-1.142376	1.190841
2157	1.316528	0.336416	-1.141769	1.190300
2158	1.317139	0.336559	-1.141164	1.189759
2159	1.317749	0.336702	-1.140558	1.189219
2160	1.318359	0.336845	-1.139954	1.188679
2161	1.318970	0.336988	-1.139349	1.188140
2162	1.319580	0.337130	-1.138746	1.187602
2163	1.320190	0.337272	-1.138143	1.187064
2164	1.320801	0.337414	-1.137540	1.186527
2165	1.321411	0.337556	-1.136938	1.185990
2166	1.322021	0.337697	-1.136336	1.185454
2167	1.322632	0.337839	-1.135736	1.184918
2168	1.323242	0.337980	-1.135135	1.184383
2169	1.323853	0.338121	-1.134535	1.183848
2170	1.324463	0.338262	-1.133936	1.183314
2171	1.325073	0.338402	-1.133337	1.182780
2172	1.325684	0.338542	-1.132739	1.182247
2173	1.326294	0.338683	-1.132141	1.181715
2174	1.326904	0.338822	-1.131544	1.181183
2175	1.327515	0.338962	-1.130947	1.180651
2176	1.328125	0.339102	-1.130351	1.180120
2177	1.328735	0.339241	-1.129756	1.179590
2178	1.329346	0.339380	-1.129161	1.179060
2179	1.329956	0.339519	-1.128566	1.178531
2180	1.330566	0.339658	-1.127972	1.178002
2181	1.331177	0.339796	-1.127379	1.177474
2182	1.331787	0.339935	-1.126786	1.176946
2183	1.332397	0.340073	-1.126193	1.176419
2184	1.333008	0.340211	-1.125601	1.175892
2185	1.333618	0.340349	-1.125010	1.175366
2186	1.334229	0.340486	-1.124419	1.174840
2187	1.334839	0.340623	-1.123829	1.174315
2188	1.335449	0.340761	-1.123239	1.173790
2189	1.336060	0.340898	-1.122650	1.173266
2190	1.336670	0.341034	-1.122061	1.172743
2191	1.337280	0.341171	-1.121473	1.172220
2192	1.337891	0.341307	-1.120885	1.171697
2193	1.338501	0.341443	-1.120298	1.171175
2194	1.339111	0.341579	-1.119711	1.170654
2195	1.339722	0.341715	-1.119125	1.170133
2196	1.340332	0.341851	-1.118540	1.169612
2197	1.340942	0.341986	-1.117955	1.169092
2198	1.341553	0.342121	-1.117370	1.168573
2199	1.342163	0.342257	-1.116786	1.168054
2200	1.342773	0.342391	-1.116202	1.167536
2201	1.343384	0.342526	-1.115619	1.167018
2202	1.343994	0.342660	-1.115037	1.166501
2203	1.344604	0.342795	-1.114455	1.165984
2204	1.345215	0.342929	-1.113873	1.165467
2205	1.345825	0.343063	-1.113292	1.164952
2206	1.346436	0.343196	-1.112712	1.164436
2207	1.347046	0.343330	-1.112132	1.163921
2208	1.347656	0.343463	-1.111553	1.163407
2209	1.348267	0.343596	-1.110974	1.162893
2210	1.348877	0.343729	-1.110395	1.162380
2211	1.349487	0.343862	-1.109817	1.161867
2212	1.350098	0.343995	-1.109240	1.161355
2213	1.350708	0.344127	-1.108663	1.160843
2214	1.351318	0.344259	-1.108087	1.160332
2215	1.351929	0.344391	-1.107511	1.159821
2216	1.352539	0.344523	-1.106935	1.159311
2217	1.353149	0.344655	-1.106360	1.158801
2218	1.353760	0.344786	-1.105786	1.158292
2219	1.354370	0.344917	-1.105212	1.157783
2220	1.354980	0.345048	-1.104639	1.157275
2221	1.355591	0.345179	-1.104066	1.156767
2222	1.356201	0.345310	-1.103494	1.156260
2223	1.356812	0.345441	-1.102922	1.155753
2224	1.357422	0.345571	-1.102350	1.155247
2225	1.358032	0.345701	-1.101779	1.154741
2226	1.358643	0.345831	-1.101209	1.154236
2227	1.359253	0.345961	-1.100639	1.153731
2228	1.359863	0.346090	-1.100070	1.153227
2229	1.360474	0.346220	-1.099501	1.152723
2230	1.361084	0.346349	-1.098932	1.152220
2231	1.361694	0.346478	-1.098364	1.151717
2232	1.362305	0.346607	-1.097797	1.151215
2233	1.362915	0.346736	-1.097230	1.150713
2234	1.363525	0.346864	-1.096664	1.150211
2235	1.364136	0.346993	-1.096098	1.149710
2236	1.364746	0.347121	-1.095532	1.149210
2237	1.365356	0.347249	-1.094967	1.148710
2238	1.365967	0.347377	-1.094403	1.148211
2239	1.366577	0.347504	-1.093839	1.147712
2240	1.367188	0.347632	-1.093275	1.147213
2241	1.367798	0.347759	-1.092712	1.146716
2242	1.368408	0.347886	-1.092150	1.146218
2243	1.369019	0.348013	-1.091588	1.145721
2244	1.369629	0.348140	-1.091026	1.145225
2245	1.370239	0.348267	-1.090465	1.144729
2246	1.370850	0.348393	-1.089904	1.144233
2247	1.371460	0.348519	-1.089344	1.143738
2248	1.372070	0.348645	-1.088785	1.143243
2249	1.372681	0.348771	-1.088226	1.142749
2250	1.373291	0.348897	-1.087667	1.142256
2251	1.373901	0.349022	-1.087109	1.141763
2252	1.374512	0.349148	-1.086551	1.141270
2253	1.375122	0.349273	-1.085994	1.140778
2254	1.375732	0.349398	-1.085437	1.140286
2255	1.376343	0.349523	-1.084881	1.139795
2256	1.376953	0.349648	-1.084325	1.139304
2257	1.377563	0.349772	-1.083770	1.138814
2258	1.378174	0.349896	-1.083215	1.138324
2259	1.378784	0.350021	-1.082660	1.137835
2260	1.379395	0.350145	-1.082106	1.137346
2261	1.380005	0.350268	-1.081553	1.136857
2262	1.380615	0.350392	-1.081000	1.136369
2263	1.381226	0.350515	-1.080447	1.135882
2264	1.381836	0.350639	-1.079895	1.135395
2265	1.382446	0.350762	-1.079344	1.134908
2266	1.383057	0.350885	-1.078793	1.134422
2267	1.383667	0.351008	-1.078242	1.133937
2268	1.384277	0.351130	-1.077692	1.133452
2269	1.384888	0.351253	-1.077142	1.132967
2270	1.385498	0.351375	-1.076593	1.132483
2271	1.386108	0.351497	-1.076044	1.131999
2272	1.386719	0.351619	-1.075496	1.131516
2273	1.387329	0.351741	-1.074948	1.131033
2274	1.387939	0.351863	-1.074401	1.130551
2275	1.388550	0.351984	-1.073854	1.130069
2276	1.389160	0.352105	-1.073308	1.129587
2277	1.389771	0.352226	-1.072762	1.129106
2278	1.390381	0.352347	-1.072216	1.128626
2279	1.390991	0.352468	-1.071671	1.128146
2280	1.391602	0.352589	-1.071127	1.127666
2281	1.392212	0.352709	-1.070583	1.127187
2282	1.392822	0.352830	-1.070039	1.126709
2283	1.393433	0.352950	-1.069496	1.126230
2284	1.394043	0.353070	-1.068953	1.125753
2285	1.394653	0.353190	-1.068411	1.125275
2286	1.395264	0.353309	-1.067869	1.124798
2287	1.395874	0.353429	-1.067328	1.124322
2288	1.396484	0.353548	-1.066787	1.123846
2289	1.397095	0.353667	-1.066246	1.123371
2290	1.397705	0.353786	-1.065706	1.122896
2291	1.398315	0.353905	-1.065167	1.122421
2292	1.398926	0.354024	-1.064628	1.121947
2293	1.399536	0.354142	-1.064089	1.121473
2294	1.400146	0.354261	-1.063551	1.121000
2295	1.400757	0.354379	-1.063013	1.120527
2296	1.401367	0.354497	-1.062476	1.120055
2297	1.401978	0.354615	-1.061939	1.119583
2298	1.402588	0.354732	-1.061403	1.119112
2299	1.403198	0.354850	-1.060867	1.118641
2300	1.403809	0.354967	-1.060331	1.118170
2301	1.404419	0.355085	-1.059796	1.117700
2302	1.405029	0.355202	-1.059262	1.117230
2303	1.405640	0.355319	-1.058728	1.116761
2304	1.406250	0.355435	-1.058194	1.116292
2305	1.406860	0.355552	-1.057661	1.115824
2306	1.407471	0.355668	-1.057128	1.115356
2307	1.408081	0.355785	-1.056595	1.114889
2308	1.408691	0.355901	-1.056064	1.114422
2309	1.409302	0.356017	-1.055532	1.113955
2310	1.409912	0.356133	-1.055001	1.113489
2311	1.410522	0.356248	-1.054470	1.113023
2312	1.411133	0.356364	-1.053940	1.112558
2313	1.411743	0.356479	-1.053411	1.112093
2314	1.412354	0.356594	-1.052881	1.111629
2315	1.412964	0.356709	-1.052353	1.111165
2316	1.413574	0.356824	-1.051824	1.110701
2317	1.414185	0.356939	-1.051296	1.110238
2318	1.414795	0.357054	-1.050769	1.109776
2319	1.415405	0.357168	-1.050242	1.109313
2320	1.416016	0.357282	-1.049715	1.108852
2321	1.416626	0.357396	-1.049189	1.108390
2322	1.417236	0.357510	-1.048663	1.107930
2323	1.417847	0.357624	-1.048138	1.107469
2324	1.418457	0.357738	-1.047613	1.107009
2325	1.419067	0.357851	-1.047088	1.106549
2326	1.419678	0.357965	-1.046564	1.106090
2327	1.420288	0.358078	-1.046041	1.105631
2328	1.420898	0.358191	-1.045518	1.105173
2329	1.421509	0.358304	-1.044995	1.104715
2330	1.422119	0.358417	-1.044473	1.104258
2331	1.422729	0.358529	-1.043951	1.103801
2332	1.423340	0.358642	-1.043429	1.103344
2333	1.423950	0.358754	-1.042908	1.102888
2334	1.424561	0.358866	-1.042388	1.102432
2335	1.425171	0.358978	-1.041867	1.101977
2336	1.425781	0.359090	-1.041348	1.101522
2337	1.426392	0.359202	-1.040828	1.101068
2338	1.427002	0.359313	-1.040310	1.100613
2339	1.427612	0.359425	-1.039791	1.100160
2340	1.428223	0.359536	-1.039273	1.099707
2341	1.428833	0.359647	-1.038755	1.099254
2342	1.429443	0.359758	-1.038238	1.098801
2343	1.430054	0.359869	-1.037722	1.098350
2344	1.430664	0.359980	-1.037205	1.097898
2345	1.431274	0.360090	-1.036689	1.097447
2346	1.431885	0.360201	-1.036174	1.096996
2347	1.432495	0.360311	-1.035659	1.096546
2348	1.433105	0.360421	-1.035144	1.096096
2349	1.433716	0.360531	-1.034630	1.095647
2350	1.434326	0.360641	-1.034116	1.095198
2351	1.434937	0.360750	-1.033603	1.094749
2352	1.435547	0.360860	-1.033090	1.094301
2353	1.436157	0.360969	-1.032577	1.093853
2354	1.436768	0.361078	-1.032065	1.093406
2355	1.437378	0.361188	-1.031553	1.092959
2356	1.437988	0.361296	-1.031042	1.092512
2357	1.438599	0.361405	-1.030531	1.092066
2358	1.439209	0.361514	-1.030021	1.091620
2359	1.439819	0.361622	-1.029511	1.091175
2360	1.440430	0.361731	-1.029001	1.090730
2361	1.441040	0.361839	-1.028492	1.090286
2362	1.441650	0.361947	-1.027983	1.089841
2363	1.442261	0.362055	-1.027474	1.089398
2364	1.442871	0.362163	-1.026966	1.088955
2365	1.443481	0.362270	-1.026459	1.088512
2366	1.444092	0.362378	-1.025952	1.088069
2367	1.444702	0.362485	-1.025445	1.087627
2368	1.445313	0.362593	-1.024939	1.087186
2369	1.445923	0.362700	-1.024433	1.086744
2370	1.446533	0.362807	-1.023927	1.086304
2371	1.447144	0.362913	-1.023422	1.085863
2372	1.447754	0.363020	-1.022917	1.085423
2373	1.448364	0.363127	-1.022413	1.084984
2374	1.448975	0.363233	-1.021909	1.084544
2375	1.449585	0.363339	-1.021406	1.084106
2376	1.450195	0.363445	-1.020902	1.083667
2377	1.450806	0.363551	-1.020400	1.083229
2378	1.451416	0.363657	-1.019898	1.082792
2379	1.452026	0.363763	-1.019396	1.082354
2380	1.452637	0.363868	-1.018894	1.081918
2381	1.453247	0.363974	-1.018393	1.081481
2382	1.453857	0.364079	-1.017892	1.081045
2383	1.454468	0.364184	-1.017392	1.080610
2384	1.455078	0.364289	-1.016892	1.080174
2385	1.455688	0.364394	-1.016393	1.079739
2386	1.456299	0.364499	-1.015894	1.079305
2387	1.456909	0.364604	-1.015395	1.078871
2388	1.457520	0.364708	-1.014897	1.078437
2389	1.458130	0.364812	-1.014399	1.078004
2390	1.458740	0.364916	-1.013901	1.077571
2391	1.459351	0.365021	-1.013404	1.077139
2392	1.459961	0.365124	-1.012908	1.076707
2393	1.460571	0.365228	-1.012411	1.076275
2394	1.461182	0.365332	-1.011915	1.075844
2395	1.461792	0.365435	-1.011420	1.075413
2396	1.462402	0.365539	-1.010925	1.074983
2397	1.463013	0.365642	-1.010430	1.074553
2398	1.463623	0.365745	-1.009936	1.074123
2399	1.464233	0.365848	-1.009442	1.073694
2400	1.464844	0.365951	-1.008948	1.073265
2401	1.465454	0.366054	-1.008455	1.072836
2402	1.466064	0.366156	-1.007963	1.072408
2403	1.466675	0.366259	-1.007470	1.071980
2404	1.467285	0.366361	-1.006978	1.071553
2405	1.467896	0.366463	-1.006487	1.071126
2406	1.468506	0.366565	-1.005995	1.070699
2407	1.469116	0.366667	-1.005505	1.070273
2408	1.469727	0.366769	-1.005014	1.069847
2409	1.470337	0.366871	-1.004524	1.069422
2410	1.470947	0.366972	-1.004035	1.068997
2411	1.471558	0.367074	-1.003545	1.068572
2412	1.472168	0.367175	-1.003057	1.068148
2413	1.472778	0.367276	-1.002568	1.067724
2414	1.473389	0.367377	-1.002080	1.067300
2415	1.473999	0.367478	-1.001592	1.066877
2416	1.474609	0.367579	-1.001105	1.066455
2417	1.475220	0.367679	-1.000618	1.066032
2418	1.475830	0.367780	-1.000131	1.065610
2419	1.476440	0.367880	-0.999645	1.065189
2420	1.477051	0.367980	-0.999160	1.064767
2421	1.477661	0.368081	-0.998674	1.064346
2422	1.478271	0.368180	-0.998189	1.063926
2423	1.478882	0.368280	-0.997704	1.063506
2424	1.479492	0.368380	-0.997220	1.063086
2425	1.480103	0.368480	-0.996736	1.062667
2426	1.480713	0.368579	-0.996253	1.062248
2427	1.481323	0.368678	-0.995770	1.061829
2428	1.481934	0.368778	-0.995287	1.061411
2429	1.482544	0.368877	-0.994805	1.060993
2430	1.483154	0.368976	-0.994323	1.060576
2431	1.483765	0.369075	-0.993841	1.060159
2432	1.484375	0.369173	-0.993360	1.059742
2433	1.484985	0.369272	-0.992879	1.059325
2434	1.485596	0.369370	-0.992399	1.058909
2435	1.486206	0.369469	-0.991918	1.058494
2436	1.486816	0.369567	-0.991439	1.058079
2437	1.487427	0.369665	-0.990959	1.057664
2438	1.488037	0.369763	-0.990480	1.057249
2439	1.488647	0.369861	-0.990002	1.056835
2440	1.489258	0.369958	-0.989524	1.056421
2441	1.489868	0.370056	-0.989046	1.056008
2442	1.490479	0.370153	-0.988568	1.055595
2443	1.491089	0.370251	-0.988091	1.055182
2444	1.491699	0.370348	-0.987614	1.054770
2445	1.492310	0.370445	-0.987138	1.054358
2446	1.492920	0.370542	-0.986662	1.053947
2447	1.493530	0.370639	-0.986186	1.053535
2448	1.494141	0.370736	-0.985711	1.053125
2449	1.494751	0.370832	-0.985236	1.052714
2450	1.495361	0.370929	-0.984762	1.052304
2451	1.495972	0.371025	-0.984288	1.051894
2452	1.496582	0.371121	-0.983814	1.051485
2453	1.497192	0.371217	-0.983340	1.051076
2454	1.497803	0.371313	-0.982867	1.050667
2455	1.498413	0.371409	-0.982395	1.050259
2456	1.499023	0.371505	-0.981922	1.049851
2457	1.499634	0.371601	-0.981450	1.049444
2458	1.500244	0.371696	-0.980979	1.049036
2459	1.500854	0.371791	-0.980508	1.048630
2460	1.501465	0.371887	-0.980037	1.048223
2461	1.502075	0.371982	-0.979566	1.047817
2462	1.502686	0.372077	-0.979096	1.047411
2463	1.503296	0.372172	-0.978626	1.047006
2464	1.503906	0.372267	-0.978157	1.046601
2465	1.504517	0.372361	-0.977688	1.046196
2466	1.505127	0.372456	-0.977219	1.045792
2467	1.505737	0.372550	-0.976751	1.045388
2468	1.506348	0.372645	-0.976283	1.044984
2469	1.506958	0.372739	-0.975815	1.044581
2470	1.507568	0.372833	-0.975348	1.044178
2471	1.508179	0.372927	-0.974881	1.043776
2472	1.508789	0.373021	-0.974414	1.043373
2473	1.509399	0.373114	-0.973948	1.042971
2474	1.510010	0.373208	-0.973482	1.042570
2475	1.510620	0.373301	-0.973017	1.042169
2476	1.511230	0.373395	-0.972552	1.041768
2477	1.511841	0.373488	-0.972087	1.041368
2478	1.512451	0.373581	-0.971623	1.040968
2479	1.513062	0.373674	-0.971159	1.040568
2480	1.513672	0.373767	-0.970695	1.040169
2481	1.514282	0.373860	-0.970232	1.039770
2482	1.514893	0.373953	-0.969769	1.039371
2483	1.515503	0.374045	-0.969306	1.038973
2484	1.516113	0.374138	-0.968844	1.038575
2485	1.516724	0.374230	-0.968382	1.038177
2486	1.517334	0.374322	-0.967920	1.037780
2487	1.517944	0.374414	-0.967459	1.037383
2488	1.518555	0.374506	-0.966998	1.036986
2489	1.519165	0.374598	-0.966538	1.036590
2490	1.519775	0.374690	-0.966078	1.036194
2491	1.520386	0.374781	-0.965618	1.035799
2492	1.520996	0.374873	-0.965158	1.035403
2493	1.521606	0.374964	-0.964699	1.035008
2494	1.522217	0.375056	-0.964240	1.034614
2495	1.522827	0.375147	-0.963782	1.034220
2496	1.523438	0.375238	-0.963324	1.033826
2497	1.524048	0.375329	-0.962866	1.033433
2498	1.524658	0.375420	-0.962409	1.033039
2499	1.525269	0.375510	-0.961952	1.032647
2500	1.525879	0.375601	-0.961495	1.032254
2501	1.526489	0.375691	-0.961039	1.031862
2502	1.527100	0.375782	-0.960583	1.031470
2503	1.527710	0.375872	-0.960127	1.031079
2504	1.528320	0.375962	-0.959672	1.030688
2505	1.528931	0.376052	-0.959217	1.030297
2506	1.529541	0.376142	-0.958762	1.029907
2507	1.530151	0.376232	-0.958308	1.029517
2508	1.530762	0.376322	-0.957854	1.029127
2509	1.531372	0.376411	-0.957400	1.028738
2510	1.531982	0.376501	-0.956947	1.028348
2511	1.532593	0.376590	-0.956494	1.027960
2512	1.533203	0.376680	-0.956042	1.027571
2513	1.533813	0.376769	-0.955589	1.027183
2514	1.534424	0.376858	-0.955137	1.026796
2515	1.535034	0.376947	-0.954686	1.026408
2516	1.535645	0.377036	-0.954235	1.026021
2517	1.536255	0.377124	-0.953784	1.025635
2518	1.536865	0.377213	-0.953333	1.025248
2519	1.537476	0.377302	-0.952883	1.024862
2520	1.538086	0.377390	-0.952433	1.024477
2521	1.538696	0.377478	-0.951984	1.024091
2522	1.539307	0.377566	-0.951534	1.023706
2523	1.539917	0.377654	-0.951086	1.023321
2524	1.540527	0.377742	-0.950637	1.022937
2525	1.541138	0.377830	-0.950189	1.022553
2526	1.541748	0.377918	-0.949741	1.022169
2527	1.542358	0.378006	-0.949294	1.021786
2528	1.542969	0.378093	-0.948846	1.021403
2529	1.543579	0.378181	-0.948400	1.021020
2530	1.544189	0.378268	-0.947953	1.020638
2531	1.544800	0.378355	-0.947507	1.020256
2532	1.545410	0.378442	-0.947061	1.019874
2533	1.546021	0.378529	-0.946615	1.019493
2534	1.546631	0.378616	-0.946170	1.019112
2535	1.547241	0.378703	-0.945725	1.018731
2536	1.547852	0.378790	-0.945281	1.018350
2537	1.548462	0.378876	-0.944837	1.017970
2538	1.549072	0.378963	-0.944393	1.017591
2539	1.549683	0.379049	-0.943949	1.017211
2540	1.550293	0.379135	-0.943506	1.016832
2541	1.550903	0.379222	-0.943063	1.016453
2542	1.551514	0.379308	-0.942621	1.016075
2543	1.552124	0.379394	-0.942179	1.015697
2544	1.552734	0.379479	-0.941737	1.015319
2545	1.553345	0.379565	-0.941295	1.014941
2546	1.553955	0.379651	-0.940854	1.014564
2547	1.554565	0.379736	-0.940413	1.014187
2548	1.555176	0.379822	-0.939972	1.013811
2549	1.555786	0.379907	-0.939532	1.013435
2550	1.556396	0.379992	-0.939092	1.013059
2551	1.557007	0.380077	-0.938653	1.012683
2552	1.557617	0.380162	-0.938213	1.012308
2553	1.558228	0.380247	-0.937774	1.011933
2554	1.558838	0.380332	-0.937336	1.011559
2555	1.559448	0.380417	-0.936897	1.011184
2556	1.560059	0.380501	-0.936459	1.010810
2557	1.560669	0.380586	-0.936022	1.010437
2558	1.561279	0.380670	-0.935584	1.010063
2559	1.561890	0.380755	-0.935147	1.009690
2560	1.562500	0.380839	-0.934711	1.009318
2561	1.563110	0.380923	-0.934274	1.008945
2562	1.563721	0.381007	-0.933838	1.008573
2563	1.564331	0.381091	-0.933402	1.008202
2564	1.564941	0.381175	-0.932967	1.007830
2565	1.565552	0.381258	-0.932532	1.007459
2566	1.566162	0.381342	-0.932097	1.007088
2567	1.566772	0.381425	-0.931663	1.006718
2568	1.567383	0.381509	-0.931229	1.006348
2569	1.567993	0.381592	-0.930795	1.005978
2570	1.568604	0.381675	-0.930361	1.005608
2571	1.569214	0.381758	-0.929928	1.005239
2572	1.569824	0.381841	-0.929495	1.004870
2573	1.570435	0.381924	-0.929063	1.004502
2574	1.571045	0.382007	-0.928630	1.004133
2575	1.571655	0.382090	-0.928198	1.003765
2576	1.572266	0.382172	-0.927767	1.003398
2577	1.572876	0.382255	-0.927335	1.003030
2578	1.573486	0.382337	-0.926905	1.002663
2579	1.574097	0.382419	-0.926474	1.002297
2580	1.574707	0.382502	-0.926043	1.001930
2581	1.575317	0.382584	-0.925613	1.001564
2582	1.575928	0.382666	-0.925184	1.001198
2583	1.576538	0.382748	-0.924754	1.000833
2584	1.577148	0.382829	-0.924325	1.000468
2585	1.577759	0.382911	-0.923896	1.000103
2586	1.578369	0.382993	-0.923468	0.999738
2587	1.578979	0.383074	-0.923040	0.999374
2588	1.579590	0.383156	-0.922612	0.999010
2589	1.580200	0.383237	-0.922184	0.998646
2590	1.580811	0.383318	-0.921757	0.998283
2591	1.581421	0.383399	-0.921330	0.997920
2592	1.582031	0.383480	-0.920903	0.997557
2593	1.582642	0.383561	-0.920477	0.997195
2594	1.583252	0.383642	-0.920051	0.996833
2595	1.583862	0.383723	-0.919625	0.996471
2596	1.584473	0.383803	-0.919200	0.996109
2597	1.585083	0.383884	-0.918775	0.995748
2598	1.585693	0.383964	-0.918350	0.995387
2599	1.586304	0.384045	-0.917926	0.995027
2600	1.586914	0.384125	-0.917502	0.994666
2601	1.587524	0.384205	-0.917078	0.994306
2602	1.588135	0.384285	-0.916654	0.993947
2603	1.588745	0.384365	-0.916231	0.993587
2604	1.589355	0.384445	-0.915808	0.993228
2605	1.589966	0.384525	-0.915385	0.992869
2606	1.590576	0.384604	-0.914963	0.992511
2607	1.591187	0.384684	-0.914541	0.992153
2608	1.591797	0.384763	-0.914119	0.991795
2609	1.592407	0.384843	-0.913698	0.991437
2610	1.593018	0.384922	-0.913277	0.991080
2611	1.593628	0.385001	-0.912856	0.990723
2612	1.594238	0.385080	-0.912435	0.990366
2613	1.594849	0.385159	-0.912015	0.990010
2614	1.595459	0.385238	-0.911595	0.989654
2615	1.596069	0.385317	-0.911176	0.989298
2616	1.596680	0.385396	-0.910756	0.988942
2617	1.597290	0.385475	-0.910337	0.988587
2618	1.597900	0.385553	-0.909919	0.988232
2619	1.598511	0.385632	-0.909500	0.987878
2620	1.599121	0.385710	-0.909082	0.987523
2621	1.599731	0.385788	-0.908664	0.987169
2622	1.600342	0.385866	-0.908247	0.986816
2623	1.600952	0.385944	-0.907829	0.986462
2624	1.601563	0.386022	-0.907413	0.986109
2625	1.602173	0.386100	-0.906996	0.985756
2626	1.602783	0.386178	-0.906580	0.985404
2627	1.603394	0.386256	-0.906164	0.985051
2628	1.604004	0.386334	-0.905748	0.984699
2629	1.604614	0.386411	-0.905332	0.984348
2630	1.605225	0.386489	-0.904917	0.983996
2631	1.605835	0.386566	-0.904502	0.983645
2632	1.606445	0.386643	-0.904088	0.983294
2633	1.607056	0.386720	-0.903674	0.982944
2634	1.607666	0.386797	-0.903260	0.982594
2635	1.608276	0.386874	-0.902846	0.982244
2636	1.608887	0.386951	-0.902432	0.981894
2637	1.609497	0.387028	-0.902019	0.981545
2638	1.610107	0.387105	-0.901607	0.981195
2639	1.610718	0.387181	-0.901194	0.980847
2640	1.611328	0.387258	-0.900782	0.980498
2641	1.611938	0.387334	-0.900370	0.980150
2642	1.612549	0.387411	-0.899958	0.979802
2643	1.613159	0.387487	-0.899547	0.979454
2644	1.613770	0.387563	-0.899136	0.979107
2645	1.614380	0.387639	-0.898725	0.978760
2646	1.614990	0.387715	-0.898315	0.978413
2647	1.615601	0.387791	-0.897905	0.978067
2648	1.616211	0.387867	-0.897495	0.977721
2649	1.616821	0.387943	-0.897085	0.977375
2650	1.617432	0.388019	-0.896676	0.977029
2651	1.618042	0.388094	-0.896267	0.976684
2652	1.618652	0.388170	-0.895858	0.976339
2653	1.619263	0.388245	-0.895450	0.975994
2654	1.619873	0.388320	-0.895041	0.975649
2655	1.620483	0.388395	-0.894633	0.975305
2656	1.621094	0.388471	-0.894226	0.974961
2657	1.621704	0.388546	-0.893819	0.974618
2658	1.622314	0.388621	-0.893412	0.974274
2659	1.622925	0.388695	-0.893005	0.973931
2660	1.623535	0.388770	-0.892598	0.973588
2661	1.624146	0.388845	-0.892192	0.973246
2662	1.624756	0.388919	-0.891786	0.972904
2663	1.625366	0.388994	-0.891381	0.972562
2664	1.625977	0.389068	-0.890975	0.972220
2665	1.626587	0.389143	-0.890570	0.971878
2666	1.627197	0.389217	-0.890166	0.971537
2667	1.627808	0.389291	-0.889761	0.971197
2668	1.628418	0.389365	-0.889357	0.970856
2669	1.629028	0.389439	-0.888953	0.970516
2670	1.629639	0.389513	-0.888550	0.970176
2671	1.630249	0.389587	-0.888146	0.969836
2672	1.630859	0.389661	-0.887743	0.969496
2673	1.631470	0.389734	-0.887340	0.969157
2674	1.632080	0.389808	-0.886938	0.968818
2675	1.632690	0.389881	-0.886536	0.968480
2676	1.633301	0.389955	-0.886134	0.968141
2677	1.633911	0.390028	-0.885732	0.967803
2678	1.634521	0.390101	-0.885331	0.967466
2679	1.635132	0.390175	-0.884930	0.967128
2680	1.635742	0.390248	-0.884529	0.966791
2681	1.636353	0.390321	-0.884128	0.966454
2682	1.636963	0.390393	-0.883728	0.966117
2683	1.637573	0.390466	-0.883328	0.965781
2684	1.638184	0.390539	-0.882928	0.965445
2685	1.638794	0.390612	-0.882529	0.965109
2686	1.639404	0.390684	-0.882130	0.964773
2687	1.640015	0.390757	-0.881731	0.964438
2688	1.640625	0.390829	-0.881332	0.964103
2689	1.641235	0.390901	-0.880934	0.963768
2690	1.641846	0.390974	-0.880536	0.963433
2691	1.642456	0.391046	-0.880138	0.963099
2692	1.643066	0.391118	-0.879741	0.962765
2693	1.643677	0.391190	-0.879344	0.962432
2694	1.644287	0.391262	-0.878947	0.962098
2695	1.644897	0.391333	-0.878550	0.961765
2696	1.645508	0.391405	-0.878154	0.961432
2697	1.646118	0.391477	-0.877757	0.961099
2698	1.646729	0.391548	-0.877362	0.960767
2699	1.647339	0.391620	-0.876966	0.960435
2700	1.647949	0.391691	-0.876571	0.960103
2701	1.648560	0.391763	-0.876176	0.959772
2702	1.649170	0.391834	-0.875781	0.959440
2703	1.649780	0.391905	-0.875386	0.959109
2704	1.650391	0.391976	-0.874992	0.958779
2705	1.651001	0.392047	-0.874598	0.958448
2706	1.651611	0.392118	-0.874205	0.958118
2707	1.652222	0.392189	-0.873811	0.957788
2708	1.652832	0.392260	-0.873418	0.957458
2709	1.653442	0.392330	-0.873025	0.957129
2710	1.654053	0.392401	-0.872632	0.956800
2711	1.654663	0.392471	-0.872240	0.956471
2712	1.655273	0.392542	-0.871848	0.956142
2713	1.655884	0.392612	-0.871456	0.955814
2714	1.656494	0.392682	-0.871065	0.955486
2715	1.657104	0.392753	-0.870674	0.955158
2716	1.657715	0.392823	-0.870283	0.954831
2717	1.658325	0.392893	-0.869892	0.954503
2718	1.658936	0.392963	-0.869501	0.954176
2719	1.659546	0.393032	-0.869111	0.953849
2720	1.660156	0.393102	-0.868721	0.953523
2721	1.660767	0.393172	-0.868332	0.953197
2722	1.661377	0.393242	-0.867942	0.952871
2723	1.661987	0.393311	-0.867553	0.952545
2724	1.662598	0.393381	-0.867164	0.952220
2725	1.663208	0.393450	-0.866776	0.951894
2726	1.663818	0.393519	-0.866387	0.951569
2727	1.664429	0.393589	-0.865999	0.951245
2728	1.665039	0.393658	-0.865611	0.950920
2729	1.665649	0.393727	-0.865224	0.950596
2730	1.666260	0.393796	-0.864837	0.950272
2731	1.666870	0.393865	-0.864450	0.949949
2732	1.667480	0.393934	-0.864063	0.949625
2733	1.668091	0.394002	-0.863676	0.949302
2734	1.668701	0.394071	-0.863290	0.948979
2735	1.669312	0.394140	-0.862904	0.948657
2736	1.669922	0.394208	-0.862518	0.948334
2737	1.670532	0.394277	-0.862133	0.948012
2738	1.671143	0.394345	-0.861748	0.947690
2739	1.671753	0.394413	-0.861363	0.947369
2740	1.672363	0.394482	-0.860978	0.947048
2741	1.672974	0.394550	-0.860594	0.946726
2742	1.673584	0.394618	-0.860210	0.946406
2743	1.674194	0.394686	-0.859826	0.946085
2744	1.674805	0.394754	-0.859442	0.945765
2745	1.675415	0.394822	-0.859059	0.945445
2746	1.676025	0.394889	-0.858676	0.945125
2747	1.676636	0.394957	-0.858293	0.944805
2748	1.677246	0.395025	-0.857910	0.944486
2749	1.677856	0.395092	-0.857528	0.944167
2750	1.678467	0.395160	-0.857146	0.943848
2751	1.679077	0.395227	-0.856764	0.943530
2752	1.679688	0.395294	-0.856382	0.943212
2753	1.680298	0.395362	-0.856001	0.942894
2754	1.680908	0.395429	-0.855620	0.942576
2755	1.681519	0.395496	-0.855239	0.942258
2756	1.682129	0.395563	-0.854859	0.941941
2757	1.682739	0.395630	-0.854478	0.941624
2758	1.683350	0.395697	-0.854098	0.941307
2759	1.683960	0.395763	-0.853719	0.940991
2760	1.684570	0.395830	-0.853339	0.940675
2761	1.685181	0.395897	-0.852960	0.940359
2762	1.685791	0.395963	-0.852581	0.940043
2763	1.686401	0.396030	-0.852202	0.939727
2764	1.687012	0.396096	-0.851823	0.939412
2765	1.687622	0.396162	-0.851445	0.939097
2766	1.688232	0.396229	-0.851067	0.938782
2767	1.688843	0.396295	-0.850689	0.938468
2768	1.689453	0.396361	-0.850312	0.938154
2769	1.690063	0.396427	-0.849935	0.937840
2770	1.690674	0.396493	-0.849558	0.937526
2771	1.691284	0.396559	-0.849181	0.937212
2772	1.691895	0.396625	-0.848804	0.936899
2773	1.692505	0.396690	-0.848428	0.936586
2774	1.693115	0.396756	-0.848052	0.936273
2775	1.693726	0.396822	-0.847676	0.935961
2776	1.694336	0.396887	-0.847301	0.935649
2777	1.694946	0.396953	-0.846926	0.935337
2778	1.695557	0.397018	-0.846551	0.935025
2779	1.696167	0.397083	-0.846176	0.934713
2780	1.696777	0.397149	-0.845801	0.934402
2781	1.697388	0.397214	-0.845427	0.934091
2782	1.697998	0.397279	-0.845053	0.933780
2783	1.698608	0.397344	-0.844679	0.933470
2784	1.699219	0.397409	-0.844306	0.933159
2785	1.699829	0.397474	-0.843933	0.932849
2786	1.700439	0.397539	-0.843560	0.932539
2787	1.701050	0.397603	-0.843187	0.932230
2788	1.701660	0.397668	-0.842814	0.931921
2789	1.702271	0.397732	-0.842442	0.931611
2790	1.702881	0.397797	-0.842070	0.931303
2791	1.703491	0.397861	-0.841698	0.930994
2792	1.704102	0.397926	-0.841327	0.930686
2793	1.704712	0.397990	-0.840955	0.930377
2794	1.705322	0.398054	-0.840584	0.930070
2795	1.705933	0.398118	-0.840214	0.929762
2796	1.706543	0.398183	-0.839843	0.929455
2797	1.707153	0.398247	-0.839473	0.929147
2798	1.707764	0.398311	-0.839103	0.928840
2799	1.708374	0.398374	-0.838733	0.928534
2800	1.708984	0.398438	-0.838363	0.928227
2801	1.709595	0.398502	-0.837994	0.927921
2802	1.710205	0.398566	-0.837625	0.927615
2803	1.710815	0.398629	-0.837256	0.927309
2804	1.711426	0.398693	-0.836887	0.927004
2805	1.712036	0.398756	-0.836519	0.926699
2806	1.712646	0.398820	-0.836151	0.926394
2807	1.713257	0.398883	-0.835783	0.926089
2808	1.713867	0.398946	-0.835415	0.925784
2809	1.714478	0.399009	-0.835048	0.925480
2810	1.715088	0.399072	-0.834681	0.925176
2811	1.715698	0.399135	-0.834314	0.924872
2812	1.716309	0.399198	-0.833947	0.924569
2813	1.716919	0.399261	-0.833581	0.924265
2814	1.717529	0.399324	-0.833215	0.923962
2815	1.718140	0.399387	-0.832849	0.923659
2816	1.718750	0.399450	-0.832483	0.923357
2817	1.719360	0.399512	-0.832117	0.923054
2818	1.719971	0.399575	-0.831752	0.922752
2819	1.720581	0.399637	-0.831387	0.922450
2820	1.721191	0.399700	-0.831022	0.922149
2821	1.721802	0.399762	-0.830658	0.921847
2822	1.722412	0.399824	-0.830294	0.921546
2823	1.723022	0.399886	-0.829929	0.921245
2824	1.723633	0.399949	-0.829566	0.920944
2825	1.724243	0.400011	-0.829202	0.920644
2826	1.724854	0.400073	-0.828839	0.920343
2827	1.725464	0.400135	-0.828476	0.920043
2828	1.726074	0.400196	-0.828113	0.919743
2829	1.726685	0.400258	-0.827750	0.919444
2830	1.727295	0.400320	-0.827388	0.919144
2831	1.727905	0.400382	-0.827025	0.918845
2832	1.728516	0.400443	-0.826664	0.918546
2833	1.729126	0.400505	-0.826302	0.918248
2834	1.729736	0.400566	-0.825940	0.917949
2835	1.730347	0.400628	-0.825579	0.917651
2836	1.730957	0.400689	-0.825218	0.917353
2837	1.731567	0.400750	-0.824857	0.917055
2838	1.732178	0.400811	-0.824497	0.916758
2839	1.732788	0.400873	-0.824137	0.916460
2840	1.733398	0.400934	-0.823776	0.916163
2841	1.734009	0.400995	-0.823417	0.915867
2842	1.734619	0.401056	-0.823057	0.915570
2843	1.735229	0.401116	-0.822698	0.915274
2844	1.735840	0.401177	-0.822338	0.914977
2845	1.736450	0.401238	-0.821980	0.914682
2846	1.737061	0.401299	-0.821621	0.914386
2847	1.737671	0.401359	-0.821262	0.914090
2848	1.738281	0.401420	-0.820904	0.913795
2849	1.738892	0.401480	-0.820546	0.913500
2850	1.739502	0.401541	-0.820188	0.913205
2851	1.740112	0.401601	-0.819831	0.912911
2852	1.740723	0.401661	-0.819474	0.912617
2853	1.741333	0.401722	-0.819117	0.912322
2854	1.741943	0.401782	-0.818760	0.912029
2855	1.742554	0.401842	-0.818403	0.911735
2856	1.743164	0.401902	-0.818047	0.911441
2857	1.743774	0.401962	-0.817691	0.911148
2858	1.744385	0.402022	-0.817335	0.910855
2859	1.744995	0.402081	-0.816979	0.910563
2860	1.745605	0.402141	-0.816624	0.910270
2861	1.746216	0.402201	-0.816268	0.909978
2862	1.746826	0.402260	-0.815913	0.909686
2863	1.747437	0.402320	-0.815558	0.909394
2864	1.748047	0.402380	-0.815204	0.909102
2865	1.748657	0.402439	-0.814850	0.908811
2866	1.749268	0.402498	-0.814495	0.908520
2867	1.749878	0.402558	-0.814142	0.908229
2868	1.750488	0.402617	-0.813788	0.907938
2869	1.751099	0.402676	-0.813435	0.907647
2870	1.751709	0.402735	-0.813081	0.907357
2871	1.752319	0.402794	-0.812728	0.907067
2872	1.752930	0.402853	-0.812376	0.906777
2873	1.753540	0.402912	-0.812023	0.906488
2874	1.754150	0.402971	-0.811671	0.906198
2875	1.754761	0.403030	-0.811319	0.905909
2876	1.755371	0.403089	-0.810967	0.905620
2877	1.755981	0.403147	-0.810615	0.905331
2878	1.756592	0.403206	-0.810264	0.905043
2879	1.757202	0.403264	-0.809913	0.904754
2880	1.757813	0.403323	-0.809562	0.904466
2881	1.758423	0.403381	-0.809211	0.904178
2882	1.759033	0.403440	-0.808860	0.903891
2883	1.759644	0.403498	-0.808510	0.903603
2884	1.760254	0.403556	-0.808160	0.903316
2885	1.760864	0.403614	-0.807810	0.903029
2886	1.761475	0.403672	-0.807461	0.902742
2887	1.762085	0.403730	-0.807111	0.902456
2888	1.762695	0.403788	-0.806762	0.902170
2889	1.763306	0.403846	-0.806413	0.901883
2890	1.763916	0.403904	-0.806064	0.901598
2891	1.764526	0.403962	-0.805716	0.901312
2892	1.765137	0.404020	-0.805367	0.901026
2893	1.765747	0.404077	-0.805019	0.900741
2894	1.766357	0.404135	-0.804671	0.900456
2895	1.766968	0.404193	-0.804324	0.900171
2896	1.767578	0.404250	-0.803976	0.899887
2897	1.768188	0.404307	-0.803629	0.899602
2898	1.768799	0.404365	-0.803282	0.899318
2899	1.769409	0.404422	-0.802935	0.899034
2900	1.770020	0.404479	-0.802589	0.898750
2901	1.770630	0.404537	-0.802242	0.898467
2902	1.771240	0.404594	-0.801896	0.898184
2903	1.771851	0.404651	-0.801550	0.897901
2904	1.772461	0.404708	-0.801205	0.897618
2905	1.773071	0.404765	-0.800859	0.897335
2906	1.773682	0.404822	-0.800514	0.897053
2907	1.774292	0.404878	-0.800169	0.896770
2908	1.774902	0.404935	-0.799824	0.896488
2909	1.775513	0.404992	-0.799480	0.896206
2910	1.776123	0.405048	-0.799135	0.895925
2911	1.776733	0.405105	-0.798791	0.895643
2912	1.777344	0.405162	-0.798447	0.895362
2913	1.777954	0.405218	-0.798103	0.895081
2914	1.778564	0.405274	-0.797760	0.894801
2915	1.779175	0.405331	-0.797416	0.894520
2916	1.779785	0.405387	-0.797073	0.894240
2917	1.780396	0.405443	-0.796731	0.893960
2918	1.781006	0.405499	-0.796388	0.893680
2919	1.781616	0.405556	-0.796045	0.893400
2920	1.782227	0.405612	-0.795703	0.893120
2921	1.782837	0.405668	-0.795361	0.892841
2922	1.783447	0.405723	-0.795019	0.892562
2923	1.784058	0.405779	-0.794678	0.892283
2924	1.784668	0.405835	-0.794336	0.892005
2925	1.785278	0.405891	-0.793995	0.891726
2926	1.785889	0.405947	-0.793654	0.891448
2927	1.786499	0.406002	-0.793313	0.891170
2928	1.787109	0.406058	-0.792973	0.890892
2929	1.787720	0.406113	-0.792633	0.890615
2930	1.788330	0.406169	-0.792292	0.890337
2931	1.788940	0.406224	-0.791953	0.890060
2932	1.789551	0.406279	-0.791613	0.889783
2933	1.790161	0.406335	-0.791273	0.889506
2934	1.790771	0.406390	-0.790934	0.889230
2935	1.791382	0.406445	-0.790595	0.888953
2936	1.791992	0.406500	-0.790256	0.888677
2937	1.792603	0.406555	-0.789917	0.888401
2938	1.793213	0.406610	-0.789579	0.888126
2939	1.793823	0.406665	-0.789241	0.887850
2940	1.794434	0.406720	-0.788903	0.887575
2941	1.795044	0.406775	-0.788565	0.887300
2942	1.795654	0.406830	-0.788227	0.887025
2943	1.796265	0.406884	-0.787890	0.886750
2944	1.796875	0.406939	-0.787553	0.886475
2945	1.797485	0.406993	-0.787216	0.886201
2946	1.798096	0.407048	-0.786879	0.885927
2947	1.798706	0.407102	-0.786543	0.885653
2948	1.799316	0.407157	-0.786206	0.885380
2949	1.799927	0.407211	-0.785870	0.885106
2950	1.800537	0.407266	-0.785534	0.884833
2951	1.801147	0.407320	-0.785198	0.884560
2952	1.801758	0.407374	-0.784863	0.884287
2953	1.802368	0.407428	-0.784527	0.884014
2954	1.802979	0.407482	-0.784192	0.883742
2955	1.803589	0.407536	-0.783857	0.883469
2956	1.804199	0.407590	-0.783523	0.883197
2957	1.804810	0.407644	-0.783188	0.882926
2958	1.805420	0.407698	-0.782854	0.882654
2959	1.806030	0.407752	-0.782520	0.882382
2960	1.806641	0.407805	-0.782186	0.882111
2961	1.807251	0.407859	-0.781852	0.881840
2962	1.807861	0.407913	-0.781519	0.881569
2963	1.808472	0.407966	-0.781186	0.881299
2964	1.809082	0.408020	-0.780853	0.881028
2965	1.809692	0.408073	-0.780520	0.880758
2966	1.810303	0.408127	-0.780187	0.880488
2967	1.810913	0.408180	-0.779855	0.880218
2968	1.811523	0.408233	-0.779522	0.879949
2969	1.812134	0.408286	-0.779190	0.879679
2970	1.812744	0.408340	-0.778858	0.879410
2971	1.813354	0.408393	-0.778527	0.879141
2972	1.813965	0.408446	-0.778195	0.878872
2973	1.814575	0.408499	-0.777864	0.878603
2974	1.815186	0.408552	-0.777533	0.878335
2975	1.815796	0.408605	-0.777202	0.878067
2976	1.816406	0.408658	-0.776872	0.877799
2977	1.817017	0.408710	-0.776541	0.877531
2978	1.817627	0.408763	-0.776211	0.877263
2979	1.818237	0.408816	-0.775881	0.876996
2980	1.818848	0.408868	-0.775551	0.876728
2981	1.819458	0.408921	-0.775221	0.876461
2982	1.820068	0.408973	-0.774892	0.876195
2983	1.820679	0.409026	-0.774563	0.875928
2984	1.821289	0.409078	-0.774234	0.875661
2985	1.821899	0.409131	-0.773905	0.875395
2986	1.822510	0.409183	-0.773576	0.875129
2987	1.823120	0.409235	-0.773248	0.874863
2988	1.823730	0.409287	-0.772920	0.874598
2989	1.824341	0.409339	-0.772592	0.874332
2990	1.824951	0.409392	-0.772264	0.874067
2991	1.825562	0.409444	-0.771936	0.873802
2992	1.826172	0.409496	-0.771609	0.873537
2993	1.826782	0.409547	-0.771281	0.873272
2994	1.827393	0.409599	-0.770954	0.873008
2995	1.828003	0.409651	-0.770627	0.872743
2996	1.828613	0.409703	-0.770301	0.872479
2997	1.829224	0.409755	-0.769974	0.872215
2998	1.829834	0.409806	-0.769648	0.871951
2999	1.830444	0.409858	-0.769322	0.871688
3000	1.831055	0.409909	-0.768996	0.871425
3001	1.831665	0.409961	-0.768671	0.871161
3002	1.832275	0.410012	-0.768345	0.870899
3003	1.832886	0.410064	-0.768020	0.870636
3004	1.833496	0.410115	-0.767695	0.870373
3005	1.834106	0.410166	-0.767370	0.870111
3006	1.834717	0.410218	-0.767045	0.869849
3007	1.835327	0.410269	-0.766721	0.869587
3008	1.835938	0.410320	-0.766396	0.869325
3009	1.836548	0.410371	-0.766072	0.869063
3010	1.837158	0.410422	-0.765748	0.868802
3011	1.837769	0.410473	-0.765425	0.868541
3012	1.838379	0.410524	-0.765101	0.868280
3013	1.838989	0.410575	-0.764778	0.868019
3014	1.839600	0.410626	-0.764455	0.867758
3015	1.840210	0.410676	-0.764132	0.867498
3016	1.840820	0.410727	-0.763809	0.867237
3017	1.841431	0.410778	-0.763486	0.866977
3018	1.842041	0.410828	-0.763164	0.866717
3019	1.842651	0.410879	-0.762842	0.866458
3020	1.843262	0.410929	-0.762520	0.866198
3021	1.843872	0.410980	-0.762198	0.865939
3022	1.844482	0.411030	-0.761876	0.865680
3023	1.845093	0.411080	-0.761555	0.865421
3024	1.845703	0.411131	-0.761234	0.865162
3025	1.846313	0.411181	-0.760913	0.864904
3026	1.846924	0.411231	-0.760592	0.864645
3027	1.847534	0.411281	-0.760271	0.864387
3028	1.848145	0.411331	-0.759951	0.864129
3029	1.848755	0.411381	-0.759631	0.863871
3030	1.849365	0.411431	-0.759311	0.863614
3031	1.849976	0.411481	-0.758991	0.863356
3032	1.850586	0.411531	-0.758671	0.863099
3033	1.851196	0.411581	-0.758351	0.862842
3034	1.851807	0.411631	-0.758032	0.862585
3035	1.852417	0.411681	-0.757713	0.862328
3036	1.853027	0.411730	-0.757394	0.862072
3037	1.853638	0.411780	-0.757075	0.861815
3038	1.854248	0.411830	-0.756757	0.861559
3039	1.854858	0.411879	-0.756438	0.861303
3040	1.855469	0.411929	-0.756120	0.861048
3041	1.856079	0.411978	-0.755802	0.860792
3042	1.856689	0.412027	-0.755485	0.860537
3043	1.857300	0.412077	-0.755167	0.860281
3044	1.857910	0.412126	-0.754849	0.860026
3045	1.858521	0.412175	-0.754532	0.859772
3046	1.859131	0.412224	-0.754215	0.859517
3047	1.859741	0.412273	-0.753898	0.859263
3048	1.860352	0.412323	-0.753582	0.859008
3049	1.860962	0.412372	-0.753265	0.858754
3050	1.861572	0.412421	-0.752949	0.858500
3051	1.862183	0.412469	-0.752633	0.858247
3052	1.862793	0.412518	-0.752317	0.857993
3053	1.863403	0.412567	-0.752001	0.857740
3054	1.864014	0.412616	-0.751686	0.857486
3055	1.864624	0.412665	-0.751370	0.857233
3056	1.865234	0.412713	-0.751055	0.856981
3057	1.865845	0.412762	-0.750740	0.856728
3058	1.866455	0.412811	-0.750425	0.856476
3059	1.867065	0.412859	-0.750111	0.856223
3060	1.867676	0.412908	-0.749796	0.855971
3061	1.868286	0.412956	-0.749482	0.855719
3062	1.868896	0.413004	-0.749168	0.855468
3063	1.869507	0.413053	-0.748854	0.855216
3064	1.870117	0.413101	-0.748540	0.854965
3065	1.870728	0.413149	-0.748227	0.854714
3066	1.871338	0.413197	-0.747913	0.854463
3067	1.871948	0.413246	-0.747600	0.854212
3068	1.872559	0.413294	-0.747287	0.853961
3069	1.873169	0.413342	-0.746974	0.853711
3070	1.873779	0.413390	-0.746662	0.853461
3071	1.874390	0.413438	-0.746349	0.853210
3072	1.875000	0.413486	-0.746037	0.852961
3073	1.875610	0.413533	-0.745725	0.852711
3074	1.876221	0.413581	-0.745413	0.852461
3075	1.876831	0.413629	-0.745101	0.852212
3076	1.877441	0.413677	-0.744790	0.851963
3077	1.878052	0.413724	-0.744479	0.851714
3078	1.878662	0.413772	-0.744167	0.851465
3079	1.879272	0.413820	-0.743857	0.851216
3080	1.879883	0.413867	-0.743546	0.850968
3081	1.880493	0.413915	-0.743235	0.850720
3082	1.881104	0.413962	-0.742925	0.850471
3083	1.881714	0.414009	-0.742614	0.850223
3084	1.882324	0.414057	-0.742304	0.849976
3085	1.882935	0.414104	-0.741994	0.849728
3086	1.883545	0.414151	-0.741685	0.849481
3087	1.884155	0.414198	-0.741375	0.849234
3088	1.884766	0.414245	-0.741066	0.848986
3089	1.885376	0.414293	-0.740757	0.848740
3090	1.885986	0.414340	-0.740448	0.848493
3091	1.886597	0.414387	-0.740139	0.848246
3092	1.887207	0.414434	-0.739830	0.848000
3093	1.887817	0.414480	-0.739522	0.847754
3094	1.888428	0.414527	-0.739214	0.847508
3095	1.889038	0.414574	-0.738905	0.847262
3096	1.889648	0.414621	-0.738598	0.847016
3097	1.890259	0.414668	-0.738290	0.846771
3098	1.890869	0.414714	-0.737982	0.846526
3099	1.891479	0.414761	-0.737675	0.846281
3100	1.892090	0.414807	-0.737368	0.846036
3101	1.892700	0.414854	-0.737061	0.845791
3102	1.893311	0.414900	-0.736754	0.845546
3103	1.893921	0.414947	-0.736447	0.845302
3104	1.894531	0.414993	-0.736141	0.845058
3105	1.895142	0.415040	-0.735834	0.844814
3106	1.895752	0.415086	-0.735528	0.844570
3107	1.896362	0.415132	-0.735222	0.844326
3108	1.896973	0.415178	-0.734916	0.844082
3109	1.897583	0.415225	-0.734611	0.843839
3110	1.898193	0.415271	-0.734305	0.843596
3111	1.898804	0.415317	-0.734000	0.843353
3112	1.899414	0.415363	-0.733695	0.843110
3113	1.900024	0.415409	-0.733390	0.842867
3114	1.900635	0.415455	-0.733085	0.842625
3115	1.901245	0.415501	-0.732781	0.842383
3116	1.901855	0.415546	-0.732476	0.842140
3117	1.902466	0.415592	-0.732172	0.841898
3118	1.903076	0.415638	-0.731868	0.841657
3119	1.903687	0.415684	-0.731564	0.841415
3120	1.904297	0.415729	-0.731261	0.841173
3121	1.904907	0.415775	-0.730957	0.840932
3122	1.905518	0.415820	-0.730654	0.840691
3123	1.906128	0.415866	-0.730350	0.840450
3124	1.906738	0.415911	-0.730047	0.840209
3125	1.907349	0.415957	-0.729745	0.839969
3126	1.907959	0.416002	-0.729442	0.839728
3127	1.908569	0.416048	-0.729139	0.839488
3128	1.909180	0.416093	-0.728837	0.839248
3129	1.909790	0.416138	-0.728535	0.839008
3130	1.910400	0.416183	-0.728233	0.838768
3131	1.911011	0.416229	-0.727931	0.838529
3132	1.911621	0.416274	-0.727630	0.838289
3133	1.912231	0.416319	-0.727328	0.838050
3134	1.912842	0.416364	-0.727027	0.837811
3135	1.913452	0.416409	-0.726726	0.837572
3136	1.914063	0.416454	-0.726425	0.837333
3137	1.914673	0.416499	-0.726124	0.837095
3138	1.915283	0.416543	-0.725824	0.836856
3139	1.915894	0.416588	-0.725523	0.836618
3140	1.916504	0.416633	-0.725223	0.836380
3141	1.917114	0.416678	-0.724923	0.836142
3142	1.917725	0.416722	-0.724623	0.835904
3143	1.918335	0.416767	-0.724323	0.835667
3144	1.918945	0.416812	-0.724024	0.835429
3145	1.919556	0.416856	-0.723724	0.835192
3146	1.920166	0.416901	-0.723425	0.834955
3147	1.920776	0.416945	-0.723126	0.834718
3148	1.921387	0.416990	-0.722827	0.834481
3149	1.921997	0.417034	-0.722528	0.834245
3150	1.922607	0.417078	-0.722230	0.834008
3151	1.923218	0.417123	-0.721931	0.833772
3152	1.923828	0.417167	-0.721633	0.833536
3153	1.924438	0.417211	-0.721335	0.833300
3154	1.925049	0.417255	-0.721037	0.833064
3155	1.925659	0.417299	-0.720739	0.832829
3156	1.926270	0.417343	-0.720442	0.832593
3157	1.926880	0.417387	-0.720144	0.832358
3158	1.927490	0.417431	-0.719847	0.832123
3159	1.928101	0.417475	-0.719550	0.831888
3160	1.928711	0.417519	-0.719253	0.831653
3161	1.929321	0.417563	-0.718957	0.831419
3162	1.929932	0.417607	-0.718660	0.831184
3163	1.930542	0.417651	-0.718364	0.830950
3164	1.931152	0.417694	-0.718067	0.830716
3165	1.931763	0.417738	-0.717771	0.830482
3166	1.932373	0.417782	-0.717476	0.830248
3167	1.932983	0.417825	-0.717180	0.830015
3168	1.933594	0.417869	-0.716884	0.829781
3169	1.934204	0.417912	-0.716589	0.829548
3170	1.934814	0.417956	-0.716294	0.829315
3171	1.935425	0.417999	-0.715999	0.829082
3172	1.936035	0.418042	-0.715704	0.828849
3173	1.936646	0.418086	-0.715409	0.828617
3174	1.937256	0.418129	-0.715114	0.828384
3175	1.937866	0.418172	-0.714820	0.828152
3176	1.938477	0.418216	-0.714526	0.827920
3177	1.939087	0.418259	-0.714232	0.827688
3178	1.939697	0.418302	-0.713938	0.827456
3179	1.940308	0.418345	-0.713644	0.827225
3180	1.940918	0.418388	-0.713351	0.826993
3181	1.941528	0.418431	-0.713057	0.826762
3182	1.942139	0.418474	-0.712764	0.826531
3183	1.942749	0.418517	-0.712471	0.826300
3184	1.943359	0.418560	-0.712178	0.826069
3185	1.943970	0.418603	-0.711885	0.825838
3186	1.944580	0.418645	-0.711593	0.825608
3187	1.945190	0.418688	-0.711300	0.825377
3188	1.945801	0.418731	-0.711008	0.825147
3189	1.946411	0.418774	-0.710716	0.824917
3190	1.947021	0.418816	-0.710424	0.824687
3191	1.947632	0.418859	-0.710132	0.824457
3192	1.948242	0.418901	-0.709840	0.824228
3193	1.948853	0.418944	-0.709549	0.823999
3194	1.949463	0.418986	-0.709258	0.823769
3195	1.950073	0.419029	-0.708967	0.823540
3196	1.950684	0.419071	-0.708676	0.823311
3197	1.951294	0.419113	-0.708385	0.823083
3198	1.951904	0.419156	-0.708094	0.822854
3199	1.952515	0.419198	-0.707804	0.822626
3200	1.953125	0.419240	-0.707513	0.822397
3201	1.953735	0.419282	-0.707223	0.822169
3202	1.954346	0.419324	-0.706933	0.821941
3203	1.954956	0.419367	-0.706643	0.821713
3204	1.955566	0.419409	-0.706354	0.821486
3205	1.956177	0.419451	-0.706064	0.821258
3206	1.956787	0.419493	-0.705775	0.821031
3207	1.957397	0.419535	-0.705486	0.820804
3208	1.958008	0.419576	-0.705196	0.820577
3209	1.958618	0.419618	-0.704908	0.820350
3210	1.959229	0.419660	-0.704619	0.820123
3211	1.959839	0.419702	-0.704330	0.819897
3212	1.960449	0.419744	-0.704042	0.819670
3213	1.961060	0.419785	-0.703754	0.819444
3214	1.961670	0.419827	-0.703466	0.819218
3215	1.962280	0.419869	-0.703178	0.818992
3216	1.962891	0.419910	-0.702890	0.818767
3217	1.963501	0.419952	-0.702602	0.818541
3218	1.964111	0.419993	-0.702315	0.818315
3219	1.964722	0.420035	-0.702027	0.818090
3220	1.965332	0.420076	-0.701740	0.817865
3221	1.965942	0.420117	-0.701453	0.817640
3222	1.966553	0.420159	-0.701166	0.817415
3223	1.967163	0.420200	-0.700880	0.817191
3224	1.967773	0.420241	-0.700593	0.816966
3225	1.968384	0.420282	-0.700307	0.816742
3226	1.968994	0.420324	-0.700021	0.816518
3227	1.969604	0.420365	-0.699735	0.816294
3228	1.970215	0.420406	-0.699449	0.816070
3229	1.970825	0.420447	-0.699163	0.815846
3230	1.971436	0.420488	-0.698878	0.815622
3231	1.972046	0.420529	-0.698592	0.815399
3232	1.972656	0.420570	-0.698307	0.815176
3233	1.973267	0.420611	-0.698022	0.814953
3234	1.973877	0.420652	-0.697737	0.814730
3235	1.974487	0.420692	-0.697452	0.814507
3236	1.975098	0.420733	-0.697167	0.814284
3237	1.975708	0.420774	-0.696883	0.814062
3238	1.976318	0.420815	-0.696599	0.813839
3239	1.976929	0.420855	-0.696314	0.813617
3240	1.977539	0.420896	-0.696030	0.813395
3241	1.978149	0.420936	-0.695746	0.813173
3242	1.978760	0.420977	-0.695463	0.812951
3243	1.979370	0.421017	-0.695179	0.812730
3244	1.979980	0.421058	-0.694896	0.812508
3245	1.980591	0.421098	-0.694613	0.812287
3246	1.981201	0.421139	-0.694329	0.812066
3247	1.981812	0.421179	-0.694046	0.811845
3248	1.982422	0.421219	-0.693764	0.811624
3249	1.983032	0.421260	-0.693481	0.811404
3250	1.983643	0.421300	-0.693199	0.811183
3251	1.984253	0.421340	-0.692916	0.810963
3252	1.984863	0.421380	-0.692634	0.810742
3253	1.985474	0.421420	-0.692352	0.810522
3254	1.986084	0.421461	-0.692070	0.810302
3255	1.986694	0.421501	-0.691788	0.810083
3256	1.987305	0.421541	-0.691507	0.809863
3257	1.987915	0.421581	-0.691225	0.809644
3258	1.988525	0.421620	-0.690944	0.809424
3259	1.989136	0.421660	-0.690663	0.809205
3260	1.989746	0.421700	-0.690382	0.808986
3261	1.990356	0.421740	-0.690101	0.808767
3262	1.990967	0.421780	-0.689821	0.808549
3263	1.991577	0.421820	-0.689540	0.808330
3264	1.992188	0.421859	-0.689260	0.808112
3265	1.992798	0.421899	-0.688980	0.807893
3266	1.993408	0.421939	-0.688700	0.807675
3267	1.994019	0.421978	-0.688420	0.807457
3268	1.994629	0.422018	-0.688140	0.807239
3269	1.995239	0.422057	-0.687860	0.807022
3270	1.995850	0.422097	-0.687581	0.806804
3271	1.996460	0.422136	-0.687302	0.806587
3272	1.997070	0.422176	-0.687022	0.806370
3273	1.997681	0.422215	-0.686743	0.806153
3274	1.998291	0.422254	-0.686465	0.805936
3275	1.998901	0.422294	-0.686186	0.805719
3276	1.999512	0.422333	-0.685907	0.805502
3277	2.000122	0.422372	-0.685629	0.805286
3278	2.000732	0.422411	-0.685351	0.805069
3279	2.001343	0.422450	-0.685073	0.804853
3280	2.001953	0.422489	-0.684795	0.804637
3281	2.002563	0.422529	-0.684517	0.804421
3282	2.003174	0.422568	-0.684239	0.804206
3283	2.003784	0.422607	-0.683962	0.803990
3284	2.004395	0.422646	-0.683684	0.803775
3285	2.005005	0.422684	-0.683407	0.803559
3286	2.005615	0.422723	-0.683130	0.803344
3287	2.006226	0.422762	-0.682853	0.803129
3288	2.006836	0.422801	-0.682576	0.802914
3289	2.007446	0.422840	-0.682300	0.802699
3290	2.008057	0.422878	-0.682023	0.802485
3291	2.008667	0.422917	-0.681747	0.802270
3292	2.009277	0.422956	-0.681471	0.802056
3293	2.009888	0.422994	-0.681195	0.801842
3294	2.010498	0.423033	-0.680919	0.801628
3295	2.011108	0.423072	-0.680643	0.801414
3296	2.011719	0.423110	-0.680368	0.801200
3297	2.012329	0.423149	-0.680092	0.800987
3298	2.012939	0.423187	-0.679817	0.800773
3299	2.013550	0.423226	-0.679542	0.800560
3300	2.014160	0.423264	-0.679267	0.800347
3301	2.014771	0.423302	-0.678992	0.800134
3302	2.015381	0.423341	-0.678717	0.799921
3303	2.015991	0.423379	-0.678442	0.799709
3304	2.016602	0.423417	-0.678168	0.799496
3305	2.017212	0.423455	-0.677894	0.799284
3306	2.017822	0.423493	-0.677620	0.799071
3307	2.018433	0.423532	-0.677346	0.798859
3308	2.019043	0.423570	-0.677072	0.798647
3309	2.019653	0.423608	-0.676798	0.798435
3310	2.020264	0.423646	-0.676525	0.798224
3311	2.020874	0.423684	-0.676251	0.798012
3312	2.021484	0.423722	-0.675978	0.797801
3313	2.022095	0.423760	-0.675705	0.797590
3314	2.022705	0.423797	-0.675432	0.797378
3315	2.023315	0.423835	-0.675159	0.797167
3316	2.023926	0.423873	-0.674886	0.796957
3317	2.024536	0.423911	-0.674614	0.796746
3318	2.025146	0.423949	-0.674341	0.796535
3319	2.025757	0.423986	-0.674069	0.796325
3320	2.026367	0.424024	-0.673797	0.796115
3321	2.026978	0.424062	-0.673525	0.795905
3322	2.027588	0.424099	-0.673253	0.795695
3323	2.028198	0.424137	-0.672982	0.795485
3324	2.028809	0.424174	-0.672710	0.795275
3325	2.029419	0.424212	-0.672439	0.795066
3326	2.030029	0.424249	-0.672167	0.794856
3327	2.030640	0.424287	-0.671896	0.794647
3328	2.031250	0.424324	-0.671625	0.794438
3329	2.031860	0.424361	-0.671354	0.794229
3330	2.032471	0.424399	-0.671084	0.794020
3331	2.033081	0.424436	-0.670813	0.793811
3332	2.033691	0.424473	-0.670543	0.793603
3333	2.034302	0.424510	-0.670273	0.793394
3334	2.034912	0.424548	-0.670002	0.793186
3335	2.035522	0.424585	-0.669732	0.792978
3336	2.036133	0.424622	-0.669463	0.792770
3337	2.036743	0.424659	-0.669193	0.792562
3338	2.037354	0.424696	-0.668923	0.792354
3339	2.037964	0.424733	-0.668654	0.792147
3340	2.038574	0.424770	-0.668385	0.791939
3341	2.039185	0.424807	-0.668116	0.791732
3342	2.039795	0.424844	-0.667847	0.791525
3343	2.040405	0.424881	-0.667578	0.791318
3344	2.041016	0.424917	-0.667309	0.791111
3345	2.041626	0.424954	-0.667040	0.790904
3346	2.042236	0.424991	-0.666772	0.790697
3347	2.042847	0.425028	-0.666504	0.790491
3348	2.043457	0.425064	-0.666236	0.790284
3349	2.044067	0.425101	-0.665968	0.790078
3350	2.044678	0.425138	-0.665700	0.789872
3351	2.045288	0.425174	-0.665432	0.789666
3352	2.045898	0.425211	-0.665164	0.789461
3353	2.046509	0.425247	-0.664897	0.789255
3354	2.047119	0.425284	-0.664630	0.789049
3355	2.047729	0.425320	-0.664362	0.788844
3356	2.048340	0.425357	-0.664095	0.788639
3357	2.048950	0.425393	-0.663828	0.788434
3358	2.049561	0.425430	-0.663562	0.788229
3359	2.050171	0.425466	-0.663295	0.788024
3360	2.050781	0.425502	-0.663029	0.787819
3361	2.051392	0.425538	-0.662762	0.787615
3362	2.052002	0.425575	-0.662496	0.787410
3363	2.052612	0.425611	-0.662230	0.787206
3364	2.053223	0.425647	-0.661964	0.787002
3365	2.053833	0.425683	-0.661698	0.786798
3366	2.054443	0.425719	-0.661433	0.786594
3367	2.055054	0.425755	-0.661167	0.786390
3368	2.055664	0.425791	-0.660902	0.786187
3369	2.056274	0.425827	-0.660636	0.785983
3370	2.056885	0.425863	-0.660371	0.785780
3371	2.057495	0.425899	-0.660106	0.785577
3372	2.058105	0.425935	-0.659842	0.785373
3373	2.058716	0.425971	-0.659577	0.785171
3374	2.059326	0.426007	-0.659312	0.784968
3375	2.059937	0.426043	-0.659048	0.784765
3376	2.060547	0.426078	-0.658784	0.784563
3377	2.061157	0.426114	-0.658519	0.784360
3378	2.061768	0.426150	-0.658255	0.784158
3379	2.062378	0.426185	-0.657991	0.783956
3380	2.062988	0.426221	-0.657728	0.783754
3381	2.063599	0.426257	-0.657464	0.783552
3382	2.064209	0.426292	-0.657201	0.783350
3383	2.064819	0.426328	-0.656937	0.783149
3384	2.065430	0.426363	-0.656674	0.782947
3385	2.066040	0.426399	-0.656411	0.782746
3386	2.066650	0.426434	-0.656148	0.782545
3387	2.067261	0.426469	-0.655885	0.782344
3388	2.067871	0.426505	-0.655623	0.782143
3389	2.068481	0.426540	-0.655360	0.781942
3390	2.069092	0.426576	-0.655098	0.781741
3391	2.069702	0.426611	-0.654835	0.781541
3392	2.070313	0.426646	-0.654573	0.781341
3393	2.070923	0.426681	-0.654311	0.781140
3394	2.071533	0.426716	-0.654049	0.780940
3395	2.072144	0.426752	-0.653788	0.780740
3396	2.072754	0.426787	-0.653526	0.780540
3397	2.073364	0.426822	-0.653265	0.780341
3398	2.073975	0.426857	-0.653003	0.780141
3399	2.074585	0.426892	-0.652742	0.779942
3400	2.075195	0.426927	-0.652481	0.779742
3401	2.075806	0.426962	-0.652220	0.779543
3402	2.076416	0.426997	-0.651959	0.779344
3403	2.077026	0.427032	-0.651699	0.779145
3404	2.077637	0.427066	-0.651438	0.778946
3405	2.078247	0.427101	-0.651178	0.778748
3406	2.078857	0.427136	-0.650917	0.778549
3407	2.079468	0.427171	-0.650657	0.778351
3408	2.080078	0.427205	-0.650397	0.778152
3409	2.080688	0.427240	-0.650137	0.777954
3410	2.081299	0.427275	-0.649878	0.777756
3411	2.081909	0.427309	-0.649618	0.777558
3412	2.082520	0.427344	-0.649359	0.777361
3413	2.083130	0.427379	-0.649099	0.777163
3414	2.083740	0.427413	-0.648840	0.776966
3415	2.084351	0.427448	-0.648581	0.776768
3416	2.084961	0.427482	-0.648322	0.776571
3417	2.085571	0.427517	-0.648063	0.776374
3418	2.086182	0.427551	-0.647805	0.776177
3419	2.086792	0.427585	-0.647546	0.775980
3420	2.087402	0.427620	-0.647288	0.775783
3421	2.088013	0.427654	-0.647029	0.775587
3422	2.088623	0.427688	-0.646771	0.775390
3423	2.089233	0.427723	-0.646513	0.775194
3424	2.089844	0.427757	-0.646255	0.774998
3425	2.090454	0.427791	-0.645997	0.774802
3426	2.091064	0.427825	-0.645740	0.774606
3427	2.091675	0.427859	-0.645482	0.774410
3428	2.092285	0.427893	-0.645225	0.774214
3429	2.092896	0.427928	-0.644968	0.774019
3430	2.093506	0.427962	-0.644711	0.773824
3431	2.094116	0.427996	-0.644454	0.773628
3432	2.094727	0.428030	-0.644197	0.773433
3433	2.095337	0.428064	-0.643940	0.773238
3434	2.095947	0.428097	-0.643683	0.773043
3435	2.096558	0.428131	-0.643427	0.772848
3436	2.097168	0.428165	-0.643171	0.772654
3437	2.097778	0.428199	-0.642914	0.772459
3438	2.098389	0.428233	-0.642658	0.772265
3439	2.098999	0.428267	-0.642402	0.772071
3440	2.099609	0.428300	-0.642146	0.771876
3441	2.100220	0.428334	-0.641891	0.771682
3442	2.100830	0.428368	-0.641635	0.771489
3443	2.101440	0.428401	-0.641380	0.771295
3444	2.102051	0.428435	-0.641124	0.771101
3445	2.102661	0.428469	-0.640869	0.770908
3446	2.103271	0.428502	-0.640614	0.770714
3447	2.103882	0.428536	-0.640359	0.770521
3448	2.104492	0.428569	-0.640104	0.770328
3449	2.105103	0.428603	-0.639850	0.770135
3450	2.105713	0.428636	-0.639595	0.769942
3451	2.106323	0.428669	-0.639341	0.769749
3452	2.106934	0.428703	-0.639086	0.769557
3453	2.107544	0.428736	-0.638832	0.769364
3454	2.108154	0.428769	-0.638578	0.769172
3455	2.108765	0.428803	-0.638324	0.768980
3456	2.109375	0.428836	-0.638070	0.768787
3457	2.109985	0.428869	-0.637817	0.768596
3458	2.110596	0.428902	-0.637563	0.768404
3459	2.111206	0.428936	-0.637310	0.768212
3460	2.111816	0.428969	-0.637057	0.768020
3461	2.112427	0.429002	-0.636803	0.767829
3462	2.113037	0.429035	-0.636550	0.767637
3463	2.113647	0.429068	-0.636297	0.767446
3464	2.114258	0.429101	-0.636045	0.767255
3465	2.114868	0.429134	-0.635792	0.767064
3466	2.115479	0.429167	-0.635539	0.766873
3467	2.116089	0.429200	-0.635287	0.766683
3468	2.116699	0.429233	-0.635035	0.766492
3469	2.117310	0.429266	-0.634783	0.766301
3470	2.117920	0.429298	-0.634531	0.766111
3471	2.118530	0.429331	-0.634279	0.765921
3472	2.119141	0.429364	-0.634027	0.765731
3473	2.119751	0.429397	-0.633775	0.765541
3474	2.120361	0.429429	-0.633524	0.765351
3475	2.120972	0.429462	-0.633272	0.765161
3476	2.121582	0.429495	-0.633021	0.764971
3477	2.122192	0.429527	-0.632770	0.764782
3478	2.122803	0.429560	-0.632519	0.764593
3479	2.123413	0.429593	-0.632268	0.764403
3480	2.124023	0.429625	-0.632017	0.764214
3481	2.124634	0.429658	-0.631766	0.764025
3482	2.125244	0.429690	-0.631516	0.763836
3483	2.125854	0.429723	-0.631265	0.763648
3484	2.126465	0.429755	-0.631015	0.763459
3485	2.127075	0.429787	-0.630765	0.763270
3486	2.127686	0.429820	-0.630515	0.763082
3487	2.128296	0.429852	-0.630265	0.762894
3488	2.128906	0.429884	-0.630015	0.762706
3489	2.129517	0.429917	-0.629766	0.762518
3490	2.130127	0.429949	-0.629516	0.762330
3491	2.130737	0.429981	-0.629267	0.762142
3492	2.131348	0.430013	-0.629017	0.761954
3493	2.131958	0.430046	-0.628768	0.761767
3494	2.132568	0.430078	-0.628519	0.761579
3495	2.133179	0.430110	-0.628270	0.761392
3496	2.133789	0.430142	-0.628021	0.761205
3497	2.134399	0.430174	-0.627773	0.761018
3498	2.135010	0.430206	-0.627524	0.760831
3499	2.135620	0.430238	-0.627275	0.760644
3500	2.136230	0.430270	-0.627027	0.760457
3501	2.136841	0.430302	-0.626779	0.760271
3502	2.137451	0.430334	-0.626531	0.760084
3503	2.138062	0.430366	-0.626283	0.759898
3504	2.138672	0.430398	-0.626035	0.759712
3505	2.139282	0.430429	-0.625787	0.759526
3506	2.139893	0.430461	-0.625540	0.759340
3507	2.140503	0.430493	-0.625292	0.759154
3508	2.141113	0.430525	-0.625045	0.758968
3509	2.141724	0.430556	-0.624798	0.758782
3510	2.142334	0.430588	-0.624550	0.758597
3511	2.142944	0.430620	-0.624303	0.758412
3512	2.143555	0.430651	-0.624057	0.758226
3513	2.144165	0.430683	-0.623810	0.758041
3514	2.144775	0.430715	-0.623563	0.757856
3515	2.145386	0.430746	-0.623317	0.757671
3516	2.145996	0.430778	-0.623070	0.757487
3517	2.146606	0.430809	-0.622824	0.757302
3518	2.147217	0.430841	-0.622578	0.757117
3519	2.147827	0.430872	-0.622332	0.756933
3520	2.148438	0.430903	-0.622086	0.756749
3521	2.149048	0.430935	-0.621840	0.756564
3522	2.149658	0.430966	-0.621594	0.756380
3523	2.150269	0.430997	-0.621349	0.756196
3524	2.150879	0.431029	-0.621103	0.756013
3525	2.151489	0.431060	-0.620858	0.755829
3526	2.152100	0.431091	-0.620613	0.755645
3527	2.152710	0.431122	-0.620368	0.755462
3528	2.153320	0.431154	-0.620123	0.755279
3529	2.153931	0.431185	-0.619878	0.755095
3530	2.154541	0.431216	-0.619633	0.754912
3531	2.155151	0.431247	-0.619388	0.754729
3532	2.155762	0.431278	-0.619144	0.754546
3533	2.156372	0.431309	-0.618900	0.754364
3534	2.156982	0.431340	-0.618655	0.754181
3535	2.157593	0.431371	-0.618411	0.753998
3536	2.158203	0.431402	-0.618167	0.753816
3537	2.158813	0.431433	-0.617923	0.753634
3538	2.159424	0.431464	-0.617679	0.753451
3539	2.160034	0.431495	-0.617436	0.753269
3540	2.160645	0.431526	-0.617192	0.753087
3541	2.161255	0.431557	-0.616949	0.752906
3542	2.161865	0.431587	-0.616705	0.752724
3543	2.162476	0.431618	-0.616462	0.752542
3544	2.163086	0.431649	-0.616219	0.752361
3545	2.163696	0.431680	-0.615976	0.752180
3546	2.164307	0.431710	-0.615733	0.751998
3547	2.164917	0.431741	-0.615491	0.751817
3548	2.165527	0.431772	-0.615248	0.751636
3549	2.166138	0.431802	-0.615005	0.751455
3550	2.166748	0.431833	-0.614763	0.751274
3551	2.167358	0.431863	-0.614521	0.751094
3552	2.167969	0.431894	-0.614279	0.750913
3553	2.168579	0.431924	-0.614037	0.750733
3554	2.169189	0.431955	-0.613795	0.750552
3555	2.169800	0.431985	-0.613553	0.750372
3556	2.170410	0.432016	-0.613311	0.750192
3557	2.171021	0.432046	-0.613070	0.750012
3558	2.171631	0.432077	-0.612828	0.749832
3559	2.172241	0.432107	-0.612587	0.749653
3560	2.172852	0.432137	-0.612346	0.749473
3561	2.173462	0.432168	-0.612104	0.749293
3562	2.174072	0.432198	-0.611863	0.749114
3563	2.174683	0.432228	-0.611623	0.748935
3564	2.175293	0.432258	-0.611382	0.748756
3565	2.175903	0.432289	-0.611141	0.748577
3566	2.176514	0.432319	-0.610901	0.748398
3567	2.177124	0.432349	-0.610660	0.748219
3568	2.177734	0.432379	-0.610420	0.748040
3569	2.178345	0.432409	-0.610180	0.747861
3570	2.178955	0.432439	-0.609940	0.747683
3571	2.179565	0.432469	-0.609700	0.747505
3572	2.180176	0.432499	-0.609460	0.747326
3573	2.180786	0.432529	-0.609220	0.747148
3574	2.181396	0.432559	-0.608980	0.746970
3575	2.182007	0.432589	-0.608741	0.746792
3576	2.182617	0.432619	-0.608502	0.746614
3577	2.183228	0.432649	-0.608262	0.746437
3578	2.183838	0.432679	-0.608023	0.746259
3579	2.184448	0.432708	-0.607784	0.746082
3580	2.185059	0.432738	-0.607545	0.745904
3581	2.185669	0.432768	-0.607306	0.745727
3582	2.186279	0.432798	-0.607068	0.745550
3583	2.186890	0.432827	-0.606829	0.745373
3584	2.187500	0.432857	-0.606590	0.745196
3585	2.188110	0.432887	-0.606352	0.745019
3586	2.188721	0.432916	-0.606114	0.744843
3587	2.189331	0.432946	-0.605876	0.744666
3588	2.189941	0.432976	-0.605638	0.744490
3589	2.190552	0.433005	-0.605400	0.744313
3590	2.191162	0.433035	-0.605162	0.744137
3591	2.191772	0.433064	-0.604924	0.743961
3592	2.192383	0.433094	-0.604687	0.743785
3593	2.192993	0.433123	-0.604449	0.743609
3594	2.193604	0.433153	-0.604212	0.743433
3595	2.194214	0.433182	-0.603974	0.743258
3596	2.194824	0.433211	-0.603737	0.743082
3597	2.195435	0.433241	-0.603500	0.742907
3598	2.196045	0.433270	-0.603263	0.742731
3599	2.196655	0.433299	-0.603027	0.742556
3600	2.197266	0.433329	-0.602790	0.742381
3601	2.197876	0.433358	-0.602553	0.742206
3602	2.198486	0.433387	-0.602317	0.742031
3603	2.199097	0.433416	-0.602080	0.741856
3604	2.199707	0.433446	-0.601844	0.741682
3605	2.200317	0.433475	-0.601608	0.741507
3606	2.200928	0.433504	-0.601372	0.741333
3607	2.201538	0.433533	-0.601136	0.741158
3608	2.202148	0.433562	-0.600900	0.740984
3609	2.202759	0.433591	-0.600665	0.740810
3610	2.203369	0.433620	-0.600429	0.740636
3611	2.203979	0.433649	-0.600194	0.740462
3612	2.204590	0.433678	-0.599958	0.740288
3613	2.205200	0.433707	-0.599723	0.740115
3614	2.205811	0.433736	-0.599488	0.739941
3615	2.206421	0.433765	-0.599253	0.739767
3616	2.207031	0.433794	-0.599018	0.739594
3617	2.207642	0.433823	-0.598783	0.739421
3618	2.208252	0.433852	-0.598548	0.739248
3619	2.208862	0.433880	-0.598314	0.739075
3620	2.209473	0.433909	-0.598079	0.738902
3621	2.210083	0.433938	-0.597845	0.738729
3622	2.210693	0.433967	-0.597611	0.738556
3623	2.211304	0.433995	-0.597376	0.738384
3624	2.211914	0.434024	-0.597142	0.738211
3625	2.212524	0.434053	-0.596908	0.738039
3626	2.213135	0.434081	-0.596675	0.737867
3627	2.213745	0.434110	-0.596441	0.737694
3628	2.214355	0.434139	-0.596207	0.737522
3629	2.214966	0.434167	-0.595974	0.737351
3630	2.215576	0.434196	-0.595740	0.737179
3631	2.216187	0.434224	-0.595507	0.737007
3632	2.216797	0.434253	-0.595274	0.736835
3633	2.217407	0.434281	-0.595041	0.736664
3634	2.218018	0.434310	-0.594808	0.736492
3635	2.218628	0.434338	-0.594575	0.736321
3636	2.219238	0.434366	-0.594342	0.736150
3637	2.219849	0.434395	-0.594110	0.735979
3638	2.220459	0.434423	-0.593877	0.735808
3639	2.221069	0.434451	-0.593645	0.735637
3640	2.221680	0.434480	-0.593412	0.735466
3641	2.222290	0.434508	-0.593180	0.735296
3642	2.222900	0.434536	-0.592948	0.735125
3643	2.223511	0.434564	-0.592716	0.734955
3644	2.224121	0.434593	-0.592484	0.734784
3645	2.224731	0.434621	-0.592252	0.734614
3646	2.225342	0.434649	-0.592021	0.734444
3647	2.225952	0.434677	-0.591789	0.734274
3648	2.226563	0.434705	-0.591558	0.734104
3649	2.227173	0.434733	-0.591326	0.733934
3650	2.227783	0.434761	-0.591095	0.733765
3651	2.228394	0.434789	-0.590864	0.733595
3652	2.229004	0.434817	-0.590633	0.733426
3653	2.229614	0.434845	-0.590402	0.733256
3654	2.230225	0.434873	-0.590171	0.733087
3655	2.230835	0.434901	-0.589940	0.732918
3656	2.231445	0.434929	-0.589710	0.732749
3657	2.232056	0.434957	-0.589479	0.732580
3658	2.232666	0.434985	-0.589249	0.732411
3659	2.233276	0.435013	-0.589019	0.732242
3660	2.233887	0.435040	-0.588788	0.732074
3661	2.234497	0.435068	-0.588558	0.731905
3662	2.235107	0.435096	-0.588328	0.731737
3663	2.235718	0.435124	-0.588099	0.731569
3664	2.236328	0.435151	-0.587869	0.731400
3665	2.236938	0.435179	-0.587639	0.731232
3666	2.237549	0.435207	-0.587410	0.731064
3667	2.238159	0.435235	-0.587180	0.730896
3668	2.238770	0.435262	-0.586951	0.730729
3669	2.239380	0.435290	-0.586722	0.730561
3670	2.239990	0.435317	-0.586492	0.730393
3671	2.240601	0.435345	-0.586263	0.730226
3672	2.241211	0.435372	-0.586034	0.730059
3673	2.241821	0.435400	-0.585806	0.729891
3674	2.242432	0.435427	-0.585577	0.729724
3675	2.243042	0.435455	-0.585348	0.729557
3676	2.243652	0.435482	-0.585120	0.729390
3677	2.244263	0.435510	-0.584891	0.729223
3678	2.244873	0.435537	-0.584663	0.729057
3679	2.245483	0.435564	-0.584435	0.728890
3680	2.246094	0.435592	-0.584207	0.728723
3681	2.246704	0.435619	-0.583979	0.728557
3682	2.247314	0.435646	-0.583751	0.728391
3683	2.247925	0.435674	-0.583523	0.728225
3684	2.248535	0.435701	-0.583296	0.728058
3685	2.249146	0.435728	-0.583068	0.727892
3686	2.249756	0.435755	-0.582841	0.727726
3687	2.250366	0.435783	-0.582613	0.727561
3688	2.250977	0.435810	-0.582386	0.727395
3689	2.251587	0.435837	-0.582159	0.727229
3690	2.252197	0.435864	-0.581932	0.727064
3691	2.252808	0.435891	-0.581705	0.726899
3692	2.253418	0.435918	-0.581478	0.726733
3693	2.254028	0.435945	-0.581251	0.726568
3694	2.254639	0.435972	-0.581025	0.726403
3695	2.255249	0.435999	-0.580798	0.726238
3696	2.255859	0.436026	-0.580572	0.726073
3697	2.256470	0.436053	-0.580345	0.725908
3698	2.257080	0.436080	-0.580119	0.725744
3699	2.257690	0.436107	-0.579893	0.725579
3700	2.258301	0.436134	-0.579667	0.725415
3701	2.258911	0.436161	-0.579441	0.725250
3702	2.259521	0.436188	-0.579215	0.725086
3703	2.260132	0.436214	-0.578989	0.724922
3704	2.260742	0.436241	-0.578764	0.724758
3705	2.261353	0.436268	-0.578538	0.724594
3706	2.261963	0.436295	-0.578313	0.724430
3707	2.262573	0.436321	-0.578088	0.724266
3708	2.263184	0.436348	-0.577862	0.724103
3709	2.263794	0.436375	-0.577637	0.723939
3710	2.264404	0.436401	-0.577412	0.723776
3711	2.265015	0.436428	-0.577187	0.723612
3712	2.265625	0.436455	-0.576963	0.723449
3713	2.266235	0.436481	-0.576738	0.723286
3714	2.266846	0.436508	-0.576513	0.723123
3715	2.267456	0.436534	-0.576289	0.722960
3716	2.268066	0.436561	-0.576064	0.722797
3717	2.268677	0.436587	-0.575840	0.722634
3718	2.269287	0.436614	-0.575616	0.722472
3719	2.269897	0.436640	-0.575392	0.722309
3720	2.270508	0.436667	-0.575168	0.722147
3721	2.271118	0.436693	-0.574944	0.721984
3722	2.271729	0.436720	-0.574720	0.721822
3723	2.272339	0.436746	-0.574496	0.721660
3724	2.272949	0.436772	-0.574273	0.721498
3725	2.273560	0.436799	-0.574049	0.721336
3726	2.274170	0.436825	-0.573826	0.721174
3727	2.274780	0.436851	-0.573603	0.721012
3728	2.275391	0.436877	-0.573379	0.720851
3729	2.276001	0.436904	-0.573156	0.720689
3730	2.276611	0.436930	-0.572933	0.720528
3731	2.277222	0.436956	-0.572710	0.720367
3732	2.277832	0.436982	-0.572488	0.720205
3733	2.278442	0.437008	-0.572265	0.720044
3734	2.279053	0.437035	-0.572042	0.719883
3735	2.279663	0.437061	-0.571820	0.719722
3736	2.280273	0.437087	-0.571597	0.719561
3737	2.280884	0.437113	-0.571375	0.719401
3738	2.281494	0.437139	-0.571153	0.719240
3739	2.282104	0.437165	-0.570931	0.719079
3740	2.282715	0.437191	-0.570709	0.718919
3741	2.283325	0.437217	-0.570487	0.718759
3742	2.283936	0.437243	-0.570265	0.718598
3743	2.284546	0.437269	-0.570043	0.718438
3744	2.285156	0.437295	-0.569822	0.718278
3745	2.285767	0.437321	-0.569600	0.718118
3746	2.286377	0.437346	-0.569379	0.717958
3747	2.286987	0.437372	-0.569158	0.717799
3748	2.287598	0.437398	-0.568936	0.717639
3749	2.288208	0.437424	-0.568715	0.717479
3750	2.288818	0.437450	-0.568494	0.717320
3751	2.289429	0.437475	-0.568273	0.717161
3752	2.290039	0.437501	-0.568053	0.717001
3753	2.290649	0.437527	-0.567832	0.716842
3754	2.291260	0.437553	-0.567611	0.716683
3755	2.291870	0.437578	-0.567391	0.716524
3756	2.292480	0.437604	-0.567170	0.716365
3757	2.293091	0.437629	-0.566950	0.716207
3758	2.293701	0.437655	-0.566730	0.716048
3759	2.294312	0.437681	-0.566510	0.715889
3760	2.294922	0.437706	-0.566289	0.715731
3761	2.295532	0.437732	-0.566070	0.715572
3762	2.296143	0.437757	-0.565850	0.715414
3763	2.296753	0.437783	-0.565630	0.715256
3764	2.297363	0.437808	-0.565410	0.715098
3765	2.297974	0.437834	-0.565191	0.714940
3766	2.298584	0.437859	-0.564971	0.714782
3767	2.299194	0.437885	-0.564752	0.714624
3768	2.299805	0.437910	-0.564533	0.714466
3769	2.300415	0.437935	-0.564313	0.714309
3770	2.301025	0.437961	-0.564094	0.714151
3771	2.301636	0.437986	-0.563875	0.713994
3772	2.302246	0.438011	-0.563657	0.713837
3773	2.302856	0.438037	-0.563438	0.713679
3774	2.303467	0.438062	-0.563219	0.713522
3775	2.304077	0.438087	-0.563000	0.713365
3776	2.304688	0.438112	-0.562782	0.713208
3777	2.305298	0.438138	-0.562564	0.713051
3778	2.305908	0.438163	-0.562345	0.712895
3779	2.306519	0.438188	-0.562127	0.712738
3780	2.307129	0.438213	-0.561909	0.712582
3781	2.307739	0.438238	-0.561691	0.712425
3782	2.308350	0.438263	-0.561473	0.712269
3783	2.308960	0.438288	-0.561255	0.712112
3784	2.309570	0.438313	-0.561037	0.711956
3785	2.310181	0.438339	-0.560820	0.711800
3786	2.310791	0.438364	-0.560602	0.711644
3787	2.311401	0.438389	-0.560385	0.711488
3788	2.312012	0.438414	-0.560168	0.711333
3789	2.312622	0.438438	-0.559950	0.711177
3790	2.313232	0.438463	-0.559733	0.711021
3791	2.313843	0.438488	-0.559516	0.710866
3792	2.314453	0.438513	-0.559299	0.710710
3793	2.315063	0.438538	-0.559082	0.710555
3794	2.315674	0.438563	-0.558865	0.710400
3795	2.316284	0.438588	-0.558649	0.710245
3796	2.316895	0.438613	-0.558432	0.710090
3797	2.317505	0.438637	-0.558216	0.709935
3798	2.318115	0.438662	-0.557999	0.709780
3799	2.318726	0.438687	-0.557783	0.709625
3800	2.319336	0.438712	-0.557567	0.709471
3801	2.319946	0.438736	-0.557351	0.709316
3802	2.320557	0.438761	-0.557135	0.709162
3803	2.321167	0.438786	-0.556919	0.709007
3804	2.321777	0.438810	-0.556703	0.708853
3805	2.322388	0.438835	-0.556487	0.708699
3806	2.322998	0.438860	-0.556271	0.708545
3807	2.323608	0.438884	-0.556056	0.708391
3808	2.324219	0.438909	-0.555840	0.708237
3809	2.324829	0.438933	-0.555625	0.708083
3810	2.325439	0.438958	-0.555410	0.707929
3811	2.326050	0.438982	-0.555195	0.707776
3812	2.326660	0.439007	-0.554979	0.707622
3813	2.327271	0.439031	-0.554764	0.707469
3814	2.327881	0.439056	-0.554550	0.707315
3815	2.328491	0.439080	-0.554335	0.707162
3816	2.329102	0.439105	-0.554120	0.707009
3817	2.329712	0.439129	-0.553905	0.706856
3818	2.330322	0.439153	-0.553691	0.706703
3819	2.330933	0.439178	-0.553476	0.706550
3820	2.331543	0.439202	-0.553262	0.706397
3821	2.332153	0.439226	-0.553048	0.706245
3822	2.332764	0.439251	-0.552834	0.706092
3823	2.333374	0.439275	-0.552620	0.705940
3824	2.333984	0.439299	-0.552406	0.705787
3825	2.334595	0.439323	-0.552192	0.705635
3826	2.335205	0.439348	-0.551978	0.705483
3827	2.335815	0.439372	-0.551764	0.705331
3828	2.336426	0.439396	-0.551551	0.705179
3829	2.337036	0.439420	-0.551337	0.705027
3830	2.337646	0.439444	-0.551124	0.704875
3831	2.338257	0.439468	-0.550910	0.704723
3832	2.338867	0.439492	-0.550697	0.704571
3833	2.339478	0.439516	-0.550484	0.704420
3834	2.340088	0.439541	-0.550271	0.704268
3835	2.340698	0.439565	-0.550058	0.704117
3836	2.341309	0.439589	-0.549845	0.703966
3837	2.341919	0.439613	-0.549632	0.703814
3838	2.342529	0.439637	-0.549419	0.703663
3839	2.343140	0.439660	-0.549207	0.703512
3840	2.343750	0.439684	-0.548994	0.703361
3841	2.344360	0.439708	-0.548782	0.703210
3842	2.344971	0.439732	-0.548570	0.703060
3843	2.345581	0.439756	-0.548357	0.702909
3844	2.346191	0.439780	-0.548145	0.702759
3845	2.346802	0.439804	-0.547933	0.702608
3846	2.347412	0.439828	-0.547721	0.702458
3847	2.348022	0.439851	-0.547509	0.702307
3848	2.348633	0.439875	-0.547297	0.702157
3849	2.349243	0.439899	-0.547086	0.702007
3850	2.349854	0.439923	-0.546874	0.701857
3851	2.350464	0.439946	-0.546663	0.701707
3852	2.351074	0.439970	-0.546451	0.701557
3853	2.351685	0.439994	-0.546240	0.701408
3854	2.352295	0.440017	-0.546029	0.701258
3855	2.352905	0.440041	-0.545817	0.701108
3856	2.353516	0.440065	-0.545606	0.700959
3857	2.354126	0.440088	-0.545395	0.700809
3858	2.354736	0.440112	-0.545185	0.700660
3859	2.355347	0.440135	-0.544974	0.700511
3860	2.355957	0.440159	-0.544763	0.700362
3861	2.356567	0.440183	-0.544552	0.700213
3862	2.357178	0.440206	-0.544342	0.700064
3863	2.357788	0.440229	-0.544131	0.699915
3864	2.358398	0.440253	-0.543921	0.699766
3865	2.359009	0.440276	-0.543711	0.699618
3866	2.359619	0.440300	-0.543501	0.699469
3867	2.360229	0.440323	-0.543291	0.699321
3868	2.360840	0.440347	-0.543081	0.699172
3869	2.361450	0.440370	-0.542871	0.699024
3870	2.362061	0.440393	-0.542661	0.698876
3871	2.362671	0.440417	-0.542451	0.698727
3872	2.363281	0.440440	-0.542241	0.698579
3873	2.363892	0.440463	-0.542032	0.698431
3874	2.364502	0.440487	-0.541822	0.698284
3875	2.365112	0.440510	-0.541613	0.698136
3876	2.365723	0.440533	-0.541404	0.697988
3877	2.366333	0.440556	-0.541195	0.697841
3878	2.366943	0.440580	-0.540985	0.697693
3879	2.367554	0.440603	-0.540776	0.697546
3880	2.368164	0.440626	-0.540568	0.697398
3881	2.368774	0.440649	-0.540359	0.697251
3882	2.369385	0.440672	-0.540150	0.697104
3883	2.369995	0.440695	-0.539941	0.696957
3884	2.370605	0.440718	-0.539733	0.696810
3885	2.371216	0.440741	-0.539524	0.696663
3886	2.371826	0.440764	-0.539316	0.696516
3887	2.372437	0.440788	-0.539107	0.696370
3888	2.373047	0.440811	-0.538899	0.696223
3889	2.373657	0.440834	-0.538691	0.696076
3890	2.374268	0.440857	-0.538483	0.695930
3891	2.374878	0.440879	-0.538275	0.695784
3892	2.375488	0.440902	-0.538067	0.695637
3893	2.376099	0.440925	-0.537859	0.695491
3894	2.376709	0.440948	-0.537652	0.695345
3895	2.377319	0.440971	-0.537444	0.695199
3896	2.377930	0.440994	-0.537237	0.695053
3897	2.378540	0.441017	-0.537029	0.694907
3898	2.379150	0.441040	-0.536822	0.694762
3899	2.379761	0.441062	-0.536614	0.694616
3900	2.380371	0.441085	-0.536407	0.694470
3901	2.380981	0.441108	-0.536200	0.694325
3902	2.381592	0.441131	-0.535993	0.694179
3903	2.382202	0.441154	-0.535786	0.694034
3904	2.382813	0.441176	-0.535579	0.693889
3905	2.383423	0.441199	-0.535373	0.693744
3906	2.384033	0.441222	-0.535166	0.693599
3907	2.384644	0.441244	-0.534959	0.693454
3908	2.385254	0.441267	-0.534753	0.693309
3909	2.385864	0.441290	-0.534546	0.693164
3910	2.386475	0.441312	-0.534340	0.693019
3911	2.387085	0.441335	-0.534134	0.692875
3912	2.387695	0.441357	-0.533928	0.692730
3913	2.388306	0.441380	-0.533722	0.692586
3914	2.388916	0.441402	-0.533516	0.692441
3915	2.389526	0.441425	-0.533310	0.692297
3916	2.390137	0.441448	-0.533104	0.692153
3917	2.390747	0.441470	-0.532898	0.692009
3918	2.391357	0.441492	-0.532693	0.691865
3919	2.391968	0.441515	-0.532487	0.691721
3920	2.392578	0.441537	-0.532282	0.691577
3921	2.393188	0.441560	-0.532076	0.691433
3922	2.393799	0.441582	-0.531871	0.691290
3923	2.394409	0.441605	-0.531666	0.691146
3924	2.395020	0.441627	-0.531461	0.691003
3925	2.395630	0.441649	-0.531256	0.690859
3926	2.396240	0.441672	-0.531051	0.690716
3927	2.396851	0.441694	-0.530846	0.690573
3928	2.397461	0.441716	-0.530641	0.690430
3929	2.398071	0.441738	-0.530436	0.690286
3930	2.398682	0.441761	-0.530232	0.690144
3931	2.399292	0.441783	-0.530027	0.690001
3932	2.399902	0.441805	-0.529823	0.689858
3933	2.400513	0.441827	-0.529618	0.689715
3934	2.401123	0.441849	-0.529414	0.689572
3935	2.401733	0.441872	-0.529210	0.689430
3936	2.402344	0.441894	-0.529006	0.689287
3937	2.402954	0.441916	-0.528802	0.689145
3938	2.403564	0.441938	-0.528598	0.689003
3939	2.404175	0.441960	-0.528394	0.688861
3940	2.404785	0.441982	-0.528190	0.688718
3941	2.405396	0.442004	-0.527986	0.688576
3942	2.406006	0.442026	-0.527783	0.688434
3943	2.406616	0.442048	-0.527579	0.688293
3944	2.407227	0.442070	-0.527376	0.688151
3945	2.407837	0.442092	-0.527172	0.688009
3946	2.408447	0.442114	-0.526969	0.687867
3947	2.409058	0.442136	-0.526766	0.687726
3948	2.409668	0.442158	-0.526563	0.687584
3949	2.410278	0.442180	-0.526360	0.687443
3950	2.410889	0.442202	-0.526157	0.687302
3951	2.411499	0.442224	-0.525954	0.687161
3952	2.412109	0.442246	-0.525751	0.687019
3953	2.412720	0.442268	-0.525549	0.686878
3954	2.413330	0.442289	-0.525346	0.686737
3955	2.413940	0.442311	-0.525144	0.686597
3956	2.414551	0.442333	-0.524941	0.686456
3957	2.415161	0.442355	-0.524739	0.686315
3958	2.415771	0.442377	-0.524536	0.686175
3959	2.416382	0.442398	-0.524334	0.686034
3960	2.416992	0.442420	-0.524132	0.685894
3961	2.417603	0.442442	-0.523930	0.685753
3962	2.418213	0.442463	-0.523728	0.685613
3963	2.418823	0.442485	-0.523526	0.685473
3964	2.419434	0.442507	-0.523325	0.685333
3965	2.420044	0.442528	-0.523123	0.685193
3966	2.420654	0.442550	-0.522921	0.685053
3967	2.421265	0.442572	-0.522720	0.684913
3968	2.421875	0.442593	-0.522518	0.684773
3969	2.422485	0.442615	-0.522317	0.684633
3970	2.423096	0.442636	-0.522116	0.684494
3971	2.423706	0.442658	-0.521914	0.684354
3972	2.424316	0.442679	-0.521713	0.684215
3973	2.424927	0.442701	-0.521512	0.684075
3974	2.425537	0.442722	-0.521311	0.683936
3975	2.426147	0.442744	-0.521110	0.683797
3976	2.426758	0.442765	-0.520910	0.683658
3977	2.427368	0.442787	-0.520709	0.683519
3978	2.427979	0.442808	-0.520508	0.683380
3979	2.428589	0.442829	-0.520308	0.683241
3980	2.429199	0.442851	-0.520107	0.683102
3981	2.429810	0.442872	-0.519907	0.682963
3982	2.430420	0.442894	-0.519706	0.682825
3983	2.431030	0.442915	-0.519506	0.682686
3984	2.431641	0.442936	-0.519306	0.682548
3985	2.432251	0.442958	-0.519106	0.682409
3986	2.432861	0.442979	-0.518906	0.682271
3987	2.433472	0.443000	-0.518706	0.682133
3988	2.434082	0.443021	-0.518506	0.681995
3989	2.434692	0.443043	-0.518307	0.681857
3990	2.435303	0.443064	-0.518107	0.681719
3991	2.435913	0.443085	-0.517907	0.681581
3992	2.436523	0.443106	-0.517708	0.681443
3993	2.437134	0.443127	-0.517508	0.681305
3994	2.437744	0.443148	-0.517309	0.681168
3995	2.438354	0.443170	-0.517110	0.681030
3996	2.438965	0.443191	-0.516911	0.680893
3997	2.439575	0.443212	-0.516712	0.680755
3998	2.440186	0.443233	-0.516513	0.680618
3999	2.440796	0.443254	-0.516314	0.680481
4000	2.441406	0.443275	-0.516115	0.680343
4001	2.442017	0.443296	-0.515916	0.680206
4002	2.442627	0.443317	-0.515717	0.680069
4003	2.443237	0.443338	-0.515519	0.679932
4004	2.443848	0.443359	-0.515320	0.679796
4005	2.444458	0.443380	-0.515122	0.679659
4006	2.445068	0.443401	-0.514923	0.679522
4007	2.445679	0.443422	-0.514725	0.679386
4008	2.446289	0.443443	-0.514527	0.679249
4009	2.446899	0.443464	-0.514329	0.679113
4010	2.447510	0.443485	-0.514131	0.678976
4011	2.448120	0.443505	-0.513933	0.678840
4012	2.448730	0.443526	-0.513735	0.678704
4013	2.449341	0.443547	-0.513537	0.678568
4014	2.449951	0.443568	-0.513339	0.678432
4015	2.450562	0.443589	-0.513141	0.678296
4016	2.451172	0.443609	-0.512944	0.678160
4017	2.451782	0.443630	-0.512746	0.678024
4018	2.452393	0.443651	-0.512549	0.677888
4019	2.453003	0.443672	-0.512352	0.677753
4020	2.453613	0.443692	-0.512154	0.677617
4021	2.454224	0.443713	-0.511957	0.677482
4022	2.454834	0.443734	-0.511760	0.677346
4023	2.455444	0.443754	-0.511563	0.677211
4024	2.456055	0.443775	-0.511366	0.677076
4025	2.456665	0.443796	-0.511169	0.676941
4026	2.457275	0.443816	-0.510972	0.676806
4027	2.457886	0.443837	-0.510776	0.676671
4028	2.458496	0.443858	-0.510579	0.676536
4029	2.459106	0.443878	-0.510382	0.676401
4030	2.459717	0.443899	-0.510186	0.676266
4031	2.460327	0.443919	-0.509990	0.676131
4032	2.460938	0.443940	-0.509793	0.675997
4033	2.461548	0.443960	-0.509597	0.675862
4034	2.462158	0.443981	-0.509401	0.675728
4035	2.462769	0.444001	-0.509205	0.675593
4036	2.463379	0.444022	-0.509009	0.675459
4037	2.463989	0.444042	-0.508813	0.675325
4038	2.464600	0.444063	-0.508617	0.675191
4039	2.465210	0.444083	-0.508421	0.675057
4040	2.465820	0.444103	-0.508225	0.674923
4041	2.466431	0.444124	-0.508030	0.674789
4042	2.467041	0.444144	-0.507834	0.674655
4043	2.467651	0.444164	-0.507639	0.674521
4044	2.468262	0.444185	-0.507443	0.674388
4045	2.468872	0.444205	-0.507248	0.674254
4046	2.469482	0.444225	-0.507053	0.674121
4047	2.470093	0.444246	-0.506858	0.673987
4048	2.470703	0.444266	-0.506662	0.673854
4049	2.471313	0.444286	-0.506467	0.673721
4050	2.471924	0.444306	-0.506273	0.673587
4051	2.472534	0.444327	-0.506078	0.673454
4052	2.473145	0.444347	-0.505883	0.673321
4053	2.473755	0.444367	-0.505688	0.673188
4054	2.474365	0.444387	-0.505494	0.673056
4055	2.474976	0.444407	-0.505299	0.672923
4056	2.475586	0.444428	-0.505105	0.672790
4057	2.476196	0.444448	-0.504910	0.672657
4058	2.476807	0.444468	-0.504716	0.672525
4059	2.477417	0.444488	-0.504522	0.672392
4060	2.478027	0.444508	-0.504327	0.672260
4061	2.478638	0.444528	-0.504133	0.672128
4062	2.479248	0.444548	-0.503939	0.671995
4063	2.479858	0.444568	-0.503745	0.671863
4064	2.480469	0.444588	-0.503551	0.671731
4065	2.481079	0.444608	-0.503358	0.671599
4066	2.481689	0.444628	-0.503164	0.671467
4067	2.482300	0.444648	-0.502970	0.671335
4068	2.482910	0.444668	-0.502777	0.671203
4069	2.483521	0.444688	-0.502583	0.671072
4070	2.484131	0.444708	-0.502390	0.670940
4071	2.484741	0.444728	-0.502197	0.670809
4072	2.485352	0.444748	-0.502003	0.670677
4073	2.485962	0.444768	-0.501810	0.670546
4074	2.486572	0.444787	-0.501617	0.670414
4075	2.487183	0.444807	-0.501424	0.670283
4076	2.487793	0.444827	-0.501231	0.670152
4077	2.488403	0.444847	-0.501038	0.670021
4078	2.489014	0.444867	-0.500845	0.669890
4079	2.489624	0.444886	-0.500653	0.669759
4080	2.490234	0.444906	-0.500460	0.669628
4081	2.490845	0.444926	-0.500267	0.669497
4082	2.491455	0.444946	-0.500075	0.669367
4083	2.492065	0.444965	-0.499882	0.669236
4084	2.492676	0.444985	-0.499690	0.669105
4085	2.493286	0.445005	-0.499498	0.668975
4086	2.493896	0.445025	-0.499306	0.668844
4087	2.494507	0.445044	-0.499113	0.668714
4088	2.495117	0.445064	-0.498921	0.668584
4089	2.495728	0.445083	-0.498729	0.668454
4090	2.496338	0.445103	-0.498538	0.668324
4091	2.496948	0.445123	-0.498346	0.668194
4092	2.497559	0.445142	-0.498154	0.668064
4093	2.498169	0.445162	-0.497962	0.667934
4094	2.498779	0.445181	-0.497771	0.667804
4095	2.499390	0.445201	-0.497579	0.667674
4096	2.500000	0.445220	-0.497388	0.667545
4097	2.500610	0.445240	-0.497196	0.667415
4098	2.501221	0.445259	-0.497005	0.667285
4099	2.501831	0.445279	-0.496814	0.667156
4100	2.502441	0.445298	-0.496623	0.667027
4101	2.503052	0.445318	-0.496431	0.666897
4102	2.503662	0.445337	-0.496240	0.666768
4103	2.504272	0.445357	-0.496050	0.666639
4104	2.504883	0.445376	-0.495859	0.666510
4105	2.505493	0.445395	-0.495668	0.666381
4106	2.506104	0.445415	-0.495477	0.666252
4107	2.506714	0.445434	-0.495286	0.666123
4108	2.507324	0.445454	-0.495096	0.665995
4109	2.507935	0.445473	-0.494905	0.665866
4110	2.508545	0.445492	-0.494715	0.665737
4111	2.509155	0.445512	-0.494525	0.665609
4112	2.509766	0.445531	-0.494334	0.665480
4113	2.510376	0.445550	-0.494144	0.665352
4114	2.510986	0.445569	-0.493954	0.665224
4115	2.511597	0.445589	-0.493764	0.665095
4116	2.512207	0.445608	-0.493574	0.664967
4117	2.512817	0.445627	-0.493384	0.664839
4118	2.513428	0.445646	-0.493194	0.664711
4119	2.514038	0.445665	-0.493004	0.664583
4120	2.514648	0.445685	-0.492815	0.664455
4121	2.515259	0.445704	-0.492625	0.664328
4122	2.515869	0.445723	-0.492436	0.664200
4123	2.516479	0.445742	-0.492246	0.664072
4124	2.517090	0.445761	-0.492057	0.663945
4125	2.517700	0.445780	-0.491867	0.663817
4126	2.518311	0.445799	-0.491678	0.663690
4127	2.518921	0.445818	-0.491489	0.663563
4128	2.519531	0.445837	-0.491300	0.663435
4129	2.520142	0.445856	-0.491111	0.663308
4130	2.520752	0.445875	-0.490922	0.663181
4131	2.521362	0.445894	-0.490733	0.663054
4132	2.521973	0.445913	-0.490544	0.662927
4133	2.522583	0.445932	-0.490355	0.662800
4134	2.523193	0.445951	-0.490167	0.662673
4135	2.523804	0.445970	-0.489978	0.662547
4136	2.524414	0.445989	-0.489790	0.662420
4137	2.525024	0.446008	-0.489601	0.662293
4138	2.525635	0.446027	-0.489413	0.662167
4139	2.526245	0.446046	-0.489224	0.662040
4140	2.526855	0.446065	-0.489036	0.661914
4141	2.527466	0.446084	-0.488848	0.661788
4142	2.528076	0.446102	-0.488660	0.661661
4143	2.528687	0.446121	-0.488472	0.661535
4144	2.529297	0.446140	-0.488284	0.661409
4145	2.529907	0.446159	-0.488096	0.661283
4146	2.530518	0.446178	-0.487908	0.661157
4147	2.531128	0.446196	-0.487720	0.661031
4148	2.531738	0.446215	-0.487533	0.660906
4149	2.532349	0.446234	-0.487345	0.660780
4150	2.532959	0.446253	-0.487158	0.660654
4151	2.533569	0.446271	-0.486970	0.660529
4152	2.534180	0.446290	-0.486783	0.660403
4153	2.534790	0.446309	-0.486595	0.660278
4154	2.535400	0.446327	-0.486408	0.660152
4155	2.536011	0.446346	-0.486221	0.660027
4156	2.536621	0.446365	-0.486034	0.659902
4157	2.537231	0.446383	-0.485847	0.659777
4158	2.537842	0.446402	-0.485660	0.659652
4159	2.538452	0.446421	-0.485473	0.659527
4160	2.539063	0.446439	-0.485286	0.659402
4161	2.539673	0.446458	-0.485099	0.659277
4162	2.540283	0.446476	-0.484913	0.659152
4163	2.540894	0.446495	-0.484726	0.659027
4164	2.541504	0.446513	-0.484540	0.658903
4165	2.542114	0.446532	-0.484353	0.658778
4166	2.542725	0.446550	-0.484167	0.658654
4167	2.543335	0.446569	-0.483980	0.658529
4168	2.543945	0.446587	-0.483794	0.658405
4169	2.544556	0.446606	-0.483608	0.658281
4170	2.545166	0.446624	-0.483422	0.658156
4171	2.545776	0.446643	-0.483236	0.658032
4172	2.546387	0.446661	-0.483050	0.657908
4173	2.546997	0.446680	-0.482864	0.657784
4174	2.547607	0.446698	-0.482678	0.657660
4175	2.548218	0.446716	-0.482492	0.657536
4176	2.548828	0.446735	-0.482306	0.657413
4177	2.549438	0.446753	-0.482121	0.657289
4178	2.550049	0.446771	-0.481935	0.657165
4179	2.550659	0.446790	-0.481750	0.657042
4180	2.551270	0.446808	-0.481564	0.656918
4181	2.551880	0.446826	-0.481379	0.656795
4182	2.552490	0.446845	-0.481194	0.656672
4183	2.553101	0.446863	-0.481009	0.656548
4184	2.553711	0.446881	-0.480823	0.656425
4185	2.554321	0.446899	-0.480638	0.656302
4186	2.554932	0.446918	-0.480453	0.656179
4187	2.555542	0.446936	-0.480268	0.656056
4188	2.556152	0.446954	-0.480084	0.655933
4189	2.556763	0.446972	-0.479899	0.655810
4190	2.557373	0.446990	-0.479714	0.655687
4191	2.557983	0.447008	-0.479529	0.655565
4192	2.558594	0.447027	-0.479345	0.655442
4193	2.559204	0.447045	-0.479160	0.655319
4194	2.559814	0.447063	-0.478976	0.655197
4195	2.560425	0.447081	-0.478791	0.655074
4196	2.561035	0.447099	-0.478607	0.654952
4197	2.561646	0.447117	-0.478423	0.654830
4198	2.562256	0.447135	-0.478239	0.654708
4199	2.562866	0.447153	-0.478055	0.654585
4200	2.563477	0.447171	-0.477870	0.654463
4201	2.564087	0.447189	-0.477687	0.654341
4202	2.564697	0.447207	-0.477503	0.654219
4203	2.565308	0.447225	-0.477319	0.654097
4204	2.565918	0.447243	-0.477135	0.653976
4205	2.566528	0.447261	-0.476951	0.653854
4206	2.567139	0.447279	-0.476768	0.653732
4207	2.567749	0.447297	-0.476584	0.653611
4208	2.568359	0.447315	-0.476401	0.653489
4209	2.568970	0.447333	-0.476217	0.653368
4210	2.569580	0.447351	-0.476034	0.653246
4211	2.570190	0.447369	-0.475851	0.653125
4212	2.570801	0.447386	-0.475667	0.653004
4213	2.571411	0.447404	-0.475484	0.652883
4214	2.572021	0.447422	-0.475301	0.652762
4215	2.572632	0.447440	-0.475118	0.652641
4216	2.573242	0.447458	-0.474935	0.652520
4217	2.573853	0.447476	-0.474752	0.652399
4218	2.574463	0.447493	-0.474569	0.652278
4219	2.575073	0.447511	-0.474387	0.652157
4220	2.575684	0.447529	-0.474204	0.652036
4221	2.576294	0.447547	-0.474021	0.651916
4222	2.576904	0.447564	-0.473839	0.651795
4223	2.577515	0.447582	-0.473656	0.651675
4224	2.578125	0.447600	-0.473474	0.651554
4225	2.578735	0.447617	-0.473292	0.651434
4226	2.579346	0.447635	-0.473109	0.651314
4227	2.579956	0.447653	-0.472927	0.651194
4228	2.580566	0.447670	-0.472745	0.651073
4229	2.581177	0.447688	-0.472563	0.650953
4230	2.581787	0.447706	-0.472381	0.650833
4231	2.582397	0.447723	-0.472199	0.650713
4232	2.583008	0.447741	-0.472017	0.650594
4233	2.583618	0.447758	-0.471835	0.650474
4234	2.584229	0.447776	-0.471653	0.650354
4235	2.584839	0.447794	-0.471472	0.650234
4236	2.585449	0.447811	-0.471290	0.650115
4237	2.586060	0.447829	-0.471109	0.649995
4238	2.586670	0.447846	-0.470927	0.649876
4239	2.587280	0.447864	-0.470746	0.649756
4240	2.587891	0.447881	-0.470564	0.649637
4241	2.588501	0.447899	-0.470383	0.649518
4242	2.589111	0.447916	-0.470202	0.649399
4243	2.589722	0.447934	-0.470021	0.649280
4244	2.590332	0.447951	-0.469840	0.649161
4245	2.590942	0.447968	-0.469659	0.649042
4246	2.591553	0.447986	-0.469478	0.648923
4247	2.592163	0.448003	-0.469297	0.648804
4248	2.592773	0.448021	-0.469116	0.648685
4249	2.593384	0.448038	-0.468935	0.648566
4250	2.593994	0.448055	-0.468755	0.648448
4251	2.594604	0.448073	-0.468574	0.648329
4252	2.595215	0.448090	-0.468394	0.648211
4253	2.595825	0.448107	-0.468213	0.648092
4254	2.596436	0.448125	-0.468033	0.647974
4255	2.597046	0.448142	-0.467852	0.647856
4256	2.597656	0.448159	-0.467672	0.647737
4257	2.598267	0.448177	-0.467492	0.647619
4258	2.598877	0.448194	-0.467312	0.647501
4259	2.599487	0.448211	-0.467132	0.647383
4260	2.600098	0.448228	-0.466952	0.647265
4261	2.600708	0.448245	-0.466772	0.647147
4262	2.601318	0.448263	-0.466592	0.647030
4263	2.601929	0.448280	-0.466412	0.646912
4264	2.602539	0.448297	-0.466232	0.646794
4265	2.603149	0.448314	-0.466052	0.646676
4266	2.603760	0.448331	-0.465873	0.646559
4267	2.604370	0.448349	-0.465693	0.646441
4268	2.604980	0.448366	-0.465514	0.646324
4269	2.605591	0.448383	-0.465334	0.646207
4270	2.606201	0.448400	-0.465155	0.646089
4271	2.606812	0.448417	-0.464976	0.645972
4272	2.607422	0.448434	-0.464796	0.645855
4273	2.608032	0.448451	-0.464617	0.645738
4274	2.608643	0.448468	-0.464438	0.645621
4275	2.609253	0.448485	-0.464259	0.645504
4276	2.609863	0.448502	-0.464080	0.645387
4277	2.610474	0.448519	-0.463901	0.645270
4278	2.611084	0.448536	-0.463722	0.645154
4279	2.611694	0.448553	-0.463543	0.645037
4280	2.612305	0.448570	-0.463365	0.644920
4281	2.612915	0.448587	-0.463186	0.644804
4282	2.613525	0.448604	-0.463008	0.644687
4283	2.614136	0.448621	-0.462829	0.644571
4284	2.614746	0.448638	-0.462651	0.644454
4285	2.615356	0.448655	-0.462472	0.644338
4286	2.615967	0.448672	-0.462294	0.644222
4287	2.616577	0.448689	-0.462116	0.644106
4288	2.617188	0.448705	-0.461937	0.643990
4289	2.617798	0.448722	-0.461759	0.643874
4290	2.618408	0.448739	-0.461581	0.643758
4291	2.619019	0.448756	-0.461403	0.643642
4292	2.619629	0.448773	-0.461225	0.643526
4293	2.620239	0.448790	-0.461047	0.643410
4294	2.620850	0.448806	-0.460869	0.643295
4295	2.621460	0.448823	-0.460692	0.643179
4296	2.622070	0.448840	-0.460514	0.643063
4297	2.622681	0.448857	-0.460336	0.642948
4298	2.623291	0.448874	-0.460159	0.642832
4299	2.623901	0.448890	-0.459981	0.642717
4300	2.624512	0.448907	-0.459804	0.642602
4301	2.625122	0.448924	-0.459626	0.642487
4302	2.625732	0.448940	-0.459449	0.642371
4303	2.626343	0.448957	-0.459272	0.642256
4304	2.626953	0.448974	-0.459095	0.642141
4305	2.627563	0.448990	-0.458918	0.642026
4306	2.628174	0.449007	-0.458740	0.641911
4307	2.628784	0.449024	-0.458563	0.641796
4308	2.629395	0.449040	-0.458387	0.641682
4309	2.630005	0.449057	-0.458210	0.641567
4310	2.630615	0.449074	-0.458033	0.641452
4311	2.631226	0.449090	-0.457856	0.641338
4312	2.631836	0.449107	-0.457679	0.641223
4313	2.632446	0.449123	-0.457503	0.641109
4314	2.633057	0.449140	-0.457326	0.640994
4315	2.633667	0.449156	-0.457150	0.640880
4316	2.634277	0.449173	-0.456973	0.640766
4317	2.634888	0.449189	-0.456797	0.640652
4318	2.635498	0.449206	-0.456621	0.640538
4319	2.636108	0.449222	-0.456444	0.640423
4320	2.636719	0.449239	-0.456268	0.640309
4321	2.637329	0.449255	-0.456092	0.640196
4322	2.637939	0.449272	-0.455916	0.640082
4323	2.638550	0.449288	-0.455740	0.639968
4324	2.639160	0.449305	-0.455564	0.639854
4325	2.639771	0.449321	-0.455388	0.639740
4326	2.640381	0.449337	-0.455212	0.639627
4327	2.640991	0.449354	-0.455037	0.639513
4328	2.641602	0.449370	-0.454861	0.639400
4329	2.642212	0.449387	-0.454685	0.639286
4330	2.642822	0.449403	-0.454510	0.639173
4331	2.643433	0.449419	-0.454334	0.639060
4332	2.644043	0.449436	-0.454159	0.638947
4333	2.644653	0.449452	-0.453984	0.638833
4334	2.645264	0.449468	-0.453808	0.638720
4335	2.645874	0.449484	-0.453633	0.638607
4336	2.646484	0.449501	-0.453458	0.638494
4337	2.647095	0.449517	-0.453283	0.638381
4338	2.647705	0.449533	-0.453108	0.638269
4339	2.648315	0.449550	-0.452933	0.638156
4340	2.648926	0.449566	-0.452758	0.638043
4341	2.649536	0.449582	-0.452583	0.637930
4342	2.650146	0.449598	-0.452408	0.637818
4343	2.650757	0.449614	-0.452233	0.637705
4344	2.651367	0.449631	-0.452059	0.637593
4345	2.651978	0.449647	-0.451884	0.637480
4346	2.652588	0.449663	-0.451709	0.637368
4347	2.653198	0.449679	-0.451535	0.637256
4348	2.653809	0.449695	-0.451360	0.637144
4349	2.654419	0.449711	-0.451186	0.637032
4350	2.655029	0.449727	-0.451012	0.636919
4351	2.655640	0.449744	-0.450838	0.636807
4352	2.656250	0.449760	-0.450663	0.636695
4353	2.656860	0.449776	-0.450489	0.636584
4354	2.657471	0.449792	-0.450315	0.636472
4355	2.658081	0.449808	-0.450141	0.636360
4356	2.658691	0.449824	-0.449967	0.636248
4357	2.659302	0.449840	-0.449793	0.636137
4358	2.659912	0.449856	-0.449619	0.636025
4359	2.660522	0.449872	-0.449446	0.635914
4360	2.661133	0.449888	-0.449272	0.635802
4361	2.661743	0.449904	-0.449098	0.635691
4362	2.662354	0.449920	-0.448925	0.635579
4363	2.662964	0.449936	-0.448751	0.635468
4364	2.663574	0.449952	-0.448578	0.635357
4365	2.664185	0.449968	-0.448404	0.635246
4366	2.664795	0.449984	-0.448231	0.635135
4367	2.665405	0.450000	-0.448058	0.635024
4368	2.666016	0.450015	-0.447884	0.634913
4369	2.666626	0.450031	-0.447711	0.634802
4370	2.667236	0.450047	-0.447538	0.634691
4371	2.667847	0.450063	-0.447365	0.634580
4372	2.668457	0.450079	-0.447192	0.634470
4373	2.669067	0.450095	-0.447019	0.634359
4374	2.669678	0.450111	-0.446846	0.634248
4375	2.670288	0.450126	-0.446674	0.634138
4376	2.670898	0.450142	-0.446501	0.634028
4377	2.671509	0.450158	-0.446328	0.633917
4378	2.672119	0.450174	-0.446155	0.633807
4379	2.672729	0.450190	-0.445983	0.633697
4380	2.673340	0.450205	-0.445810	0.633586
4381	2.673950	0.450221	-0.445638	0.633476
4382	2.674561	0.450237	-0.445466	0.633366
4383	2.675171	0.450253	-0.445293	0.633256
4384	2.675781	0.450268	-0.445121	0.633146
4385	2.676392	0.450284	-0.444949	0.633036
4386	2.677002	0.450300	-0.444777	0.632927
4387	2.677612	0.450315	-0.444605	0.632817
4388	2.678223	0.450331	-0.444432	0.632707
4389	2.678833	0.450347	-0.444261	0.632597
4390	2.679443	0.450362	-0.444089	0.632488
4391	2.680054	0.450378	-0.443917	0.632378
4392	2.680664	0.450394	-0.443745	0.632269
4393	2.681274	0.450409	-0.443573	0.632159
4394	2.681885	0.450425	-0.443402	0.632050
4395	2.682495	0.450440	-0.443230	0.631941
4396	2.683105	0.450456	-0.443058	0.631832
4397	2.683716	0.450471	-0.442887	0.631723
4398	2.684326	0.450487	-0.442715	0.631613
4399	2.684937	0.450503	-0.442544	0.631504
4400	2.685547	0.450518	-0.442373	0.631395
4401	2.686157	0.450534	-0.442202	0.631287
4402	2.686768	0.450549	-0.442030	0.631178
4403	2.687378	0.450565	-0.441859	0.631069
4404	2.687988	0.450580	-0.441688	0.630960
4405	2.688599	0.450596	-0.441517	0.630852
4406	2.689209	0.450611	-0.441346	0.630743
4407	2.689819	0.450626	-0.441175	0.630634
4408	2.690430	0.450642	-0.441004	0.630526
4409	2.691040	0.450657	-0.440834	0.630418
4410	2.691650	0.450673	-0.440663	0.630309
4411	2.692261	0.450688	-0.440492	0.630201
4412	2.692871	0.450704	-0.440322	0.630093
4413	2.693481	0.450719	-0.440151	0.629985
4414	2.694092	0.450734	-0.439981	0.629876
4415	2.694702	0.450750	-0.439810	0.629768
4416	2.695313	0.450765	-0.439640	0.629660
4417	2.695923	0.450780	-0.439469	0.629552
4418	2.696533	0.450796	-0.439299	0.629445
4419	2.697144	0.450811	-0.439129	0.629337
4420	2.697754	0.450826	-0.438959	0.629229
4421	2.698364	0.450842	-0.438789	0.629121
4422	2.698975	0.450857	-0.438619	0.629014
4423	2.699585	0.450872	-0.438449	0.628906
4424	2.700195	0.450887	-0.438279	0.628799
4425	2.700806	0.450903	-0.438109	0.628691
4426	2.701416	0.450918	-0.437939	0.628584
4427	2.702026	0.450933	-0.437769	0.628477
4428	2.702637	0.450948	-0.437600	0.628369
4429	2.703247	0.450964	-0.437430	0.628262
4430	2.703857	0.450979	-0.437261	0.628155
4431	2.704468	0.450994	-0.437091	0.628048
4432	2.705078	0.451009	-0.436922	0.627941
4433	2.705688	0.451024	-0.436752	0.627834
4434	2.706299	0.451039	-0.436583	0.627727
4435	2.706909	0.451055	-0.436414	0.627620
4436	2.707520	0.451070	-0.436244	0.627513
4437	2.708130	0.451085	-0.436075	0.627407
4438	2.708740	0.451100	-0.435906	0.627300
4439	2.709351	0.451115	-0.435737	0.627193
4440	2.709961	0.451130	-0.435568	0.627087
4441	2.710571	0.451145	-0.435399	0.626980
4442	2.711182	0.451160	-0.435230	0.626874
4443	2.711792	0.451175	-0.435061	0.626768
4444	2.712402	0.451190	-0.434893	0.626661
4445	2.713013	0.451205	-0.434724	0.626555
4446	2.713623	0.451220	-0.434555	0.626449
4447	2.714233	0.451235	-0.434387	0.626343
4448	2.714844	0.451250	-0.434218	0.626237
4449	2.715454	0.451265	-0.434050	0.626131
4450	2.716064	0.451280	-0.433881	0.626025
4451	2.716675	0.451295	-0.433713	0.625919
4452	2.717285	0.451310	-0.433545	0.625813
4453	2.717896	0.451325	-0.433376	0.625707
4454	2.718506	0.451340	-0.433208	0.625602
4455	2.719116	0.451355	-0.433040	0.625496
4456	2.719727	0.451370	-0.432872	0.625390
4457	2.720337	0.451385	-0.432704	0.625285
4458	2.720947	0.451400	-0.432536	0.625179
4459	2.721558	0.451415	-0.432368	0.625074
4460	2.722168	0.451429	-0.432200	0.624969
4461	2.722778	0.451444	-0.432032	0.624863
4462	2.723389	0.451459	-0.431865	0.624758
4463	2.723999	0.451474	-0.431697	0.624653
4464	2.724609	0.451489	-0.431529	0.624548
4465	2.725220	0.451504	-0.431362	0.624443
4466	2.725830	0.451518	-0.431194	0.624338
4467	2.726440	0.451533	-0.431027	0.624233
4468	2.727051	0.451548	-0.430860	0.624128
4469	2.727661	0.451563	-0.430692	0.624023
4470	2.728271	0.451578	-0.430525	0.623918
4471	2.728882	0.451592	-0.430358	0.623813
4472	2.729492	0.451607	-0.430190	0.623709
4473	2.730103	0.451622	-0.430023	0.623604
4474	2.730713	0.451636	-0.429856	0.623500
4475	2.731323	0.451651	-0.429689	0.623395
4476	2.731934	0.451666	-0.429522	0.623291
4477	2.732544	0.451681	-0.429355	0.623186
4478	2.733154	0.451695	-0.429189	0.623082
4479	2.733765	0.451710	-0.429022	0.622978
4480	2.734375	0.451724	-0.428855	0.622874
4481	2.734985	0.451739	-0.428688	0.622770
4482	2.735596	0.451754	-0.428522	0.622666
4483	2.736206	0.451768	-0.428355	0.622562
4484	2.736816	0.451783	-0.428189	0.622458
4485	2.737427	0.451798	-0.428022	0.622354
4486	2.738037	0.451812	-0.427856	0.622250
4487	2.738647	0.451827	-0.427690	0.622146
4488	2.739258	0.451841	-0.427523	0.622042
4489	2.739868	0.451856	-0.427357	0.621939
4490	2.740479	0.451870	-0.427191	0.621835
4491	2.741089	0.451885	-0.427025	0.621732
4492	2.741699	0.451899	-0.426859	0.621628
4493	2.742310	0.451914	-0.426693	0.621525
4494	2.742920	0.451929	-0.426527	0.621421
4495	2.743530	0.451943	-0.426361	0.621318
4496	2.744141	0.451957	-0.426195	0.621215
4497	2.744751	0.451972	-0.426029	0.621111
4498	2.745361	0.451986	-0.425863	0.621008
4499	2.745972	0.452001	-0.425698	0.620905
4500	2.746582	0.452015	-0.425532	0.620802
4501	2.747192	0.452030	-0.425367	0.620699
4502	2.747803	0.452044	-0.425201	0.620596
4503	2.748413	0.452059	-0.425036	0.620494
4504	2.749023	0.452073	-0.424870	0.620391
4505	2.749634	0.452087	-0.424705	0.620288
4506	2.750244	0.452102	-0.424540	0.620185
4507	2.750854	0.452116	-0.424374	0.620083
4508	2.751465	0.452130	-0.424209	0.619980
4509	2.752075	0.452145	-0.424044	0.619878
4510	2.752686	0.452159	-0.423879	0.619775
4511	2.753296	0.452173	-0.423714	0.619673
4512	2.753906	0.452188	-0.423549	0.619570
4513	2.754517	0.452202	-0.423384	0.619468
4514	2.755127	0.452216	-0.423219	0.619366
4515	2.755737	0.452231	-0.423054	0.619264
4516	2.756348	0.452245	-0.422890	0.619162
4517	2.756958	0.452259	-0.422725	0.619060
4518	2.757568	0.452273	-0.422560	0.618958
4519	2.758179	0.452288	-0.422396	0.618856
4520	2.758789	0.452302	-0.422231	0.618754
4521	2.759399	0.452316	-0.422067	0.618652
4522	2.760010	0.452330	-0.421902	0.618550
4523	2.760620	0.452345	-0.421738	0.618448
4524	2.761230	0.452359	-0.421574	0.618347
4525	2.761841	0.452373	-0.421409	0.618245
4526	2.762451	0.452387	-0.421245	0.618144
4527	2.763062	0.452401	-0.421081	0.618042
4528	2.763672	0.452415	-0.420917	0.617941
4529	2.764282	0.452430	-0.420753	0.617839
4530	2.764893	0.452444	-0.420589	0.617738
4531	2.765503	0.452458	-0.420425	0.617637
4532	2.766113	0.452472	-0.420261	0.617536
4533	2.766724	0.452486	-0.420097	0.617434
4534	2.767334	0.452500	-0.419933	0.617333
4535	2.767944	0.452514	-0.419770	0.617232
4536	2.768555	0.452528	-0.419606	0.617131
4537	2.769165	0.452542	-0.419442	0.617030
4538	2.769775	0.452556	-0.419279	0.616929
4539	2.770386	0.452570	-0.419115	0.616829
4540	2.770996	0.452584	-0.418952	0.616728
4541	2.771606	0.452599	-0.418788	0.616627
4542	2.772217	0.452613	-0.418625	0.616527
4543	2.772827	0.452627	-0.418462	0.616426
4544	2.773438	0.452641	-0.418298	0.616325
4545	2.774048	0.452654	-0.418135	0.616225
4546	2.774658	0.452668	-0.417972	0.616125
4547	2.775269	0.452682	-0.417809	0.616024
4548	2.775879	0.452696	-0.417646	0.615924
4549	2.776489	0.452710	-0.417483	0.615824
4550	2.777100	0.452724	-0.417320	0.615723
4551	2.777710	0.452738	-0.417157	0.615623
4552	2.778320	0.452752	-0.416994	0.615523
4553	2.778931	0.452766	-0.416832	0.615423
4554	2.779541	0.452780	-0.416669	0.615323
4555	2.780151	0.452794	-0.416506	0.615223
4556	2.780762	0.452808	-0.416344	0.615123
4557	2.781372	0.452821	-0.416181	0.615024
4558	2.781982	0.452835	-0.416019	0.614924
4559	2.782593	0.452849	-0.415856	0.614824
4560	2.783203	0.452863	-0.415694	0.614724
4561	2.783813	0.452877	-0.415531	0.614625
4562	2.784424	0.452891	-0.415369	0.614525
4563	2.785034	0.452904	-0.415207	0.614426
4564	2.785645	0.452918	-0.415045	0.614326
4565	2.786255	0.452932	-0.414882	0.614227
4566	2.786865	0.452946	-0.414720	0.614128
4567	2.787476	0.452960	-0.414558	0.614028
4568	2.788086	0.452973	-0.414396	0.613929
4569	2.788696	0.452987	-0.414234	0.613830
4570	2.789307	0.453001	-0.414073	0.613731
4571	2.789917	0.453014	-0.413911	0.613632
4572	2.790527	0.453028	-0.413749	0.613533
4573	2.791138	0.453042	-0.413587	0.613434
4574	2.791748	0.453056	-0.413426	0.613335
4575	2.792358	0.453069	-0.413264	0.613236
4576	2.792969	0.453083	-0.413102	0.613138
4577	2.793579	0.453097	-0.412941	0.613039
4578	2.794189	0.453110	-0.412779	0.612940
4579	2.794800	0.453124	-0.412618	0.612842
4580	2.795410	0.453138	-0.412457	0.612743
4581	2.796021	0.453151	-0.412295	0.612645
4582	2.796631	0.453165	-0.412134	0.612546
4583	2.797241	0.453178	-0.411973	0.612448
4584	2.797852	0.453192	-0.411812	0.612349
4585	2.798462	0.453206	-0.411651	0.612251
4586	2.799072	0.453219	-0.411490	0.612153
4587	2.799683	0.453233	-0.411329	0.612055
4588	2.800293	0.453246	-0.411168	0.611957
4589	2.800903	0.453260	-0.411007	0.611859
4590	2.801514	0.453273	-0.410846	0.611761
4591	2.802124	0.453287	-0.410685	0.611663
4592	2.802734	0.453300	-0.410524	0.611565
4593	2.803345	0.453314	-0.410364	0.611467
4594	2.803955	0.453327	-0.410203	0.611369
4595	2.804565	0.453341	-0.410042	0.611271
4596	2.805176	0.453354	-0.409882	0.611174
4597	2.805786	0.453368	-0.409721	0.611076
4598	2.806396	0.453381	-0.409561	0.610979
4599	2.807007	0.453395	-0.409401	0.610881
4600	2.807617	0.453408	-0.409240	0.610784
4601	2.808228	0.453422	-0.409080	0.610686
4602	2.808838	0.453435	-0.408920	0.610589
4603	2.809448	0.453449	-0.408760	0.610492
4604	2.810059	0.453462	-0.408600	0.610394
4605	2.810669	0.453475	-0.408439	0.610297
4606	2.811279	0.453489	-0.408279	0.610200
4607	2.811890	0.453502	-0.408119	0.610103
4608	2.812500	0.453515	-0.407960	0.610006
4609	2.813110	0.453529	-0.407800	0.609909
4610	2.813721	0.453542	-0.407640	0.609812
4611	2.814331	0.453555	-0.407480	0.609715
4612	2.814941	0.453569	-0.407320	0.609618
4613	2.815552	0.453582	-0.407161	0.609522
4614	2.816162	0.453595	-0.407001	0.609425
4615	2.816772	0.453609	-0.406841	0.609328
4616	2.817383	0.453622	-0.406682	0.609232
4617	2.817993	0.453635	-0.406523	0.609135
4618	2.818604	0.453649	-0.406363	0.609039
4619	2.819214	0.453662	-0.406204	0.608942
4620	2.819824	0.453675	-0.406044	0.608846
4621	2.820435	0.453688	-0.405885	0.608749
4622	2.821045	0.453702	-0.405726	0.608653
4623	2.821655	0.453715	-0.405567	0.608557
4624	2.822266	0.453728	-0.405408	0.608461
4625	2.822876	0.453741	-0.405249	0.608365
4626	2.823486	0.453754	-0.405090	0.608269
4627	2.824097	0.453768	-0.404931	0.608173
4628	2.824707	0.453781	-0.404772	0.608077
4629	2.825317	0.453794	-0.404613	0.607981
4630	2.825928	0.453807	-0.404454	0.607885
4631	2.826538	0.453820	-0.404295	0.607789
4632	2.827148	0.453833	-0.404137	0.607693
4633	2.827759	0.453847	-0.403978	0.607598
4634	2.828369	0.453860	-0.403819	0.607502
4635	2.828979	0.453873	-0.403661	0.607406
4636	2.829590	0.453886	-0.403502	0.607311
4637	2.830200	0.453899	-0.403344	0.607215
4638	2.830811	0.453912	-0.403185	0.607120
4639	2.831421	0.453925	-0.403027	0.607024
4640	2.832031	0.453938	-0.402869	0.606929
4641	2.832642	0.453951	-0.402710	0.606834
4642	2.833252	0.453964	-0.402552	0.606739
4643	2.833862	0.453977	-0.402394	0.606643
4644	2.834473	0.453990	-0.402236	0.606548
4645	2.835083	0.454003	-0.402078	0.606453
4646	2.835693	0.454016	-0.401920	0.606358
4647	2.836304	0.454029	-0.401762	0.606263
4648	2.836914	0.454042	-0.401604	0.606168
4649	2.837524	0.454055	-0.401446	0.606074
4650	2.838135	0.454068	-0.401288	0.605979
4651	2.838745	0.454081	-0.401130	0.605884
4652	2.839355	0.454094	-0.400973	0.605789
4653	2.839966	0.454107	-0.400815	0.605695
4654	2.840576	0.454120	-0.400657	0.605600
4655	2.841187	0.454133	-0.400500	0.605506
4656	2.841797	0.454146	-0.400342	0.605411
4657	2.842407	0.454159	-0.400185	0.605317
4658	2.843018	0.454172	-0.400027	0.605222
4659	2.843628	0.454185	-0.399870	0.605128
4660	2.844238	0.454198	-0.399713	0.605034
4661	2.844849	0.454210	-0.399555	0.604939
4662	2.845459	0.454223	-0.399398	0.604845
4663	2.846069	0.454236	-0.399241	0.604751
4664	2.846680	0.454249	-0.399084	0.604657
4665	2.847290	0.454262	-0.398927	0.604563
4666	2.847900	0.454275	-0.398770	0.604469
4667	2.848511	0.454287	-0.398613	0.604375
4668	2.849121	0.454300	-0.398456	0.604281
4669	2.849731	0.454313	-0.398299	0.604187
4670	2.850342	0.454326	-0.398142	0.604094
4671	2.850952	0.454339	-0.397985	0.604000
4672	2.851563	0.454351	-0.397829	0.603906
4673	2.852173	0.454364	-0.397672	0.603813
4674	2.852783	0.454377	-0.397515	0.603719
4675	2.853394	0.454390	-0.397359	0.603626
4676	2.854004	0.454402	-0.397202	0.603532
4677	2.854614	0.454415	-0.397046	0.603439
4678	2.855225	0.454428	-0.396889	0.603345
4679	2.855835	0.454441	-0.396733	0.603252
4680	2.856445	0.454453	-0.396576	0.603159
4681	2.857056	0.454466	-0.396420	0.603066
4682	2.857666	0.454479	-0.396264	0.602973
4683	2.858276	0.454491	-0.396108	0.602879
4684	2.858887	0.454504	-0.395951	0.602786
4685	2.859497	0.454517	-0.395795	0.602693
4686	2.860107	0.454529	-0.395639	0.602600
4687	2.860718	0.454542	-0.395483	0.602508
4688	2.861328	0.454555	-0.395327	0.602415
4689	2.861938	0.454567	-0.395171	0.602322
4690	2.862549	0.454580	-0.395015	0.602229
4691	2.863159	0.454592	-0.394860	0.602137
4692	2.863770	0.454605	-0.394704	0.602044
4693	2.864380	0.454618	-0.394548	0.601951
4694	2.864990	0.454630	-0.394392	0.601859
4695	2.865601	0.454643	-0.394237	0.601766
4696	2.866211	0.454655	-0.394081	0.601674
4697	2.866821	0.454668	-0.393926	0.601582
4698	2.867432	0.454680	-0.393770	0.601489
4699	2.868042	0.454693	-0.393615	0.601397
4700	2.868652	0.454705	-0.393459	0.601305
4701	2.869263	0.454718	-0.393304	0.601213
4702	2.869873	0.454731	-0.393149	0.601120
4703	2.870483	0.454743	-0.392993	0.601028
4704	2.871094	0.454755	-0.392838	0.600936
4705	2.871704	0.454768	-0.392683	0.600844
4706	2.872314	0.454780	-0.392528	0.600752
4707	2.872925	0.454793	-0.392373	0.600661
4708	2.873535	0.454805	-0.392218	0.600569
4709	2.874146	0.454818	-0.392063	0.600477
4710	2.874756	0.454830	-0.391908	0.600385
4711	2.875366	0.454843	-0.391753	0.600294
4712	2.875977	0.454855	-0.391598	0.600202
4713	2.876587	0.454868	-0.391444	0.600110
4714	2.877197	0.454880	-0.391289	0.600019
4715	2.877808	0.454892	-0.391134	0.599927
4716	2.878418	0.454905	-0.390979	0.599836
4717	2.879028	0.454917	-0.390825	0.599745
4718	2.879639	0.454929	-0.390670	0.599653
4719	2.880249	0.454942	-0.390516	0.599562
4720	2.880859	0.454954	-0.390361	0.599471
4721	2.881470	0.454966	-0.390207	0.599380
4722	2.882080	0.454979	-0.390053	0.599289
4723	2.882690	0.454991	-0.389898	0.599197
4724	2.883301	0.455003	-0.389744	0.599106
4725	2.883911	0.455016	-0.389590	0.599015
4726	2.884521	0.455028	-0.389436	0.598925
4727	2.885132	0.455040	-0.389282	0.598834
4728	2.885742	0.455053	-0.389127	0.598743
4729	2.886353	0.455065	-0.388973	0.598652
4730	2.886963	0.455077	-0.388819	0.598561
4731	2.887573	0.455089	-0.388665	0.598471
4732	2.888184	0.455102	-0.388512	0.598380
4733	2.888794	0.455114	-0.388358	0.598290
4734	2.889404	0.455126	-0.388204	0.598199
4735	2.890015	0.455138	-0.388050	0.598109
4736	2.890625	0.455151	-0.387896	0.598018
4737	2.891235	0.455163	-0.387743	0.597928
4738	2.891846	0.455175	-0.387589	0.597837
4739	2.892456	0.455187	-0.387436	0.597747
4740	2.893066	0.455199	-0.387282	0.597657
4741	2.893677	0.455212	-0.387129	0.597567
4742	2.894287	0.455224	-0.386975	0.597477
4743	2.894897	0.455236	-0.386822	0.597387
4744	2.895508	0.455248	-0.386669	0.597297
4745	2.896118	0.455260	-0.386515	0.597207
4746	2.896729	0.455272	-0.386362	0.597117
4747	2.897339	0.455284	-0.386209	0.597027
4748	2.897949	0.455296	-0.386056	0.596937
4749	2.898560	0.455309	-0.385903	0.596847
4750	2.899170	0.455321	-0.385749	0.596758
4751	2.899780	0.455333	-0.385596	0.596668
4752	2.900391	0.455345	-0.385443	0.596578
4753	2.901001	0.455357	-0.385291	0.596489
4754	2.901611	0.455369	-0.385138	0.596399
4755	2.902222	0.455381	-0.384985	0.596310
4756	2.902832	0.455393	-0.384832	0.596220
4757	2.903442	0.455405	-0.384679	0.596131
4758	2.904053	0.455417	-0.384527	0.596042
4759	2.904663	0.455429	-0.384374	0.595952
4760	2.905273	0.455441	-0.384221	0.595863
4761	2.905884	0.455453	-0.384069	0.595774
4762	2.906494	0.455465	-0.383916	0.595685
4763	2.907104	0.455477	-0.383764	0.595596
4764	2.907715	0.455489	-0.383611	0.595507
4765	2.908325	0.455501	-0.383459	0.595418
4766	2.908936	0.455513	-0.383307	0.595329
4767	2.909546	0.455525	-0.383154	0.595240
4768	2.910156	0.455537	-0.383002	0.595151
4769	2.910767	0.455549	-0.382850	0.595062
4770	2.911377	0.455561	-0.382698	0.594973
4771	2.911987	0.455573	-0.382546	0.594885
4772	2.912598	0.455585	-0.382394	0.594796
4773	2.913208	0.455597	-0.382242	0.594707
4774	2.913818	0.455608	-0.382090	0.594619
4775	2.914429	0.455620	-0.381938	0.594530
4776	2.915039	0.455632	-0.381786	0.594442
4777	2.915649	0.455644	-0.381634	0.594354
4778	2.916260	0.455656	-0.381482	0.594265
4779	2.916870	0.455668	-0.381331	0.594177
4780	2.917480	0.455680	-0.381179	0.594089
4781	2.918091	0.455691	-0.381027	0.594000
4782	2.918701	0.455703	-0.380876	0.593912
4783	2.919312	0.455715	-0.380724	0.593824
4784	2.919922	0.455727	-0.380573	0.593736
4785	2.920532	0.455739	-0.380421	0.593648
4786	2.921143	0.455750	-0.380270	0.593560
4787	2.921753	0.455762	-0.380118	0.593472
4788	2.922363	0.455774	-0.379967	0.593384
4789	2.922974	0.455786	-0.379816	0.593296
4790	2.923584	0.455798	-0.379664	0.593209
4791	2.924194	0.455809	-0.379513	0.593121
4792	2.924805	0.455821	-0.379362	0.593033
4793	2.925415	0.455833	-0.379211	0.592946
4794	2.926025	0.455845	-0.379060	0.592858
4795	2.926636	0.455856	-0.378909	0.592770
4796	2.927246	0.455868	-0.378758	0.592683
4797	2.927856	0.455880	-0.378607	0.592596
4798	2.928467	0.455891	-0.378456	0.592508
4799	2.929077	0.455903	-0.378305	0.592421
4800	2.929688	0.455915	-0.378154	0.592334
4801	2.930298	0.455926	-0.378004	0.592246
4802	2.930908	0.455938	-0.377853	0.592159
4803	2.931519	0.455950	-0.377702	0.592072
4804	2.932129	0.455961	-0.377552	0.591985
4805	2.932739	0.455973	-0.377401	0.591898
4806	2.933350	0.455985	-0.377251	0.591811
4807	2.933960	0.455996	-0.377100	0.591724
4808	2.934570	0.456008	-0.376950	0.591637
4809	2.935181	0.456020	-0.376799	0.591550
4810	2.935791	0.456031	-0.376649	0.591463
4811	2.936401	0.456043	-0.376499	0.591376
4812	2.937012	0.456054	-0.376348	0.591290
4813	2.937622	0.456066	-0.376198	0.591203
4814	2.938232	0.456077	-0.376048	0.591116
4815	2.938843	0.456089	-0.375898	0.591030
4816	2.939453	0.456101	-0.375748	0.590943
4817	2.940063	0.456112	-0.375598	0.590857
4818	2.940674	0.456124	-0.375448	0.590770
4819	2.941284	0.456135	-0.375298	0.590684
4820	2.941895	0.456147	-0.375148	0.590598
4821	2.942505	0.456158	-0.374998	0.590511
4822	2.943115	0.456170	-0.374848	0.590425
4823	2.943726	0.456181	-0.374698	0.590339
4824	2.944336	0.456193	-0.374548	0.590253
4825	2.944946	0.456204	-0.374399	0.590167
4826	2.945557	0.456216	-0.374249	0.590081
4827	2.946167	0.456227	-0.374099	0.589995
4828	2.946777	0.456239	-0.373950	0.589909
4829	2.947388	0.456250	-0.373800	0.589823
4830	2.947998	0.456261	-0.373651	0.589737
4831	2.948608	0.456273	-0.373501	0.589651
4832	2.949219	0.456284	-0.373352	0.589565
4833	2.949829	0.456296	-0.373203	0.589479
4834	2.950439	0.456307	-0.373053	0.589394
4835	2.951050	0.456318	-0.372904	0.589308
4836	2.951660	0.456330	-0.372755	0.589222
4837	2.952271	0.456341	-0.372606	0.589137
4838	2.952881	0.456353	-0.372457	0.589051
4839	2.953491	0.456364	-0.372307	0.588966
4840	2.954102	0.456375	-0.372158	0.588881
4841	2.954712	0.456387	-0.372009	0.588795
4842	2.955322	0.456398	-0.371860	0.588710
4843	2.955933	0.456409	-0.371712	0.588625
4844	2.956543	0.456421	-0.371563	0.588539
4845	2.957153	0.456432	-0.371414	0.588454
4846	2.957764	0.456443	-0.371265	0.588369
4847	2.958374	0.456455	-0.371116	0.588284
4848	2.958984	0.456466	-0.370968	0.588199
4849	2.959595	0.456477	-0.370819	0.588114
4850	2.960205	0.456489	-0.370670	0.588029
4851	2.960815	0.456500	-0.370522	0.587944
4852	2.961426	0.456511	-0.370373	0.587859
4853	2.962036	0.456522	-0.370225	0.587775
4854	2.962646	0.456534	-0.370076	0.587690
4855	2.963257	0.456545	-0.369928	0.587605
4856	2.963867	0.456556	-0.369779	0.587520
4857	2.964478	0.456567	-0.369631	0.587436
4858	2.965088	0.456579	-0.369483	0.587351
4859	2.965698	0.456590	-0.369335	0.587267
4860	2.966309	0.456601	-0.369186	0.587182
4861	2.966919	0.456612	-0.369038	0.587098
4862	2.967529	0.456623	-0.368890	0.587013
4863	2.968140	0.456635	-0.368742	0.586929
4864	2.968750	0.456646	-0.368594	0.586845
4865	2.969360	0.456657	-0.368446	0.586761
4866	2.969971	0.456668	-0.368298	0.586676
4867	2.970581	0.456679	-0.368150	0.586592
4868	2.971191	0.456690	-0.368002	0.586508
4869	2.971802	0.456701	-0.367855	0.586424
4870	2.972412	0.456713	-0.367707	0.586340
4871	2.973022	0.456724	-0.367559	0.586256
4872	2.973633	0.456735	-0.367411	0.586172
4873	2.974243	0.456746	-0.367264	0.586088
4874	2.974854	0.456757	-0.367116	0.586004
4875	2.975464	0.456768	-0.366969	0.585921
4876	2.976074	0.456779	-0.366821	0.585837
4877	2.976685	0.456790	-0.366674	0.585753
4878	2.977295	0.456801	-0.366526	0.585670
4879	2.977905	0.456812	-0.366379	0.585586
4880	2.978516	0.456823	-0.366231	0.585502
4881	2.979126	0.456835	-0.366084	0.585419
4882	2.979736	0.456846	-0.365937	0.585335
4883	2.980347	0.456857	-0.365790	0.585252
4884	2.980957	0.456868	-0.365642	0.585169
4885	2.981567	0.456879	-0.365495	0.585085
4886	2.982178	0.456890	-0.365348	0.585002
4887	2.982788	0.456901	-0.365201	0.584919
4888	2.983398	0.456912	-0.365054	0.584836
4889	2.984009	0.456923	-0.364907	0.584753
4890	2.984619	0.456934	-0.364760	0.584669
4891	2.985229	0.456945	-0.364613	0.584586
4892	2.985840	0.456955	-0.364467	0.584503
4893	2.986450	0.456966	-0.364320	0.584420
4894	2.987061	0.456977	-0.364173	0.584337
4895	2.987671	0.456988	-0.364026	0.584255
4896	2.988281	0.456999	-0.363880	0.584172
4897	2.988892	0.457010	-0.363733	0.584089
4898	2.989502	0.457021	-0.363586	0.584006
4899	2.990112	0.457032	-0.363440	0.583924
4900	2.990723	0.457043	-0.363293	0.583841
4901	2.991333	0.457054	-0.363147	0.583758
4902	2.991943	0.457065	-0.363000	0.583676
4903	2.992554	0.457076	-0.362854	0.583593
4904	2.993164	0.457086	-0.362708	0.583511
4905	2.993774	0.457097	-0.362561	0.583428
4906	2.994385	0.457108	-0.362415	0.583346
4907	2.994995	0.457119	-0.362269	0.583264
4908	2.995605	0.457130	-0.362123	0.583181
4909	2.996216	0.457141	-0.361977	0.583099
4910	2.996826	0.457152	-0.361830	0.583017
4911	2.997437	0.457162	-0.361684	0.582935
4912	2.998047	0.457173	-0.361538	0.582853
4913	2.998657	0.457184	-0.361392	0.582771
4914	2.999268	0.457195	-0.361246	0.582689
4915	2.999878	0.457206	-0.361101	0.582607
4916	3.000488	0.457216	-0.360955	0.582525
4917	3.001099	0.457227	-0.360809	0.582443
4918	3.001709	0.457238	-0.360663	0.582361
4919	3.002319	0.457249	-0.360517	0.582279
4920	3.002930	0.457259	-0.360372	0.582197
4921	3.003540	0.457270	-0.360226	0.582116
4922	3.004150	0.457281	-0.360080	0.582034
4923	3.004761	0.457292	-0.359935	0.581952
4924	3.005371	0.457302	-0.359789	0.581871
4925	3.005981	0.457313	-0.359644	0.581789
4926	3.006592	0.457324	-0.359498	0.581708
4927	3.007202	0.457334	-0.359353	0.581626
4928	3.007813	0.457345	-0.359208	0.581545
4929	3.008423	0.457356	-0.359062	0.581464
4930	3.009033	0.457366	-0.358917	0.581382
4931	3.009644	0.457377	-0.358772	0.581301
4932	3.010254	0.457388	-0.358627	0.581220
4933	3.010864	0.457398	-0.358481	0.581139
4934	3.011475	0.457409	-0.358336	0.581058
4935	3.012085	0.457420	-0.358191	0.580977
4936	3.012695	0.457430	-0.358046	0.580896
4937	3.013306	0.457441	-0.357901	0.580815
4938	3.013916	0.457452	-0.357756	0.580734
4939	3.014526	0.457462	-0.357611	0.580653
4940	3.015137	0.457473	-0.357466	0.580572
4941	3.015747	0.457483	-0.357322	0.580491
4942	3.016357	0.457494	-0.357177	0.580410
4943	3.016968	0.457505	-0.357032	0.580330
4944	3.017578	0.457515	-0.356887	0.580249
4945	3.018188	0.457526	-0.356743	0.580168
4946	3.018799	0.457536	-0.356598	0.580088
4947	3.019409	0.457547	-0.356453	0.580007
4948	3.020020	0.457557	-0.356309	0.579927
4949	3.020630	0.457568	-0.356164	0.579846
4950	3.021240	0.457579	-0.356020	0.579766
4951	3.021851	0.457589	-0.355875	0.579685
4952	3.022461	0.457600	-0.355731	0.579605
4953	3.023071	0.457610	-0.355587	0.579525
4954	3.023682	0.457621	-0.355442	0.579444
4955	3.024292	0.457631	-0.355298	0.579364
4956	3.024902	0.457642	-0.355154	0.579284
4957	3.025513	0.457652	-0.355010	0.579204
4958	3.026123	0.457663	-0.354865	0.579124
4959	3.026733	0.457673	-0.354721	0.579044
4960	3.027344	0.457683	-0.354577	0.578964
4961	3.027954	0.457694	-0.354433	0.578884
4962	3.028564	0.457704	-0.354289	0.578804
4963	3.029175	0.457715	-0.354145	0.578724
4964	3.029785	0.457725	-0.354001	0.578644
4965	3.030396	0.457736	-0.353857	0.578565
4966	3.031006	0.457746	-0.353714	0.578485
4967	3.031616	0.457757	-0.353570	0.578405
4968	3.032227	0.457767	-0.353426	0.578326
4969	3.032837	0.457777	-0.353282	0.578246
4970	3.033447	0.457788	-0.353139	0.578166
4971	3.034058	0.457798	-0.352995	0.578087
4972	3.034668	0.457808	-0.352851	0.578008
4973	3.035278	0.457819	-0.352708	0.577928
4974	3.035889	0.457829	-0.352564	0.577849
4975	3.036499	0.457840	-0.352421	0.577769
4976	3.037109	0.457850	-0.352277	0.577690
4977	3.037720	0.457860	-0.352134	0.577611
4978	3.038330	0.457871	-0.351991	0.577532
4979	3.038940	0.457881	-0.351847	0.577453
4980	3.039551	0.457891	-0.351704	0.577373
4981	3.040161	0.457902	-0.351561	0.577294
4982	3.040771	0.457912	-0.351417	0.577215
4983	3.041382	0.457922	-0.351274	0.577136
4984	3.041992	0.457932	-0.351131	0.577057
4985	3.042603	0.457943	-0.350988	0.576978
4986	3.043213	0.457953	-0.350845	0.576900
4987	3.043823	0.457963	-0.350702	0.576821
4988	3.044434	0.457974	-0.350559	0.576742
4989	3.045044	0.457984	-0.350416	0.576663
4990	3.045654	0.457994	-0.350273	0.576585
4991	3.046265	0.458004	-0.350130	0.576506
4992	3.046875	0.458015	-0.349988	0.576427
4993	3.047485	0.458025	-0.349845	0.576349
4994	3.048096	0.458035	-0.349702	0.576270
4995	3.048706	0.458045	-0.349559	0.576192
4996	3.049316	0.458055	-0.349417	0.576113
4997	3.049927	0.458066	-0.349274	0.576035
4998	3.050537	0.458076	-0.349131	0.575957
4999	3.051147	0.458086	-0.348989	0.575878
5000	3.051758	0.458096	-0.348846	0.575800
5001	3.052368	0.458106	-0.348704	0.575722
5002	3.052979	0.458117	-0.348561	0.575644
5003	3.053589	0.458127	-0.348419	0.575566
5004	3.054199	0.458137	-0.348277	0.575488
5005	3.054810	0.458147	-0.348134	0.575410
5006	3.055420	0.458157	-0.347992	0.575332
5007	3.056030	0.458167	-0.347850	0.575254
5008	3.056641	0.458177	-0.347708	0.575176
5009	3.057251	0.458187	-0.347565	0.575098
5010	3.057861	0.458198	-0.347423	0.575020
5011	3.058472	0.458208	-0.347281	0.574942
5012	3.059082	0.458218	-0.347139	0.574864
5013	3.059692	0.458228	-0.346997	0.574787
5014	3.060303	0.458238	-0.346855	0.574709
5015	3.060913	0.458248	-0.346713	0.574632
5016	3.061523	0.458258	-0.346571	0.574554
5017	3.062134	0.458268	-0.346430	0.574476
5018	3.062744	0.458278	-0.346288	0.574399
5019	3.063354	0.458288	-0.346146	0.574321
5020	3.063965	0.458298	-0.346004	0.574244
5021	3.064575	0.458308	-0.345863	0.574167
5022	3.065186	0.458318	-0.345721	0.574089
5023	3.065796	0.458328	-0.345579	0.574012
5024	3.066406	0.458338	-0.345438	0.573935
5025	3.067017	0.458348	-0.345296	0.573858
5026	3.067627	0.458358	-0.345155	0.573781
5027	3.068237	0.458368	-0.345013	0.573703
5028	3.068848	0.458378	-0.344872	0.573626
5029	3.069458	0.458388	-0.344730	0.573549
5030	3.070068	0.458398	-0.344589	0.573472
5031	3.070679	0.458408	-0.344448	0.573395
5032	3.071289	0.458418	-0.344306	0.573319
5033	3.071899	0.458428	-0.344165	0.573242
5034	3.072510	0.458438	-0.344024	0.573165
5035	3.073120	0.458448	-0.343883	0.573088
5036	3.073730	0.458458	-0.343741	0.573011
5037	3.074341	0.458468	-0.343600	0.572935
5038	3.074951	0.458478	-0.343459	0.572858
5039	3.075562	0.458488	-0.343318	0.572781
5040	3.076172	0.458498	-0.343177	0.572705
5041	3.076782	0.458508	-0.343036	0.572628
5042	3.077393	0.458518	-0.342895	0.572552
5043	3.078003	0.458527	-0.342755	0.572475
5044	3.078613	0.458537	-0.342614	0.572399
5045	3.079224	0.458547	-0.342473	0.572323
5046	3.079834	0.458557	-0.342332	0.572246
5047	3.080444	0.458567	-0.342191	0.572170
5048	3.081055	0.458577	-0.342051	0.572094
5049	3.081665	0.458587	-0.341910	0.572018
5050	3.082275	0.458596	-0.341770	0.571942
5051	3.082886	0.458606	-0.341629	0.571865
5052	3.083496	0.458616	-0.341488	0.571789
5053	3.084106	0.458626	-0.341348	0.571713
5054	3.084717	0.458636	-0.341207	0.571637
5055	3.085327	0.458646	-0.341067	0.571561
5056	3.085938	0.458655	-0.340927	0.571486
5057	3.086548	0.458665	-0.340786	0.571410
5058	3.087158	0.458675	-0.340646	0.571334
5059	3.087769	0.458685	-0.340506	0.571258
5060	3.088379	0.458695	-0.340366	0.571182
5061	3.088989	0.458704	-0.340225	0.571107
5062	3.089600	0.458714	-0.340085	0.571031
5063	3.090210	0.458724	-0.339945	0.570955
5064	3.090820	0.458734	-0.339805	0.570880
5065	3.091431	0.458743	-0.339665	0.570804
5066	3.092041	0.458753	-0.339525	0.570729
5067	3.092651	0.458763	-0.339385	0.570653
5068	3.093262	0.458772	-0.339245	0.570578
5069	3.093872	0.458782	-0.339105	0.570503
5070	3.094482	0.458792	-0.338965	0.570427
5071	3.095093	0.458802	-0.338825	0.570352
5072	3.095703	0.458811	-0.338686	0.570277
5073	3.096313	0.458821	-0.338546	0.570202
5074	3.096924	0.458831	-0.338406	0.570127
5075	3.097534	0.458840	-0.338266	0.570051
5076	3.098145	0.458850	-0.338127	0.569976
5077	3.098755	0.458860	-0.337987	0.569901
5078	3.099365	0.458869	-0.337848	0.569826
5079	3.099976	0.458879	-0.337708	0.569751
5080	3.100586	0.458889	-0.337569	0.569676
5081	3.101196	0.458898	-0.337429	0.569602
5082	3.101807	0.458908	-0.337290	0.569527
5083	3.102417	0.458918	-0.337150	0.569452
5084	3.103027	0.458927	-0.337011	0.569377
5085	3.103638	0.458937	-0.336872	0.569303
5086	3.104248	0.458946	-0.336732	0.569228
5087	3.104858	0.458956	-0.336593	0.569153
5088	3.105469	0.458966	-0.336454	0.569079
5089	3.106079	0.458975	-0.336315	0.569004
5090	3.106689	0.458985	-0.336176	0.568930
5091	3.107300	0.458994	-0.336036	0.568855
5092	3.107910	0.459004	-0.335897	0.568781
5093	3.108521	0.459013	-0.335758	0.568706
5094	3.109131	0.459023	-0.335619	0.568632
5095	3.109741	0.459032	-0.335480	0.568558
5096	3.110352	0.459042	-0.335342	0.568484
5097	3.110962	0.459052	-0.335203	0.568409
5098	3.111572	0.459061	-0.335064	0.568335
5099	3.112183	0.459071	-0.334925	0.568261
5100	3.112793	0.459080	-0.334786	0.568187
5101	3.113403	0.459090	-0.334647	0.568113
5102	3.114014	0.459099	-0.334509	0.568039
5103	3.114624	0.459109	-0.334370	0.567965
5104	3.115234	0.459118	-0.334231	0.567891
5105	3.115845	0.459128	-0.334093	0.567817
5106	3.116455	0.459137	-0.333954	0.567743
5107	3.117065	0.459147	-0.333816	0.567669
5108	3.117676	0.459156	-0.333677	0.567596
5109	3.118286	0.459165	-0.333539	0.567522
5110	3.118896	0.459175	-0.333400	0.567448
5111	3.119507	0.459184	-0.333262	0.567375
5112	3.120117	0.459194	-0.333124	0.567301
5113	3.120728	0.459203	-0.332985	0.567227
5114	3.121338	0.459213	-0.332847	0.567154
5115	3.121948	0.459222	-0.332709	0.567080
5116	3.122559	0.459231	-0.332571	0.567007
5117	3.123169	0.459241	-0.332433	0.566934
5118	3.123779	0.459250	-0.332294	0.566860
5119	3.124390	0.459260	-0.332156	0.566787
5120	3.125000	0.459269	-0.332018	0.566714
5121	3.125610	0.459278	-0.331880	0.566640
5122	3.126221	0.459288	-0.331742	0.566567
5123	3.126831	0.459297	-0.331604	0.566494
5124	3.127441	0.459307	-0.331466	0.566421
5125	3.128052	0.459316	-0.331329	0.566348
5126	3.128662	0.459325	-0.331191	0.566275
5127	3.129272	0.459335	-0.331053	0.566202
5128	3.129883	0.459344	-0.330915	0.566129
5129	3.130493	0.459353	-0.330777	0.566056
5130	3.131104	0.459363	-0.330640	0.565983
5131	3.131714	0.459372	-0.330502	0.565910
5132	3.132324	0.459381	-0.330364	0.565837
5133	3.132935	0.459390	-0.330227	0.565764
5134	3.133545	0.459400	-0.330089	0.565692
5135	3.134155	0.459409	-0.329952	0.565619
5136	3.134766	0.459418	-0.329814	0.565546
5137	3.135376	0.459428	-0.329677	0.565474
5138	3.135986	0.459437	-0.329539	0.565401
5139	3.136597	0.459446	-0.329402	0.565329
5140	3.137207	0.459455	-0.329265	0.565256
5141	3.137817	0.459465	-0.329127	0.565184
5142	3.138428	0.459474	-0.328990	0.565111
5143	3.139038	0.459483	-0.328853	0.565039
5144	3.139648	0.459492	-0.328716	0.564967
5145	3.140259	0.459502	-0.328579	0.564894
5146	3.140869	0.459511	-0.328441	0.564822
5147	3.141479	0.459520	-0.328304	0.564750
5148	3.142090	0.459529	-0.328167	0.564678
5149	3.142700	0.459538	-0.328030	0.564606
5150	3.143311	0.459548	-0.327893	0.564533
5151	3.143921	0.459557	-0.327756	0.564461
5152	3.144531	0.459566	-0.327619	0.564389
5153	3.145142	0.459575	-0.327482	0.564317
5154	3.145752	0.459584	-0.327346	0.564245
5155	3.146362	0.459594	-0.327209	0.564174
5156	3.146973	0.459603	-0.327072	0.564102
5157	3.147583	0.459612	-0.326935	0.564030
5158	3.148193	0.459621	-0.326798	0.563958
5159	3.148804	0.459630	-0.326662	0.563886
5160	3.149414	0.459639	-0.326525	0.563815
5161	3.150024	0.459648	-0.326389	0.563743
5162	3.150635	0.459658	-0.326252	0.563671
5163	3.151245	0.459667	-0.326115	0.563600
5164	3.151855	0.459676	-0.325979	0.563528
5165	3.152466	0.459685	-0.325842	0.563457
5166	3.153076	0.459694	-0.325706	0.563385
5167	3.153687	0.459703	-0.325570	0.563314
5168	3.154297	0.459712	-0.325433	0.563242
5169	3.154907	0.459721	-0.325297	0.563171
5170	3.155518	0.459730	-0.325161	0.563100
5171	3.156128	0.459739	-0.325024	0.563029
5172	3.156738	0.459748	-0.324888	0.562957
5173	3.157349	0.459758	-0.324752	0.562886
5174	3.157959	0.459767	-0.324616	0.562815
5175	3.158569	0.459776	-0.324480	0.562744
5176	3.159180	0.459785	-0.324344	0.562673
5177	3.159790	0.459794	-0.324207	0.562602
5178	3.160400	0.459803	-0.324071	0.562531
5179	3.161011	0.459812	-0.323935	0.562460
5180	3.161621	0.459821	-0.323799	0.562389
5181	3.162231	0.459830	-0.323664	0.562318
5182	3.162842	0.459839	-0.323528	0.562247
5183	3.163452	0.459848	-0.323392	0.562176
5184	3.164063	0.459857	-0.323256	0.562106
5185	3.164673	0.459866	-0.323120	0.562035
5186	3.165283	0.459875	-0.322984	0.561964
5187	3.165894	0.459884	-0.322849	0.561894
5188	3.166504	0.459893	-0.322713	0.561823
5189	3.167114	0.459902	-0.322577	0.561752
5190	3.167725	0.459911	-0.322442	0.561682
5191	3.168335	0.459919	-0.322306	0.561611
5192	3.168945	0.459928	-0.322171	0.561541
5193	3.169556	0.459937	-0.322035	0.561470
5194	3.170166	0.459946	-0.321900	0.561400
5195	3.170776	0.459955	-0.321764	0.561330
5196	3.171387	0.459964	-0.321629	0.561259
5197	3.171997	0.459973	-0.321493	0.561189
5198	3.172607	0.459982	-0.321358	0.561119
5199	3.173218	0.459991	-0.321223	0.561049
5200	3.173828	0.460000	-0.321088	0.560979
5201	3.174438	0.460009	-0.320952	0.560908
5202	3.175049	0.460018	-0.320817	0.560838
5203	3.175659	0.460026	-0.320682	0.560768
5204	3.176270	0.460035	-0.320547	0.560698
5205	3.176880	0.460044	-0.320412	0.560628
5206	3.177490	0.460053	-0.320277	0.560558
5207	3.178101	0.460062	-0.320142	0.560489
5208	3.178711	0.460071	-0.320007	0.560419
5209	3.179321	0.460080	-0.319872	0.560349
5210	3.179932	0.460088	-0.319737	0.560279
5211	3.180542	0.460097	-0.319602	0.560209
5212	3.181152	0.460106	-0.319467	0.560140
5213	3.181763	0.460115	-0.319332	0.560070
5214	3.182373	0.460124	-0.319197	0.560001
5215	3.182983	0.460132	-0.319062	0.559931
5216	3.183594	0.460141	-0.318928	0.559861
5217	3.184204	0.460150	-0.318793	0.559792
5218	3.184814	0.460159	-0.318658	0.559722
5219	3.185425	0.460168	-0.318524	0.559653
5220	3.186035	0.460176	-0.318389	0.559584
5221	3.186646	0.460185	-0.318254	0.559514
5222	3.187256	0.460194	-0.318120	0.559445
5223	3.187866	0.460203	-0.317985	0.559376
5224	3.188477	0.460211	-0.317851	0.559307
5225	3.189087	0.460220	-0.317717	0.559237
5226	3.189697	0.460229	-0.317582	0.559168
5227	3.190308	0.460238	-0.317448	0.559099
5228	3.190918	0.460246	-0.317313	0.559030
5229	3.191528	0.460255	-0.317179	0.558961
5230	3.192139	0.460264	-0.317045	0.558892
5231	3.192749	0.460273	-0.316911	0.558823
5232	3.193359	0.460281	-0.316776	0.558754
5233	3.193970	0.460290	-0.316642	0.558685
5234	3.194580	0.460299	-0.316508	0.558616
5235	3.195190	0.460307	-0.316374	0.558547
5236	3.195801	0.460316	-0.316240	0.558479
5237	3.196411	0.460325	-0.316106	0.558410
5238	3.197021	0.460333	-0.315972	0.558341
5239	3.197632	0.460342	-0.315838	0.558273
5240	3.198242	0.460351	-0.315704	0.558204
5241	3.198853	0.460359	-0.315570	0.558135
5242	3.199463	0.460368	-0.315436	0.558067
5243	3.200073	0.460377	-0.315302	0.557998
5244	3.200684	0.460385	-0.315168	0.557930
5245	3.201294	0.460394	-0.315035	0.557861
5246	3.201904	0.460402	-0.314901	0.557793
5247	3.202515	0.460411	-0.314767	0.557725
5248	3.203125	0.460420	-0.314634	0.557656
5249	3.203735	0.460428	-0.314500	0.557588
5250	3.204346	0.460437	-0.314366	0.557520
5251	3.204956	0.460445	-0.314233	0.557452
5252	3.205566	0.460454	-0.314099	0.557383
5253	3.206177	0.460463	-0.313966	0.557315
5254	3.206787	0.460471	-0.313832	0.557247
5255	3.207397	0.460480	-0.313699	0.557179
5256	3.208008	0.460488	-0.313565	0.557111
5257	3.208618	0.460497	-0.313432	0.557043
5258	3.209229	0.460505	-0.313299	0.556975
5259	3.209839	0.460514	-0.313165	0.556907
5260	3.210449	0.460523	-0.313032	0.556839
5261	3.211060	0.460531	-0.312899	0.556771
5262	3.211670	0.460540	-0.312765	0.556704
5263	3.212280	0.460548	-0.312632	0.556636
5264	3.212891	0.460557	-0.312499	0.556568
5265	3.213501	0.460565	-0.312366	0.556500
5266	3.214111	0.460574	-0.312233	0.556433
5267	3.214722	0.460582	-0.312100	0.556365
5268	3.215332	0.460591	-0.311967	0.556298
5269	3.215942	0.460599	-0.311834	0.556230
5270	3.216553	0.460608	-0.311701	0.556163
5271	3.217163	0.460616	-0.311568	0.556095
5272	3.217773	0.460625	-0.311435	0.556028
5273	3.218384	0.460633	-0.311302	0.555960
5274	3.218994	0.460642	-0.311169	0.555893
5275	3.219604	0.460650	-0.311036	0.555826
5276	3.220215	0.460658	-0.310904	0.555758
5277	3.220825	0.460667	-0.310771	0.555691
5278	3.221436	0.460675	-0.310638	0.555624
5279	3.222046	0.460684	-0.310506	0.555557
5280	3.222656	0.460692	-0.310373	0.555490
5281	3.223267	0.460701	-0.310240	0.555422
5282	3.223877	0.460709	-0.310108	0.555355
5283	3.224487	0.460717	-0.309975	0.555288
5284	3.225098	0.460726	-0.309843	0.555221
5285	3.225708	0.460734	-0.309710	0.555154
5286	3.226318	0.460743	-0.309578	0.555088
5287	3.226929	0.460751	-0.309445	0.555021
5288	3.227539	0.460759	-0.309313	0.554954
5289	3.228149	0.460768	-0.309181	0.554887
5290	3.228760	0.460776	-0.309048	0.554820
5291	3.229370	0.460785	-0.308916	0.554754
5292	3.229980	0.460793	-0.308784	0.554687
5293	3.230591	0.460801	-0.308651	0.554620
5294	3.231201	0.460810	-0.308519	0.554554
5295	3.231812	0.460818	-0.308387	0.554487
5296	3.232422	0.460826	-0.308255	0.554420
5297	3.233032	0.460835	-0.308123	0.554354
5298	3.233643	0.460843	-0.307991	0.554287
5299	3.234253	0.460851	-0.307859	0.554221
5300	3.234863	0.460860	-0.307727	0.554155
5301	3.235474	0.460868	-0.307595	0.554088
5302	3.236084	0.460876	-0.307463	0.554022
5303	3.236694	0.460885	-0.307331	0.553956
5304	3.237305	0.460893	-0.307199	0.553889
5305	3.237915	0.460901	-0.307067	0.553823
5306	3.238525	0.460909	-0.306935	0.553757
5307	3.239136	0.460918	-0.306803	0.553691
5308	3.239746	0.460926	-0.306672	0.553625
5309	3.240356	0.460934	-0.306540	0.553559
5310	3.240967	0.460942	-0.306408	0.553493
5311	3.241577	0.460951	-0.306277	0.553427
5312	3.242188	0.460959	-0.306145	0.553361
5313	3.242798	0.460967	-0.306013	0.553295
5314	3.243408	0.460975	-0.305882	0.553229
5315	3.244019	0.460984	-0.305750	0.553163
5316	3.244629	0.460992	-0.305619	0.553097
5317	3.245239	0.461000	-0.305487	0.553031
5318	3.245850	0.461008	-0.305356	0.552966
5319	3.246460	0.461017	-0.305224	0.552900
5320	3.247070	0.461025	-0.305093	0.552834
5321	3.247681	0.461033	-0.304962	0.552769
5322	3.248291	0.461041	-0.304830	0.552703
5323	3.248901	0.461049	-0.304699	0.552637
5324	3.249512	0.461058	-0.304568	0.552572
5325	3.250122	0.461066	-0.304437	0.552506
5326	3.250732	0.461074	-0.304305	0.552441
5327	3.251343	0.461082	-0.304174	0.552376
5328	3.251953	0.461090	-0.304043	0.552310
5329	3.252563	0.461098	-0.303912	0.552245
5330	3.253174	0.461107	-0.303781	0.552179
5331	3.253784	0.461115	-0.303650	0.552114
5332	3.254395	0.461123	-0.303519	0.552049
5333	3.255005	0.461131	-0.303388	0.551984
5334	3.255615	0.461139	-0.303257	0.551919
5335	3.256226	0.461147	-0.303126	0.551853
5336	3.256836	0.461155	-0.302995	0.551788
5337	3.257446	0.461163	-0.302864	0.551723
5338	3.258057	0.461172	-0.302734	0.551658
5339	3.258667	0.461180	-0.302603	0.551593
5340	3.259277	0.461188	-0.302472	0.551528
5341	3.259888	0.461196	-0.302341	0.551463
5342	3.260498	0.461204	-0.302211	0.551399
5343	3.261108	0.461212	-0.302080	0.551334
5344	3.261719	0.461220	-0.301949	0.551269
5345	3.262329	0.461228	-0.301819	0.551204
5346	3.262939	0.461236	-0.301688	0.551139
5347	3.263550	0.461244	-0.301557	0.551075
5348	3.264160	0.461252	-0.301427	0.551010
5349	3.264771	0.461260	-0.301296	0.550945
5350	3.265381	0.461268	-0.301166	0.550881
5351	3.265991	0.461277	-0.301036	0.550816
5352	3.266602	0.461285	-0.300905	0.550752
5353	3.267212	0.461293	-0.300775	0.550687
5354	3.267822	0.461301	-0.300645	0.550623
5355	3.268433	0.461309	-0.300514	0.550558
5356	3.269043	0.461317	-0.300384	0.550494
5357	3.269653	0.461325	-0.300254	0.550430
5358	3.270264	0.461333	-0.300123	0.550365
5359	3.270874	0.461341	-0.299993	0.550301
5360	3.271484	0.461349	-0.299863	0.550237
5361	3.272095	0.461357	-0.299733	0.550173
5362	3.272705	0.461365	-0.299603	0.550108
5363	3.273315	0.461373	-0.299473	0.550044
5364	3.273926	0.461381	-0.299343	0.549980
5365	3.274536	0.461388	-0.299213	0.549916
5366	3.275146	0.461396	-0.299083	0.549852
5367	3.275757	0.461404	-0.298953	0.549788
5368	3.276367	0.461412	-0.298823	0.549724
5369	3.276978	0.461420	-0.298693	0.549660
5370	3.277588	0.461428	-0.298563	0.549596
5371	3.278198	0.461436	-0.298433	0.549532
5372	3.278809	0.461444	-0.298304	0.549469
5373	3.279419	0.461452	-0.298174	0.549405
5374	3.280029	0.461460	-0.298044	0.549341
5375	3.280640	0.461468	-0.297915	0.549277
5376	3.281250	0.461476	-0.297785	0.549214
5377	3.281860	0.461484	-0.297655	0.549150
5378	3.282471	0.461492	-0.297526	0.549086
5379	3.283081	0.461499	-0.297396	0.549023
5380	3.283691	0.461507	-0.297266	0.548959
5381	3.284302	0.461515	-0.297137	0.548896
5382	3.284912	0.461523	-0.297007	0.548832
5383	3.285522	0.461531	-0.296878	0.548769
5384	3.286133	0.461539	-0.296749	0.548706
5385	3.286743	0.461547	-0.296619	0.548642
5386	3.287354	0.461554	-0.296490	0.548579
5387	3.287964	0.461562	-0.296360	0.548516
5388	3.288574	0.461570	-0.296231	0.548452
5389	3.289185	0.461578	-0.296102	0.548389
5390	3.289795	0.461586	-0.295973	0.548326
5391	3.290405	0.461594	-0.295843	0.548263
5392	3.291016	0.461601	-0.295714	0.548200
5393	3.291626	0.461609	-0.295585	0.548137
5394	3.292236	0.461617	-0.295456	0.548074
5395	3.292847	0.461625	-0.295327	0.548010
5396	3.293457	0.461633	-0.295198	0.547948
5397	3.294067	0.461641	-0.295069	0.547885
5398	3.294678	0.461648	-0.294940	0.547822
5399	3.295288	0.461656	-0.294811	0.547759
5400	3.295898	0.461664	-0.294682	0.547696
5401	3.296509	0.461672	-0.294553	0.547633
5402	3.297119	0.461679	-0.294424	0.547570
5403	3.297729	0.461687	-0.294295	0.547508
5404	3.298340	0.461695	-0.294166	0.547445
5405	3.298950	0.461703	-0.294037	0.547382
5406	3.299561	0.461710	-0.293909	0.547320
5407	3.300171	0.461718	-0.293780	0.547257
5408	3.300781	0.461726	-0.293651	0.547195
5409	3.301392	0.461734	-0.293523	0.547132
5410	3.302002	0.461741	-0.293394	0.547070
5411	3.302612	0.461749	-0.293265	0.547007
5412	3.303223	0.461757	-0.293137	0.546945
5413	3.303833	0.461765	-0.293008	0.546882
5414	3.304443	0.461772	-0.292880	0.546820
5415	3.305054	0.461780	-0.292751	0.546758
5416	3.305664	0.461788	-0.292623	0.546695
5417	3.306274	0.461795	-0.292494	0.546633
5418	3.306885	0.461803	-0.292366	0.546571
5419	3.307495	0.461811	-0.292237	0.546509
5420	3.308105	0.461818	-0.292109	0.546447
5421	3.308716	0.461826	-0.291981	0.546384
5422	3.309326	0.461834	-0.291852	0.546322
5423	3.309937	0.461841	-0.291724	0.546260
5424	3.310547	0.461849	-0.291596	0.546198
5425	3.311157	0.461857	-0.291467	0.546136
5426	3.311768	0.461864	-0.291339	0.546074
5427	3.312378	0.461872	-0.291211	0.546012
5428	3.312988	0.461880	-0.291083	0.545951
5429	3.313599	0.461887	-0.290955	0.545889
5430	3.314209	0.461895	-0.290827	0.545827
5431	3.314819	0.461902	-0.290699	0.545765
5432	3.315430	0.461910	-0.290571	0.545703
5433	3.316040	0.461918	-0.290443	0.545642
5434	3.316650	0.461925	-0.290315	0.545580
5435	3.317261	0.461933	-0.290187	0.545518
5436	3.317871	0.461940	-0.290059	0.545457
5437	3.318481	0.461948	-0.289931	0.545395
5438	3.319092	0.461956	-0.289803	0.545334
5439	3.319702	0.461963	-0.289675	0.545272
5440	3.320313	0.461971	-0.289548	0.545211
5441	3.320923	0.461978	-0.289420	0.545149
5442	3.321533	0.461986	-0.289292	0.545088
5443	3.322144	0.461994	-0.289164	0.545027
5444	3.322754	0.462001	-0.289037	0.544965
5445	3.323364	0.462009	-0.288909	0.544904
5446	3.323975	0.462016	-0.288782	0.544843
5447	3.324585	0.462024	-0.288654	0.544782
5448	3.325195	0.462031	-0.288526	0.544720
5449	3.325806	0.462039	-0.288399	0.544659
5450	3.326416	0.462046	-0.288271	0.544598
5451	3.327026	0.462054	-0.288144	0.544537
5452	3.327637	0.462061	-0.288016	0.544476
5453	3.328247	0.462069	-0.287889	0.544415
5454	3.328857	0.462076	-0.287762	0.544354
5455	3.329468	0.462084	-0.287634	0.544293
5456	3.330078	0.462091	-0.287507	0.544232
5457	3.330688	0.462099	-0.287380	0.544171
5458	3.331299	0.462106	-0.287252	0.544110
5459	3.331909	0.462114	-0.287125	0.544050
5460	3.332520	0.462121	-0.286998	0.543989
5461	3.333130	0.462129	-0.286871	0.543928
5462	3.333740	0.462136	-0.286744	0.543867
5463	3.334351	0.462144	-0.286616	0.543807
5464	3.334961	0.462151	-0.286489	0.543746
5465	3.335571	0.462159	-0.286362	0.543685
5466	3.336182	0.462166	-0.286235	0.543625
5467	3.336792	0.462173	-0.286108	0.543564
5468	3.337402	0.462181	-0.285981	0.543504
5469	3.338013	0.462188	-0.285854	0.543443
5470	3.338623	0.462196	-0.285727	0.543383
5471	3.339233	0.462203	-0.285600	0.543323
5472	3.339844	0.462211	-0.285474	0.543262
5473	3.340454	0.462218	-0.285347	0.543202
5474	3.341064	0.462225	-0.285220	0.543141
5475	3.341675	0.462233	-0.285093	0.543081
5476	3.342285	0.462240	-0.284966	0.543021
5477	3.342896	0.462248	-0.284840	0.542961
5478	3.343506	0.462255	-0.284713	0.542901
5479	3.344116	0.462262	-0.284586	0.542840
5480	3.344727	0.462270	-0.284460	0.542780
5481	3.345337	0.462277	-0.284333	0.542720
5482	3.345947	0.462284	-0.284206	0.542660
5483	3.346558	0.462292	-0.284080	0.542600
5484	3.347168	0.462299	-0.283953	0.542540
5485	3.347778	0.462306	-0.283827	0.542480
5486	3.348389	0.462314	-0.283700	0.542420
5487	3.348999	0.462321	-0.283574	0.542361
5488	3.349609	0.462329	-0.283447	0.542301
5489	3.350220	0.462336	-0.283321	0.542241
5490	3.350830	0.462343	-0.283195	0.542181
5491	3.351440	0.462351	-0.283068	0.542121
5492	3.352051	0.462358	-0.282942	0.542062
5493	3.352661	0.462365	-0.282816	0.542002
5494	3.353271	0.462372	-0.282689	0.541942
5495	3.353882	0.462380	-0.282563	0.541883
5496	3.354492	0.462387	-0.282437	0.541823
5497	3.355103	0.462394	-0.282311	0.541764
5498	3.355713	0.462402	-0.282185	0.541704
5499	3.356323	0.462409	-0.282058	0.541645
5500	3.356934	0.462416	-0.281932	0.541585
5501	3.357544	0.462423	-0.281806	0.541526
5502	3.358154	0.462431	-0.281680	0.541466
5503	3.358765	0.462438	-0.281554	0.541407
5504	3.359375	0.462445	-0.281428	0.541348
5505	3.359985	0.462452	-0.281302	0.541289
5506	3.360596	0.462460	-0.281176	0.541229
5507	3.361206	0.462467	-0.281050	0.541170
5508	3.361816	0.462474	-0.280925	0.541111
5509	3.362427	0.462481	-0.280799	0.541052
5510	3.363037	0.462489	-0.280673	0.540993
5511	3.363647	0.462496	-0.280547	0.540934
5512	3.364258	0.462503	-0.280421	0.540875
5513	3.364868	0.462510	-0.280296	0.540816
5514	3.365479	0.462518	-0.280170	0.540757
5515	3.366089	0.462525	-0.280044	0.540698
5516	3.366699	0.462532	-0.279919	0.540639
5517	3.367310	0.462539	-0.279793	0.540580
5518	3.367920	0.462546	-0.279667	0.540521
5519	3.368530	0.462554	-0.279542	0.540462
5520	3.369141	0.462561	-0.279416	0.540403
5521	3.369751	0.462568	-0.279291	0.540345
5522	3.370361	0.462575	-0.279165	0.540286
5523	3.370972	0.462582	-0.279040	0.540227
5524	3.371582	0.462589	-0.278914	0.540169
5525	3.372192	0.462597	-0.278789	0.540110
5526	3.372803	0.462604	-0.278664	0.540051
5527	3.373413	0.462611	-0.278538	0.539993
5528	3.374023	0.462618	-0.278413	0.539934
5529	3.374634	0.462625	-0.278288	0.539876
5530	3.375244	0.462632	-0.278162	0.539817
5531	3.375854	0.462639	-0.278037	0.539759
5532	3.376465	0.462647	-0.277912	0.539701
5533	3.377075	0.462654	-0.277787	0.539642
5534	3.377686	0.462661	-0.277661	0.539584
5535	3.378296	0.462668	-0.277536	0.539526
5536	3.378906	0.462675	-0.277411	0.539467
5537	3.379517	0.462682	-0.277286	0.539409
5538	3.380127	0.462689	-0.277161	0.539351
5539	3.380737	0.462696	-0.277036	0.539293
5540	3.381348	0.462703	-0.276911	0.539235
5541	3.381958	0.462710	-0.276786	0.539177
5542	3.382568	0.462717	-0.276661	0.539119
5543	3.383179	0.462725	-0.276536	0.539061
5544	3.383789	0.462732	-0.276411	0.539003
5545	3.384399	0.462739	-0.276286	0.538945
5546	3.385010	0.462746	-0.276162	0.538887
5547	3.385620	0.462753	-0.276037	0.538829
5548	3.386230	0.462760	-0.275912	0.538771
5549	3.386841	0.462767	-0.275787	0.538713
5550	3.387451	0.462774	-0.275662	0.538655
5551	3.388062	0.462781	-0.275538	0.538597
5552	3.388672	0.462788	-0.275413	0.538540
5553	3.389282	0.462795	-0.275288	0.538482
5554	3.389893	0.462802	-0.275164	0.538424
5555	3.390503	0.462809	-0.275039	0.538367
5556	3.391113	0.462816	-0.274915	0.538309
5557	3.391724	0.462823	-0.274790	0.538252
5558	3.392334	0.462830	-0.274666	0.538194
5559	3.392944	0.462837	-0.274541	0.538137
5560	3.393555	0.462844	-0.274417	0.538079
5561	3.394165	0.462851	-0.274292	0.538022
5562	3.394775	0.462858	-0.274168	0.537964
5563	3.395386	0.462865	-0.274043	0.537907
5564	3.395996	0.462872	-0.273919	0.537849
5565	3.396606	0.462879	-0.273795	0.537792
5566	3.397217	0.462886	-0.273670	0.537735
5567	3.397827	0.462893	-0.273546	0.537678
5568	3.398438	0.462900	-0.273422	0.537620
5569	3.399048	0.462907	-0.273298	0.537563
5570	3.399658	0.462914	-0.273173	0.537506
5571	3.400269	0.462921	-0.273049	0.537449
5572	3.400879	0.462928	-0.272925	0.537392
5573	3.401489	0.462935	-0.272801	0.537335
5574	3.402100	0.462941	-0.272677	0.537278
5575	3.402710	0.462948	-0.272553	0.537221
5576	3.403320	0.462955	-0.272429	0.537164
5577	3.403931	0.462962	-0.272305	0.537107
5578	3.404541	0.462969	-0.272181	0.537050
5579	3.405151	0.462976	-0.272057	0.536993
5580	3.405762	0.462983	-0.271933	0.536936
5581	3.406372	0.462990	-0.271809	0.536879
5582	3.406982	0.462997	-0.271685	0.536823
5583	3.407593	0.463004	-0.271561	0.536766
5584	3.408203	0.463010	-0.271437	0.536709
5585	3.408813	0.463017	-0.271313	0.536653
5586	3.409424	0.463024	-0.271190	0.536596
5587	3.410034	0.463031	-0.271066	0.536539
5588	3.410645	0.463038	-0.270942	0.536483
5589	3.411255	0.463045	-0.270818	0.536426
5590	3.411865	0.463052	-0.270695	0.536370
5591	3.412476	0.463058	-0.270571	0.536313
5592	3.413086	0.463065	-0.270447	0.536257
5593	3.413696	0.463072	-0.270324	0.536200
5594	3.414307	0.463079	-0.270200	0.536144
5595	3.414917	0.463086	-0.270077	0.536088
5596	3.415527	0.463093	-0.269953	0.536031
5597	3.416138	0.463099	-0.269830	0.535975
5598	3.416748	0.463106	-0.269706	0.535919
5599	3.417358	0.463113	-0.269583	0.535863
5600	3.417969	0.463120	-0.269459	0.535806
5601	3.418579	0.463127	-0.269336	0.535750
5602	3.419189	0.463134	-0.269213	0.535694
5603	3.419800	0.463140	-0.269089	0.535638
5604	3.420410	0.463147	-0.268966	0.535582
5605	3.421021	0.463154	-0.268843	0.535526
5606	3.421631	0.463161	-0.268719	0.535470
5607	3.422241	0.463167	-0.268596	0.535414
5608	3.422852	0.463174	-0.268473	0.535358
5609	3.423462	0.463181	-0.268350	0.535302
5610	3.424072	0.463188	-0.268227	0.535246
5611	3.424683	0.463195	-0.268103	0.535190
5612	3.425293	0.463201	-0.267980	0.535134
5613	3.425903	0.463208	-0.267857	0.535079
5614	3.426514	0.463215	-0.267734	0.535023
5615	3.427124	0.463221	-0.267611	0.534967
5616	3.427734	0.463228	-0.267488	0.534911
5617	3.428345	0.463235	-0.267365	0.534856
5618	3.428955	0.463242	-0.267242	0.534800
5619	3.429565	0.463248	-0.267119	0.534745
5620	3.430176	0.463255	-0.266996	0.534689
5621	3.430786	0.463262	-0.266873	0.534634
5622	3.431396	0.463269	-0.266751	0.534578
5623	3.432007	0.463275	-0.266628	0.534523
5624	3.432617	0.463282	-0.266505	0.534467
5625	3.433228	0.463289	-0.266382	0.534412
5626	3.433838	0.463295	-0.266259	0.534356
5627	3.434448	0.463302	-0.266137	0.534301
5628	3.435059	0.463309	-0.266014	0.534246
5629	3.435669	0.463315	-0.265891	0.534190
5630	3.436279	0.463322	-0.265769	0.534135
5631	3.436890	0.463329	-0.265646	0.534080
5632	3.437500	0.463335	-0.265523	0.534025
5633	3.438110	0.463342	-0.265401	0.533970
5634	3.438721	0.463349	-0.265278	0.533914
5635	3.439331	0.463355	-0.265156	0.533859
5636	3.439941	0.463362	-0.265033	0.533804
5637	3.440552	0.463369	-0.264911	0.533749
5638	3.441162	0.463375	-0.264788	0.533694
5639	3.441772	0.463382	-0.264666	0.533639
5640	3.442383	0.463389	-0.264544	0.533584
5641	3.442993	0.463395	-0.264421	0.533529
5642	3.443604	0.463402	-0.264299	0.533475
5643	3.444214	0.463408	-0.264177	0.533420
5644	3.444824	0.463415	-0.264054	0.533365
5645	3.445435	0.463422	-0.263932	0.533310
5646	3.446045	0.463428	-0.263810	0.533255
5647	3.446655	0.463435	-0.263687	0.533201
5648	3.447266	0.463441	-0.263565	0.533146
5649	3.447876	0.463448	-0.263443	0.533091
5650	3.448486	0.463455	-0.263321	0.533037
5651	3.449097	0.463461	-0.263199	0.532982
5652	3.449707	0.463468	-0.263077	0.532927
5653	3.450317	0.463474	-0.262955	0.532873
5654	3.450928	0.463481	-0.262833	0.532818
5655	3.451538	0.463487	-0.262711	0.532764
5656	3.452148	0.463494	-0.262589	0.532710
5657	3.452759	0.463501	-0.262467	0.532655
5658	3.453369	0.463507	-0.262345	0.532601
5659	3.453979	0.463514	-0.262223	0.532546
5660	3.454590	0.463520	-0.262101	0.532492
5661	3.455200	0.463527	-0.261979	0.532438
5662	3.455811	0.463533	-0.261857	0.532383
5663	3.456421	0.463540	-0.261735	0.532329
5664	3.457031	0.463546	-0.261613	0.532275
5665	3.457642	0.463553	-0.261492	0.532221
5666	3.458252	0.463559	-0.261370	0.532167
5667	3.458862	0.463566	-0.261248	0.532113
5668	3.459473	0.463572	-0.261126	0.532059
5669	3.460083	0.463579	-0.261005	0.532005
5670	3.460693	0.463585	-0.260883	0.531951
5671	3.461304	0.463592	-0.260762	0.531897
5672	3.461914	0.463598	-0.260640	0.531843
5673	3.462524	0.463605	-0.260518	0.531789
5674	3.463135	0.463611	-0.260397	0.531735
5675	3.463745	0.463618	-0.260275	0.531681
5676	3.464355	0.463624	-0.260154	0.531627
5677	3.464966	0.463631	-0.260032	0.531573
5678	3.465576	0.463637	-0.259911	0.531520
5679	3.466187	0.463644	-0.259789	0.531466
5680	3.466797	0.463650	-0.259668	0.531412
5681	3.467407	0.463656	-0.259547	0.531358
5682	3.468018	0.463663	-0.259425	0.531305
5683	3.468628	0.463669	-0.259304	0.531251
5684	3.469238	0.463676	-0.259183	0.531198
5685	3.469849	0.463682	-0.259061	0.531144
5686	3.470459	0.463689	-0.258940	0.531091
5687	3.471069	0.463695	-0.258819	0.531037
5688	3.471680	0.463702	-0.258698	0.530984
5689	3.472290	0.463708	-0.258576	0.530930
5690	3.472900	0.463714	-0.258455	0.530877
5691	3.473511	0.463721	-0.258334	0.530823
5692	3.474121	0.463727	-0.258213	0.530770
5693	3.474731	0.463734	-0.258092	0.530717
5694	3.475342	0.463740	-0.257971	0.530663
5695	3.475952	0.463746	-0.257850	0.530610
5696	3.476563	0.463753	-0.257729	0.530557
5697	3.477173	0.463759	-0.257608	0.530504
5698	3.477783	0.463765	-0.257487	0.530451
5699	3.478394	0.463772	-0.257366	0.530397
5700	3.479004	0.463778	-0.257245	0.530344
5701	3.479614	0.463785	-0.257124	0.530291
5702	3.480225	0.463791	-0.257003	0.530238
5703	3.480835	0.463797	-0.256882	0.530185
5704	3.481445	0.463804	-0.256762	0.530132
5705	3.482056	0.463810	-0.256641	0.530079
5706	3.482666	0.463816	-0.256520	0.530026
5707	3.483276	0.463823	-0.256399	0.529974
5708	3.483887	0.463829	-0.256278	0.529921
5709	3.484497	0.463835	-0.256158	0.529868
5710	3.485107	0.463842	-0.256037	0.529815
5711	3.485718	0.463848	-0.255916	0.529762
5712	3.486328	0.463854	-0.255796	0.529710
5713	3.486938	0.463861	-0.255675	0.529657
5714	3.487549	0.463867	-0.255555	0.529604
5715	3.488159	0.463873	-0.255434	0.529552
5716	3.488770	0.463879	-0.255314	0.529499
5717	3.489380	0.463886	-0.255193	0.529446
5718	3.489990	0.463892	-0.255073	0.529394
5719	3.490601	0.463898	-0.254952	0.529341
5720	3.491211	0.463905	-0.254832	0.529289
5721	3.491821	0.463911	-0.254711	0.529236
5722	3.492432	0.463917	-0.254591	0.529184
5723	3.493042	0.463923	-0.254470	0.529132
5724	3.493652	0.463930	-0.254350	0.529079
5725	3.494263	0.463936	-0.254230	0.529027
5726	3.494873	0.463942	-0.254109	0.528975
5727	3.495483	0.463948	-0.253989	0.528922
5728	3.496094	0.463955	-0.253869	0.528870
5729	3.496704	0.463961	-0.253749	0.528818
5730	3.497314	0.463967	-0.253629	0.528766
5731	3.497925	0.463973	-0.253508	0.528713
5732	3.498535	0.463980	-0.253388	0.528661
5733	3.499146	0.463986	-0.253268	0.528609
5734	3.499756	0.463992	-0.253148	0.528557
5735	3.500366	0.463998	-0.253028	0.528505
5736	3.500977	0.464005	-0.252908	0.528453
5737	3.501587	0.464011	-0.252788	0.528401
5738	3.502197	0.464017	-0.252668	0.528349
5739	3.502808	0.464023	-0.252548	0.528297
5740	3.503418	0.464029	-0.252428	0.528245
5741	3.504028	0.464036	-0.252308	0.528193
5742	3.504639	0.464042	-0.252188	0.528142
5743	3.505249	0.464048	-0.252068	0.528090
5744	3.505859	0.464054	-0.251948	0.528038
5745	3.506470	0.464060	-0.251828	0.527986
5746	3.507080	0.464066	-0.251709	0.527935
5747	3.507690	0.464073	-0.251589	0.527883
5748	3.508301	0.464079	-0.251469	0.527831
5749	3.508911	0.464085	-0.251349	0.527780
5750	3.509521	0.464091	-0.251229	0.527728
5751	3.510132	0.464097	-0.251110	0.527676
5752	3.510742	0.464103	-0.250990	0.527625
5753	3.511353	0.464110	-0.250870	0.527573
5754	3.511963	0.464116	-0.250751	0.527522
5755	3.512573	0.464122	-0.250631	0.527470
5756	3.513184	0.464128	-0.250512	0.527419
5757	3.513794	0.464134	-0.250392	0.527368
5758	3.514404	0.464140	-0.250272	0.527316
5759	3.515015	0.464146	-0.250153	0.527265
5760	3.515625	0.464152	-0.250033	0.527214
5761	3.516235	0.464159	-0.249914	0.527162
5762	3.516846	0.464165	-0.249795	0.527111
5763	3.517456	0.464171	-0.249675	0.527060
5764	3.518066	0.464177	-0.249556	0.527009
5765	3.518677	0.464183	-0.249436	0.526958
5766	3.519287	0.464189	-0.249317	0.526906
5767	3.519897	0.464195	-0.249198	0.526855
5768	3.520508	0.464201	-0.249078	0.526804
5769	3.521118	0.464207	-0.248959	0.526753
5770	3.521729	0.464213	-0.248840	0.526702
5771	3.522339	0.464219	-0.248720	0.526651
5772	3.522949	0.464226	-0.248601	0.526600
5773	3.523560	0.464232	-0.248482	0.526549
5774	3.524170	0.464238	-0.248363	0.526499
5775	3.524780	0.464244	-0.248244	0.526448
5776	3.525391	0.464250	-0.248125	0.526397
5777	3.526001	0.464256	-0.248006	0.526346
5778	3.526611	0.464262	-0.247886	0.526295
5779	3.527222	0.464268	-0.247767	0.526245
5780	3.527832	0.464274	-0.247648	0.526194
5781	3.528442	0.464280	-0.247529	0.526143
5782	3.529053	0.464286	-0.247410	0.526093
5783	3.529663	0.464292	-0.247291	0.526042
5784	3.530273	0.464298	-0.247172	0.525991
5785	3.530884	0.464304	-0.247053	0.525941
5786	3.531494	0.464310	-0.246935	0.525890
5787	3.532104	0.464316	-0.246816	0.525840
5788	3.532715	0.464322	-0.246697	0.525789
5789	3.533325	0.464328	-0.246578	0.525739
5790	3.533936	0.464334	-0.246459	0.525688
5791	3.534546	0.464340	-0.246340	0.525638
5792	3.535156	0.464346	-0.246222	0.525588
5793	3.535767	0.464352	-0.246103	0.525537
5794	3.536377	0.464358	-0.245984	0.525487
5795	3.536987	0.464364	-0.245866	0.525437
5796	3.537598	0.464370	-0.245747	0.525386
5797	3.538208	0.464376	-0.245628	0.525336
5798	3.538818	0.464382	-0.245510	0.525286
5799	3.539429	0.464388	-0.245391	0.525236
5800	3.540039	0.464394	-0.245272	0.525186
5801	3.540649	0.464400	-0.245154	0.525136
5802	3.541260	0.464406	-0.245035	0.525086
5803	3.541870	0.464412	-0.244917	0.525036
5804	3.542480	0.464418	-0.244798	0.524986
5805	3.543091	0.464423	-0.244680	0.524936
5806	3.543701	0.464429	-0.244561	0.524886
5807	3.544312	0.464435	-0.244443	0.524836
5808	3.544922	0.464441	-0.244325	0.524786
5809	3.545532	0.464447	-0.244206	0.524736
5810	3.546143	0.464453	-0.244088	0.524686
5811	3.546753	0.464459	-0.243969	0.524636
5812	3.547363	0.464465	-0.243851	0.524587
5813	3.547974	0.464471	-0.243733	0.524537
5814	3.548584	0.464477	-0.243615	0.524487
5815	3.549194	0.464483	-0.243496	0.524437
5816	3.549805	0.464488	-0.243378	0.524388
5817	3.550415	0.464494	-0.243260	0.524338
5818	3.551025	0.464500	-0.243142	0.524288
5819	3.551636	0.464506	-0.243024	0.524239
5820	3.552246	0.464512	-0.242905	0.524189
5821	3.552856	0.464518	-0.242787	0.524140
5822	3.553467	0.464524	-0.242669	0.524090
5823	3.554077	0.464530	-0.242551	0.524041
5824	3.554688	0.464535	-0.242433	0.523991
5825	3.555298	0.464541	-0.242315	0.523942
5826	3.555908	0.464547	-0.242197	0.523893
5827	3.556519	0.464553	-0.242079	0.523843
5828	3.557129	0.464559	-0.241961	0.523794
5829	3.557739	0.464565	-0.241843	0.523745
5830	3.558350	0.464570	-0.241725	0.523695
5831	3.558960	0.464576	-0.241607	0.523646
5832	3.559570	0.464582	-0.241490	0.523597
5833	3.560181	0.464588	-0.241372	0.523548
5834	3.560791	0.464594	-0.241254	0.523499
5835	3.561401	0.464600	-0.241136	0.523450
5836	3.562012	0.464605	-0.241018	0.523400
5837	3.562622	0.464611	-0.240901	0.523351
5838	3.563232	0.464617	-0.240783	0.523302
5839	3.563843	0.464623	-0.240665	0.523253
5840	3.564453	0.464629	-0.240547	0.523204
5841	3.565063	0.464634	-0.240430	0.523155
5842	3.565674	0.464640	-0.240312	0.523107
5843	3.566284	0.464646	-0.240195	0.523058
5844	3.566895	0.464652	-0.240077	0.523009
5845	3.567505	0.464658	-0.239959	0.522960
5846	3.568115	0.464663	-0.239842	0.522911
5847	3.568726	0.464669	-0.239724	0.522862
5848	3.569336	0.464675	-0.239607	0.522814
5849	3.569946	0.464681	-0.239489	0.522765
5850	3.570557	0.464686	-0.239372	0.522716
5851	3.571167	0.464692	-0.239254	0.522668
5852	3.571777	0.464698	-0.239137	0.522619
5853	3.572388	0.464704	-0.239020	0.522570
5854	3.572998	0.464709	-0.238902	0.522522
5855	3.573608	0.464715	-0.238785	0.522473
5856	3.574219	0.464721	-0.238667	0.522425
5857	3.574829	0.464727	-0.238550	0.522376
5858	3.575439	0.464732	-0.238433	0.522328
5859	3.576050	0.464738	-0.238316	0.522279
5860	3.576660	0.464744	-0.238198	0.522231
5861	3.577271	0.464749	-0.238081	0.522183
5862	3.577881	0.464755	-0.237964	0.522134
5863	3.578491	0.464761	-0.237847	0.522086
5864	3.579102	0.464766	-0.237730	0.522038
5865	3.579712	0.464772	-0.237612	0.521989
5866	3.580322	0.464778	-0.237495	0.521941
5867	3.580933	0.464784	-0.237378	0.521893
5868	3.581543	0.464789	-0.237261	0.521845
5869	3.582153	0.464795	-0.237144	0.521797
5870	3.582764	0.464801	-0.237027	0.521748
5871	3.583374	0.464806	-0.236910	0.521700
5872	3.583984	0.464812	-0.236793	0.521652
5873	3.584595	0.464818	-0.236676	0.521604
5874	3.585205	0.464823	-0.236559	0.521556
5875	3.585815	0.464829	-0.236442	0.521508
5876	3.586426	0.464835	-0.236325	0.521460
5877	3.587036	0.464840	-0.236208	0.521412
5878	3.587646	0.464846	-0.236091	0.521364
5879	3.588257	0.464852	-0.235975	0.521317
5880	3.588867	0.464857	-0.235858	0.521269
5881	3.589478	0.464863	-0.235741	0.521221
5882	3.590088	0.464868	-0.235624	0.521173
5883	3.590698	0.464874	-0.235507	0.521125
5884	3.591309	0.464880	-0.235391	0.521078
5885	3.591919	0.464885	-0.235274	0.521030
5886	3.592529	0.464891	-0.235157	0.520982
5887	3.593140	0.464897	-0.235041	0.520935
5888	3.593750	0.464902	-0.234924	0.520887
5889	3.594360	0.464908	-0.234807	0.520839
5890	3.594971	0.464913	-0.234691	0.520792
5891	3.595581	0.464919	-0.234574	0.520744
5892	3.596191	0.464925	-0.234458	0.520697
5893	3.596802	0.464930	-0.234341	0.520649
5894	3.597412	0.464936	-0.234225	0.520602
5895	3.598022	0.464941	-0.234108	0.520555
5896	3.598633	0.464947	-0.233992	0.520507
5897	3.599243	0.464952	-0.233875	0.520460
5898	3.599854	0.464958	-0.233759	0.520412
5899	3.600464	0.464964	-0.233642	0.520365
5900	3.601074	0.464969	-0.233526	0.520318
5901	3.601685	0.464975	-0.233409	0.520271
5902	3.602295	0.464980	-0.233293	0.520223
5903	3.602905	0.464986	-0.233177	0.520176
5904	3.603516	0.464991	-0.233061	0.520129
5905	3.604126	0.464997	-0.232944	0.520082
5906	3.604736	0.465002	-0.232828	0.520035
5907	3.605347	0.465008	-0.232712	0.519988
5908	3.605957	0.465014	-0.232595	0.519941
5909	3.606567	0.465019	-0.232479	0.519894
5910	3.607178	0.465025	-0.232363	0.519847
5911	3.607788	0.465030	-0.232247	0.519800
5912	3.608398	0.465036	-0.232131	0.519753
5913	3.609009	0.465041	-0.232015	0.519706
5914	3.609619	0.465047	-0.231899	0.519659
5915	3.610229	0.465052	-0.231782	0.519612
5916	3.610840	0.465058	-0.231666	0.519565
5917	3.611450	0.465063	-0.231550	0.519518
5918	3.612061	0.465069	-0.231434	0.519472
5919	3.612671	0.465074	-0.231318	0.519425
5920	3.613281	0.465080	-0.231202	0.519378
5921	3.613892	0.465085	-0.231086	0.519331
5922	3.614502	0.465091	-0.230970	0.519285
5923	3.615112	0.465096	-0.230855	0.519238
5924	3.615723	0.465102	-0.230739	0.519191
5925	3.616333	0.465107	-0.230623	0.519145
5926	3.616943	0.465112	-0.230507	0.519098
5927	3.617554	0.465118	-0.230391	0.519052
5928	3.618164	0.465123	-0.230275	0.519005
5929	3.618774	0.465129	-0.230160	0.518959
5930	3.619385	0.465134	-0.230044	0.518912
5931	3.619995	0.465140	-0.229928	0.518866
5932	3.620605	0.465145	-0.229812	0.518820
5933	3.621216	0.465151	-0.229697	0.518773
5934	3.621826	0.465156	-0.229581	0.518727
5935	3.622437	0.465161	-0.229465	0.518681
5936	3.623047	0.465167	-0.229350	0.518634
5937	3.623657	0.465172	-0.229234	0.518588
5938	3.624268	0.465178	-0.229118	0.518542
5939	3.624878	0.465183	-0.229003	0.518496
5940	3.625488	0.465189	-0.228887	0.518449
5941	3.626099	0.465194	-0.228772	0.518403
5942	3.626709	0.465199	-0.228656	0.518357
5943	3.627319	0.465205	-0.228541	0.518311
5944	3.627930	0.465210	-0.228425	0.518265
5945	3.628540	0.465216	-0.228310	0.518219
5946	3.629150	0.465221	-0.228194	0.518173
5947	3.629761	0.465226	-0.228079	0.518127
5948	3.630371	0.465232	-0.227963	0.518081
5949	3.630981	0.465237	-0.227848	0.518035
5950	3.631592	0.465243	-0.227733	0.517989
5951	3.632202	0.465248	-0.227617	0.517943
5952	3.632813	0.465253	-0.227502	0.517897
5953	3.633423	0.465259	-0.227387	0.517852
5954	3.634033	0.465264	-0.227272	0.517806
5955	3.634644	0.465269	-0.227156	0.517760
5956	3.635254	0.465275	-0.227041	0.517714
5957	3.635864	0.465280	-0.226926	0.517669
5958	3.636475	0.465285	-0.226811	0.517623
5959	3.637085	0.465291	-0.226695	0.517577
5960	3.637695	0.465296	-0.226580	0.517532
5961	3.638306	0.465301	-0.226465	0.517486
5962	3.638916	0.465307	-0.226350	0.517441
5963	3.639526	0.465312	-0.226235	0.517395
5964	3.640137	0.465317	-0.226120	0.517349
5965	3.640747	0.465323	-0.226005	0.517304
5966	3.641357	0.465328	-0.225890	0.517259
5967	3.641968	0.465333	-0.225775	0.517213
5968	3.642578	0.465339	-0.225660	0.517168
5969	3.643188	0.465344	-0.225545	0.517122
5970	3.643799	0.465349	-0.225430	0.517077
5971	3.644409	0.465355	-0.225315	0.517032
5972	3.645020	0.465360	-0.225200	0.516986
5973	3.645630	0.465365	-0.225085	0.516941
5974	3.646240	0.465370	-0.224970	0.516896
5975	3.646851	0.465376	-0.224855	0.516851
5976	3.647461	0.465381	-0.224741	0.516805
5977	3.648071	0.465386	-0.224626	0.516760
5978	3.648682	0.465392	-0.224511	0.516715
5979	3.649292	0.465397	-0.224396	0.516670
5980	3.649902	0.465402	-0.224281	0.516625
5981	3.650513	0.465407	-0.224167	0.516580
5982	3.651123	0.465413	-0.224052	0.516535
5983	3.651733	0.465418	-0.223937	0.516490
5984	3.652344	0.465423	-0.223823	0.516445
5985	3.652954	0.465428	-0.223708	0.516400
5986	3.653564	0.465434	-0.223593	0.516355
5987	3.654175	0.465439	-0.223479	0.516310
5988	3.654785	0.465444	-0.223364	0.516265
5989	3.655396	0.465449	-0.223250	0.516220
5990	3.656006	0.465455	-0.223135	0.516176
5991	3.656616	0.465460	-0.223021	0.516131
5992	3.657227	0.465465	-0.222906	0.516086
5993	3.657837	0.465470	-0.222792	0.516041
5994	3.658447	0.465475	-0.222677	0.515997
5995	3.659058	0.465481	-0.222563	0.515952
5996	3.659668	0.465486	-0.222448	0.515907
5997	3.660278	0.465491	-0.222334	0.515863
5998	3.660889	0.465496	-0.222219	0.515818
5999	3.661499	0.465502	-0.222105	0.515773
6000	3.662109	0.465507	-0.221991	0.515729
6001	3.662720	0.465512	-0.221876	0.515684
6002	3.663330	0.465517	-0.221762	0.515640
6003	3.663940	0.465522	-0.221648	0.515595
6004	3.664551	0.465527	-0.221533	0.515551
6005	3.665161	0.465533	-0.221419	0.515507
6006	3.665771	0.465538	-0.221305	0.515462
6007	3.666382	0.465543	-0.221191	0.515418
6008	3.666992	0.465548	-0.221077	0.515374
6009	3.667603	0.465553	-0.220962	0.515329
6010	3.668213	0.465558	-0.220848	0.515285
6011	3.668823	0.465564	-0.220734	0.515241
6012	3.669434	0.465569	-0.220620	0.515197
6013	3.670044	0.465574	-0.220506	0.515152
6014	3.670654	0.465579	-0.220392	0.515108
6015	3.671265	0.465584	-0.220278	0.515064
6016	3.671875	0.465589	-0.220164	0.515020
6017	3.672485	0.465594	-0.220050	0.514976
6018	3.673096	0.465600	-0.219936	0.514932
6019	3.673706	0.465605	-0.219822	0.514888
6020	3.674316	0.465610	-0.219708	0.514844
6021	3.674927	0.465615	-0.219594	0.514800
6022	3.675537	0.465620	-0.219480	0.514756
6023	3.676147	0.465625	-0.219366	0.514712
6024	3.676758	0.465630	-0.219252	0.514668
6025	3.677368	0.465635	-0.219138	0.514624
6026	3.677979	0.465641	-0.219024	0.514580
6027	3.678589	0.465646	-0.218911	0.514536
6028	3.679199	0.465651	-0.218797	0.514493
6029	3.679810	0.465656	-0.218683	0.514449
6030	3.680420	0.465661	-0.218569	0.514405
6031	3.681030	0.465666	-0.218455	0.514361
6032	3.681641	0.465671	-0.218342	0.514318
6033	3.682251	0.465676	-0.218228	0.514274
6034	3.682861	0.465681	-0.218114	0.514230
6035	3.683472	0.465686	-0.218001	0.514187
6036	3.684082	0.465691	-0.217887	0.514143
6037	3.684692	0.465696	-0.217773	0.514100
6038	3.685303	0.465702	-0.217660	0.514056
6039	3.685913	0.465707	-0.217546	0.514013
6040	3.686523	0.465712	-0.217433	0.513969
6041	3.687134	0.465717	-0.217319	0.513926
6042	3.687744	0.465722	-0.217205	0.513882
6043	3.688354	0.465727	-0.217092	0.513839
6044	3.688965	0.465732	-0.216978	0.513795
6045	3.689575	0.465737	-0.216865	0.513752
6046	3.690186	0.465742	-0.216751	0.513709
6047	3.690796	0.465747	-0.216638	0.513665
6048	3.691406	0.465752	-0.216525	0.513622
6049	3.692017	0.465757	-0.216411	0.513579
6050	3.692627	0.465762	-0.216298	0.513536
6051	3.693237	0.465767	-0.216184	0.513493
6052	3.693848	0.465772	-0.216071	0.513449
6053	3.694458	0.465777	-0.215958	0.513406
6054	3.695068	0.465782	-0.215844	0.513363
6055	3.695679	0.465787	-0.215731	0.513320
6056	3.696289	0.465792	-0.215618	0.513277
6057	3.696899	0.465797	-0.215505	0.513234
6058	3.697510	0.465802	-0.215391	0.513191
6059	3.698120	0.465807	-0.215278	0.513148
6060	3.698730	0.465812	-0.215165	0.513105
6061	3.699341	0.465817	-0.215052	0.513062
6062	3.699951	0.465822	-0.214939	0.513019
6063	3.700562	0.465827	-0.214826	0.512976
6064	3.701172	0.465832	-0.214712	0.512933
6065	3.701782	0.465837	-0.214599	0.512891
6066	3.702393	0.465842	-0.214486	0.512848
6067	3.703003	0.465847	-0.214373	0.512805
6068	3.703613	0.465852	-0.214260	0.512762
6069	3.704224	0.465857	-0.214147	0.512720
6070	3.704834	0.465862	-0.214034	0.512677
6071	3.705444	0.465867	-0.213921	0.512634
6072	3.706055	0.465872	-0.213808	0.512592
6073	3.706665	0.465876	-0.213695	0.512549
6074	3.707275	0.465881	-0.213582	0.512506
6075	3.707886	0.465886	-0.213469	0.512464
6076	3.708496	0.465891	-0.213357	0.512421
6077	3.709106	0.465896	-0.213244	0.512379
6078	3.709717	0.465901	-0.213131	0.512336
6079	3.710327	0.465906	-0.213018	0.512294
6080	3.710938	0.465911	-0.212905	0.512251
6081	3.711548	0.465916	-0.212792	0.512209
6082	3.712158	0.465921	-0.212680	0.512167
6083	3.712769	0.465926	-0.212567	0.512124
6084	3.713379	0.465931	-0.212454	0.512082
6085	3.713989	0.465935	-0.212341	0.512040
6086	3.714600	0.465940	-0.212229	0.511997
6087	3.715210	0.465945	-0.212116	0.511955
6088	3.715820	0.465950	-0.212003	0.511913
6089	3.716431	0.465955	-0.211891	0.511871
6090	3.717041	0.465960	-0.211778	0.511829
6091	3.717651	0.465965	-0.211665	0.511786
6092	3.718262	0.465970	-0.211553	0.511744
6093	3.718872	0.465975	-0.211440	0.511702
6094	3.719482	0.465979	-0.211328	0.511660
6095	3.720093	0.465984	-0.211215	0.511618
6096	3.720703	0.465989	-0.211103	0.511576
6097	3.721313	0.465994	-0.210990	0.511534
6098	3.721924	0.465999	-0.210878	0.511492
6099	3.722534	0.466004	-0.210765	0.511450
6100	3.723145	0.466009	-0.210653	0.511408
6101	3.723755	0.466013	-0.210540	0.511366
6102	3.724365	0.466018	-0.210428	0.511325
6103	3.724976	0.466023	-0.210315	0.511283
6104	3.725586	0.466028	-0.210203	0.511241
6105	3.726196	0.466033	-0.210091	0.511199
6106	3.726807	0.466038	-0.209978	0.511157
6107	3.727417	0.466042	-0.209866	0.511116
6108	3.728027	0.466047	-0.209754	0.511074
6109	3.728638	0.466052	-0.209641	0.511032
6110	3.729248	0.466057	-0.209529	0.510991
6111	3.729858	0.466062	-0.209417	0.510949
6112	3.730469	0.466066	-0.209305	0.510907
6113	3.731079	0.466071	-0.209193	0.510866
6114	3.731689	0.466076	-0.209080	0.510824
6115	3.732300	0.466081	-0.208968	0.510783
6116	3.732910	0.466086	-0.208856	0.510741
6117	3.733521	0.466090	-0.208744	0.510700
6118	3.734131	0.466095	-0.208632	0.510658
6119	3.734741	0.466100	-0.208520	0.510617
6120	3.735352	0.466105	-0.208408	0.510576
6121	3.735962	0.466110	-0.208296	0.510534
6122	3.736572	0.466114	-0.208183	0.510493
6123	3.737183	0.466119	-0.208071	0.510451
6124	3.737793	0.466124	-0.207959	0.510410
6125	3.738403	0.466129	-0.207847	0.510369
6126	3.739014	0.466133	-0.207735	0.510328
6127	3.739624	0.466138	-0.207624	0.510286
6128	3.740234	0.466143	-0.207512	0.510245
6129	3.740845	0.466148	-0.207400	0.510204
6130	3.741455	0.466152	-0.207288	0.510163
6131	3.742065	0.466157	-0.207176	0.510122
6132	3.742676	0.466162	-0.207064	0.510081
6133	3.743286	0.466167	-0.206952	0.510040
6134	3.743896	0.466171	-0.206840	0.509999
6135	3.744507	0.466176	-0.206729	0.509958
6136	3.745117	0.466181	-0.206617	0.509917
6137	3.745728	0.466186	-0.206505	0.509876
6138	3.746338	0.466190	-0.206393	0.509835
6139	3.746948	0.466195	-0.206281	0.509794
6140	3.747559	0.466200	-0.206170	0.509753
6141	3.748169	0.466204	-0.206058	0.509712
6142	3.748779	0.466209	-0.205946	0.509671
6143	3.749390	0.466214	-0.205835	0.509630
6144	3.750000	0.466218	-0.205723	0.509590
6145	3.750610	0.466223	-0.205611	0.509549
6146	3.751221	0.466228	-0.205500	0.509508
6147	3.751831	0.466233	-0.205388	0.509467
6148	3.752441	0.466237	-0.205277	0.509427
6149	3.753052	0.466242	-0.205165	0.509386
6150	3.753662	0.466247	-0.205054	0.509346
6151	3.754272	0.466251	-0.204942	0.509305
6152	3.754883	0.466256	-0.204831	0.509264
6153	3.755493	0.466261	-0.204719	0.509224
6154	3.756104	0.466265	-0.204608	0.509183
6155	3.756714	0.466270	-0.204496	0.509143
6156	3.757324	0.466275	-0.204385	0.509102
6157	3.757935	0.466279	-0.204273	0.509062
6158	3.758545	0.466284	-0.204162	0.509021
6159	3.759155	0.466289	-0.204050	0.508981
6160	3.759766	0.466293	-0.203939	0.508941
6161	3.760376	0.466298	-0.203828	0.508900
6162	3.760986	0.466303	-0.203716	0.508860
6163	3.761597	0.466307	-0.203605	0.508820
6164	3.762207	0.466312	-0.203494	0.508779
6165	3.762817	0.466316	-0.203383	0.508739
6166	3.763428	0.466321	-0.203271	0.508699
6167	3.764038	0.466326	-0.203160	0.508659
6168	3.764648	0.466330	-0.203049	0.508618
6169	3.765259	0.466335	-0.202938	0.508578
6170	3.765869	0.466340	-0.202826	0.508538
6171	3.766479	0.466344	-0.202715	0.508498
6172	3.767090	0.466349	-0.202604	0.508458
6173	3.767700	0.466353	-0.202493	0.508418
6174	3.768311	0.466358	-0.202382	0.508378
6175	3.768921	0.466363	-0.202271	0.508338
6176	3.769531	0.466367	-0.202160	0.508298
6177	3.770142	0.466372	-0.202049	0.508258
6178	3.770752	0.466376	-0.201938	0.508218
6179	3.771362	0.466381	-0.201826	0.508178
6180	3.771973	0.466386	-0.201715	0.508138
6181	3.772583	0.466390	-0.201604	0.508099
6182	3.773193	0.466395	-0.201494	0.508059
6183	3.773804	0.466399	-0.201383	0.508019
6184	3.774414	0.466404	-0.201272	0.507979
6185	3.775024	0.466408	-0.201161	0.507939
6186	3.775635	0.466413	-0.201050	0.507900
6187	3.776245	0.466418	-0.200939	0.507860
6188	3.776855	0.466422	-0.200828	0.507820
6189	3.777466	0.466427	-0.200717	0.507781
6190	3.778076	0.466431	-0.200606	0.507741
6191	3.778687	0.466436	-0.200495	0.507701
6192	3.779297	0.466440	-0.200385	0.507662
6193	3.779907	0.466445	-0.200274	0.507622
6194	3.780518	0.466449	-0.200163	0.507583
6195	3.781128	0.466454	-0.200052	0.507543
6196	3.781738	0.466458	-0.199942	0.507504
6197	3.782349	0.466463	-0.199831	0.507464
6198	3.782959	0.466467	-0.199720	0.507425
6199	3.783569	0.466472	-0.199609	0.507386
6200	3.784180	0.466476	-0.199499	0.507346
6201	3.784790	0.466481	-0.199388	0.507307
6202	3.785400	0.466486	-0.199278	0.507267
6203	3.786011	0.466490	-0.199167	0.507228
6204	3.786621	0.466495	-0.199056	0.507189
6205	3.787231	0.466499	-0.198946	0.507150
6206	3.787842	0.466504	-0.198835	0.507110
6207	3.788452	0.466508	-0.198725	0.507071
6208	3.789063	0.466513	-0.198614	0.507032
6209	3.789673	0.466517	-0.198504	0.506993
6210	3.790283	0.466521	-0.198393	0.506954
6211	3.790894	0.466526	-0.198283	0.506915
6212	3.791504	0.466530	-0.198172	0.506876
6213	3.792114	0.466535	-0.198062	0.506837
6214	3.792725	0.466539	-0.197951	0.506798
6215	3.793335	0.466544	-0.197841	0.506759
6216	3.793945	0.466548	-0.197730	0.506720
6217	3.794556	0.466553	-0.197620	0.506681
6218	3.795166	0.466557	-0.197510	0.506642
6219	3.795776	0.466562	-0.197399	0.506603
6220	3.796387	0.466566	-0.197289	0.506564
6221	3.796997	0.466571	-0.197179	0.506525
6222	3.797607	0.466575	-0.197068	0.506486
6223	3.798218	0.466580	-0.196958	0.506447
6224	3.798828	0.466584	-0.196848	0.506409
6225	3.799438	0.466588	-0.196738	0.506370
6226	3.800049	0.466593	-0.196627	0.506331
6227	3.800659	0.466597	-0.196517	0.506292
6228	3.801270	0.466602	-0.196407	0.506254
6229	3.801880	0.466606	-0.196297	0.506215
6230	3.802490	0.466611	-0.196187	0.506176
6231	3.803101	0.466615	-0.196077	0.506138
6232	3.803711	0.466619	-0.195966	0.506099
6233	3.804321	0.466624	-0.195856	0.506061
6234	3.804932	0.466628	-0.195746	0.506022
6235	3.805542	0.466633	-0.195636	0.505984
6236	3.806152	0.466637	-0.195526	0.505945
6237	3.806763	0.466641	-0.195416	0.505907
6238	3.807373	0.466646	-0.195306	0.505868
6239	3.807983	0.466650	-0.195196	0.505830
6240	3.808594	0.466655	-0.195086	0.505792
6241	3.809204	0.466659	-0.194976	0.505753
6242	3.809814	0.466663	-0.194866	0.505715
6243	3.810425	0.466668	-0.194756	0.505677
6244	3.811035	0.466672	-0.194646	0.505638
6245	3.811646	0.466677	-0.194536	0.505600
6246	3.812256	0.466681	-0.194426	0.505562
6247	3.812866	0.466685	-0.194317	0.505524
6248	3.813477	0.466690	-0.194207	0.505485
6249	3.814087	0.466694	-0.194097	0.505447
6250	3.814697	0.466698	-0.193987	0.505409
6251	3.815308	0.466703	-0.193877	0.505371
6252	3.815918	0.466707	-0.193767	0.505333
6253	3.816528	0.466711	-0.193658	0.505295
6254	3.817139	0.466716	-0.193548	0.505257
6255	3.817749	0.466720	-0.193438	0.505219
6256	3.818359	0.466724	-0.193328	0.505181
6257	3.818970	0.466729	-0.193219	0.505143
6258	3.819580	0.466733	-0.193109	0.505105
6259	3.820190	0.466737	-0.192999	0.505067
6260	3.820801	0.466742	-0.192890	0.505029
6261	3.821411	0.466746	-0.192780	0.504991
6262	3.822021	0.466750	-0.192670	0.504953
6263	3.822632	0.466755	-0.192561	0.504915
6264	3.823242	0.466759	-0.192451	0.504878
6265	3.823853	0.466763	-0.192342	0.504840
6266	3.824463	0.466768	-0.192232	0.504802
6267	3.825073	0.466772	-0.192122	0.504764
6268	3.825684	0.466776	-0.192013	0.504727
6269	3.826294	0.466781	-0.191903	0.504689
6270	3.826904	0.466785	-0.191794	0.504651
6271	3.827515	0.466789	-0.191684	0.504614
6272	3.828125	0.466793	-0.191575	0.504576
6273	3.828735	0.466798	-0.191466	0.504539
6274	3.829346	0.466802	-0.191356	0.504501
6275	3.829956	0.466806	-0.191247	0.504464
6276	3.830566	0.466811	-0.191137	0.504426
6277	3.831177	0.466815	-0.191028	0.504389
6278	3.831787	0.466819	-0.190919	0.504351
6279	3.832397	0.466823	-0.190809	0.504314
6280	3.833008	0.466828	-0.190700	0.504276
6281	3.833618	0.466832	-0.190591	0.504239
6282	3.834229	0.466836	-0.190481	0.504201
6283	3.834839	0.466840	-0.190372	0.504164
6284	3.835449	0.466845	-0.190263	0.504127
6285	3.836060	0.466849	-0.190153	0.504090
6286	3.836670	0.466853	-0.190044	0.504052
6287	3.837280	0.466857	-0.189935	0.504015
6288	3.837891	0.466862	-0.189826	0.503978
6289	3.838501	0.466866	-0.189717	0.503941
6290	3.839111	0.466870	-0.189607	0.503903
6291	3.839722	0.466874	-0.189498	0.503866
6292	3.840332	0.466879	-0.189389	0.503829
6293	3.840942	0.466883	-0.189280	0.503792
6294	3.841553	0.466887	-0.189171	0.503755
6295	3.842163	0.466891	-0.189062	0.503718
6296	3.842773	0.466896	-0.188953	0.503681
6297	3.843384	0.466900	-0.188844	0.503644
6298	3.843994	0.466904	-0.188735	0.503607
6299	3.844604	0.466908	-0.188626	0.503570
6300	3.845215	0.466912	-0.188517	0.503533
6301	3.845825	0.466917	-0.188408	0.503496
6302	3.846436	0.466921	-0.188299	0.503459
6303	3.847046	0.466925	-0.188190	0.503423
6304	3.847656	0.466929	-0.188081	0.503386
6305	3.848267	0.466933	-0.187972	0.503349
6306	3.848877	0.466938	-0.187863	0.503312
6307	3.849487	0.466942	-0.187754	0.503275
6308	3.850098	0.466946	-0.187645	0.503239
6309	3.850708	0.466950	-0.187536	0.503202
6310	3.851318	0.466954	-0.187427	0.503165
6311	3.851929	0.466958	-0.187318	0.503129
6312	3.852539	0.466963	-0.187210	0.503092
6313	3.853149	0.466967	-0.187101	0.503055
6314	3.853760	0.466971	-0.186992	0.503019
6315	3.854370	0.466975	-0.186883	0.502982
6316	3.854980	0.466979	-0.186774	0.502946
6317	3.855591	0.466983	-0.186666	0.502909
6318	3.856201	0.466988	-0.186557	0.502873
6319	3.856812	0.466992	-0.186448	0.502836
6320	3.857422	0.466996	-0.186340	0.502800
6321	3.858032	0.467000	-0.186231	0.502763
6322	3.858643	0.467004	-0.186122	0.502727
6323	3.859253	0.467008	-0.186014	0.502691
6324	3.859863	0.467012	-0.185905	0.502654
6325	3.860474	0.467017	-0.185796	0.502618
6326	3.861084	0.467021	-0.185688	0.502582
6327	3.861694	0.467025	-0.185579	0.502545
6328	3.862305	0.467029	-0.185471	0.502509
6329	3.862915	0.467033	-0.185362	0.502473
6330	3.863525	0.467037	-0.185254	0.502437
6331	3.864136	0.467041	-0.185145	0.502400
6332	3.864746	0.467045	-0.185036	0.502364
6333	3.865356	0.467049	-0.184928	0.502328
6334	3.865967	0.467054	-0.184820	0.502292
6335	3.866577	0.467058	-0.184711	0.502256
6336	3.867188	0.467062	-0.184603	0.502220
6337	3.867798	0.467066	-0.184494	0.502184
6338	3.868408	0.467070	-0.184386	0.502148
6339	3.869019	0.467074	-0.184277	0.502112
6340	3.869629	0.467078	-0.184169	0.502076
6341	3.870239	0.467082	-0.184061	0.502040
6342	3.870850	0.467086	-0.183952	0.502004
6343	3.871460	0.467090	-0.183844	0.501968
6344	3.872070	0.467094	-0.183736	0.501932
6345	3.872681	0.467098	-0.183627	0.501896
6346	3.873291	0.467103	-0.183519	0.501861
6347	3.873901	0.467107	-0.183411	0.501825
6348	3.874512	0.467111	-0.183302	0.501789
6349	3.875122	0.467115	-0.183194	0.501753
6350	3.875732	0.467119	-0.183086	0.501717
6351	3.876343	0.467123	-0.182978	0.501682
6352	3.876953	0.467127	-0.182870	0.501646
6353	3.877563	0.467131	-0.182761	0.501610
6354	3.878174	0.467135	-0.182653	0.501575
6355	3.878784	0.467139	-0.182545	0.501539
6356	3.879395	0.467143	-0.182437	0.501504
6357	3.880005	0.467147	-0.182329	0.501468
6358	3.880615	0.467151	-0.182221	0.501433
6359	3.881226	0.467155	-0.182113	0.501397
6360	3.881836	0.467159	-0.182005	0.501361
6361	3.882446	0.467163	-0.181896	0.501326
6362	3.883057	0.467167	-0.181788	0.501291
6363	3.883667	0.467171	-0.181680	0.501255
6364	3.884277	0.467175	-0.181572	0.501220
6365	3.884888	0.467179	-0.181464	0.501184
6366	3.885498	0.467183	-0.181356	0.501149
6367	3.886108	0.467187	-0.181248	0.501114
6368	3.886719	0.467191	-0.181140	0.501078
6369	3.887329	0.467195	-0.181033	0.501043
6370	3.887939	0.467199	-0.180925	0.501008
6371	3.888550	0.467203	-0.180817	0.500973
6372	3.889160	0.467207	-0.180709	0.500937
6373	3.889771	0.467211	-0.180601	0.500902
6374	3.890381	0.467215	-0.180493	0.500867
6375	3.890991	0.467219	-0.180385	0.500832
6376	3.891602	0.467223	-0.180277	0.500797
6377	3.892212	0.467227	-0.180170	0.500762
6378	3.892822	0.467231	-0.180062	0.500727
6379	3.893433	0.467235	-0.179954	0.500692
6380	3.894043	0.467239	-0.179846	0.500657
6381	3.894653	0.467243	-0.179738	0.500622
6382	3.895264	0.467247	-0.179631	0.500587
6383	3.895874	0.467251	-0.179523	0.500552
6384	3.896484	0.467255	-0.179415	0.500517
6385	3.897095	0.467259	-0.179308	0.500482
6386	3.897705	0.467263	-0.179200	0.500447
6387	3.898315	0.467267	-0.179092	0.500412
6388	3.898926	0.467271	-0.178985	0.500377
6389	3.899536	0.467275	-0.178877	0.500342
6390	3.900146	0.467279	-0.178769	0.500308
6391	3.900757	0.467282	-0.178662	0.500273
6392	3.901367	0.467286	-0.178554	0.500238
6393	3.901978	0.467290	-0.178447	0.500203
6394	3.902588	0.467294	-0.178339	0.500169
6395	3.903198	0.467298	-0.178231	0.500134
6396	3.903809	0.467302	-0.178124	0.500099
6397	3.904419	0.467306	-0.178016	0.500065
6398	3.905029	0.467310	-0.177909	0.500030
6399	3.905640	0.467314	-0.177801	0.499996
6400	3.906250	0.467318	-0.177694	0.499961
6401	3.906860	0.467322	-0.177586	0.499926
6402	3.907471	0.467326	-0.177479	0.499892
6403	3.908081	0.467329	-0.177372	0.499858
6404	3.908691	0.467333	-0.177264	0.499823
6405	3.909302	0.467337	-0.177157	0.499789
6406	3.909912	0.467341	-0.177049	0.499754
6407	3.910522	0.467345	-0.176942	0.499720
6408	3.911133	0.467349	-0.176835	0.499685
6409	3.911743	0.467353	-0.176727	0.499651
6410	3.912354	0.467357	-0.176620	0.499617
6411	3.912964	0.467361	-0.176513	0.499582
6412	3.913574	0.467364	-0.176405	0.499548
6413	3.914185	0.467368	-0.176298	0.499514
6414	3.914795	0.467372	-0.176191	0.499480
6415	3.915405	0.467376	-0.176084	0.499445
6416	3.916016	0.467380	-0.175976	0.499411
6417	3.916626	0.467384	-0.175869	0.499377
6418	3.917236	0.467388	-0.175762	0.499343
6419	3.917847	0.467391	-0.175655	0.499309
6420	3.918457	0.467395	-0.175548	0.499275
6421	3.919067	0.467399	-0.175440	0.499241
6422	3.919678	0.467403	-0.175333	0.499207
6423	3.920288	0.467407	-0.175226	0.499173
6424	3.920898	0.467411	-0.175119	0.499139
6425	3.921509	0.467415	-0.175012	0.499105
6426	3.922119	0.467418	-0.174905	0.499071
6427	3.922729	0.467422	-0.174798	0.499037
6428	3.923340	0.467426	-0.174691	0.499003
6429	3.923950	0.467430	-0.174584	0.498969
6430	3.924561	0.467434	-0.174477	0.498935
6431	3.925171	0.467437	-0.174370	0.498901
6432	3.925781	0.467441	-0.174263	0.498868
6433	3.926392	0.467445	-0.174156	0.498834
6434	3.927002	0.467449	-0.174049	0.498800
6435	3.927612	0.467453	-0.173942	0.498766
6436	3.928223	0.467457	-0.173835	0.498732
6437	3.928833	0.467460	-0.173728	0.498699
6438	3.929443	0.467464	-0.173621	0.498665
6439	3.930054	0.467468	-0.173514	0.498631
6440	3.930664	0.467472	-0.173407	0.498598
6441	3.931274	0.467476	-0.173300	0.498564
6442	3.931885	0.467479	-0.173193	0.498531
6443	3.932495	0.467483	-0.173086	0.498497
6444	3.933105	0.467487	-0.172980	0.498464
6445	3.933716	0.467491	-0.172873	0.498430
6446	3.934326	0.467494	-0.172766	0.498397
6447	3.934937	0.467498	-0.172659	0.498363
6448	3.935547	0.467502	-0.172552	0.498330
6449	3.936157	0.467506	-0.172446	0.498296
6450	3.936768	0.467509	-0.172339	0.498263
6451	3.937378	0.467513	-0.172232	0.498229
6452	3.937988	0.467517	-0.172126	0.498196
6453	3.938599	0.467521	-0.172019	0.498163
6454	3.939209	0.467525	-0.171912	0.498129
6455	3.939819	0.467528	-0.171805	0.498096
6456	3.940430	0.467532	-0.171699	0.498063
6457	3.941040	0.467536	-0.171592	0.498030
6458	3.941650	0.467540	-0.171486	0.497996
6459	3.942261	0.467543	-0.171379	0.497963
6460	3.942871	0.467547	-0.171272	0.497930
6461	3.943481	0.467551	-0.171166	0.497897
6462	3.944092	0.467554	-0.171059	0.497864
6463	3.944702	0.467558	-0.170953	0.497831
6464	3.945313	0.467562	-0.170846	0.497798
6465	3.945923	0.467566	-0.170739	0.497765
6466	3.946533	0.467569	-0.170633	0.497732
6467	3.947144	0.467573	-0.170526	0.497699
6468	3.947754	0.467577	-0.170420	0.497666
6469	3.948364	0.467580	-0.170314	0.497633
6470	3.948975	0.467584	-0.170207	0.497600
6471	3.949585	0.467588	-0.170101	0.497567
6472	3.950195	0.467592	-0.169994	0.497534
6473	3.950806	0.467595	-0.169888	0.497501
6474	3.951416	0.467599	-0.169781	0.497468
6475	3.952026	0.467603	-0.169675	0.497435
6476	3.952637	0.467606	-0.169569	0.497402
6477	3.953247	0.467610	-0.169462	0.497370
6478	3.953857	0.467614	-0.169356	0.497337
6479	3.954468	0.467617	-0.169250	0.497304
6480	3.955078	0.467621	-0.169143	0.497271
6481	3.955688	0.467625	-0.169037	0.497239
6482	3.956299	0.467628	-0.168931	0.497206
6483	3.956909	0.467632	-0.168824	0.497173
6484	3.957520	0.467636	-0.168718	0.497141
6485	3.958130	0.467639	-0.168612	0.497108
6486	3.958740	0.467643	-0.168506	0.497076
6487	3.959351	0.467647	-0.168399	0.497043
6488	3.959961	0.467650	-0.168293	0.497011
6489	3.960571	0.467654	-0.168187	0.496978
6490	3.961182	0.467658	-0.168081	0.496946
6491	3.961792	0.467661	-0.167975	0.496913
6492	3.962402	0.467665	-0.167868	0.496881
6493	3.963013	0.467669	-0.167762	0.496848
6494	3.963623	0.467672	-0.167656	0.496816
6495	3.964233	0.467676	-0.167550	0.496783
6496	3.964844	0.467680	-0.167444	0.496751
6497	3.965454	0.467683	-0.167338	0.496719
6498	3.966064	0.467687	-0.167232	0.496687
6499	3.966675	0.467690	-0.167126	0.496654
6500	3.967285	0.467694	-0.167020	0.496622
6501	3.967896	0.467698	-0.166914	0.496590
6502	3.968506	0.467701	-0.166808	0.496558
6503	3.969116	0.467705	-0.166702	0.496525
6504	3.969727	0.467709	-0.166596	0.496493
6505	3.970337	0.467712	-0.166490	0.496461
6506	3.970947	0.467716	-0.166384	0.496429
6507	3.971558	0.467719	-0.166278	0.496397
6508	3.972168	0.467723	-0.166172	0.496365
6509	3.972778	0.467727	-0.166066	0.496333
6510	3.973389	0.467730	-0.165960	0.496301
6511	3.973999	0.467734	-0.165854	0.496269
6512	3.974609	0.467737	-0.165748	0.496237
6513	3.975220	0.467741	-0.165642	0.496205
6514	3.975830	0.467745	-0.165537	0.496173
6515	3.976440	0.467748	-0.165431	0.496141
6516	3.977051	0.467752	-0.165325	0.496109
6517	3.977661	0.467755	-0.165219	0.496077
6518	3.978271	0.467759	-0.165113	0.496045
6519	3.978882	0.467762	-0.165007	0.496013
6520	3.979492	0.467766	-0.164902	0.495981
6521	3.980103	0.467770	-0.164796	0.495950
6522	3.980713	0.467773	-0.164690	0.495918
6523	3.981323	0.467777	-0.164584	0.495886
6524	3.981934	0.467780	-0.164479	0.495854
6525	3.982544	0.467784	-0.164373	0.495823
6526	3.983154	0.467787	-0.164267	0.495791
6527	3.983765	0.467791	-0.164162	0.495759
6528	3.984375	0.467794	-0.164056	0.495728
6529	3.984985	0.467798	-0.163950	0.495696
6530	3.985596	0.467802	-0.163845	0.495665
6531	3.986206	0.467805	-0.163739	0.495633
6532	3.986816	0.467809	-0.163634	0.495602
6533	3.987427	0.467812	-0.163528	0.495570
6534	3.988037	0.467816	-0.163422	0.495538
6535	3.988647	0.467819	-0.163317	0.495507
6536	3.989258	0.467823	-0.163211	0.495476
6537	3.989868	0.467826	-0.163106	0.495444
6538	3.990479	0.467830	-0.163000	0.495413
6539	3.991089	0.467833	-0.162895	0.495381
6540	3.991699	0.467837	-0.162789	0.495350
6541	3.992310	0.467840	-0.162684	0.495319
6542	3.992920	0.467844	-0.162578	0.495287
6543	3.993530	0.467847	-0.162473	0.495256
6544	3.994141	0.467851	-0.162367	0.495225
6545	3.994751	0.467854	-0.162262	0.495194
6546	3.995361	0.467858	-0.162156	0.495162
6547	3.995972	0.467861	-0.162051	0.495131
6548	3.996582	0.467865	-0.161946	0.495100
6549	3.997192	0.467868	-0.161840	0.495069
6550	3.997803	0.467872	-0.161735	0.495038
6551	3.998413	0.467875	-0.161629	0.495006
6552	3.999023	0.467879	-0.161524	0.494975
6553	3.999634	0.467882	-0.161419	0.494944
6554	4.000244	0.467886	-0.161314	0.494913
6555	4.000854	0.467889	-0.161208	0.494882
6556	4.001465	0.467893	-0.161103	0.494851
6557	4.002075	0.467896	-0.160998	0.494820
6558	4.002686	0.467900	-0.160892	0.494789
6559	4.003296	0.467903	-0.160787	0.494758
6560	4.003906	0.467907	-0.160682	0.494727
6561	4.004517	0.467910	-0.160577	0.494697
6562	4.005127	0.467913	-0.160471	0.494666
6563	4.005737	0.467917	-0.160366	0.494635
6564	4.006348	0.467920	-0.160261	0.494604
6565	4.006958	0.467924	-0.160156	0.494573
6566	4.007568	0.467927	-0.160051	0.494542
6567	4.008179	0.467931	-0.159946	0.494512
6568	4.008789	0.467934	-0.159840	0.494481
6569	4.009399	0.467938	-0.159735	0.494450
6570	4.010010	0.467941	-0.159630	0.494419
6571	4.010620	0.467944	-0.159525	0.494389
6572	4.011230	0.467948	-0.159420	0.494358
6573	4.011841	0.467951	-0.159315	0.494327
6574	4.012451	0.467955	-0.159210	0.494297
6575	4.013062	0.467958	-0.159105	0.494266
6576	4.013672	0.467962	-0.159000	0.494236
6577	4.014282	0.467965	-0.158895	0.494205
6578	4.014893	0.467968	-0.158790	0.494175
6579	4.015503	0.467972	-0.158685	0.494144
6580	4.016113	0.467975	-0.158580	0.494114
6581	4.016724	0.467979	-0.158475	0.494083
6582	4.017334	0.467982	-0.158370	0.494053
6583	4.017944	0.467985	-0.158265	0.494022
6584	4.018555	0.467989	-0.158160	0.493992
6585	4.019165	0.467992	-0.158055	0.493962
6586	4.019775	0.467996	-0.157950	0.493931
6587	4.020386	0.467999	-0.157845	0.493901
6588	4.020996	0.468002	-0.157741	0.493871
6589	4.021606	0.468006	-0.157636	0.493840
6590	4.022217	0.468009	-0.157531	0.493810
6591	4.022827	0.468012	-0.157426	0.493780
6592	4.023438	0.468016	-0.157321	0.493750
6593	4.024048	0.468019	-0.157216	0.493720
6594	4.024658	0.468023	-0.157112	0.493689
6595	4.025269	0.468026	-0.157007	0.493659
6596	4.025879	0.468029	-0.156902	0.493629
6597	4.026489	0.468033	-0.156797	0.493599
6598	4.027100	0.468036	-0.156693	0.493569
6599	4.027710	0.468039	-0.156588	0.493539
6600	4.028320	0.468043	-0.156483	0.493509
6601	4.028931	0.468046	-0.156378	0.493479
6602	4.029541	0.468049	-0.156274	0.493449
6603	4.030151	0.468053	-0.156169	0.493419
6604	4.030762	0.468056	-0.156064	0.493389
6605	4.031372	0.468059	-0.155960	0.493359
6606	4.031982	0.468063	-0.155855	0.493329
6607	4.032593	0.468066	-0.155750	0.493299
6608	4.033203	0.468069	-0.155646	0.493269
6609	4.033813	0.468073	-0.155541	0.493240
6610	4.034424	0.468076	-0.155437	0.493210
6611	4.035034	0.468079	-0.155332	0.493180
6612	4.035645	0.468083	-0.155227	0.493150
6613	4.036255	0.468086	-0.155123	0.493120
6614	4.036865	0.468089	-0.155018	0.493091
6615	4.037476	0.468093	-0.154914	0.493061
6616	4.038086	0.468096	-0.154809	0.493031
6617	4.038696	0.468099	-0.154705	0.493002
6618	4.039307	0.468103	-0.154600	0.492972
6619	4.039917	0.468106	-0.154496	0.492942
6620	4.040527	0.468109	-0.154391	0.492913
6621	4.041138	0.468113	-0.154287	0.492883
6622	4.041748	0.468116	-0.154182	0.492854
6623	4.042358	0.468119	-0.154078	0.492824
6624	4.042969	0.468122	-0.153974	0.492795
6625	4.043579	0.468126	-0.153869	0.492765
6626	4.044189	0.468129	-0.153765	0.492736
6627	4.044800	0.468132	-0.153660	0.492706
6628	4.045410	0.468136	-0.153556	0.492677
6629	4.046021	0.468139	-0.153452	0.492647
6630	4.046631	0.468142	-0.153347	0.492618
6631	4.047241	0.468145	-0.153243	0.492589
6632	4.047852	0.468149	-0.153139	0.492559
6633	4.048462	0.468152	-0.153034	0.492530
6634	4.049072	0.468155	-0.152930	0.492501
6635	4.049683	0.468158	-0.152826	0.492471
6636	4.050293	0.468162	-0.152722	0.492442
6637	4.050903	0.468165	-0.152617	0.492413
6638	4.051514	0.468168	-0.152513	0.492384
6639	4.052124	0.468171	-0.152409	0.492355
6640	4.052734	0.468175	-0.152305	0.492325
6641	4.053345	0.468178	-0.152200	0.492296
6642	4.053955	0.468181	-0.152096	0.492267
6643	4.054565	0.468184	-0.151992	0.492238
6644	4.055176	0.468188	-0.151888	0.492209
6645	4.055786	0.468191	-0.151784	0.492180
6646	4.056396	0.468194	-0.151680	0.492151
6647	4.057007	0.468197	-0.151575	0.492122
6648	4.057617	0.468201	-0.151471	0.492093
6649	4.058228	0.468204	-0.151367	0.492064
6650	4.058838	0.468207	-0.151263	0.492035
6651	4.059448	0.468210	-0.151159	0.492006
6652	4.060059	0.468213	-0.151055	0.491977
6653	4.060669	0.468217	-0.150951	0.491948
6654	4.061279	0.468220	-0.150847	0.491919
6655	4.061890	0.468223	-0.150743	0.491891
6656	4.062500	0.468226	-0.150639	0.491862
6657	4.063110	0.468230	-0.150535	0.491833
6658	4.063721	0.468233	-0.150431	0.491804
6659	4.064331	0.468236	-0.150327	0.491775
6660	4.064941	0.468239	-0.150223	0.491747
6661	4.065552	0.468242	-0.150119	0.491718
6662	4.066162	0.468246	-0.150015	0.491689
6663	4.066772	0.468249	-0.149911	0.491661
6664	4.067383	0.468252	-0.149807	0.491632
6665	4.067993	0.468255	-0.149703	0.491603
6666	4.068604	0.468258	-0.149599	0.491575
6667	4.069214	0.468261	-0.149495	0.491546
6668	4.069824	0.468265	-0.149392	0.491518
6669	4.070435	0.468268	-0.149288	0.491489
6670	4.071045	0.468271	-0.149184	0.491461
6671	4.071655	0.468274	-0.149080	0.491432
6672	4.072266	0.468277	-0.148976	0.491404
6673	4.072876	0.468280	-0.148872	0.491375
6674	4.073486	0.468284	-0.148769	0.491347
6675	4.074097	0.468287	-0.148665	0.491318
6676	4.074707	0.468290	-0.148561	0.491290
6677	4.075317	0.468293	-0.148457	0.491262
6678	4.075928	0.468296	-0.148353	0.491233
6679	4.076538	0.468299	-0.148250	0.491205
6680	4.077148	0.468303	-0.148146	0.491177
6681	4.077759	0.468306	-0.148042	0.491148
6682	4.078369	0.468309	-0.147939	0.491120
6683	4.078979	0.468312	-0.147835	0.491092
6684	4.079590	0.468315	-0.147731	0.491064
6685	4.080200	0.468318	-0.147627	0.491035
6686	4.080811	0.468321	-0.147524	0.491007
6687	4.081421	0.468324	-0.147420	0.490979
6688	4.082031	0.468328	-0.147317	0.490951
6689	4.082642	0.468331	-0.147213	0.490923
6690	4.083252	0.468334	-0.147109	0.490895
6691	4.083862	0.468337	-0.147006	0.490867
6692	4.084473	0.468340	-0.146902	0.490839
6693	4.085083	0.468343	-0.146799	0.490811
6694	4.085693	0.468346	-0.146695	0.490783
6695	4.086304	0.468349	-0.146591	0.490755
6696	4.086914	0.468352	-0.146488	0.490727
6697	4.087524	0.468356	-0.146384	0.490699
6698	4.088135	0.468359	-0.146281	0.490671
6699	4.088745	0.468362	-0.146177	0.490643
6700	4.089355	0.468365	-0.146074	0.490615
6701	4.089966	0.468368	-0.145970	0.490587
6702	4.090576	0.468371	-0.145867	0.490559
6703	4.091187	0.468374	-0.145763	0.490532
6704	4.091797	0.468377	-0.145660	0.490504
6705	4.092407	0.468380	-0.145556	0.490476
6706	4.093018	0.468383	-0.145453	0.490448
6707	4.093628	0.468386	-0.145350	0.490421
6708	4.094238	0.468390	-0.145246	0.490393
6709	4.094849	0.468393	-0.145143	0.490365
6710	4.095459	0.468396	-0.145039	0.490338
6711	4.096069	0.468399	-0.144936	0.490310
6712	4.096680	0.468402	-0.144833	0.490282
6713	4.097290	0.468405	-0.144729	0.490255
6714	4.097900	0.468408	-0.144626	0.490227
6715	4.098511	0.468411	-0.144523	0.490200
6716	4.099121	0.468414	-0.144419	0.490172
6717	4.099731	0.468417	-0.144316	0.490145
6718	4.100342	0.468420	-0.144213	0.490117
6719	4.100952	0.468423	-0.144110	0.490090
6720	4.101563	0.468426	-0.144006	0.490062
6721	4.102173	0.468429	-0.143903	0.490035
6722	4.102783	0.468432	-0.143800	0.490007
6723	4.103394	0.468435	-0.143697	0.489980
6724	4.104004	0.468438	-0.143593	0.489953
6725	4.104614	0.468441	-0.143490	0.489925
6726	4.105225	0.468444	-0.143387	0.489898
6727	4.105835	0.468447	-0.143284	0.489871
6728	4.106445	0.468450	-0.143181	0.489843
6729	4.107056	0.468453	-0.143077	0.489816
6730	4.107666	0.468456	-0.142974	0.489789
6731	4.108276	0.468459	-0.142871	0.489762
6732	4.108887	0.468463	-0.142768	0.489734
6733	4.109497	0.468466	-0.142665	0.489707
6734	4.110107	0.468469	-0.142562	0.489680
6735	4.110718	0.468472	-0.142459	0.489653
6736	4.111328	0.468475	-0.142356	0.489626
6737	4.111938	0.468478	-0.142253	0.489599
6738	4.112549	0.468481	-0.142150	0.489572
6739	4.113159	0.468484	-0.142047	0.489545
6740	4.113770	0.468487	-0.141943	0.489518
6741	4.114380	0.468490	-0.141840	0.489491
6742	4.114990	0.468492	-0.141737	0.489464
6743	4.115601	0.468495	-0.141634	0.489437
6744	4.116211	0.468498	-0.141531	0.489410
6745	4.116821	0.468501	-0.141429	0.489383
6746	4.117432	0.468504	-0.141326	0.489356
6747	4.118042	0.468507	-0.141223	0.489329
6748	4.118652	0.468510	-0.141120	0.489302
6749	4.119263	0.468513	-0.141017	0.489275
6750	4.119873	0.468516	-0.140914	0.489249
6751	4.120483	0.468519	-0.140811	0.489222
6752	4.121094	0.468522	-0.140708	0.489195
6753	4.121704	0.468525	-0.140605	0.489168
6754	4.122314	0.468528	-0.140502	0.489142
6755	4.122925	0.468531	-0.140399	0.489115
6756	4.123535	0.468534	-0.140297	0.489088
6757	4.124146	0.468537	-0.140194	0.489062
6758	4.124756	0.468540	-0.140091	0.489035
6759	4.125366	0.468543	-0.139988	0.489008
6760	4.125977	0.468546	-0.139885	0.488982
6761	4.126587	0.468549	-0.139782	0.488955
6762	4.127197	0.468552	-0.139680	0.488929
6763	4.127808	0.468555	-0.139577	0.488902
6764	4.128418	0.468558	-0.139474	0.488875
6765	4.129028	0.468561	-0.139371	0.488849
6766	4.129639	0.468563	-0.139269	0.488823
6767	4.130249	0.468566	-0.139166	0.488796
6768	4.130859	0.468569	-0.139063	0.488770
6769	4.131470	0.468572	-0.138960	0.488743
6770	4.132080	0.468575	-0.138858	0.488717
6771	4.132690	0.468578	-0.138755	0.488690
6772	4.133301	0.468581	-0.138652	0.488664
6773	4.133911	0.468584	-0.138550	0.488638
6774	4.134521	0.468587	-0.138447	0.488611
6775	4.135132	0.468590	-0.138344	0.488585
6776	4.135742	0.468593	-0.138242	0.488559
6777	4.136353	0.468595	-0.138139	0.488533
6778	4.136963	0.468598	-0.138037	0.488506
6779	4.137573	0.468601	-0.137934	0.488480
6780	4.138184	0.468604	-0.137831	0.488454
6781	4.138794	0.468607	-0.137729	0.488428
6782	4.139404	0.468610	-0.137626	0.488402
6783	4.140015	0.468613	-0.137524	0.488376
6784	4.140625	0.468616	-0.137421	0.488350
6785	4.141235	0.468619	-0.137319	0.488323
6786	4.141846	0.468621	-0.137216	0.488297
6787	4.142456	0.468624	-0.137114	0.488271
6788	4.143066	0.468627	-0.137011	0.488245
6789	4.143677	0.468630	-0.136909	0.488219
6790	4.144287	0.468633	-0.136806	0.488193
6791	4.144897	0.468636	-0.136704	0.488167
6792	4.145508	0.468639	-0.136601	0.488142
6793	4.146118	0.468642	-0.136499	0.488116
6794	4.146729	0.468644	-0.136396	0.488090
6795	4.147339	0.468647	-0.136294	0.488064
6796	4.147949	0.468650	-0.136191	0.488038
6797	4.148560	0.468653	-0.136089	0.488012
6798	4.149170	0.468656	-0.135987	0.487986
6799	4.149780	0.468659	-0.135884	0.487961
6800	4.150391	0.468662	-0.135782	0.487935
6801	4.151001	0.468664	-0.135680	0.487909
6802	4.151611	0.468667	-0.135577	0.487883
6803	4.152222	0.468670	-0.135475	0.487858
6804	4.152832	0.468673	-0.135373	0.487832
6805	4.153442	0.468676	-0.135270	0.487806
6806	4.154053	0.468679	-0.135168	0.487781
6807	4.154663	0.468681	-0.135066	0.487755
6808	4.155273	0.468684	-0.134963	0.487729
6809	4.155884	0.468687	-0.134861	0.487704
6810	4.156494	0.468690	-0.134759	0.487678
6811	4.157104	0.468693	-0.134657	0.487653
6812	4.157715	0.468695	-0.134554	0.487627
6813	4.158325	0.468698	-0.134452	0.487602
6814	4.158936	0.468701	-0.134350	0.487576
6815	4.159546	0.468704	-0.134248	0.487551
6816	4.160156	0.468707	-0.134146	0.487525
6817	4.160767	0.468710	-0.134043	0.487500
6818	4.161377	0.468712	-0.133941	0.487475
6819	4.161987	0.468715	-0.133839	0.487449
6820	4.162598	0.468718	-0.133737	0.487424
6821	4.163208	0.468721	-0.133635	0.487399
6822	4.163818	0.468723	-0.133533	0.487373
6823	4.164429	0.468726	-0.133430	0.487348
6824	4.165039	0.468729	-0.133328	0.487323
6825	4.165649	0.468732	-0.133226	0.487297
6826	4.166260	0.468735	-0.133124	0.487272
6827	4.166870	0.468737	-0.133022	0.487247
6828	4.167480	0.468740	-0.132920	0.487222
6829	4.168091	0.468743	-0.132818	0.487197
6830	4.168701	0.468746	-0.132716	0.487171
6831	4.169312	0.468748	-0.132614	0.487146
6832	4.169922	0.468751	-0.132512	0.487121
6833	4.170532	0.468754	-0.132410	0.487096
6834	4.171143	0.468757	-0.132308	0.487071
6835	4.171753	0.468760	-0.132206	0.487046
6836	4.172363	0.468762	-0.132104	0.487021
6837	4.172974	0.468765	-0.132002	0.486996
6838	4.173584	0.468768	-0.131900	0.486971
6839	4.174194	0.468771	-0.131798	0.486946
6840	4.174805	0.468773	-0.131696	0.486921
6841	4.175415	0.468776	-0.131594	0.486896
6842	4.176025	0.468779	-0.131492	0.486871
6843	4.176636	0.468782	-0.131390	0.486846
6844	4.177246	0.468784	-0.131288	0.486822
6845	4.177856	0.468787	-0.131186	0.486797
6846	4.178467	0.468790	-0.131085	0.486772
6847	4.179077	0.468792	-0.130983	0.486747
6848	4.179688	0.468795	-0.130881	0.486722
6849	4.180298	0.468798	-0.130779	0.486698
6850	4.180908	0.468801	-0.130677	0.486673
6851	4.181519	0.468803	-0.130575	0.486648
6852	4.182129	0.468806	-0.130473	0.486624
6853	4.182739	0.468809	-0.130372	0.486599
6854	4.183350	0.468812	-0.130270	0.486574
6855	4.183960	0.468814	-0.130168	0.486550
6856	4.184570	0.468817	-0.130066	0.486525
6857	4.185181	0.468820	-0.129964	0.486500
6858	4.185791	0.468822	-0.129863	0.486476
6859	4.186401	0.468825	-0.129761	0.486451
6860	4.187012	0.468828	-0.129659	0.486427
6861	4.187622	0.468830	-0.129558	0.486402
6862	4.188232	0.468833	-0.129456	0.486378
6863	4.188843	0.468836	-0.129354	0.486353
6864	4.189453	0.468839	-0.129252	0.486329
6865	4.190063	0.468841	-0.129151	0.486304
6866	4.190674	0.468844	-0.129049	0.486280
6867	4.191284	0.468847	-0.128947	0.486256
6868	4.191895	0.468849	-0.128846	0.486231
6869	4.192505	0.468852	-0.128744	0.486207
6870	4.193115	0.468855	-0.128642	0.486183
6871	4.193726	0.468857	-0.128541	0.486158
6872	4.194336	0.468860	-0.128439	0.486134
6873	4.194946	0.468863	-0.128338	0.486110
6874	4.195557	0.468865	-0.128236	0.486086
6875	4.196167	0.468868	-0.128134	0.486061
6876	4.196777	0.468871	-0.128033	0.486037
6877	4.197388	0.468873	-0.127931	0.486013
6878	4.197998	0.468876	-0.127830	0.485989
6879	4.198608	0.468879	-0.127728	0.485965
6880	4.199219	0.468881	-0.127627	0.485940
6881	4.199829	0.468884	-0.127525	0.485916
6882	4.200439	0.468887	-0.127424	0.485892
6883	4.201050	0.468889	-0.127322	0.485868
6884	4.201660	0.468892	-0.127221	0.485844
6885	4.202271	0.468894	-0.127119	0.485820
6886	4.202881	0.468897	-0.127018	0.485796
6887	4.203491	0.468900	-0.126916	0.485772
6888	4.204102	0.468902	-0.126815	0.485748
6889	4.204712	0.468905	-0.126713	0.485724
6890	4.205322	0.468908	-0.126612	0.485700
6891	4.205933	0.468910	-0.126510	0.485677
6892	4.206543	0.468913	-0.126409	0.485653
6893	4.207153	0.468915	-0.126308	0.485629
6894	4.207764	0.468918	-0.126206	0.485605
6895	4.208374	0.468921	-0.126105	0.485581
6896	4.208984	0.468923	-0.126003	0.485557
6897	4.209595	0.468926	-0.125902	0.485534
6898	4.210205	0.468929	-0.125801	0.485510
6899	4.210815	0.468931	-0.125699	0.485486
6900	4.211426	0.468934	-0.125598	0.485462
6901	4.212036	0.468936	-0.125497	0.485439
6902	4.212646	0.468939	-0.125395	0.485415
6903	4.213257	0.468942	-0.125294	0.485391
6904	4.213867	0.468944	-0.125193	0.485368
6905	4.214478	0.468947	-0.125092	0.485344
6906	4.215088	0.468949	-0.124990	0.485321
6907	4.215698	0.468952	-0.124889	0.485297
6908	4.216309	0.468955	-0.124788	0.485273
6909	4.216919	0.468957	-0.124687	0.485250
6910	4.217529	0.468960	-0.124585	0.485226
6911	4.218140	0.468962	-0.124484	0.485203
6912	4.218750	0.468965	-0.124383	0.485179
6913	4.219360	0.468967	-0.124282	0.485156
6914	4.219971	0.468970	-0.124180	0.485133
6915	4.220581	0.468973	-0.124079	0.485109
6916	4.221191	0.468975	-0.123978	0.485086
6917	4.221802	0.468978	-0.123877	0.485062
6918	4.222412	0.468980	-0.123776	0.485039
6919	4.223022	0.468983	-0.123675	0.485016
6920	4.223633	0.468985	-0.123573	0.484992
6921	4.224243	0.468988	-0.123472	0.484969
6922	4.224854	0.468990	-0.123371	0.484946
6923	4.225464	0.468993	-0.123270	0.484923
6924	4.226074	0.468996	-0.123169	0.484899
6925	4.226685	0.468998	-0.123068	0.484876
6926	4.227295	0.469001	-0.122967	0.484853
6927	4.227905	0.469003	-0.122866	0.484830
6928	4.228516	0.469006	-0.122765	0.484807
6929	4.229126	0.469008	-0.122664	0.484784
6930	4.229736	0.469011	-0.122563	0.484760
6931	4.230347	0.469013	-0.122462	0.484737
6932	4.230957	0.469016	-0.122361	0.484714
6933	4.231567	0.469018	-0.122260	0.484691
6934	4.232178	0.469021	-0.122159	0.484668
6935	4.232788	0.469023	-0.122058	0.484645
6936	4.233398	0.469026	-0.121957	0.484622
6937	4.234009	0.469028	-0.121856	0.484599
6938	4.234619	0.469031	-0.121755	0.484576
6939	4.235229	0.469033	-0.121654	0.484553
6940	4.235840	0.469036	-0.121553	0.484531
6941	4.236450	0.469039	-0.121452	0.484508
6942	4.237061	0.469041	-0.121351	0.484485
6943	4.237671	0.469044	-0.121250	0.484462
6944	4.238281	0.469046	-0.121149	0.484439
6945	4.238892	0.469049	-0.121048	0.484416
6946	4.239502	0.469051	-0.120947	0.484394
6947	4.240112	0.469054	-0.120846	0.484371
6948	4.240723	0.469056	-0.120745	0.484348
6949	4.241333	0.469059	-0.120645	0.484325
6950	4.241943	0.469061	-0.120544	0.484303
6951	4.242554	0.469063	-0.120443	0.484280
6952	4.243164	0.469066	-0.120342	0.484257
6953	4.243774	0.469068	-0.120241	0.484235
6954	4.244385	0.469071	-0.120140	0.484212
6955	4.244995	0.469073	-0.120040	0.484189
6956	4.245605	0.469076	-0.119939	0.484167
6957	4.246216	0.469078	-0.119838	0.484144
6958	4.246826	0.469081	-0.119737	0.484122
6959	4.247437	0.469083	-0.119637	0.484099
6960	4.248047	0.469086	-0.119536	0.484077
6961	4.248657	0.469088	-0.119435	0.484054
6962	4.249268	0.469091	-0.119334	0.484032
6963	4.249878	0.469093	-0.119234	0.484009
6964	4.250488	0.469096	-0.119133	0.483987
6965	4.251099	0.469098	-0.119032	0.483964
6966	4.251709	0.469100	-0.118931	0.483942
6967	4.252319	0.469103	-0.118831	0.483920
6968	4.252930	0.469105	-0.118730	0.483897
6969	4.253540	0.469108	-0.118629	0.483875
6970	4.254150	0.469110	-0.118529	0.483853
6971	4.254761	0.469113	-0.118428	0.483830
6972	4.255371	0.469115	-0.118327	0.483808
6973	4.255981	0.469118	-0.118227	0.483786
6974	4.256592	0.469120	-0.118126	0.483764
6975	4.257202	0.469122	-0.118026	0.483742
6976	4.257813	0.469125	-0.117925	0.483719
6977	4.258423	0.469127	-0.117824	0.483697
6978	4.259033	0.469130	-0.117724	0.483675
6979	4.259644	0.469132	-0.117623	0.483653
6980	4.260254	0.469135	-0.117523	0.483631
6981	4.260864	0.469137	-0.117422	0.483609
6982	4.261475	0.469139	-0.117321	0.483587
6983	4.262085	0.469142	-0.117221	0.483565
6984	4.262695	0.469144	-0.117120	0.483543
6985	4.263306	0.469147	-0.117020	0.483521
6986	4.263916	0.469149	-0.116919	0.483499
6987	4.264526	0.469151	-0.116819	0.483477
6988	4.265137	0.469154	-0.116718	0.483455
6989	4.265747	0.469156	-0.116618	0.483433
6990	4.266357	0.469159	-0.116517	0.483411
6991	4.266968	0.469161	-0.116417	0.483389
6992	4.267578	0.469163	-0.116316	0.483367
6993	4.268188	0.469166	-0.116216	0.483345
6994	4.268799	0.469168	-0.116116	0.483323
6995	4.269409	0.469171	-0.116015	0.483302
6996	4.270020	0.469173	-0.115915	0.483280
6997	4.270630	0.469175	-0.115814	0.483258
6998	4.271240	0.469178	-0.115714	0.483236
6999	4.271851	0.469180	-0.115613	0.483215
7000	4.272461	0.469182	-0.115513	0.483193
7001	4.273071	0.469185	-0.115413	0.483171
7002	4.273682	0.469187	-0.115312	0.483150
7003	4.274292	0.469190	-0.115212	0.483128
7004	4.274902	0.469192	-0.115112	0.483106
7005	4.275513	0.469194	-0.115011	0.483085
7006	4.276123	0.469197	-0.114911	0.483063
7007	4.276733	0.469199	-0.114811	0.483042
7008	4.277344	0.469201	-0.114710	0.483020
7009	4.277954	0.469204	-0.114610	0.482998
7010	4.278564	0.469206	-0.114510	0.482977
7011	4.279175	0.469208	-0.114409	0.482955
7012	4.279785	0.469211	-0.114309	0.482934
7013	4.280396	0.469213	-0.114209	0.482913
7014	4.281006	0.469215	-0.114109	0.482891
7015	4.281616	0.469218	-0.114008	0.482870
7016	4.282227	0.469220	-0.113908	0.482848
7017	4.282837	0.469222	-0.113808	0.482827
7018	4.283447	0.469225	-0.113708	0.482806
7019	4.284058	0.469227	-0.113607	0.482784
7020	4.284668	0.469229	-0.113507	0.482763
7021	4.285278	0.469232	-0.113407	0.482742
7022	4.285889	0.469234	-0.113307	0.482720
7023	4.286499	0.469236	-0.113207	0.482699
7024	4.287109	0.469239	-0.113106	0.482678
7025	4.287720	0.469241	-0.113006	0.482657
7026	4.288330	0.469243	-0.112906	0.482636
7027	4.288940	0.469246	-0.112806	0.482614
7028	4.289551	0.469248	-0.112706	0.482593
7029	4.290161	0.469250	-0.112606	0.482572
7030	4.290771	0.469253	-0.112506	0.482551
7031	4.291382	0.469255	-0.112405	0.482530
7032	4.291992	0.469257	-0.112305	0.482509
7033	4.292603	0.469259	-0.112205	0.482488
7034	4.293213	0.469262	-0.112105	0.482467
7035	4.293823	0.469264	-0.112005	0.482446
7036	4.294434	0.469266	-0.111905	0.482425
7037	4.295044	0.469269	-0.111805	0.482404
7038	4.295654	0.469271	-0.111705	0.482383
7039	4.296265	0.469273	-0.111605	0.482362
7040	4.296875	0.469275	-0.111505	0.482341
7041	4.297485	0.469278	-0.111405	0.482320
7042	4.298096	0.469280	-0.111305	0.482299
7043	4.298706	0.469282	-0.111205	0.482278
7044	4.299316	0.469285	-0.111105	0.482257
7045	4.299927	0.469287	-0.111005	0.482237
7046	4.300537	0.469289	-0.110905	0.482216
7047	4.301147	0.469291	-0.110805	0.482195
7048	4.301758	0.469294	-0.110705	0.482174
7049	4.302368	0.469296	-0.110605	0.482154
7050	4.302979	0.469298	-0.110505	0.482133
7051	4.303589	0.469300	-0.110405	0.482112
7052	4.304199	0.469303	-0.110305	0.482092
7053	4.304810	0.469305	-0.110205	0.482071
7054	4.305420	0.469307	-0.110105	0.482050
7055	4.306030	0.469309	-0.110005	0.482030
7056	4.306641	0.469312	-0.109905	0.482009
7057	4.307251	0.469314	-0.109805	0.481988
7058	4.307861	0.469316	-0.109706	0.481968
7059	4.308472	0.469318	-0.109606	0.481947
7060	4.309082	0.469321	-0.109506	0.481927
7061	4.309692	0.469323	-0.109406	0.481906
7062	4.310303	0.469325	-0.109306	0.481886
7063	4.310913	0.469327	-0.109206	0.481865
7064	4.311523	0.469330	-0.109106	0.481845
7065	4.312134	0.469332	-0.109007	0.481824
7066	4.312744	0.469334	-0.108907	0.481804
7067	4.313354	0.469336	-0.108807	0.481784
7068	4.313965	0.469338	-0.108707	0.481763
7069	4.314575	0.469341	-0.108607	0.481743
7070	4.315186	0.469343	-0.108508	0.481723
7071	4.315796	0.469345	-0.108408	0.481702
7072	4.316406	0.469347	-0.108308	0.481682
7073	4.317017	0.469350	-0.108208	0.481662
7074	4.317627	0.469352	-0.108109	0.481642
7075	4.318237	0.469354	-0.108009	0.481621
7076	4.318848	0.469356	-0.107909	0.481601
7077	4.319458	0.469358	-0.107809	0.481581
7078	4.320068	0.469361	-0.107710	0.481561
7079	4.320679	0.469363	-0.107610	0.481541
7080	4.321289	0.469365	-0.107510	0.481520
7081	4.321899	0.469367	-0.107411	0.481500
7082	4.322510	0.469369	-0.107311	0.481480
7083	4.323120	0.469372	-0.107211	0.481460
7084	4.323730	0.469374	-0.107112	0.481440
7085	4.324341	0.469376	-0.107012	0.481420
7086	4.324951	0.469378	-0.106912	0.481400
7087	4.325562	0.469380	-0.106813	0.481380
7088	4.326172	0.469382	-0.106713	0.481360
7089	4.326782	0.469385	-0.106613	0.481340
7090	4.327393	0.469387	-0.106514	0.481320
7091	4.328003	0.469389	-0.106414	0.481300
7092	4.328613	0.469391	-0.106315	0.481280
7093	4.329224	0.469393	-0.106215	0.481261
7094	4.329834	0.469395	-0.106115	0.481241
7095	4.330444	0.469398	-0.106016	0.481221
7096	4.331055	0.469400	-0.105916	0.481201
7097	4.331665	0.469402	-0.105817	0.481181
7098	4.332275	0.469404	-0.105717	0.481161
7099	4.332886	0.469406	-0.105618	0.481142
7100	4.333496	0.469408	-0.105518	0.481122
7101	4.334106	0.469411	-0.105419	0.481102
7102	4.334717	0.469413	-0.105319	0.481082
7103	4.335327	0.469415	-0.105220	0.481063
7104	4.335938	0.469417	-0.105120	0.481043
7105	4.336548	0.469419	-0.105021	0.481023
7106	4.337158	0.469421	-0.104921	0.481004
7107	4.337769	0.469423	-0.104822	0.480984
7108	4.338379	0.469425	-0.104722	0.480965
7109	4.338989	0.469428	-0.104623	0.480945
7110	4.339600	0.469430	-0.104523	0.480926
7111	4.340210	0.469432	-0.104424	0.480906
7112	4.340820	0.469434	-0.104324	0.480887
7113	4.341431	0.469436	-0.104225	0.480867
7114	4.342041	0.469438	-0.104126	0.480848
7115	4.342651	0.469440	-0.104026	0.480828
7116	4.343262	0.469442	-0.103927	0.480809
7117	4.343872	0.469445	-0.103827	0.480789
7118	4.344482	0.469447	-0.103728	0.480770
7119	4.345093	0.469449	-0.103629	0.480750
7120	4.345703	0.469451	-0.103529	0.480731
7121	4.346313	0.469453	-0.103430	0.480712
7122	4.346924	0.469455	-0.103330	0.480692
7123	4.347534	0.469457	-0.103231	0.480673
7124	4.348145	0.469459	-0.103132	0.480654
7125	4.348755	0.469461	-0.103032	0.480635
7126	4.349365	0.469463	-0.102933	0.480615
7127	4.349976	0.469466	-0.102834	0.480596
7128	4.350586	0.469468	-0.102735	0.480577
7129	4.351196	0.469470	-0.102635	0.480558
7130	4.351807	0.469472	-0.102536	0.480539
7131	4.352417	0.469474	-0.102437	0.480520
7132	4.353027	0.469476	-0.102337	0.480500
7133	4.353638	0.469478	-0.102238	0.480481
7134	4.354248	0.469480	-0.102139	0.480462
7135	4.354858	0.469482	-0.102040	0.480443
7136	4.355469	0.469484	-0.101940	0.480424
7137	4.356079	0.469486	-0.101841	0.480405
7138	4.356689	0.469488	-0.101742	0.480386
7139	4.357300	0.469490	-0.101643	0.480367
7140	4.357910	0.469493	-0.101543	0.480348
7141	4.358521	0.469495	-0.101444	0.480329
7142	4.359131	0.469497	-0.101345	0.480310
7143	4.359741	0.469499	-0.101246	0.480291
7144	4.360352	0.469501	-0.101147	0.480272
7145	4.360962	0.469503	-0.101048	0.480254
7146	4.361572	0.469505	-0.100948	0.480235
7147	4.362183	0.469507	-0.100849	0.480216
7148	4.362793	0.469509	-0.100750	0.480197
7149	4.363403	0.469511	-0.100651	0.480178
7150	4.364014	0.469513	-0.100552	0.480159
7151	4.364624	0.469515	-0.100453	0.480141
7152	4.365234	0.469517	-0.100354	0.480122
7153	4.365845	0.469519	-0.100254	0.480103
7154	4.366455	0.469521	-0.100155	0.480085
7155	4.367065	0.469523	-0.100056	0.480066
7156	4.367676	0.469525	-0.099957	0.480047
7157	4.368286	0.469527	-0.099858	0.480029
7158	4.368896	0.469529	-0.099759	0.480010
7159	4.369507	0.469531	-0.099660	0.479991
7160	4.370117	0.469533	-0.099561	0.479973
7161	4.370728	0.469535	-0.099462	0.479954
7162	4.371338	0.469537	-0.099363	0.479936
7163	4.371948	0.469539	-0.099264	0.479917
7164	4.372559	0.469541	-0.099165	0.479899
7165	4.373169	0.469543	-0.099066	0.479880
7166	4.373779	0.469545	-0.098967	0.479862
7167	4.374390	0.469547	-0.098868	0.479843
7168	4.375000	0.469549	-0.098769	0.479825
7169	4.375610	0.469551	-0.098670	0.479806
7170	4.376221	0.469553	-0.098571	0.479788
7171	4.376831	0.469555	-0.098472	0.479770
7172	4.377441	0.469557	-0.098373	0.479751
7173	4.378052	0.469559	-0.098274	0.479733
7174	4.378662	0.469561	-0.098175	0.479715
7175	4.379272	0.469563	-0.098076	0.479696
7176	4.379883	0.469565	-0.097977	0.479678
7177	4.380493	0.469567	-0.097878	0.479660
7178	4.381104	0.469569	-0.097779	0.479642
7179	4.381714	0.469571	-0.097680	0.479623
7180	4.382324	0.469573	-0.097581	0.479605
7181	4.382935	0.469575	-0.097482	0.479587
7182	4.383545	0.469577	-0.097384	0.479569
7183	4.384155	0.469579	-0.097285	0.479551
7184	4.384766	0.469581	-0.097186	0.479533
7185	4.385376	0.469583	-0.097087	0.479514
7186	4.385986	0.469585	-0.096988	0.479496
7187	4.386597	0.469587	-0.096889	0.479478
7188	4.387207	0.469589	-0.096790	0.479460
7189	4.387817	0.469591	-0.096692	0.479442
7190	4.388428	0.469593	-0.096593	0.479424
7191	4.389038	0.469595	-0.096494	0.479406
7192	4.389648	0.469597	-0.096395	0.479388
7193	4.390259	0.469599	-0.096296	0.479370
7194	4.390869	0.469601	-0.096197	0.479352
7195	4.391479	0.469603	-0.096099	0.479334
7196	4.392090	0.469605	-0.096000	0.479317
7197	4.392700	0.469606	-0.095901	0.479299
7198	4.393311	0.469608	-0.095802	0.479281
7199	4.393921	0.469610	-0.095704	0.479263
7200	4.394531	0.469612	-0.095605	0.479245
7201	4.395142	0.469614	-0.095506	0.479227
7202	4.395752	0.469616	-0.095407	0.479210
7203	4.396362	0.469618	-0.095309	0.479192
7204	4.396973	0.469620	-0.095210	0.479174
7205	4.397583	0.469622	-0.095111	0.479156
7206	4.398193	0.469624	-0.095012	0.479139
7207	4.398804	0.469626	-0.094914	0.479121
7208	4.399414	0.469628	-0.094815	0.479103
7209	4.400024	0.469630	-0.094716	0.479086
7210	4.400635	0.469631	-0.094618	0.479068
7211	4.401245	0.469633	-0.094519	0.479050
7212	4.401855	0.469635	-0.094420	0.479033
7213	4.402466	0.469637	-0.094322	0.479015
7214	4.403076	0.469639	-0.094223	0.478998
7215	4.403687	0.469641	-0.094124	0.478980
7216	4.404297	0.469643	-0.094026	0.478963
7217	4.404907	0.469645	-0.093927	0.478945
7218	4.405518	0.469647	-0.093828	0.478928
7219	4.406128	0.469649	-0.093730	0.478910
7220	4.406738	0.469650	-0.093631	0.478893
7221	4.407349	0.469652	-0.093533	0.478875
7222	4.407959	0.469654	-0.093434	0.478858
7223	4.408569	0.469656	-0.093335	0.478841
7224	4.409180	0.469658	-0.093237	0.478823
7225	4.409790	0.469660	-0.093138	0.478806
7226	4.410400	0.469662	-0.093040	0.478789
7227	4.411011	0.469664	-0.092941	0.478771
7228	4.411621	0.469665	-0.092843	0.478754
7229	4.412231	0.469667	-0.092744	0.478737
7230	4.412842	0.469669	-0.092645	0.478719
7231	4.413452	0.469671	-0.092547	0.478702
7232	4.414063	0.469673	-0.092448	0.478685
7233	4.414673	0.469675	-0.092350	0.478668
7234	4.415283	0.469677	-0.092251	0.478651
7235	4.415894	0.469679	-0.092153	0.478634
7236	4.416504	0.469680	-0.092054	0.478616
7237	4.417114	0.469682	-0.091956	0.478599
7238	4.417725	0.469684	-0.091857	0.478582
7239	4.418335	0.469686	-0.091759	0.478565
7240	4.418945	0.469688	-0.091660	0.478548
7241	4.419556	0.469690	-0.091562	0.478531
7242	4.420166	0.469691	-0.091464	0.478514
7243	4.420776	0.469693	-0.091365	0.478497
7244	4.421387	0.469695	-0.091267	0.478480
7245	4.421997	0.469697	-0.091168	0.478463
7246	4.422607	0.469699	-0.091070	0.478446
7247	4.423218	0.469701	-0.090971	0.478429
7248	4.423828	0.469702	-0.090873	0.478412
7249	4.424438	0.469704	-0.090775	0.478395
7250	4.425049	0.469706	-0.090676	0.478379
7251	4.425659	0.469708	-0.090578	0.478362
7252	4.426270	0.469710	-0.090479	0.478345
7253	4.426880	0.469712	-0.090381	0.478328
7254	4.427490	0.469713	-0.090283	0.478311
7255	4.428101	0.469715	-0.090184	0.478294
7256	4.428711	0.469717	-0.090086	0.478278
7257	4.429321	0.469719	-0.089988	0.478261
7258	4.429932	0.469721	-0.089889	0.478244
7259	4.430542	0.469722	-0.089791	0.478228
7260	4.431152	0.469724	-0.089693	0.478211
7261	4.431763	0.469726	-0.089594	0.478194
7262	4.432373	0.469728	-0.089496	0.478178
7263	4.432983	0.469730	-0.089398	0.478161
7264	4.433594	0.469731	-0.089299	0.478144
7265	4.434204	0.469733	-0.089201	0.478128
7266	4.434814	0.469735	-0.089103	0.478111
7267	4.435425	0.469737	-0.089004	0.478095
7268	4.436035	0.469739	-0.088906	0.478078
7269	4.436646	0.469740	-0.088808	0.478062
7270	4.437256	0.469742	-0.088710	0.478045
7271	4.437866	0.469744	-0.088611	0.478029
7272	4.438477	0.469746	-0.088513	0.478012
7273	4.439087	0.469748	-0.088415	0.477996
7274	4.439697	0.469749	-0.088317	0.477979
7275	4.440308	0.469751	-0.088218	0.477963
7276	4.440918	0.469753	-0.088120	0.477947
7277	4.441528	0.469755	-0.088022	0.477930
7278	4.442139	0.469756	-0.087924	0.477914
7279	4.442749	0.469758	-0.087826	0.477898
7280	4.443359	0.469760	-0.087727	0.477881
7281	4.443970	0.469762	-0.087629	0.477865
7282	4.444580	0.469763	-0.087531	0.477849
7283	4.445190	0.469765	-0.087433	0.477832
7284	4.445801	0.469767	-0.087335	0.477816
7285	4.446411	0.469769	-0.087236	0.477800
7286	4.447021	0.469770	-0.087138	0.477784
7287	4.447632	0.469772	-0.087040	0.477768
7288	4.448242	0.469774	-0.086942	0.477751
7289	4.448853	0.469776	-0.086844	0.477735
7290	4.449463	0.469777	-0.086746	0.477719
7291	4.450073	0.469779	-0.086648	0.477703
7292	4.450684	0.469781	-0.086549	0.477687
7293	4.451294	0.469783	-0.086451	0.477671
7294	4.451904	0.469784	-0.086353	0.477655
7295	4.452515	0.469786	-0.086255	0.477639
7296	4.453125	0.469788	-0.086157	0.477623
7297	4.453735	0.469790	-0.086059	0.477607
7298	4.454346	0.469791	-0.085961	0.477591
7299	4.454956	0.469793	-0.085863	0.477575
7300	4.455566	0.469795	-0.085765	0.477559
7301	4.456177	0.469796	-0.085667	0.477543
7302	4.456787	0.469798	-0.085569	0.477527
7303	4.457397	0.469800	-0.085471	0.477511
7304	4.458008	0.469802	-0.085373	0.477496
7305	4.458618	0.469803	-0.085275	0.477480
7306	4.459229	0.469805	-0.085177	0.477464
7307	4.459839	0.469807	-0.085079	0.477448
7308	4.460449	0.469808	-0.084981	0.477432
7309	4.461060	0.469810	-0.084883	0.477417
7310	4.461670	0.469812	-0.084785	0.477401
7311	4.462280	0.469814	-0.084687	0.477385
7312	4.462891	0.469815	-0.084589	0.477369
7313	4.463501	0.469817	-0.084491	0.477354
7314	4.464111	0.469819	-0.084393	0.477338
7315	4.464722	0.469820	-0.084295	0.477322
7316	4.465332	0.469822	-0.084197	0.477307
7317	4.465942	0.469824	-0.084099	0.477291
7318	4.466553	0.469825	-0.084001	0.477276
7319	4.467163	0.469827	-0.083903	0.477260
7320	4.467773	0.469829	-0.083805	0.477244
7321	4.468384	0.469830	-0.083707	0.477229
7322	4.468994	0.469832	-0.083609	0.477213
7323	4.469604	0.469834	-0.083511	0.477198
7324	4.470215	0.469835	-0.083413	0.477182
7325	4.470825	0.469837	-0.083315	0.477167
7326	4.471436	0.469839	-0.083217	0.477152
7327	4.472046	0.469840	-0.083120	0.477136
7328	4.472656	0.469842	-0.083022	0.477121
7329	4.473267	0.469844	-0.082924	0.477105
7330	4.473877	0.469845	-0.082826	0.477090
7331	4.474487	0.469847	-0.082728	0.477075
7332	4.475098	0.469849	-0.082630	0.477059
7333	4.475708	0.469850	-0.082532	0.477044
7334	4.476318	0.469852	-0.082434	0.477029
7335	4.476929	0.469854	-0.082337	0.477013
7336	4.477539	0.469855	-0.082239	0.476998
7337	4.478149	0.469857	-0.082141	0.476983
7338	4.478760	0.469859	-0.082043	0.476968
7339	4.479370	0.469860	-0.081945	0.476953
7340	4.479980	0.469862	-0.081848	0.476937
7341	4.480591	0.469864	-0.081750	0.476922
7342	4.481201	0.469865	-0.081652	0.476907
7343	4.481812	0.469867	-0.081554	0.476892
7344	4.482422	0.469868	-0.081456	0.476877
7345	4.483032	0.469870	-0.081359	0.476862
7346	4.483643	0.469872	-0.081261	0.476847
7347	4.484253	0.469873	-0.081163	0.476832
7348	4.484863	0.469875	-0.081065	0.476817
7349	4.485474	0.469877	-0.080968	0.476802
7350	4.486084	0.469878	-0.080870	0.476787
7351	4.486694	0.469880	-0.080772	0.476772
7352	4.487305	0.469881	-0.080674	0.476757
7353	4.487915	0.469883	-0.080577	0.476742
7354	4.488525	0.469885	-0.080479	0.476727
7355	4.489136	0.469886	-0.080381	0.476712
7356	4.489746	0.469888	-0.080283	0.476697
7357	4.490356	0.469889	-0.080186	0.476682
7358	4.490967	0.469891	-0.080088	0.476667
7359	4.491577	0.469893	-0.079990	0.476652
7360	4.492188	0.469894	-0.079893	0.476638
7361	4.492798	0.469896	-0.079795	0.476623
7362	4.493408	0.469897	-0.079697	0.476608
7363	4.494019	0.469899	-0.079600	0.476593
7364	4.494629	0.469901	-0.079502	0.476579
7365	4.495239	0.469902	-0.079404	0.476564
7366	4.495850	0.469904	-0.079307	0.476549
7367	4.496460	0.469905	-0.079209	0.476534
7368	4.497070	0.469907	-0.079111	0.476520
7369	4.497681	0.469909	-0.079014	0.476505
7370	4.498291	0.469910	-0.078916	0.476491
7371	4.498901	0.469912	-0.078819	0.476476
7372	4.499512	0.469913	-0.078721	0.476461
7373	4.500122	0.469915	-0.078623	0.476447
7374	4.500732	0.469916	-0.078526	0.476432
7375	4.501343	0.469918	-0.078428	0.476418
7376	4.501953	0.469920	-0.078330	0.476403
7377	4.502563	0.469921	-0.078233	0.476389
7378	4.503174	0.469923	-0.078135	0.476374
7379	4.503784	0.469924	-0.078038	0.476360
7380	4.504395	0.469926	-0.077940	0.476345
7381	4.505005	0.469927	-0.077843	0.476331
7382	4.505615	0.469929	-0.077745	0.476317
7383	4.506226	0.469930	-0.077648	0.476302
7384	4.506836	0.469932	-0.077550	0.476288
7385	4.507446	0.469933	-0.077452	0.476273
7386	4.508057	0.469935	-0.077355	0.476259
7387	4.508667	0.469937	-0.077257	0.476245
7388	4.509277	0.469938	-0.077160	0.476230
7389	4.509888	0.469940	-0.077062	0.476216
7390	4.510498	0.469941	-0.076965	0.476202
7391	4.511108	0.469943	-0.076867	0.476188
7392	4.511719	0.469944	-0.076770	0.476174
7393	4.512329	0.469946	-0.076672	0.476159
7394	4.512939	0.469947	-0.076575	0.476145
7395	4.513550	0.469949	-0.076477	0.476131
7396	4.514160	0.469950	-0.076380	0.476117
7397	4.514771	0.469952	-0.076282	0.476103
7398	4.515381	0.469953	-0.076185	0.476089
7399	4.515991	0.469955	-0.076088	0.476075
7400	4.516602	0.469956	-0.075990	0.476060
7401	4.517212	0.469958	-0.075893	0.476046
7402	4.517822	0.469959	-0.075795	0.476032
7403	4.518433	0.469961	-0.075698	0.476018
7404	4.519043	0.469962	-0.075600	0.476004
7405	4.519653	0.469964	-0.075503	0.475990
7406	4.520264	0.469965	-0.075406	0.475976
7407	4.520874	0.469967	-0.075308	0.475962
7408	4.521484	0.469968	-0.075211	0.475949
7409	4.522095	0.469970	-0.075113	0.475935
7410	4.522705	0.469971	-0.075016	0.475921
7411	4.523315	0.469973	-0.074919	0.475907
7412	4.523926	0.469974	-0.074821	0.475893
7413	4.524536	0.469976	-0.074724	0.475879
7414	4.525146	0.469977	-0.074626	0.475865
7415	4.525757	0.469979	-0.074529	0.475852
7416	4.526367	0.469980	-0.074432	0.475838
7417	4.526978	0.469982	-0.074334	0.475824
7418	4.527588	0.469983	-0.074237	0.475810
7419	4.528198	0.469985	-0.074140	0.475797
7420	4.528809	0.469986	-0.074042	0.475783
7421	4.529419	0.469988	-0.073945	0.475769
7422	4.530029	0.469989	-0.073848	0.475756
7423	4.530640	0.469991	-0.073750	0.475742
7424	4.531250	0.469992	-0.073653	0.475728
7425	4.531860	0.469994	-0.073556	0.475715
7426	4.532471	0.469995	-0.073458	0.475701
7427	4.533081	0.469997	-0.073361	0.475688
7428	4.533691	0.469998	-0.073264	0.475674
7429	4.534302	0.470000	-0.073167	0.475660
7430	4.534912	0.470001	-0.073069	0.475647
7431	4.535522	0.470002	-0.072972	0.475633
7432	4.536133	0.470004	-0.072875	0.475620
7433	4.536743	0.470005	-0.072777	0.475607
7434	4.537354	0.470007	-0.072680	0.475593
7435	4.537964	0.470008	-0.072583	0.475580
7436	4.538574	0.470010	-0.072486	0.475566
7437	4.539185	0.470011	-0.072388	0.475553
7438	4.539795	0.470013	-0.072291	0.475539
7439	4.540405	0.470014	-0.072194	0.475526
7440	4.541016	0.470015	-0.072097	0.475513
7441	4.541626	0.470017	-0.072000	0.475499
7442	4.542236	0.470018	-0.071902	0.475486
7443	4.542847	0.470020	-0.071805	0.475473
7444	4.543457	0.470021	-0.071708	0.475460
7445	4.544067	0.470023	-0.071611	0.475446
7446	4.544678	0.470024	-0.071514	0.475433
7447	4.545288	0.470025	-0.071416	0.475420
7448	4.545898	0.470027	-0.071319	0.475407
7449	4.546509	0.470028	-0.071222	0.475394
7450	4.547119	0.470030	-0.071125	0.475380
7451	4.547729	0.470031	-0.071028	0.475367
7452	4.548340	0.470032	-0.070930	0.475354
7453	4.548950	0.470034	-0.070833	0.475341
7454	4.549561	0.470035	-0.070736	0.475328
7455	4.550171	0.470037	-0.070639	0.475315
7456	4.550781	0.470038	-0.070542	0.475302
7457	4.551392	0.470039	-0.070445	0.475289
7458	4.552002	0.470041	-0.070348	0.475276
7459	4.552612	0.470042	-0.070251	0.475263
7460	4.553223	0.470044	-0.070153	0.475250
7461	4.553833	0.470045	-0.070056	0.475237
7462	4.554443	0.470046	-0.069959	0.475224
7463	4.555054	0.470048	-0.069862	0.475211
7464	4.555664	0.470049	-0.069765	0.475198
7465	4.556274	0.470051	-0.069668	0.475185
7466	4.556885	0.470052	-0.069571	0.475173
7467	4.557495	0.470053	-0.069474	0.475160
7468	4.558105	0.470055	-0.069377	0.475147
7469	4.558716	0.470056	-0.069280	0.475134
7470	4.559326	0.470057	-0.069183	0.475121
7471	4.559937	0.470059	-0.069085	0.475109
7472	4.560547	0.470060	-0.068988	0.475096
7473	4.561157	0.470062	-0.068891	0.475083
7474	4.561768	0.470063	-0.068794	0.475070
7475	4.562378	0.470064	-0.068697	0.475058
7476	4.562988	0.470066	-0.068600	0.475045
7477	4.563599	0.470067	-0.068503	0.475032
7478	4.564209	0.470068	-0.068406	0.475020
7479	4.564819	0.470070	-0.068309	0.475007
7480	4.565430	0.470071	-0.068212	0.474994
7481	4.566040	0.470072	-0.068115	0.474982
7482	4.566650	0.470074	-0.068018	0.474969
7483	4.567261	0.470075	-0.067921	0.474957
7484	4.567871	0.470077	-0.067824	0.474944
7485	4.568481	0.470078	-0.067727	0.474932
7486	4.569092	0.470079	-0.067630	0.474919
7487	4.569702	0.470081	-0.067533	0.474907
7488	4.570313	0.470082	-0.067436	0.474894
7489	4.570923	0.470083	-0.067339	0.474882
7490	4.571533	0.470085	-0.067242	0.474869
7491	4.572144	0.470086	-0.067145	0.474857
7492	4.572754	0.470087	-0.067048	0.474845
7493	4.573364	0.470089	-0.066951	0.474832
7494	4.573975	0.470090	-0.066854	0.474820
7495	4.574585	0.470091	-0.066758	0.474808
7496	4.575195	0.470093	-0.066661	0.474795
7497	4.575806	0.470094	-0.066564	0.474783
7498	4.576416	0.470095	-0.066467	0.474771
7499	4.577026	0.470096	-0.066370	0.474759
7500	4.577637	0.470098	-0.066273	0.474746
7501	4.578247	0.470099	-0.066176	0.474734
7502	4.578857	0.470100	-0.066079	0.474722
7503	4.579468	0.470102	-0.065982	0.474710
7504	4.580078	0.470103	-0.065885	0.474698
7505	4.580688	0.470104	-0.065788	0.474685
7506	4.581299	0.470106	-0.065692	0.474673
7507	4.581909	0.470107	-0.065595	0.474661
7508	4.582520	0.470108	-0.065498	0.474649
7509	4.583130	0.470110	-0.065401	0.474637
7510	4.583740	0.470111	-0.065304	0.474625
7511	4.584351	0.470112	-0.065207	0.474613
7512	4.584961	0.470113	-0.065110	0.474601
7513	4.585571	0.470115	-0.065014	0.474589
7514	4.586182	0.470116	-0.064917	0.474577
7515	4.586792	0.470117	-0.064820	0.474565
7516	4.587402	0.470119	-0.064723	0.474553
7517	4.588013	0.470120	-0.064626	0.474541
7518	4.588623	0.470121	-0.064529	0.474529
7519	4.589233	0.470122	-0.064433	0.474517
7520	4.589844	0.470124	-0.064336	0.474505
7521	4.590454	0.470125	-0.064239	0.474494
7522	4.591064	0.470126	-0.064142	0.474482
7523	4.591675	0.470127	-0.064045	0.474470
7524	4.592285	0.470129	-0.063949	0.474458
7525	4.592896	0.470130	-0.063852	0.474446
7526	4.593506	0.470131	-0.063755	0.474435
7527	4.594116	0.470133	-0.063658	0.474423
7528	4.594727	0.470134	-0.063561	0.474411
7529	4.595337	0.470135	-0.063465	0.474399
7530	4.595947	0.470136	-0.063368	0.474388
7531	4.596558	0.470138	-0.063271	0.474376
7532	4.597168	0.470139	-0.063174	0.474364
7533	4.597778	0.470140	-0.063078	0.474353
7534	4.598389	0.470141	-0.062981	0.474341
7535	4.598999	0.470143	-0.062884	0.474329
7536	4.599609	0.470144	-0.062787	0.474318
7537	4.600220	0.470145	-0.062691	0.474306
7538	4.600830	0.470146	-0.062594	0.474295
7539	4.601440	0.470148	-0.062497	0.474283
7540	4.602051	0.470149	-0.062400	0.474272
7541	4.602661	0.470150	-0.062304	0.474260
7542	4.603271	0.470151	-0.062207	0.474249
7543	4.603882	0.470152	-0.062110	0.474237
7544	4.604492	0.470154	-0.062014	0.474226
7545	4.605103	0.470155	-0.061917	0.474214
7546	4.605713	0.470156	-0.061820	0.474203
7547	4.606323	0.470157	-0.061724	0.474192
7548	4.606934	0.470159	-0.061627	0.474180
7549	4.607544	0.470160	-0.061530	0.474169
7550	4.608154	0.470161	-0.061434	0.474158
7551	4.608765	0.470162	-0.061337	0.474146
7552	4.609375	0.470163	-0.061240	0.474135
7553	4.609985	0.470165	-0.061144	0.474124
7554	4.610596	0.470166	-0.061047	0.474112
7555	4.611206	0.470167	-0.060950	0.474101
7556	4.611816	0.470168	-0.060854	0.474090
7557	4.612427	0.470169	-0.060757	0.474079
7558	4.613037	0.470171	-0.060660	0.474068
7559	4.613647	0.470172	-0.060564	0.474056
7560	4.614258	0.470173	-0.060467	0.474045
7561	4.614868	0.470174	-0.060370	0.474034
7562	4.615479	0.470175	-0.060274	0.474023
7563	4.616089	0.470177	-0.060177	0.474012
7564	4.616699	0.470178	-0.060081	0.474001
7565	4.617310	0.470179	-0.059984	0.473990
7566	4.617920	0.470180	-0.059887	0.473979
7567	4.618530	0.470181	-0.059791	0.473968
7568	4.619141	0.470183	-0.059694	0.473957
7569	4.619751	0.470184	-0.059598	0.473946
7570	4.620361	0.470185	-0.059501	0.473935
7571	4.620972	0.470186	-0.059404	0.473924
7572	4.621582	0.470187	-0.059308	0.473913
7573	4.622192	0.470188	-0.059211	0.473902
7574	4.622803	0.470190	-0.059115	0.473891
7575	4.623413	0.470191	-0.059018	0.473880
7576	4.624023	0.470192	-0.058922	0.473869
7577	4.624634	0.470193	-0.058825	0.473859
7578	4.625244	0.470194	-0.058729	0.473848
7579	4.625854	0.470195	-0.058632	0.473837
7580	4.626465	0.470197	-0.058535	0.473826
7581	4.627075	0.470198	-0.058439	0.473815
7582	4.627686	0.470199	-0.058342	0.473805
7583	4.628296	0.470200	-0.058246	0.473794
7584	4.628906	0.470201	-0.058149	0.473783
7585	4.629517	0.470202	-0.058053	0.473772
7586	4.630127	0.470203	-0.057956	0.473762
7587	4.630737	0.470205	-0.057860	0.473751
7588	4.631348	0.470206	-0.057763	0.473740
7589	4.631958	0.470207	-0.057667	0.473730
7590	4.632568	0.470208	-0.057570	0.473719
7591	4.633179	0.470209	-0.057474	0.473709
7592	4.633789	0.470210	-0.057377	0.473698
7593	4.634399	0.470211	-0.057281	0.473688
7594	4.635010	0.470213	-0.057184	0.473677
7595	4.635620	0.470214	-0.057088	0.473666
7596	4.636230	0.470215	-0.056991	0.473656
7597	4.636841	0.470216	-0.056895	0.473645
7598	4.637451	0.470217	-0.056799	0.473635
7599	4.638062	0.470218	-0.056702	0.473625
7600	4.638672	0.470219	-0.056606	0.473614
7601	4.639282	0.470220	-0.056509	0.473604
7602	4.639893	0.470221	-0.056413	0.473593
7603	4.640503	0.470223	-0.056316	0.473583
7604	4.641113	0.470224	-0.056220	0.473573
7605	4.641724	0.470225	-0.056123	0.473562
7606	4.642334	0.470226	-0.056027	0.473552
7607	4.642944	0.470227	-0.055931	0.473542
7608	4.643555	0.470228	-0.055834	0.473531
7609	4.644165	0.470229	-0.055738	0.473521
7610	4.644775	0.470230	-0.055641	0.473511
7611	4.645386	0.470231	-0.055545	0.473501
7612	4.645996	0.470233	-0.055449	0.473490
7613	4.646606	0.470234	-0.055352	0.473480
7614	4.647217	0.470235	-0.055256	0.473470
7615	4.647827	0.470236	-0.055159	0.473460
7616	4.648438	0.470237	-0.055063	0.473450
7617	4.649048	0.470238	-0.054967	0.473440
7618	4.649658	0.470239	-0.054870	0.473430
7619	4.650269	0.470240	-0.054774	0.473419
7620	4.650879	0.470241	-0.054678	0.473409
7621	4.651489	0.470242	-0.054581	0.473399
7622	4.652100	0.470243	-0.054485	0.473389
7623	4.652710	0.470244	-0.054388	0.473379
7624	4.653320	0.470246	-0.054292	0.473369
7625	4.653931	0.470247	-0.054196	0.473359
7626	4.654541	0.470248	-0.054099	0.473349
7627	4.655151	0.470249	-0.054003	0.473339
7628	4.655762	0.470250	-0.053907	0.473329
7629	4.656372	0.470251	-0.053810	0.473320
7630	4.656982	0.470252	-0.053714	0.473310
7631	4.657593	0.470253	-0.053618	0.473300
7632	4.658203	0.470254	-0.053521	0.473290
7633	4.658813	0.470255	-0.053425	0.473280
7634	4.659424	0.470256	-0.053329	0.473270
7635	4.660034	0.470257	-0.053233	0.473260
7636	4.660645	0.470258	-0.053136	0.473251
7637	4.661255	0.470259	-0.053040	0.473241
7638	4.661865	0.470260	-0.052944	0.473231
7639	4.662476	0.470261	-0.052847	0.473221
7640	4.663086	0.470262	-0.052751	0.473212
7641	4.663696	0.470263	-0.052655	0.473202
7642	4.664307	0.470264	-0.052558	0.473192
7643	4.664917	0.470265	-0.052462	0.473183
7644	4.665527	0.470267	-0.052366	0.473173
7645	4.666138	0.470268	-0.052270	0.473163
7646	4.666748	0.470269	-0.052173	0.473154
7647	4.667358	0.470270	-0.052077	0.473144
7648	4.667969	0.470271	-0.051981	0.473135
7649	4.668579	0.470272	-0.051885	0.473125
7650	4.669189	0.470273	-0.051788	0.473116
7651	4.669800	0.470274	-0.051692	0.473106
7652	4.670410	0.470275	-0.051596	0.473097
7653	4.671021	0.470276	-0.051500	0.473087
7654	4.671631	0.470277	-0.051403	0.473078
7655	4.672241	0.470278	-0.051307	0.473068
7656	4.672852	0.470279	-0.051211	0.473059
7657	4.673462	0.470280	-0.051115	0.473049
7658	4.674072	0.470281	-0.051019	0.473040
7659	4.674683	0.470282	-0.050922	0.473031
7660	4.675293	0.470283	-0.050826	0.473021
7661	4.675903	0.470284	-0.050730	0.473012
7662	4.676514	0.470285	-0.050634	0.473003
7663	4.677124	0.470286	-0.050538	0.472993
7664	4.677734	0.470287	-0.050441	0.472984
7665	4.678345	0.470288	-0.050345	0.472975
7666	4.678955	0.470289	-0.050249	0.472966
7667	4.679565	0.470290	-0.050153	0.472956
7668	4.680176	0.470291	-0.050057	0.472947
7669	4.680786	0.470292	-0.049960	0.472938
7670	4.681396	0.470293	-0.049864	0.472929
7671	4.682007	0.470294	-0.049768	0.472920
7672	4.682617	0.470295	-0.049672	0.472910
7673	4.683228	0.470296	-0.049576	0.472901
7674	4.683838	0.470297	-0.049480	0.472892
7675	4.684448	0.470298	-0.049383	0.472883
7676	4.685059	0.470299	-0.049287	0.472874
7677	4.685669	0.470299	-0.049191	0.472865
7678	4.686279	0.470300	-0.049095	0.472856
7679	4.686890	0.470301	-0.048999	0.472847
7680	4.687500	0.470302	-0.048903	0.472838
7681	4.688110	0.470303	-0.048807	0.472829
7682	4.688721	0.470304	-0.048710	0.472820
7683	4.689331	0.470305	-0.048614	0.472811
7684	4.689941	0.470306	-0.048518	0.472802
7685	4.690552	0.470307	-0.048422	0.472793
7686	4.691162	0.470308	-0.048326	0.472784
7687	4.691772	0.470309	-0.048230	0.472776
7688	4.692383	0.470310	-0.048134	0.472767
7689	4.692993	0.470311	-0.048038	0.472758
7690	4.693604	0.470312	-0.047942	0.472749
7691	4.694214	0.470313	-0.047845	0.472740
7692	4.694824	0.470314	-0.047749	0.472731
7693	4.695435	0.470315	-0.047653	0.472723
7694	4.696045	0.470316	-0.047557	0.472714
7695	4.696655	0.470317	-0.047461	0.472705
7696	4.697266	0.470318	-0.047365	0.472697
7697	4.697876	0.470318	-0.047269	0.472688
7698	4.698486	0.470319	-0.047173	0.472679
7699	4.699097	0.470320	-0.047077	0.472671
7700	4.699707	0.470321	-0.046981	0.472662
7701	4.700317	0.470322	-0.046885	0.472653
7702	4.700928	0.470323	-0.046789	0.472645
7703	4.701538	0.470324	-0.046693	0.472636
7704	4.702148	0.470325	-0.046597	0.472627
7705	4.702759	0.470326	-0.046501	0.472619
7706	4.703369	0.470327	-0.046404	0.472610
7707	4.703979	0.470328	-0.046308	0.472602
7708	4.704590	0.470329	-0.046212	0.472593
7709	4.705200	0.470329	-0.046116	0.472585
7710	4.705811	0.470330	-0.046020	0.472576
7711	4.706421	0.470331	-0.045924	0.472568
7712	4.707031	0.470332	-0.045828	0.472560
7713	4.707642	0.470333	-0.045732	0.472551
7714	4.708252	0.470334	-0.045636	0.472543
7715	4.708862	0.470335	-0.045540	0.472534
7716	4.709473	0.470336	-0.045444	0.472526
7717	4.710083	0.470337	-0.045348	0.472518
7718	4.710693	0.470338	-0.045252	0.472509
7719	4.711304	0.470338	-0.045156	0.472501
7720	4.711914	0.470339	-0.045060	0.472493
7721	4.712524	0.470340	-0.044964	0.472485
7722	4.713135	0.470341	-0.044868	0.472476
7723	4.713745	0.470342	-0.044772	0.472468
7724	4.714355	0.470343	-0.044676	0.472460
7725	4.714966	0.470344	-0.044580	0.472452
7726	4.715576	0.470345	-0.044484	0.472444
7727	4.716187	0.470345	-0.044388	0.472435
7728	4.716797	0.470346	-0.044292	0.472427
7729	4.717407	0.470347	-0.044196	0.472419
7730	4.718018	0.470348	-0.044100	0.472411
7731	4.718628	0.470349	-0.044005	0.472403
7732	4.719238	0.470350	-0.043909	0.472395
7733	4.719849	0.470351	-0.043813	0.472387
7734	4.720459	0.470351	-0.043717	0.472379
7735	4.721069	0.470352	-0.043621	0.472371
7736	4.721680	0.470353	-0.043525	0.472363
7737	4.722290	0.470354	-0.043429	0.472355
7738	4.722900	0.470355	-0.043333	0.472347
7739	4.723511	0.470356	-0.043237	0.472339
7740	4.724121	0.470357	-0.043141	0.472331
7741	4.724731	0.470357	-0.043045	0.472323
7742	4.725342	0.470358	-0.042949	0.472315
7743	4.725952	0.470359	-0.042853	0.472307
7744	4.726563	0.470360	-0.042757	0.472299
7745	4.727173	0.470361	-0.042661	0.472292
7746	4.727783	0.470362	-0.042566	0.472284
7747	4.728394	0.470362	-0.042470	0.472276
7748	4.729004	0.470363	-0.042374	0.472268
7749	4.729614	0.470364	-0.042278	0.472260
7750	4.730225	0.470365	-0.042182	0.472253
7751	4.730835	0.470366	-0.042086	0.472245
7752	4.731445	0.470367	-0.041990	0.472237
7753	4.732056	0.470367	-0.041894	0.472229
7754	4.732666	0.470368	-0.041798	0.472222
7755	4.733276	0.470369	-0.041703	0.472214
7756	4.733887	0.470370	-0.041607	0.472206
7757	4.734497	0.470371	-0.041511	0.472199
7758	4.735107	0.470372	-0.041415	0.472191
7759	4.735718	0.470372	-0.041319	0.472184
7760	4.736328	0.470373	-0.041223	0.472176
7761	4.736938	0.470374	-0.041127	0.472169
7762	4.737549	0.470375	-0.041031	0.472161
7763	4.738159	0.470376	-0.040936	0.472153
7764	4.738770	0.470376	-0.040840	0.472146
7765	4.739380	0.470377	-0.040744	0.472138
7766	4.739990	0.470378	-0.040648	0.472131
7767	4.740601	0.470379	-0.040552	0.472124
7768	4.741211	0.470380	-0.040456	0.472116
7769	4.741821	0.470380	-0.040360	0.472109
7770	4.742432	0.470381	-0.040265	0.472101
7771	4.743042	0.470382	-0.040169	0.472094
7772	4.743652	0.470383	-0.040073	0.472087
7773	4.744263	0.470383	-0.039977	0.472079
7774	4.744873	0.470384	-0.039881	0.472072
7775	4.745483	0.470385	-0.039786	0.472065
7776	4.746094	0.470386	-0.039690	0.472057
7777	4.746704	0.470387	-0.039594	0.472050
7778	4.747314	0.470387	-0.039498	0.472043
7779	4.747925	0.470388	-0.039402	0.472036
7780	4.748535	0.470389	-0.039306	0.472028
7781	4.749146	0.470390	-0.039211	0.472021
7782	4.749756	0.470390	-0.039115	0.472014
7783	4.750366	0.470391	-0.039019	0.472007
7784	4.750977	0.470392	-0.038923	0.472000
7785	4.751587	0.470393	-0.038827	0.471992
7786	4.752197	0.470394	-0.038732	0.471985
7787	4.752808	0.470394	-0.038636	0.471978
7788	4.753418	0.470395	-0.038540	0.471971
7789	4.754028	0.470396	-0.038444	0.471964
7790	4.754639	0.470397	-0.038349	0.471957
7791	4.755249	0.470397	-0.038253	0.471950
7792	4.755859	0.470398	-0.038157	0.471943
7793	4.756470	0.470399	-0.038061	0.471936
7794	4.757080	0.470400	-0.037965	0.471929
7795	4.757690	0.470400	-0.037870	0.471922
7796	4.758301	0.470401	-0.037774	0.471915
7797	4.758911	0.470402	-0.037678	0.471908
7798	4.759521	0.470402	-0.037582	0.471901
7799	4.760132	0.470403	-0.037487	0.471895
7800	4.760742	0.470404	-0.037391	0.471888
7801	4.761353	0.470405	-0.037295	0.471881
7802	4.761963	0.470405	-0.037199	0.471874
7803	4.762573	0.470406	-0.037104	0.471867
7804	4.763184	0.470407	-0.037008	0.471860
7805	4.763794	0.470408	-0.036912	0.471854
7806	4.764404	0.470408	-0.036817	0.471847
7807	4.765015	0.470409	-0.036721	0.471840
7808	4.765625	0.470410	-0.036625	0.471833
7809	4.766235	0.470410	-0.036529	0.471827
7810	4.766846	0.470411	-0.036434	0.471820
7811	4.767456	0.470412	-0.036338	0.471813
7812	4.768066	0.470413	-0.036242	0.471807
7813	4.768677	0.470413	-0.036146	0.471800
7814	4.769287	0.470414	-0.036051	0.471793
7815	4.769897	0.470415	-0.035955	0.471787
7816	4.770508	0.470415	-0.035859	0.471780
7817	4.771118	0.470416	-0.035764	0.471774
7818	4.771729	0.470417	-0.035668	0.471767
7819	4.772339	0.470418	-0.035572	0.471761
7820	4.772949	0.470418	-0.035477	0.471754
7821	4.773560	0.470419	-0.035381	0.471748
7822	4.774170	0.470420	-0.035285	0.471741
7823	4.774780	0.470420	-0.035189	0.471735
7824	4.775391	0.470421	-0.035094	0.471728
7825	4.776001	0.470422	-0.034998	0.471722
7826	4.776611	0.470422	-0.034902	0.471715
7827	4.777222	0.470423	-0.034807	0.471709
7828	4.777832	0.470424	-0.034711	0.471703
7829	4.778442	0.470424	-0.034615	0.471696
7830	4.779053	0.470425	-0.034520	0.471690
7831	4.779663	0.470426	-0.034424	0.471684
7832	4.780273	0.470426	-0.034328	0.471677
7833	4.780884	0.470427	-0.034233	0.471671
7834	4.781494	0.470428	-0.034137	0.471665
7835	4.782104	0.470428	-0.034041	0.471658
7836	4.782715	0.470429	-0.033946	0.471652
7837	4.783325	0.470430	-0.033850	0.471646
7838	4.783936	0.470430	-0.033755	0.471640
7839	4.784546	0.470431	-0.033659	0.471634
7840	4.785156	0.470432	-0.033563	0.471627
7841	4.785767	0.470432	-0.033468	0.471621
7842	4.786377	0.470433	-0.033372	0.471615
7843	4.786987	0.470434	-0.033276	0.471609
7844	4.787598	0.470434	-0.033181	0.471603
7845	4.788208	0.470435	-0.033085	0.471597
7846	4.788818	0.470436	-0.032989	0.471591
7847	4.789429	0.470436	-0.032894	0.471585
7848	4.790039	0.470437	-0.032798	0.471579
7849	4.790649	0.470438	-0.032703	0.471573
7850	4.791260	0.470438	-0.032607	0.471567
7851	4.791870	0.470439	-0.032511	0.471561
7852	4.792480	0.470439	-0.032416	0.471555
7853	4.793091	0.470440	-0.032320	0.471549
7854	4.793701	0.470441	-0.032224	0.471543
7855	4.794312	0.470441	-0.032129	0.471537
7856	4.794922	0.470442	-0.032033	0.471531
7857	4.795532	0.470443	-0.031938	0.471525
7858	4.796143	0.470443	-0.031842	0.471520
7859	4.796753	0.470444	-0.031746	0.471514
7860	4.797363	0.470444	-0.031651	0.471508
7861	4.797974	0.470445	-0.031555	0.471502
7862	4.798584	0.470446	-0.031460	0.471496
7863	4.799194	0.470446	-0.031364	0.471491
7864	4.799805	0.470447	-0.031269	0.471485
7865	4.800415	0.470448	-0.031173	0.471479
7866	4.801025	0.470448	-0.031077	0.471474
7867	4.801636	0.470449	-0.030982	0.471468
7868	4.802246	0.470449	-0.030886	0.471462
7869	4.802856	0.470450	-0.030791	0.471457
7870	4.803467	0.470451	-0.030695	0.471451
7871	4.804077	0.470451	-0.030599	0.471445
7872	4.804688	0.470452	-0.030504	0.471440
7873	4.805298	0.470452	-0.030408	0.471434
7874	4.805908	0.470453	-0.030313	0.471429
7875	4.806519	0.470454	-0.030217	0.471423
7876	4.807129	0.470454	-0.030122	0.471417
7877	4.807739	0.470455	-0.030026	0.471412
7878	4.808350	0.470455	-0.029931	0.471406
7879	4.808960	0.470456	-0.029835	0.471401
7880	4.809570	0.470456	-0.029739	0.471396
7881	4.810181	0.470457	-0.029644	0.471390
7882	4.810791	0.470458	-0.029548	0.471385
7883	4.811401	0.470458	-0.029453	0.471379
7884	4.812012	0.470459	-0.029357	0.471374
7885	4.812622	0.470459	-0.029262	0.471368
7886	4.813232	0.470460	-0.029166	0.471363
7887	4.813843	0.470460	-0.029071	0.471358
7888	4.814453	0.470461	-0.028975	0.471352
7889	4.815063	0.470462	-0.028880	0.471347
7890	4.815674	0.470462	-0.028784	0.471342
7891	4.816284	0.470463	-0.028689	0.471337
7892	4.816895	0.470463	-0.028593	0.471331
7893	4.817505	0.470464	-0.028498	0.471326
7894	4.818115	0.470464	-0.028402	0.471321
7895	4.818726	0.470465	-0.028306	0.471316
7896	4.819336	0.470466	-0.028211	0.471311
7897	4.819946	0.470466	-0.028115	0.471305
7898	4.820557	0.470467	-0.028020	0.471300
7899	4.821167	0.470467	-0.027924	0.471295
7900	4.821777	0.470468	-0.027829	0.471290
7901	4.822388	0.470468	-0.027733	0.471285
7902	4.822998	0.470469	-0.027638	0.471280
7903	4.823608	0.470469	-0.027542	0.471275
7904	4.824219	0.470470	-0.027447	0.471270
7905	4.824829	0.470470	-0.027351	0.471265
7906	4.825439	0.470471	-0.027256	0.471260
7907	4.826050	0.470471	-0.027160	0.471255
7908	4.826660	0.470472	-0.027065	0.471250
7909	4.827271	0.470473	-0.026969	0.471245
7910	4.827881	0.470473	-0.026874	0.471240
7911	4.828491	0.470474	-0.026779	0.471235
7912	4.829102	0.470474	-0.026683	0.471230
7913	4.829712	0.470475	-0.026588	0.471225
7914	4.830322	0.470475	-0.026492	0.471220
7915	4.830933	0.470476	-0.026397	0.471216
7916	4.831543	0.470476	-0.026301	0.471211
7917	4.832153	0.470477	-0.026206	0.471206
7918	4.832764	0.470477	-0.026110	0.471201
7919	4.833374	0.470478	-0.026015	0.471196
7920	4.833984	0.470478	-0.025919	0.471192
7921	4.834595	0.470479	-0.025824	0.471187
7922	4.835205	0.470479	-0.025728	0.471182
7923	4.835815	0.470480	-0.025633	0.471177
7924	4.836426	0.470480	-0.025537	0.471173
7925	4.837036	0.470481	-0.025442	0.471168
7926	4.837646	0.470481	-0.025346	0.471163
7927	4.838257	0.470482	-0.025251	0.471159
7928	4.838867	0.470482	-0.025156	0.471154
7929	4.839478	0.470483	-0.025060	0.471150
7930	4.840088	0.470483	-0.024965	0.471145
7931	4.840698	0.470484	-0.024869	0.471140
7932	4.841309	0.470484	-0.024774	0.471136
7933	4.841919	0.470485	-0.024678	0.471131
7934	4.842529	0.470485	-0.024583	0.471127
7935	4.843140	0.470486	-0.024487	0.471122
7936	4.843750	0.470486	-0.024392	0.471118
7937	4.844360	0.470487	-0.024297	0.471113
7938	4.844971	0.470487	-0.024201	0.471109
7939	4.845581	0.470487	-0.024106	0.471105
7940	4.846191	0.470488	-0.024010	0.471100
7941	4.846802	0.470488	-0.023915	0.471096
7942	4.847412	0.470489	-0.023819	0.471091
7943	4.848022	0.470489	-0.023724	0.471087
7944	4.848633	0.470490	-0.023629	0.471083
7945	4.849243	0.470490	-0.023533	0.471078
7946	4.849854	0.470491	-0.023438	0.471074
7947	4.850464	0.470491	-0.023342	0.471070
7948	4.851074	0.470492	-0.023247	0.471066
7949	4.851685	0.470492	-0.023152	0.471061
7950	4.852295	0.470493	-0.023056	0.471057
7951	4.852905	0.470493	-0.022961	0.471053
7952	4.853516	0.470493	-0.022865	0.471049
7953	4.854126	0.470494	-0.022770	0.471045
7954	4.854736	0.470494	-0.022674	0.471040
7955	4.855347	0.470495	-0.022579	0.471036
7956	4.855957	0.470495	-0.022484	0.471032
7957	4.856567	0.470496	-0.022388	0.471028
7958	4.857178	0.470496	-0.022293	0.471024
7959	4.857788	0.470497	-0.022197	0.471020
7960	4.858398	0.470497	-0.022102	0.471016
7961	4.859009	0.470497	-0.022007	0.471012
7962	4.859619	0.470498	-0.021911	0.471008
7963	4.860229	0.470498	-0.021816	0.471004
7964	4.860840	0.470499	-0.021721	0.471000
7965	4.861450	0.470499	-0.021625	0.470996
7966	4.862061	0.470500	-0.021530	0.470992
7967	4.862671	0.470500	-0.021434	0.470988
7968	4.863281	0.470500	-0.021339	0.470984
7969	4.863892	0.470501	-0.021244	0.470980
7970	4.864502	0.470501	-0.021148	0.470976
7971	4.865112	0.470502	-0.021053	0.470972
7972	4.865723	0.470502	-0.020957	0.470969
7973	4.866333	0.470502	-0.020862	0.470965
7974	4.866943	0.470503	-0.020767	0.470961
7975	4.867554	0.470503	-0.020671	0.470957
7976	4.868164	0.470504	-0.020576	0.470953
7977	4.868774	0.470504	-0.020481	0.470950
7978	4.869385	0.470504	-0.020385	0.470946
7979	4.869995	0.470505	-0.020290	0.470942
7980	4.870605	0.470505	-0.020195	0.470938
7981	4.871216	0.470506	-0.020099	0.470935
7982	4.871826	0.470506	-0.020004	0.470931
7983	4.872437	0.470506	-0.019908	0.470927
7984	4.873047	0.470507	-0.019813	0.470924
7985	4.873657	0.470507	-0.019718	0.470920
7986	4.874268	0.470508	-0.019622	0.470917
7987	4.874878	0.470508	-0.019527	0.470913
7988	4.875488	0.470508	-0.019432	0.470909
7989	4.876099	0.470509	-0.019336	0.470906
7990	4.876709	0.470509	-0.019241	0.470902
7991	4.877319	0.470509	-0.019146	0.470899
7992	4.877930	0.470510	-0.019050	0.470895
7993	4.878540	0.470510	-0.018955	0.470892
7994	4.879150	0.470511	-0.018860	0.470888
7995	4.879761	0.470511	-0.018764	0.470885
7996	4.880371	0.470511	-0.018669	0.470882
7997	4.880981	0.470512	-0.018574	0.470878
7998	4.881592	0.470512	-0.018478	0.470875
7999	4.882202	0.470512	-0.018383	0.470871
8000	4.882813	0.470513	-0.018288	0.470868
8001	4.883423	0.470513	-0.018192	0.470865
8002	4.884033	0.470513	-0.018097	0.470861
8003	4.884644	0.470514	-0.018002	0.470858
8004	4.885254	0.470514	-0.017906	0.470855
8005	4.885864	0.470514	-0.017811	0.470851
8006	4.886475	0.470515	-0.017716	0.470848
8007	4.887085	0.470515	-0.017620	0.470845
8008	4.887695	0.470516	-0.017525	0.470842
8009	4.888306	0.470516	-0.017430	0.470839
8010	4.888916	0.470516	-0.017334	0.470835
8011	4.889526	0.470517	-0.017239	0.470832
8012	4.890137	0.470517	-0.017144	0.470829
8013	4.890747	0.470517	-0.017048	0.470826
8014	4.891357	0.470518	-0.016953	0.470823
8015	4.891968	0.470518	-0.016858	0.470820
8016	4.892578	0.470518	-0.016762	0.470817
8017	4.893188	0.470519	-0.016667	0.470814
8018	4.893799	0.470519	-0.016572	0.470811
8019	4.894409	0.470519	-0.016476	0.470808
8020	4.895020	0.470519	-0.016381	0.470805
8021	4.895630	0.470520	-0.016286	0.470802
8022	4.896240	0.470520	-0.016191	0.470799
8023	4.896851	0.470520	-0.016095	0.470796
8024	4.897461	0.470521	-0.016000	0.470793
8025	4.898071	0.470521	-0.015905	0.470790
8026	4.898682	0.470521	-0.015809	0.470787
8027	4.899292	0.470522	-0.015714	0.470784
8028	4.899902	0.470522	-0.015619	0.470781
8029	4.900513	0.470522	-0.015523	0.470778
8030	4.901123	0.470523	-0.015428	0.470775
8031	4.901733	0.470523	-0.015333	0.470773
8032	4.902344	0.470523	-0.015238	0.470770
8033	4.902954	0.470523	-0.015142	0.470767
8034	4.903564	0.470524	-0.015047	0.470764
8035	4.904175	0.470524	-0.014952	0.470762
8036	4.904785	0.470524	-0.014856	0.470759
8037	4.905396	0.470525	-0.014761	0.470756
8038	4.906006	0.470525	-0.014666	0.470753
8039	4.906616	0.470525	-0.014570	0.470751
8040	4.907227	0.470525	-0.014475	0.470748
8041	4.907837	0.470526	-0.014380	0.470745
8042	4.908447	0.470526	-0.014285	0.470743
8043	4.909058	0.470526	-0.014189	0.470740
8044	4.909668	0.470527	-0.014094	0.470738
8045	4.910278	0.470527	-0.013999	0.470735
8046	4.910889	0.470527	-0.013903	0.470733
8047	4.911499	0.470527	-0.013808	0.470730
8048	4.912109	0.470528	-0.013713	0.470727
8049	4.912720	0.470528	-0.013618	0.470725
8050	4.913330	0.470528	-0.013522	0.470722
8051	4.913940	0.470528	-0.013427	0.470720
8052	4.914551	0.470529	-0.013332	0.470718
8053	4.915161	0.470529	-0.013237	0.470715
8054	4.915771	0.470529	-0.013141	0.470713
8055	4.916382	0.470530	-0.013046	0.470710
8056	4.916992	0.470530	-0.012951	0.470708
8057	4.917603	0.470530	-0.012855	0.470706
8058	4.918213	0.470530	-0.012760	0.470703
8059	4.918823	0.470531	-0.012665	0.470701
8060	4.919434	0.470531	-0.012570	0.470699
8061	4.920044	0.470531	-0.012474	0.470696
8062	4.920654	0.470531	-0.012379	0.470694
8063	4.921265	0.470531	-0.012284	0.470692
8064	4.921875	0.470532	-0.012189	0.470690
8065	4.922485	0.470532	-0.012093	0.470687
8066	4.923096	0.470532	-0.011998	0.470685
8067	4.923706	0.470532	-0.011903	0.470683
8068	4.924316	0.470533	-0.011808	0.470681
8069	4.924927	0.470533	-0.011712	0.470679
8070	4.925537	0.470533	-0.011617	0.470676
8071	4.926147	0.470533	-0.011522	0.470674
8072	4.926758	0.470534	-0.011427	0.470672
8073	4.927368	0.470534	-0.011331	0.470670
8074	4.927979	0.470534	-0.011236	0.470668
8075	4.928589	0.470534	-0.011141	0.470666
8076	4.929199	0.470534	-0.011046	0.470664
8077	4.929810	0.470535	-0.010950	0.470662
8078	4.930420	0.470535	-0.010855	0.470660
8079	4.931030	0.470535	-0.010760	0.470658
8080	4.931641	0.470535	-0.010665	0.470656
8081	4.932251	0.470535	-0.010569	0.470654
8082	4.932861	0.470536	-0.010474	0.470652
8083	4.933472	0.470536	-0.010379	0.470650
8084	4.934082	0.470536	-0.010284	0.470648
8085	4.934692	0.470536	-0.010188	0.470647
8086	4.935303	0.470536	-0.010093	0.470645
8087	4.935913	0.470537	-0.009998	0.470643
8088	4.936523	0.470537	-0.009903	0.470641
8089	4.937134	0.470537	-0.009807	0.470639
8090	4.937744	0.470537	-0.009712	0.470637
8091	4.938354	0.470537	-0.009617	0.470636
8092	4.938965	0.470538	-0.009522	0.470634
8093	4.939575	0.470538	-0.009426	0.470632
8094	4.940186	0.470538	-0.009331	0.470631
8095	4.940796	0.470538	-0.009236	0.470629
8096	4.941406	0.470538	-0.009141	0.470627
8097	4.942017	0.470539	-0.009045	0.470625
8098	4.942627	0.470539	-0.008950	0.470624
8099	4.943237	0.470539	-0.008855	0.470622
8100	4.943848	0.470539	-0.008760	0.470621
8101	4.944458	0.470539	-0.008664	0.470619
8102	4.945068	0.470539	-0.008569	0.470617
8103	4.945679	0.470540	-0.008474	0.470616
8104	4.946289	0.470540	-0.008379	0.470614
8105	4.946899	0.470540	-0.008284	0.470613
8106	4.947510	0.470540	-0.008188	0.470611
8107	4.948120	0.470540	-0.008093	0.470610
8108	4.948730	0.470540	-0.007998	0.470608
8109	4.949341	0.470541	-0.007903	0.470607
8110	4.949951	0.470541	-0.007807	0.470605
8111	4.950562	0.470541	-0.007712	0.470604
8112	4.951172	0.470541	-0.007617	0.470603
8113	4.951782	0.470541	-0.007522	0.470601
8114	4.952393	0.470541	-0.007427	0.470600
8115	4.953003	0.470541	-0.007331	0.470599
8116	4.953613	0.470542	-0.007236	0.470597
8117	4.954224	0.470542	-0.007141	0.470596
8118	4.954834	0.470542	-0.007046	0.470595
8119	4.955444	0.470542	-0.006950	0.470593
8120	4.956055	0.470542	-0.006855	0.470592
8121	4.956665	0.470542	-0.006760	0.470591
8122	4.957275	0.470542	-0.006665	0.470590
8123	4.957886	0.470543	-0.006569	0.470588
8124	4.958496	0.470543	-0.006474	0.470587
8125	4.959106	0.470543	-0.006379	0.470586
8126	4.959717	0.470543	-0.006284	0.470585
8127	4.960327	0.470543	-0.006189	0.470584
8128	4.960938	0.470543	-0.006093	0.470583
8129	4.961548	0.470543	-0.005998	0.470581
8130	4.962158	0.470543	-0.005903	0.470580
8131	4.962769	0.470543	-0.005808	0.470579
8132	4.963379	0.470544	-0.005713	0.470578
8133	4.963989	0.470544	-0.005617	0.470577
8134	4.964600	0.470544	-0.005522	0.470576
8135	4.965210	0.470544	-0.005427	0.470575
8136	4.965820	0.470544	-0.005332	0.470574
8137	4.966431	0.470544	-0.005236	0.470573
8138	4.967041	0.470544	-0.005141	0.470572
8139	4.967651	0.470544	-0.005046	0.470571
8140	4.968262	0.470544	-0.004951	0.470570
8141	4.968872	0.470545	-0.004856	0.470570
8142	4.969482	0.470545	-0.004760	0.470569
8143	4.970093	0.470545	-0.004665	0.470568
8144	4.970703	0.470545	-0.004570	0.470567
8145	4.971313	0.470545	-0.004475	0.470566
8146	4.971924	0.470545	-0.004380	0.470565
8147	4.972534	0.470545	-0.004284	0.470565
8148	4.973145	0.470545	-0.004189	0.470564
8149	4.973755	0.470545	-0.004094	0.470563
8150	4.974365	0.470545	-0.003999	0.470562
8151	4.974976	0.470545	-0.003903	0.470562
8152	4.975586	0.470545	-0.003808	0.470561
8153	4.976196	0.470546	-0.003713	0.470560
8154	4.976807	0.470546	-0.003618	0.470559
8155	4.977417	0.470546	-0.003523	0.470559
8156	4.978027	0.470546	-0.003427	0.470558
8157	4.978638	0.470546	-0.003332	0.470558
8158	4.979248	0.470546	-0.003237	0.470557
8159	4.979858	0.470546	-0.003142	0.470556
8160	4.980469	0.470546	-0.003047	0.470556
8161	4.981079	0.470546	-0.002951	0.470555
8162	4.981689	0.470546	-0.002856	0.470555
8163	4.982300	0.470546	-0.002761	0.470554
8164	4.982910	0.470546	-0.002666	0.470554
8165	4.983521	0.470546	-0.002571	0.470553
8166	4.984131	0.470546	-0.002475	0.470553
8167	4.984741	0.470546	-0.002380	0.470552
8168	4.985352	0.470546	-0.002285	0.470552
8169	4.985962	0.470546	-0.002190	0.470552
8170	4.986572	0.470546	-0.002095	0.470551
8171	4.987183	0.470547	-0.001999	0.470551
8172	4.987793	0.470547	-0.001904	0.470550
8173	4.988403	0.470547	-0.001809	0.470550
8174	4.989014	0.470547	-0.001714	0.470550
8175	4.989624	0.470547	-0.001618	0.470549
8176	4.990234	0.470547	-0.001523	0.470549
8177	4.990845	0.470547	-0.001428	0.470549
8178	4.991455	0.470547	-0.001333	0.470549
8179	4.992065	0.470547	-0.001238	0.470548
8180	4.992676	0.470547	-0.001142	0.470548
8181	4.993286	0.470547	-0.001047	0.470548
8182	4.993896	0.470547	-0.000952	0.470548
8183	4.994507	0.470547	-0.000857	0.470548
8184	4.995117	0.470547	-0.000762	0.470547
8185	4.995728	0.470547	-0.000666	0.470547
8186	4.996338	0.470547	-0.000571	0.470547
8187	4.996948	0.470547	-0.000476	0.470547
8188	4.997559	0.470547	-0.000381	0.470547
8189	4.998169	0.470547	-0.000286	0.470547
8190	4.998779	0.470547	-0.000190	0.470547
8191	4.999390	0.470547	-0.000095	0.470547
