0.000000	0.000000	10.753970	i0.000000
0.000610	0.906983	10.754262	i0.084337
0.001221	1.814312	10.755140	i0.168693
0.001831	2.722334	10.756602	i0.253085
0.002441	3.631395	10.758651	i0.337533
0.003052	4.541844	10.761286	i0.422054
0.003662	5.454031	10.764509	i0.506668
0.004272	6.368306	10.768321	i0.591393
0.004883	7.285024	10.772724	i0.676247
0.005493	8.204541	10.777720	i0.761250
0.006104	9.127216	10.783311	i0.846421
0.006714	10.053412	10.789499	i0.931777
0.007324	10.983494	10.796287	i1.017340
0.007935	11.917833	10.803678	i1.103127
0.008545	12.856804	10.811675	i1.189159
0.009155	13.800786	10.820282	i1.275455
0.009766	14.750166	10.829502	i1.362036
0.010376	15.705333	10.839339	i1.448920
0.010986	16.666685	10.849798	i1.536129
0.011597	17.634626	10.860883	i1.623683
0.012207	18.609568	10.872599	i1.711602
0.012817	19.591928	10.884952	i1.799910
0.013428	20.582135	10.897946	i1.888625
0.014038	21.580624	10.911588	i1.977771
0.014648	22.587840	10.925884	i2.067369
0.015259	23.604238	10.940841	i2.157443
0.015869	24.630284	10.956464	i2.248014
0.016479	25.666455	10.972762	i2.339106
0.017090	26.713237	10.989741	i2.430743
0.017700	27.771134	11.007410	i2.522949
0.018311	28.840657	11.025777	i2.615748
0.018921	29.922334	11.044851	i2.709166
0.019531	31.016709	11.064640	i2.803228
0.020142	32.124337	11.085154	i2.897960
0.020752	33.245793	11.106403	i2.993390
0.021362	34.381667	11.128397	i3.089544
0.021973	35.532569	11.151146	i3.186450
0.022583	36.699125	11.174663	i3.284137
0.023193	37.881983	11.198958	i3.382635
0.023804	39.081812	11.224044	i3.481972
0.024414	40.299302	11.249933	i3.582181
0.025024	41.535168	11.276639	i3.683293
0.025635	42.790148	11.304176	i3.785340
0.026245	44.065005	11.332556	i3.888355
0.026855	45.360532	11.361797	i3.992373
0.027466	46.677549	11.391912	i4.097429
0.028076	48.016906	11.422918	i4.203559
0.028687	49.379484	11.454832	i4.310800
0.029297	50.766201	11.487671	i4.419190
0.029907	52.178005	11.521453	i4.528769
0.030518	53.615886	11.556197	i4.639579
0.031128	55.080871	11.591924	i4.751659
0.031738	56.574029	11.628652	i4.865055
0.032349	58.096472	11.666404	i4.979810
0.032959	59.649358	11.705201	i5.095970
0.033569	61.233896	11.745067	i5.213584
0.034180	62.851344	11.786026	i5.332700
0.034790	64.503015	11.828102	i5.453370
0.035400	66.190279	11.871321	i5.575645
0.036011	67.914568	11.915711	i5.699582
0.036621	69.677378	11.961300	i5.825235
0.037231	71.480273	12.008117	i5.952663
0.037842	73.324888	12.056192	i6.081928
0.038452	75.212936	12.105558	i6.213091
0.039063	77.146209	12.156247	i6.346219
0.039673	79.126588	12.208295	i6.481379
0.040283	81.156041	12.261737	i6.618642
0.040894	83.236636	12.316611	i6.758079
0.041504	85.370543	12.372957	i6.899769
0.042114	87.560040	12.430816	i7.043789
0.042725	89.807523	12.490230	i7.190222
0.043335	92.115510	12.551244	i7.339154
0.043945	94.486651	12.613906	i7.490674
0.044556	96.923736	12.678264	i7.644875
0.045166	99.429707	12.744369	i7.801854
0.045776	102.007662	12.812275	i7.961714
0.046387	104.660872	12.882038	i8.124558
0.046997	107.392789	12.953717	i8.290500
0.047607	110.207059	13.027374	i8.459653
0.048218	113.107537	13.103073	i8.632138
0.048828	116.098302	13.180881	i8.808084
0.049438	119.183671	13.260870	i8.987621
0.050049	122.368218	13.343114	i9.170889
0.050659	125.656792	13.427691	i9.358034
0.051270	129.054537	13.514684	i9.549209
0.051880	132.566916	13.604179	i9.744573
0.052490	136.199736	13.696267	i9.944296
0.053101	139.959171	13.791044	i10.148555
0.053711	143.851792	13.888611	i10.357537
0.054321	147.884601	13.989073	i10.571437
0.054932	152.065066	14.092544	i10.790462
0.055542	156.401152	14.199142	i11.014831
0.056152	160.901373	14.308991	i11.244775
0.056763	165.574828	14.422223	i11.480534
0.057373	170.431257	14.538979	i11.722368
0.057983	175.481097	14.659406	i11.970546
0.058594	180.735536	14.783661	i12.225357
0.059204	186.206591	14.911910	i12.487106
0.059814	191.907171	15.044329	i12.756114
0.060425	197.851169	15.181105	i13.032725
0.061035	204.053547	15.322437	i13.317304
0.061646	210.530443	15.468537	i13.610236
0.062256	217.299280	15.619630	i13.911935
0.062866	224.378893	15.775956	i14.222839
0.063477	231.789672	15.937772	i14.543417
0.064087	239.553717	16.105351	i14.874169
0.064697	247.695016	16.278986	i15.215629
0.065308	256.239643	16.458990	i15.568370
0.065918	265.215984	16.645700	i15.933003
0.066528	274.654982	16.839475	i16.310187
0.067139	284.590428	17.040703	i16.700628
0.067749	295.059280	17.249800	i17.105084
0.068359	306.102031	17.467215	i17.524376
0.068970	317.763121	17.693432	i17.959383
0.069580	330.091416	17.928974	i18.411060
0.070190	343.140746	18.174407	i18.880437
0.070801	356.970531	18.430344	i19.368631
0.071411	371.646497	18.697450	i19.876854
0.072021	387.241494	18.976450	i20.406425
0.072632	403.836460	19.268131	i20.958777
0.073242	421.521519	19.573353	i21.535478
0.073853	440.397274	19.893057	i22.138240
0.074463	460.576312	20.228274	i22.768937
0.075073	482.184962	20.580135	i23.429631
0.075684	505.365380	20.949884	i24.122586
0.076294	530.277992	21.338896	i24.850301
0.076904	557.104405	21.748688	i25.615541
0.077515	586.050869	22.180944	i26.421367
0.078125	617.352423	22.637535	i27.271186
0.078735	651.277879	23.120547	i28.168792
0.079346	688.135841	23.632313	i29.118430
0.079956	728.282027	24.175449	i30.124860
0.080566	772.128205	24.752902	i31.193442
0.081177	820.153188	25.367998	i32.330229
0.081787	872.916426	26.024512	i33.542086
0.082397	931.074938	26.726740	i34.836831
0.083008	995.404553	27.479597	i36.223404
0.083618	1066.826763	28.288730	i37.712077
0.084229	1146.442938	29.160659	i39.314713
0.084839	1235.578341	30.102956	i41.045084
0.085449	1335.839246	31.124462	i42.919272
0.086060	1449.187864	32.235567	i44.956178
0.086670	1578.041692	33.448563	i47.178162
0.087280	1725.406871	34.778102	i49.611876
0.087891	1895.059516	36.241790	i52.289346
0.088501	2091.795875	37.860972	i55.249397
0.089111	2321.782885	39.661776	i58.539559
0.089722	2593.058028	41.676538	i62.218652
0.090332	2916.255935	43.945761	i66.360346
0.090942	3305.687520	46.520862	i71.058174
0.091553	3780.981816	49.468121	i76.432695
0.092163	4369.653031	52.874464	i82.642030
0.092773	5111.241127	56.856184	i89.897716
0.093384	6064.234360	61.572489	i98.489349
0.093994	7318.136890	67.247302	i108.824245
0.094604	9015.570103	74.205871	i121.494027
0.095215	11395.221729	82.939385	i137.392165
0.095825	14881.592305	94.226279	i157.934628
0.096436	20290.438775	109.378161	i185.507222
0.097046	29358.241485	130.790614	i224.467495
0.097656	46345.682902	163.354618	i283.712107
0.098267	84184.585887	218.849857	i384.668225
0.098877	199240.152334	334.664022	i595.343805
0.099487	949602.943090	726.221428	i1307.594222
0.100098	25995174.263097	-3776.661462	i-6883.109467
0.100708	491124.743691	-515.949090	i-951.886055
0.101318	140642.774614	-274.412485	i-512.523235
0.101929	65239.242858	-185.745424	i-351.229341
0.102539	37367.540444	-139.705359	i-267.473923
0.103149	24105.641958	-111.509081	i-216.176492
0.103760	16785.384051	-92.466374	i-181.529602
0.104370	12327.576986	-78.741890	i-156.556784
0.104980	9416.070613	-68.380353	i-137.701404
0.105591	7412.064832	-60.280320	i-122.959945
0.106201	5975.240272	-53.773986	i-111.117675
0.106812	4910.866151	-48.432902	i-101.395249
0.107422	4101.026730	-43.969557	i-93.269685
0.108032	3470.957028	-40.183828	i-86.376964
0.108643	2971.407014	-36.932124	i-80.455894
0.109253	2568.872493	-34.108740	i-75.314201
0.109863	2239.924718	-31.634137	i-70.807202
0.110474	1967.785589	-29.447314	i-66.823941
0.111084	1740.187085	-27.500709	i-63.277900
0.111694	1547.992858	-25.756686	i-60.100623
0.112305	1384.287060	-24.185078	i-57.237238
0.112915	1243.757852	-22.761421	i-54.643244
0.113525	1122.271579	-21.465665	i-52.282173
0.114136	1016.573090	-20.281223	i-50.123854
0.114746	924.071288	-19.194256	i-48.143115
0.115356	842.683278	-18.193123	i-46.318781
0.115967	770.719543	-17.267963	i-44.632917
0.116577	706.798247	-16.410366	i-43.070230
0.117188	649.780519	-15.613120	i-41.617597
0.117798	598.721069	-14.869997	i-40.263697
0.118408	552.830102	-14.175600	i-38.998709
0.119019	511.443692	-13.525221	i-37.814073
0.119629	474.000525	-12.914739	i-36.702293
0.120239	440.023492	-12.340528	i-35.656779
0.120850	409.105026	-11.799390	i-34.671711
0.121460	380.895321	-11.288486	i-33.741931
0.122070	355.092811	-10.805295	i-32.862851
0.122681	331.436432	-10.347565	i-32.030379
0.123291	309.699291	-9.913280	i-31.240849
0.123901	289.683450	-9.500631	i-30.490971
0.124512	271.215625	-9.107986	i-29.777782
0.125122	254.143604	-8.733875	i-29.098608
0.125732	238.333257	-8.376965	i-28.451027
0.126343	223.666029	-8.036047	i-27.832842
0.126953	210.036833	-7.710022	i-27.242055
0.127563	197.352254	-7.397886	i-26.676845
0.128174	185.529045	-7.098724	i-26.135549
0.128784	174.492827	-6.811698	i-25.616643
0.129395	164.176984	-6.536038	i-25.118732
0.130005	154.521720	-6.271038	i-24.640533
0.130615	145.473240	-6.016048	i-24.180866
0.131226	136.983044	-5.770467	i-23.738643
0.131836	129.007320	-5.533741	i-23.312857
0.132446	121.506410	-5.305359	i-22.902582
0.133057	114.444352	-5.084844	i-22.506954
0.133667	107.788474	-4.871757	i-22.125176
0.134277	101.509046	-4.665687	i-21.756506
0.134888	95.578962	-4.466253	i-21.400255
0.135498	89.973477	-4.273101	i-21.055779
0.136108	84.669960	-4.085899	i-20.722479
0.136719	79.647684	-3.904337	i-20.399796
0.137329	74.887639	-3.728126	i-20.087207
0.137939	70.372366	-3.556994	i-19.784223
0.138550	66.085806	-3.390688	i-19.490385
0.139160	62.013169	-3.228968	i-19.205262
0.139771	58.140820	-3.071610	i-18.928451
0.140381	54.456166	-2.918404	i-18.659574
0.140991	50.947571	-2.769150	i-18.398272
0.141602	47.604263	-2.623661	i-18.144209
0.142212	44.416264	-2.481762	i-17.897070
0.142822	41.374320	-2.343284	i-17.656554
0.143433	38.469836	-2.208070	i-17.422381
0.144043	35.694827	-2.075971	i-17.194283
0.144653	33.041861	-1.946845	i-16.972008
0.145264	30.504019	-1.820558	i-16.755317
0.145874	28.074851	-1.696982	i-16.543986
0.146484	25.748336	-1.575998	i-16.337799
0.147095	23.518856	-1.457490	i-16.136552
0.147705	21.381156	-1.341348	i-15.940054
0.148315	19.330321	-1.227468	i-15.748121
0.148926	17.361751	-1.115752	i-15.560578
0.149536	15.471133	-1.006105	i-15.377259
0.150146	13.654425	-0.898435	i-15.198007
0.150757	11.907831	-0.792657	i-15.022672
0.151367	10.227787	-0.688688	i-14.851109
0.151978	8.610943	-0.586449	i-14.683182
0.152588	7.054149	-0.485864	i-14.518761
0.153198	5.554438	-0.386861	i-14.357720
0.153809	4.109017	-0.289369	i-14.199941
0.154419	2.715253	-0.193321	i-14.045310
0.155029	1.370662	-0.098653	i-13.893718
0.155640	0.072901	-0.005304	i-13.745059
0.156250	1.180243	0.086787	i-13.599235
0.156860	2.390862	0.177678	i-13.456149
0.157471	3.560933	0.267423	i-13.315710
0.158081	4.692328	0.356078	i-13.177829
0.158691	5.786818	0.443692	i-13.042421
0.159302	6.846080	0.530317	i-12.909405
0.159912	7.871703	0.616002	i-12.778703
0.160522	8.865195	0.700793	i-12.650240
0.161133	9.827987	0.784736	i-12.523943
0.161743	10.761436	0.867876	i-12.399743
0.162354	11.666832	0.950256	i-12.277572
0.162964	12.545398	1.031917	i-12.157366
0.163574	13.398300	1.112902	i-12.039062
0.164185	14.226645	1.193250	i-11.922600
0.164795	15.031488	1.273000	i-11.807923
0.165405	15.813831	1.352191	i-11.694972
0.166016	16.574631	1.430859	i-11.583695
0.166626	17.314797	1.509041	i-11.474040
0.167236	18.035198	1.586774	i-11.365954
0.167847	18.736661	1.664092	i-11.259389
0.168457	19.419975	1.741031	i-11.154297
0.169067	20.085895	1.817624	i-11.050632
0.169678	20.735140	1.893906	i-10.948349
0.170288	21.368397	1.969909	i-10.847404
0.170898	21.986321	2.045666	i-10.747756
0.171509	22.589541	2.121211	i-10.649363
0.172119	23.178656	2.196574	i-10.552185
0.172729	23.754240	2.271789	i-10.456183
0.173340	24.316841	2.346887	i-10.361319
0.173950	24.866984	2.421899	i-10.267557
0.174561	25.405171	2.496857	i-10.174860
0.175171	25.931882	2.571793	i-10.083194
0.175781	26.447579	2.646737	i-9.992523
0.176392	26.952701	2.721721	i-9.902814
0.177002	27.447671	2.796777	i-9.814035
0.177612	27.932891	2.871936	i-9.726153
0.178223	28.408750	2.947230	i-9.639137
0.178833	28.875616	3.022689	i-9.552955
0.179443	29.333846	3.098348	i-9.467578
0.180054	29.783778	3.174236	i-9.382975
0.180664	30.225737	3.250388	i-9.299117
0.181274	30.660033	3.326835	i-9.215976
0.181885	31.086965	3.403612	i-9.133522
0.182495	31.506815	3.480752	i-9.051727
0.183105	31.919856	3.558288	i-8.970565
0.183716	32.326346	3.636257	i-8.890007
0.184326	32.726532	3.714692	i-8.810025
0.184937	33.120650	3.793631	i-8.730594
0.185547	33.508922	3.873109	i-8.651686
0.186157	33.891562	3.953164	i-8.573275
0.186768	34.268771	4.033834	i-8.495335
0.187378	34.640739	4.115159	i-8.417838
0.187988	35.007646	4.197177	i-8.340759
0.188599	35.369660	4.279931	i-8.264072
0.189209	35.726941	4.363463	i-8.187750
0.189819	36.079635	4.447814	i-8.111767
0.190430	36.427879	4.533031	i-8.036097
0.191040	36.771798	4.619159	i-7.960713
0.191650	37.111508	4.706245	i-7.885588
0.192261	37.447112	4.794337	i-7.810697
0.192871	37.778701	4.883486	i-7.736011
0.193481	38.106357	4.973744	i-7.661504
0.194092	38.430148	5.065164	i-7.587148
0.194702	38.750129	5.157802	i-7.512915
0.195313	39.066343	5.251716	i-7.438776
0.195923	39.378820	5.346966	i-7.364704
0.196533	39.687574	5.443613	i-7.290668
0.197144	39.992606	5.541722	i-7.216638
0.197754	40.293901	5.641361	i-7.142585
0.198364	40.591426	5.742599	i-7.068477
0.198975	40.885132	5.845509	i-6.994281
0.199585	41.174950	5.950167	i-6.919966
0.200195	41.460793	6.056652	i-6.845497
0.200806	41.742551	6.165048	i-6.770839
0.201416	42.020091	6.275441	i-6.695958
0.202026	42.293255	6.387921	i-6.620817
0.202637	42.561861	6.502584	i-6.545376
0.203247	42.825695	6.619530	i-6.469598
0.203857	43.084514	6.738862	i-6.393440
0.204468	43.338039	6.860692	i-6.316861
0.205078	43.585955	6.985133	i-6.239817
0.205688	43.827909	7.112309	i-6.162262
0.206299	44.063500	7.242346	i-6.084147
0.206909	44.292283	7.375380	i-6.005424
0.207520	44.513758	7.511553	i-5.926039
0.208130	44.727367	7.651015	i-5.845939
0.208740	44.932490	7.793926	i-5.765065
0.209351	45.128437	7.940453	i-5.683358
0.209961	45.314440	8.090774	i-5.600754
0.210571	45.489646	8.245079	i-5.517187
0.211182	45.653109	8.403568	i-5.432586
0.211792	45.803777	8.566454	i-5.346877
0.212402	45.940484	8.733963	i-5.259981
0.213013	46.061933	8.906337	i-5.171816
0.213623	46.166685	9.083832	i-5.082292
0.214233	46.253143	9.266723	i-4.991316
0.214844	46.319527	9.455303	i-4.898788
0.215454	46.363862	9.649886	i-4.804602
0.216064	46.383947	9.850807	i-4.708644
0.216675	46.377329	10.058427	i-4.610793
0.217285	46.341272	10.273133	i-4.510919
0.217896	46.272724	10.495340	i-4.408883
0.218506	46.168270	10.725496	i-4.304535
0.219116	46.024088	10.964086	i-4.197713
0.219727	45.835895	11.211629	i-4.088246
0.220337	45.598883	11.468692	i-3.975944
0.220947	45.307644	11.735886	i-3.860607
0.221558	44.956089	12.013874	i-3.742014
0.222168	44.537344	12.303379	i-3.619928
0.222778	44.043641	12.605188	i-3.494088
0.223389	43.466177	12.920158	i-3.364214
0.223999	42.794957	13.249228	i-3.229996
0.224609	42.018607	13.593427	i-3.091097
0.225220	41.124152	13.953885	i-2.947147
0.225830	40.096750	14.331845	i-2.797738
0.226440	38.919379	14.728681	i-2.642421
0.227051	37.572462	15.145910	i-2.480700
0.227661	36.033408	15.585215	i-2.312025
0.228271	34.276069	16.048470	i-2.135784
0.228882	32.270073	16.537764	i-1.951296
0.229492	29.980010	17.055433	i-1.757798
0.230103	27.364440	17.604102	i-1.554435
0.230713	24.374660	18.186727	i-1.340244
0.231323	20.953180	18.806649	i-1.114137
0.231934	17.031814	19.467663	i-0.874877
0.232544	12.529287	20.174090	i-0.621058
0.233154	7.348190	20.930882	i-0.351069
0.233765	1.371105	21.743732	i-0.063057
0.234375	5.544393	22.619224	i0.245119
0.234985	13.572226	23.565011	i0.575948
0.235596	22.926329	24.590044	i0.932342
0.236206	33.871930	25.704857	i1.317725
0.236816	46.740679	26.921935	i1.736156
0.237427	61.951171	28.256186	i2.192482
0.238037	80.037172	29.725563	i2.692537
0.238647	101.687002	31.351876	i3.243410
0.239258	127.799379	33.161893	i3.853802
0.239868	159.564023	35.188832	i4.534508
0.240479	198.580317	37.474428	i5.299089
0.241089	247.035876	40.071849	i6.164823
0.241699	307.982026	43.049903	i7.154070
0.242310	385.770901	46.499237	i8.296285
0.242920	486.771640	50.541758	i9.631078
0.243530	620.588295	55.345377	i11.213011
0.244141	802.222839	61.147962	i13.119372
0.244751	1056.119652	68.298021	i15.463400
0.245361	1424.212518	77.327486	i18.417934
0.245972	1983.207922	89.090670	i22.260557
0.246582	2885.479766	105.052111	i27.467128
0.247192	4468.942176	127.949854	i34.927294
0.247803	7608.875961	163.564217	i46.519196
0.248413	15182.438105	226.568316	i67.010420
0.249023	41652.171053	368.318048	i113.087510
0.249634	307221.834913	982.541956	i312.680627
0.250244	715901.211349	-1474.316842	i-485.581655
0.250854	60440.085282	-421.366989	i-143.438112
0.251465	21242.186664	-245.869389	i-86.396223
0.252075	10918.814565	-173.601528	i-62.895844
0.252686	6718.083367	-134.179541	i-50.067867
0.253296	4591.111647	-109.355757	i-41.983264
0.253906	3360.978826	-92.287300	i-36.418649
0.254517	2582.701986	-79.830146	i-32.352465
0.255127	2057.342106	-70.337423	i-29.249609
0.255737	1684.898484	-62.863058	i-26.802681
0.256348	1410.535506	-56.824849	i-24.822512
0.256958	1202.091254	-51.844877	i-23.186307
0.257568	1039.662199	-47.667131	i-21.810882
0.258179	910.378799	-44.112023	i-20.637884
0.258789	805.610099	-41.049847	i-19.625167
0.259399	719.386070	-38.384590	i-18.741533
0.260010	647.466359	-36.043654	i-17.963394
0.260620	586.769160	-33.971132	i-17.272582
0.261230	535.009177	-32.123270	i-16.654879
0.261841	490.461396	-30.465335	i-16.098999
0.262451	451.803000	-28.969403	i-15.595868
0.263062	418.005152	-27.612773	i-15.138109
0.263672	388.257409	-26.376793	i-14.719659
0.264282	361.913965	-25.246003	i-14.335496
0.264893	338.454783	-24.207476	i-13.981416
0.265503	317.457077	-23.250319	i-13.653880
0.266113	298.574094	-22.365293	i-13.349885
0.266724	281.519132	-21.544504	i-13.066865
0.267334	266.053370	-20.781172	i-12.802616
0.267944	251.976487	-20.069438	i-12.555234
0.268555	239.119379	-19.404216	i-12.323063
0.269165	227.338437	-18.781065	i-12.104661
0.269775	216.511022	-18.196095	i-11.898763
0.270386	206.531853	-17.645879	i-11.704254
0.270996	197.310109	-17.127391	i-11.520150
0.271606	188.767084	-16.637944	i-11.345577
0.272217	180.834272	-16.175150	i-11.179759
0.272827	173.451800	-15.736873	i-11.021999
0.273438	166.567146	-15.321201	i-10.871677
0.274048	160.134058	-14.926416	i-10.728232
0.274658	154.111674	-14.550970	i-10.591162
0.275269	148.463770	-14.193463	i-10.460010
0.275879	143.158134	-13.852631	i-10.334364
0.276489	138.166039	-13.527321	i-10.213851
0.277100	133.461793	-13.216489	i-10.098128
0.277710	129.022355	-12.919179	i-9.986885
0.278320	124.827010	-12.634520	i-9.879838
0.278931	120.857089	-12.361713	i-9.776726
0.279541	117.095726	-12.100026	i-9.677312
0.280151	113.527650	-11.848785	i-9.581375
0.280762	110.139005	-11.607371	i-9.488712
0.281372	106.917194	-11.375212	i-9.399139
0.281982	103.850739	-11.151780	i-9.312481
0.282593	100.929165	-10.936586	i-9.228581
0.283203	98.142892	-10.729178	i-9.147289
0.283813	95.483145	-10.529136	i-9.068469
0.284424	92.941873	-10.336069	i-8.991994
0.285034	90.511676	-10.149616	i-8.917744
0.285645	88.185741	-9.969437	i-8.845609
0.286255	85.957790	-9.795216	i-8.775487
0.286865	83.822024	-9.626661	i-8.707279
0.287476	81.773082	-9.463494	i-8.640897
0.288086	79.806002	-9.305459	i-8.576256
0.288696	77.916183	-9.152314	i-8.513277
0.289307	76.099354	-9.003831	i-8.451886
0.289917	74.351547	-8.859800	i-8.392012
0.290527	72.669068	-8.720019	i-8.333590
0.291138	71.048477	-8.584301	i-8.276559
0.291748	69.486566	-8.452469	i-8.220861
0.292358	67.980339	-8.324355	i-8.166439
0.292969	66.526996	-8.199802	i-8.113244
0.293579	65.123918	-8.078662	i-8.061225
0.294189	63.768653	-7.960795	i-8.010337
0.294800	62.458901	-7.846067	i-7.960537
0.295410	61.192504	-7.734352	i-7.911781
0.296021	59.967437	-7.625533	i-7.864032
0.296631	58.781794	-7.519496	i-7.817252
0.297241	57.633784	-7.416133	i-7.771406
0.297852	56.521719	-7.315345	i-7.726460
0.298462	55.444010	-7.217033	i-7.682383
0.299072	54.399157	-7.121107	i-7.639143
0.299683	53.385746	-7.027480	i-7.596713
0.300293	52.402438	-6.936068	i-7.555065
0.300903	51.447971	-6.846792	i-7.514172
0.301514	50.521148	-6.759578	i-7.474010
0.302124	49.620840	-6.674353	i-7.434554
0.302734	48.745973	-6.591049	i-7.395783
0.303345	47.895531	-6.509602	i-7.357675
0.303955	47.068552	-6.429948	i-7.320208
0.304565	46.264120	-6.352028	i-7.283363
0.305176	45.481367	-6.275785	i-7.247120
0.305786	44.719467	-6.201165	i-7.211463
0.306396	43.977636	-6.128115	i-7.176373
0.307007	43.255126	-6.056586	i-7.141833
0.307617	42.551227	-5.986530	i-7.107828
0.308228	41.865261	-5.917901	i-7.074343
0.308838	41.196584	-5.850655	i-7.041362
0.309448	40.544580	-5.784751	i-7.008872
0.310059	39.908662	-5.720148	i-6.976859
0.310669	39.288270	-5.656806	i-6.945310
0.311279	38.682868	-5.594689	i-6.914212
0.311890	38.091947	-5.533762	i-6.883554
0.312500	37.515016	-5.473989	i-6.853323
0.313110	36.951609	-5.415338	i-6.823509
0.313721	36.401278	-5.357777	i-6.794101
0.314331	35.863596	-5.301275	i-6.765089
0.314941	35.338152	-5.245802	i-6.736463
0.315552	34.824554	-5.191332	i-6.708212
0.316162	34.322426	-5.137835	i-6.680328
0.316772	33.831407	-5.085287	i-6.652802
0.317383	33.351150	-5.033661	i-6.625626
0.317993	32.881324	-4.982932	i-6.598790
0.318604	32.421609	-4.933079	i-6.572287
0.319214	31.971699	-4.884077	i-6.546109
0.319824	31.531300	-4.835905	i-6.520249
0.320435	31.100128	-4.788541	i-6.494698
0.321045	30.677913	-4.741965	i-6.469452
0.321655	30.264392	-4.696157	i-6.444502
0.322266	29.859315	-4.651099	i-6.419841
0.322876	29.462437	-4.606771	i-6.395464
0.323486	29.073527	-4.563155	i-6.371365
0.324097	28.692360	-4.520235	i-6.347537
0.324707	28.318719	-4.477993	i-6.323975
0.325317	27.952396	-4.436414	i-6.300673
0.325928	27.593190	-4.395482	i-6.277626
0.326538	27.240907	-4.355181	i-6.254828
0.327148	26.895359	-4.315497	i-6.232274
0.327759	26.556367	-4.276415	i-6.209960
0.328369	26.223755	-4.237923	i-6.187880
0.328979	25.897356	-4.200005	i-6.166030
0.329590	25.577008	-4.162650	i-6.144405
0.330200	25.262553	-4.125845	i-6.123001
0.330811	24.953839	-4.089577	i-6.101814
0.331421	24.650721	-4.053835	i-6.080840
0.332031	24.353056	-4.018607	i-6.060074
0.332642	24.060707	-3.983882	i-6.039512
0.333252	23.773541	-3.949650	i-6.019152
0.333862	23.491430	-3.915899	i-5.998988
0.334473	23.214251	-3.882619	i-5.979018
0.335083	22.941882	-3.849802	i-5.959237
0.335693	22.674207	-3.817436	i-5.939644
0.336304	22.411113	-3.785512	i-5.920233
0.336914	22.152492	-3.754022	i-5.901002
0.337524	21.898236	-3.722956	i-5.881949
0.338135	21.648244	-3.692306	i-5.863068
0.338745	21.402416	-3.662064	i-5.844359
0.339355	21.160656	-3.632221	i-5.825817
0.339966	20.922869	-3.602769	i-5.807441
0.340576	20.688965	-3.573701	i-5.789226
0.341187	20.458855	-3.545009	i-5.771171
0.341797	20.232456	-3.516686	i-5.753273
0.342407	20.009682	-3.488725	i-5.735529
0.343018	19.790454	-3.461118	i-5.717937
0.343628	19.574693	-3.433859	i-5.700494
0.344238	19.362323	-3.406942	i-5.683198
0.344849	19.153271	-3.380359	i-5.666047
0.345459	18.947464	-3.354105	i-5.649038
0.346069	18.744832	-3.328173	i-5.632169
0.346680	18.545309	-3.302558	i-5.615438
0.347290	18.348827	-3.277254	i-5.598842
0.347900	18.155323	-3.252254	i-5.582381
0.348511	17.964734	-3.227555	i-5.566051
0.349121	17.777000	-3.203149	i-5.549851
0.349731	17.592061	-3.179032	i-5.533779
0.350342	17.409860	-3.155199	i-5.517832
0.350952	17.230341	-3.131645	i-5.502010
0.351563	17.053449	-3.108364	i-5.486310
0.352173	16.879132	-3.085353	i-5.470730
0.352783	16.707338	-3.062606	i-5.455269
0.353394	16.538016	-3.040118	i-5.439925
0.354004	16.371117	-3.017886	i-5.424696
0.354614	16.206594	-2.995905	i-5.409581
0.355225	16.044400	-2.974171	i-5.394579
0.355835	15.884490	-2.952679	i-5.379687
0.356445	15.726819	-2.931426	i-5.364903
0.357056	15.571345	-2.910408	i-5.350228
0.357666	15.418024	-2.889620	i-5.335659
0.358276	15.266818	-2.869059	i-5.321194
0.358887	15.117684	-2.848721	i-5.306832
0.359497	14.970585	-2.828602	i-5.292573
0.360107	14.825482	-2.808700	i-5.278414
0.360718	14.682338	-2.789010	i-5.264354
0.361328	14.541117	-2.769529	i-5.250392
0.361938	14.401783	-2.750254	i-5.236527
0.362549	14.264302	-2.731182	i-5.222758
0.363159	14.128640	-2.712309	i-5.209082
0.363770	13.994765	-2.693632	i-5.195500
0.364380	13.862643	-2.675148	i-5.182009
0.364990	13.732244	-2.656855	i-5.168609
0.365601	13.603537	-2.638749	i-5.155299
0.366211	13.476493	-2.620827	i-5.142077
0.366821	13.351080	-2.603086	i-5.128942
0.367432	13.227272	-2.585525	i-5.115894
0.368042	13.105040	-2.568140	i-5.102931
0.368652	12.984356	-2.550928	i-5.090052
0.369263	12.865194	-2.533887	i-5.077257
0.369873	12.747529	-2.517014	i-5.064543
0.370483	12.631333	-2.500308	i-5.051911
0.371094	12.516582	-2.483765	i-5.039359
0.371704	12.403253	-2.467382	i-5.026887
0.372314	12.291320	-2.451159	i-5.014493
0.372925	12.180760	-2.435092	i-5.002176
0.373535	12.071551	-2.419179	i-4.989936
0.374146	11.963671	-2.403419	i-4.977772
0.374756	11.857096	-2.387808	i-4.965683
0.375366	11.751806	-2.372345	i-4.953668
0.375977	11.647780	-2.357027	i-4.941726
0.376587	11.544997	-2.341853	i-4.929856
0.377197	11.443437	-2.326820	i-4.918058
0.377808	11.343080	-2.311927	i-4.906331
0.378418	11.243908	-2.297172	i-4.894673
0.379028	11.145900	-2.282553	i-4.883085
0.379639	11.049039	-2.268067	i-4.871566
0.380249	10.953307	-2.253714	i-4.860114
0.380859	10.858685	-2.239491	i-4.848729
0.381470	10.765156	-2.225396	i-4.837411
0.382080	10.672704	-2.211428	i-4.826158
0.382690	10.581311	-2.197586	i-4.814970
0.383301	10.490961	-2.183867	i-4.803847
0.383911	10.401638	-2.170269	i-4.792787
0.384521	10.313326	-2.156792	i-4.781790
0.385132	10.226010	-2.143433	i-4.770855
0.385742	10.139675	-2.130192	i-4.759982
0.386353	10.054306	-2.117066	i-4.749170
0.386963	9.969889	-2.104054	i-4.738418
0.387573	9.886408	-2.091155	i-4.727726
0.388184	9.803850	-2.078367	i-4.717093
0.388794	9.722202	-2.065689	i-4.706519
0.389404	9.641450	-2.053119	i-4.696003
0.390015	9.561580	-2.040655	i-4.685544
0.390625	9.482580	-2.028298	i-4.675142
0.391235	9.404438	-2.016045	i-4.664796
0.391846	9.327139	-2.003895	i-4.654506
0.392456	9.250673	-1.991846	i-4.644271
0.393066	9.175028	-1.979898	i-4.634091
0.393677	9.100191	-1.968049	i-4.623965
0.394287	9.026150	-1.956298	i-4.613893
0.394897	8.952896	-1.944644	i-4.603874
0.395508	8.880416	-1.933086	i-4.593907
0.396118	8.808699	-1.921622	i-4.583992
0.396729	8.737735	-1.910251	i-4.574130
0.397339	8.667513	-1.898972	i-4.564318
0.397949	8.598023	-1.887785	i-4.554557
0.398560	8.529255	-1.876687	i-4.544846
0.399170	8.461198	-1.865679	i-4.535185
0.399780	8.393843	-1.854758	i-4.525573
0.400391	8.327180	-1.843924	i-4.516010
0.401001	8.261200	-1.833176	i-4.506496
0.401611	8.195893	-1.822513	i-4.497029
0.402222	8.131251	-1.811934	i-4.487610
0.402832	8.067263	-1.801437	i-4.478238
0.403442	8.003922	-1.791022	i-4.468913
0.404053	7.941218	-1.780689	i-4.459633
0.404663	7.879144	-1.770435	i-4.450400
0.405273	7.817690	-1.760260	i-4.441213
0.405884	7.756849	-1.750164	i-4.432070
0.406494	7.696612	-1.740145	i-4.422972
0.407104	7.636972	-1.730202	i-4.413918
0.407715	7.577920	-1.720335	i-4.404908
0.408325	7.519449	-1.710543	i-4.395942
0.408936	7.461551	-1.700825	i-4.387019
0.409546	7.404219	-1.691180	i-4.378139
0.410156	7.347446	-1.681607	i-4.369301
0.410767	7.291223	-1.672105	i-4.360505
0.411377	7.235545	-1.662675	i-4.351751
0.411987	7.180405	-1.653314	i-4.343038
0.412598	7.125794	-1.644022	i-4.334366
0.413208	7.071707	-1.634799	i-4.325735
0.413818	7.018137	-1.625644	i-4.317144
0.414429	6.965078	-1.616555	i-4.308593
0.415039	6.912523	-1.607533	i-4.300082
0.415649	6.860465	-1.598576	i-4.291610
0.416260	6.808899	-1.589684	i-4.283178
0.416870	6.757818	-1.580856	i-4.274784
0.417480	6.707216	-1.572092	i-4.266428
0.418091	6.657088	-1.563390	i-4.258110
0.418701	6.607428	-1.554751	i-4.249831
0.419312	6.558229	-1.546173	i-4.241588
0.419922	6.509486	-1.537656	i-4.233383
0.420532	6.461194	-1.529199	i-4.225215
0.421143	6.413347	-1.520801	i-4.217084
0.421753	6.365940	-1.512463	i-4.208988
0.422363	6.318967	-1.504183	i-4.200929
0.422974	6.272423	-1.495961	i-4.192906
0.423584	6.226304	-1.487796	i-4.184918
0.424194	6.180603	-1.479687	i-4.176965
0.424805	6.135316	-1.471635	i-4.169047
0.425415	6.090438	-1.463638	i-4.161164
0.426025	6.045964	-1.455696	i-4.153315
0.426636	6.001890	-1.447808	i-4.145501
0.427246	5.958211	-1.439974	i-4.137720
0.427856	5.914921	-1.432194	i-4.129973
0.428467	5.872017	-1.424466	i-4.122259
0.429077	5.829494	-1.416790	i-4.114579
0.429688	5.787348	-1.409166	i-4.106931
0.430298	5.745573	-1.401593	i-4.099316
0.430908	5.704167	-1.394071	i-4.091733
0.431519	5.663124	-1.386599	i-4.084183
0.432129	5.622441	-1.379177	i-4.076664
0.432739	5.582113	-1.371804	i-4.069177
0.433350	5.542137	-1.364480	i-4.061721
0.433960	5.502508	-1.357204	i-4.054297
0.434570	5.463222	-1.349976	i-4.046904
0.435181	5.424275	-1.342795	i-4.039541
0.435791	5.385665	-1.335661	i-4.032209
0.436401	5.347386	-1.328574	i-4.024908
0.437012	5.309436	-1.321532	i-4.017636
0.437622	5.271810	-1.314536	i-4.010395
0.438232	5.234504	-1.307586	i-4.003183
0.438843	5.197517	-1.300680	i-3.996000
0.439453	5.160843	-1.293818	i-3.988847
0.440063	5.124479	-1.287000	i-3.981723
0.440674	5.088422	-1.280226	i-3.974628
0.441284	5.052669	-1.273495	i-3.967561
0.441895	5.017217	-1.266807	i-3.960523
0.442505	4.982061	-1.260160	i-3.953513
0.443115	4.947199	-1.253556	i-3.946531
0.443726	4.912627	-1.246993	i-3.939577
0.444336	4.878343	-1.240472	i-3.932651
0.444946	4.844343	-1.233991	i-3.925752
0.445557	4.810625	-1.227551	i-3.918881
0.446167	4.777184	-1.221150	i-3.912037
0.446777	4.744019	-1.214789	i-3.905219
0.447388	4.711126	-1.208468	i-3.898429
0.447998	4.678503	-1.202186	i-3.891665
0.448608	4.646147	-1.195942	i-3.884927
0.449219	4.614054	-1.189736	i-3.878216
0.449829	4.582222	-1.183569	i-3.871530
0.450439	4.550648	-1.177439	i-3.864871
0.451050	4.519330	-1.171346	i-3.858237
0.451660	4.488264	-1.165290	i-3.851629
0.452271	4.457449	-1.159271	i-3.845046
0.452881	4.426882	-1.153288	i-3.838488
0.453491	4.396559	-1.147341	i-3.831956
0.454102	4.366479	-1.141429	i-3.825448
0.454712	4.336639	-1.135554	i-3.818965
0.455322	4.307037	-1.129713	i-3.812506
0.455933	4.277669	-1.123906	i-3.806072
0.456543	4.248535	-1.118135	i-3.799663
0.457153	4.219630	-1.112397	i-3.793277
0.457764	4.190954	-1.106693	i-3.786915
0.458374	4.162503	-1.101023	i-3.780577
0.458984	4.134276	-1.095386	i-3.774262
0.459595	4.106269	-1.089782	i-3.767971
0.460205	4.078482	-1.084211	i-3.761704
0.460815	4.050911	-1.078673	i-3.755459
0.461426	4.023555	-1.073166	i-3.749238
0.462036	3.996411	-1.067691	i-3.743040
0.462646	3.969478	-1.062248	i-3.736864
0.463257	3.942752	-1.056837	i-3.730711
0.463867	3.916233	-1.051456	i-3.724580
0.464478	3.889918	-1.046107	i-3.718472
0.465088	3.863804	-1.040788	i-3.712385
0.465698	3.837891	-1.035499	i-3.706321
0.466309	3.812176	-1.030240	i-3.700279
0.466919	3.786657	-1.025011	i-3.694259
0.467529	3.761332	-1.019812	i-3.688260
0.468140	3.736200	-1.014642	i-3.682283
0.468750	3.711258	-1.009502	i-3.676327
0.469360	3.686505	-1.004390	i-3.670392
0.469971	3.661938	-0.999307	i-3.664479
0.470581	3.637557	-0.994252	i-3.658586
0.471191	3.613358	-0.989225	i-3.652715
0.471802	3.589342	-0.984227	i-3.646864
0.472412	3.565504	-0.979256	i-3.641034
0.473022	3.541845	-0.974313	i-3.635224
0.473633	3.518362	-0.969397	i-3.629435
0.474243	3.495054	-0.964508	i-3.623666
0.474854	3.471919	-0.959646	i-3.617917
0.475464	3.448955	-0.954810	i-3.612188
0.476074	3.426161	-0.950001	i-3.606479
0.476685	3.403535	-0.945219	i-3.600790
0.477295	3.381075	-0.940462	i-3.595121
0.477905	3.358780	-0.935731	i-3.589471
0.478516	3.336649	-0.931026	i-3.583841
0.479126	3.314680	-0.926346	i-3.578230
0.479736	3.292871	-0.921692	i-3.572638
0.480347	3.271221	-0.917062	i-3.567065
0.480957	3.249728	-0.912458	i-3.561511
0.481567	3.228391	-0.907878	i-3.555977
0.482178	3.207209	-0.903322	i-3.550461
0.482788	3.186180	-0.898791	i-3.544963
0.483398	3.165303	-0.894284	i-3.539485
0.484009	3.144576	-0.889800	i-3.534024
0.484619	3.123998	-0.885341	i-3.528583
0.485229	3.103568	-0.880905	i-3.523159
0.485840	3.083283	-0.876492	i-3.517754
0.486450	3.063144	-0.872103	i-3.512366
0.487061	3.043149	-0.867736	i-3.506997
0.487671	3.023295	-0.863393	i-3.501645
0.488281	3.003583	-0.859072	i-3.496311
0.488892	2.984010	-0.854773	i-3.490995
0.489502	2.964576	-0.850497	i-3.485697
0.490112	2.945279	-0.846244	i-3.480416
0.490723	2.926118	-0.842012	i-3.475152
0.491333	2.907092	-0.837802	i-3.469906
0.491943	2.888200	-0.833613	i-3.464676
0.492554	2.869440	-0.829446	i-3.459464
0.493164	2.850811	-0.825301	i-3.454269
0.493774	2.832313	-0.821177	i-3.449091
0.494385	2.813943	-0.817073	i-3.443929
0.494995	2.795701	-0.812991	i-3.438785
0.495605	2.777586	-0.808929	i-3.433657
0.496216	2.759597	-0.804888	i-3.428545
0.496826	2.741731	-0.800868	i-3.423450
0.497437	2.723990	-0.796868	i-3.418371
0.498047	2.706370	-0.792888	i-3.413309
0.498657	2.688872	-0.788928	i-3.408263
0.499268	2.671494	-0.784987	i-3.403233
0.499878	2.654236	-0.781067	i-3.398219
0.500488	2.637095	-0.777166	i-3.393221
0.501099	2.620072	-0.773284	i-3.388238
0.501709	2.603164	-0.769422	i-3.383272
0.502319	2.586372	-0.765579	i-3.378321
0.502930	2.569694	-0.761755	i-3.373386
0.503540	2.553129	-0.757950	i-3.368466
0.504150	2.536676	-0.754164	i-3.363562
0.504761	2.520335	-0.750396	i-3.358673
0.505371	2.504104	-0.746647	i-3.353799
0.505981	2.487982	-0.742916	i-3.348941
0.506592	2.471968	-0.739203	i-3.344098
0.507202	2.456063	-0.735509	i-3.339269
0.507813	2.440263	-0.731832	i-3.334456
0.508423	2.424570	-0.728174	i-3.329658
0.509033	2.408981	-0.724533	i-3.324874
0.509644	2.393496	-0.720910	i-3.320105
0.510254	2.378115	-0.717304	i-3.315351
0.510864	2.362835	-0.713716	i-3.310612
0.511475	2.347657	-0.710144	i-3.305887
0.512085	2.332579	-0.706590	i-3.301176
0.512695	2.317602	-0.703053	i-3.296480
0.513306	2.302723	-0.699533	i-3.291798
0.513916	2.287942	-0.696030	i-3.287130
0.514526	2.273258	-0.692543	i-3.282477
0.515137	2.258671	-0.689073	i-3.277838
0.515747	2.244179	-0.685620	i-3.273212
0.516357	2.229783	-0.682183	i-3.268601
0.516968	2.215480	-0.678762	i-3.264003
0.517578	2.201271	-0.675357	i-3.259419
0.518188	2.187154	-0.671968	i-3.254849
0.518799	2.173129	-0.668595	i-3.250293
0.519409	2.159195	-0.665238	i-3.245750
0.520020	2.145352	-0.661896	i-3.241221
0.520630	2.131598	-0.658570	i-3.236705
0.521240	2.117933	-0.655260	i-3.232203
0.521851	2.104356	-0.651965	i-3.227714
0.522461	2.090867	-0.648685	i-3.223238
0.523071	2.077465	-0.645421	i-3.218776
0.523682	2.064148	-0.642171	i-3.214326
0.524292	2.050917	-0.638937	i-3.209890
0.524902	2.037771	-0.635717	i-3.205467
0.525513	2.024708	-0.632512	i-3.201056
0.526123	2.011729	-0.629322	i-3.196659
0.526733	1.998833	-0.626147	i-3.192274
0.527344	1.986019	-0.622986	i-3.187903
0.527954	1.973286	-0.619839	i-3.183544
0.528564	1.960633	-0.616707	i-3.179197
0.529175	1.948061	-0.613589	i-3.174863
0.529785	1.935569	-0.610485	i-3.170542
0.530396	1.923155	-0.607395	i-3.166233
0.531006	1.910820	-0.604319	i-3.161937
0.531616	1.898562	-0.601257	i-3.157653
0.532227	1.886381	-0.598209	i-3.153381
0.532837	1.874277	-0.595175	i-3.149121
0.533447	1.862248	-0.592154	i-3.144874
0.534058	1.850295	-0.589146	i-3.140639
0.534668	1.838416	-0.586152	i-3.136415
0.535278	1.826612	-0.583171	i-3.132204
0.535889	1.814881	-0.580204	i-3.128005
0.536499	1.803223	-0.577250	i-3.123818
0.537109	1.791637	-0.574309	i-3.119642
0.537720	1.780123	-0.571380	i-3.115479
0.538330	1.768681	-0.568465	i-3.111327
0.538940	1.757309	-0.565563	i-3.107186
0.539551	1.746007	-0.562673	i-3.103058
0.540161	1.734775	-0.559796	i-3.098941
0.540771	1.723613	-0.556932	i-3.094835
0.541382	1.712518	-0.554080	i-3.090741
0.541992	1.701492	-0.551241	i-3.086658
0.542603	1.690534	-0.548414	i-3.082587
0.543213	1.679642	-0.545599	i-3.078527
0.543823	1.668817	-0.542797	i-3.074478
0.544434	1.658058	-0.540007	i-3.070441
0.545044	1.647365	-0.537228	i-3.066415
0.545654	1.636737	-0.534462	i-3.062399
0.546265	1.626173	-0.531708	i-3.058395
0.546875	1.615674	-0.528966	i-3.054402
0.547485	1.605238	-0.526235	i-3.050420
0.548096	1.594865	-0.523516	i-3.046448
0.548706	1.584555	-0.520809	i-3.042488
0.549316	1.574307	-0.518113	i-3.038538
0.549927	1.564121	-0.515429	i-3.034600
0.550537	1.553996	-0.512756	i-3.030671
0.551147	1.543932	-0.510095	i-3.026754
0.551758	1.533928	-0.507445	i-3.022847
0.552368	1.523985	-0.504806	i-3.018951
0.552979	1.514101	-0.502178	i-3.015065
0.553589	1.504275	-0.499562	i-3.011190
0.554199	1.494509	-0.496956	i-3.007325
0.554810	1.484801	-0.494362	i-3.003471
0.555420	1.475150	-0.491778	i-2.999627
0.556030	1.465557	-0.489205	i-2.995793
0.556641	1.456021	-0.486643	i-2.991969
0.557251	1.446541	-0.484092	i-2.988156
0.557861	1.437118	-0.481551	i-2.984353
0.558472	1.427750	-0.479021	i-2.980560
0.559082	1.418438	-0.476501	i-2.976777
0.559692	1.409180	-0.473992	i-2.973004
0.560303	1.399977	-0.471493	i-2.969241
0.560913	1.390828	-0.469005	i-2.965488
0.561523	1.381733	-0.466527	i-2.961745
0.562134	1.372691	-0.464059	i-2.958012
0.562744	1.363702	-0.461601	i-2.954289
0.563354	1.354766	-0.459153	i-2.950575
0.563965	1.345882	-0.456715	i-2.946871
0.564575	1.337049	-0.454288	i-2.943177
0.565186	1.328269	-0.451870	i-2.939493
0.565796	1.319539	-0.449462	i-2.935818
0.566406	1.310860	-0.447064	i-2.932153
0.567017	1.302232	-0.444676	i-2.928497
0.567627	1.293653	-0.442297	i-2.924851
0.568237	1.285124	-0.439928	i-2.921214
0.568848	1.276645	-0.437569	i-2.917586
0.569458	1.268214	-0.435219	i-2.913968
0.570068	1.259833	-0.432879	i-2.910360
0.570679	1.251499	-0.430548	i-2.906760
0.571289	1.243213	-0.428226	i-2.903170
0.571899	1.234975	-0.425914	i-2.899589
0.572510	1.226785	-0.423611	i-2.896018
0.573120	1.218641	-0.421317	i-2.892455
0.573730	1.210544	-0.419033	i-2.888902
0.574341	1.202493	-0.416757	i-2.885357
0.574951	1.194488	-0.414491	i-2.881822
0.575562	1.186529	-0.412233	i-2.878296
0.576172	1.178615	-0.409985	i-2.874778
0.576782	1.170747	-0.407745	i-2.871270
0.577393	1.162923	-0.405515	i-2.867770
0.578003	1.155143	-0.403293	i-2.864279
0.578613	1.147408	-0.401080	i-2.860798
0.579224	1.139716	-0.398875	i-2.857324
0.579834	1.132068	-0.396679	i-2.853860
0.580444	1.124463	-0.394492	i-2.850404
0.581055	1.116901	-0.392314	i-2.846957
0.581665	1.109381	-0.390144	i-2.843519
0.582275	1.101904	-0.387982	i-2.840089
0.582886	1.094469	-0.385829	i-2.836668
0.583496	1.087076	-0.383684	i-2.833255
0.584106	1.079724	-0.381548	i-2.829851
0.584717	1.072414	-0.379420	i-2.826455
0.585327	1.065144	-0.377300	i-2.823068
0.585938	1.057915	-0.375189	i-2.819689
0.586548	1.050726	-0.373085	i-2.816318
0.587158	1.043578	-0.370990	i-2.812956
0.587769	1.036469	-0.368902	i-2.809602
0.588379	1.029400	-0.366823	i-2.806256
0.588989	1.022370	-0.364752	i-2.802919
0.589600	1.015379	-0.362689	i-2.799590
0.590210	1.008427	-0.360633	i-2.796269
0.590820	1.001514	-0.358586	i-2.792956
0.591431	0.994638	-0.356546	i-2.789651
0.592041	0.987801	-0.354514	i-2.786354
0.592651	0.981002	-0.352490	i-2.783065
0.593262	0.974239	-0.350473	i-2.779784
0.593872	0.967515	-0.348464	i-2.776512
0.594482	0.960827	-0.346463	i-2.773247
0.595093	0.954176	-0.344469	i-2.769990
0.595703	0.947561	-0.342483	i-2.766741
0.596313	0.940983	-0.340504	i-2.763500
0.596924	0.934441	-0.338533	i-2.760266
0.597534	0.927935	-0.336569	i-2.757041
0.598145	0.921464	-0.334613	i-2.753823
0.598755	0.915028	-0.332663	i-2.750613
0.599365	0.908628	-0.330722	i-2.747410
0.599976	0.902262	-0.328787	i-2.744215
0.600586	0.895931	-0.326860	i-2.741028
0.601196	0.889635	-0.324939	i-2.737849
0.601807	0.883373	-0.323026	i-2.734677
0.602417	0.877144	-0.321120	i-2.731512
0.603027	0.870950	-0.319221	i-2.728356
0.603638	0.864789	-0.317330	i-2.725206
0.604248	0.858661	-0.315445	i-2.722064
0.604858	0.852566	-0.313567	i-2.718930
0.605469	0.846505	-0.311696	i-2.715803
0.606079	0.840476	-0.309832	i-2.712683
0.606689	0.834479	-0.307975	i-2.709571
0.607300	0.828515	-0.306124	i-2.706466
0.607910	0.822582	-0.304281	i-2.703368
0.608521	0.816682	-0.302444	i-2.700278
0.609131	0.810813	-0.300614	i-2.697195
0.609741	0.804976	-0.298790	i-2.694119
0.610352	0.799170	-0.296973	i-2.691050
0.610962	0.793395	-0.295163	i-2.687988
0.611572	0.787650	-0.293359	i-2.684934
0.612183	0.781937	-0.291562	i-2.681886
0.612793	0.776254	-0.289772	i-2.678846
0.613403	0.770601	-0.287988	i-2.675813
0.614014	0.764978	-0.286210	i-2.672787
0.614624	0.759385	-0.284439	i-2.669767
0.615234	0.753822	-0.282674	i-2.666755
0.615845	0.748288	-0.280915	i-2.663750
0.616455	0.742783	-0.279163	i-2.660752
0.617065	0.737308	-0.277417	i-2.657760
0.617676	0.731862	-0.275677	i-2.654776
0.618286	0.726444	-0.273944	i-2.651798
0.618896	0.721055	-0.272217	i-2.648827
0.619507	0.715694	-0.270496	i-2.645863
0.620117	0.710362	-0.268781	i-2.642905
0.620728	0.705058	-0.267072	i-2.639955
0.621338	0.699781	-0.265369	i-2.637011
0.621948	0.694532	-0.263672	i-2.634074
0.622559	0.689311	-0.261982	i-2.631143
0.623169	0.684117	-0.260297	i-2.628219
0.623779	0.678951	-0.258618	i-2.625302
0.624390	0.673811	-0.256945	i-2.622392
0.625000	0.668698	-0.255278	i-2.619488
0.625610	0.663612	-0.253617	i-2.616590
0.626221	0.658552	-0.251962	i-2.613699
0.626831	0.653519	-0.250312	i-2.610815
0.627441	0.648512	-0.248669	i-2.607937
0.628052	0.643531	-0.247031	i-2.605065
0.628662	0.638576	-0.245399	i-2.602200
0.629272	0.633647	-0.243772	i-2.599342
0.629883	0.628743	-0.242151	i-2.596489
0.630493	0.623864	-0.240536	i-2.593643
0.631104	0.619011	-0.238926	i-2.590804
0.631714	0.614183	-0.237322	i-2.587971
0.632324	0.609380	-0.235724	i-2.585144
0.632935	0.604602	-0.234131	i-2.582323
0.633545	0.599848	-0.232543	i-2.579509
0.634155	0.595119	-0.230962	i-2.576701
0.634766	0.590414	-0.229385	i-2.573899
0.635376	0.585733	-0.227814	i-2.571103
0.635986	0.581076	-0.226248	i-2.568313
0.636597	0.576444	-0.224688	i-2.565530
0.637207	0.571835	-0.223133	i-2.562753
0.637817	0.567249	-0.221583	i-2.559981
0.638428	0.562688	-0.220039	i-2.557216
0.639038	0.558149	-0.218500	i-2.554457
0.639648	0.553634	-0.216966	i-2.551704
0.640259	0.549141	-0.215438	i-2.548957
0.640869	0.544672	-0.213914	i-2.546216
0.641479	0.540225	-0.212396	i-2.543481
0.642090	0.535801	-0.210883	i-2.540752
0.642700	0.531400	-0.209375	i-2.538029
0.643311	0.527021	-0.207872	i-2.535312
0.643921	0.522664	-0.206374	i-2.532601
0.644531	0.518329	-0.204882	i-2.529895
0.645142	0.514017	-0.203394	i-2.527195
0.645752	0.509726	-0.201911	i-2.524502
0.646362	0.505457	-0.200434	i-2.521814
0.646973	0.501209	-0.198961	i-2.519132
0.647583	0.496983	-0.197493	i-2.516455
0.648193	0.492778	-0.196030	i-2.513785
0.648804	0.488594	-0.194572	i-2.511120
0.649414	0.484432	-0.193119	i-2.508460
0.650024	0.480290	-0.191671	i-2.505807
0.650635	0.476170	-0.190228	i-2.503159
0.651245	0.472070	-0.188789	i-2.500517
0.651855	0.467990	-0.187355	i-2.497881
0.652466	0.463931	-0.185926	i-2.495250
0.653076	0.459893	-0.184501	i-2.492624
0.653687	0.455875	-0.183082	i-2.490005
0.654297	0.451876	-0.181667	i-2.487390
0.654907	0.447898	-0.180257	i-2.484782
0.655518	0.443940	-0.178851	i-2.482179
0.656128	0.440001	-0.177450	i-2.479581
0.656738	0.436082	-0.176053	i-2.476989
0.657349	0.432183	-0.174662	i-2.474402
0.657959	0.428303	-0.173274	i-2.471821
0.658569	0.424443	-0.171892	i-2.469245
0.659180	0.420601	-0.170513	i-2.466675
0.659790	0.416779	-0.169140	i-2.464110
0.660400	0.412975	-0.167770	i-2.461550
0.661011	0.409191	-0.166406	i-2.458996
0.661621	0.405425	-0.165045	i-2.456447
0.662231	0.401678	-0.163689	i-2.453904
0.662842	0.397950	-0.162338	i-2.451366
0.663452	0.394240	-0.160991	i-2.448833
0.664063	0.390548	-0.159648	i-2.446305
0.664673	0.386874	-0.158310	i-2.443782
0.665283	0.383219	-0.156976	i-2.441265
0.665894	0.379582	-0.155646	i-2.438753
0.666504	0.375962	-0.154320	i-2.436246
0.667114	0.372361	-0.152999	i-2.433745
0.667725	0.368777	-0.151682	i-2.431248
0.668335	0.365211	-0.150369	i-2.428757
0.668945	0.361662	-0.149061	i-2.426271
0.669556	0.358131	-0.147756	i-2.423790
0.670166	0.354617	-0.146456	i-2.421314
0.670776	0.351120	-0.145160	i-2.418843
0.671387	0.347640	-0.143868	i-2.416377
0.671997	0.344177	-0.142581	i-2.413917
0.672607	0.340732	-0.141297	i-2.411461
0.673218	0.337303	-0.140017	i-2.409010
0.673828	0.333891	-0.138742	i-2.406564
0.674438	0.330495	-0.137470	i-2.404124
0.675049	0.327116	-0.136203	i-2.401688
0.675659	0.323754	-0.134939	i-2.399257
0.676270	0.320408	-0.133680	i-2.396831
0.676880	0.317078	-0.132424	i-2.394410
0.677490	0.313764	-0.131173	i-2.391994
0.678101	0.310467	-0.129925	i-2.389583
0.678711	0.307185	-0.128681	i-2.387177
0.679321	0.303920	-0.127442	i-2.384776
0.679932	0.300670	-0.126206	i-2.382379
0.680542	0.297436	-0.124974	i-2.379987
0.681152	0.294218	-0.123746	i-2.377600
0.681763	0.291015	-0.122521	i-2.375218
0.682373	0.287828	-0.121301	i-2.372841
0.682983	0.284656	-0.120084	i-2.370468
0.683594	0.281499	-0.118871	i-2.368100
0.684204	0.278358	-0.117662	i-2.365737
0.684814	0.275231	-0.116457	i-2.363379
0.685425	0.272120	-0.115255	i-2.361025
0.686035	0.269024	-0.114057	i-2.358676
0.686646	0.265943	-0.112863	i-2.356332
0.687256	0.262876	-0.111673	i-2.353992
0.687866	0.259824	-0.110486	i-2.351657
0.688477	0.256787	-0.109303	i-2.349327
0.689087	0.253765	-0.108123	i-2.347001
0.689697	0.250757	-0.106947	i-2.344680
0.690308	0.247763	-0.105775	i-2.342363
0.690918	0.244784	-0.104606	i-2.340051
0.691528	0.241819	-0.103441	i-2.337744
0.692139	0.238868	-0.102280	i-2.335441
0.692749	0.235931	-0.101122	i-2.333142
0.693359	0.233008	-0.099967	i-2.330849
0.693970	0.230099	-0.098816	i-2.328559
0.694580	0.227204	-0.097669	i-2.326274
0.695190	0.224323	-0.096525	i-2.323994
0.695801	0.221456	-0.095384	i-2.321718
0.696411	0.218602	-0.094248	i-2.319446
0.697021	0.215762	-0.093114	i-2.317179
0.697632	0.212935	-0.091984	i-2.314917
0.698242	0.210122	-0.090857	i-2.312659
0.698853	0.207322	-0.089734	i-2.310405
0.699463	0.204535	-0.088614	i-2.308155
0.700073	0.201762	-0.087498	i-2.305910
0.700684	0.199002	-0.086385	i-2.303669
0.701294	0.196254	-0.085275	i-2.301433
0.701904	0.193520	-0.084168	i-2.299201
0.702515	0.190799	-0.083065	i-2.296973
0.703125	0.188090	-0.081966	i-2.294750
0.703735	0.185395	-0.080869	i-2.292530
0.704346	0.182712	-0.079776	i-2.290315
0.704956	0.180041	-0.078686	i-2.288105
0.705566	0.177384	-0.077599	i-2.285898
0.706177	0.174739	-0.076516	i-2.283696
0.706787	0.172106	-0.075436	i-2.281498
0.707397	0.169486	-0.074358	i-2.279304
0.708008	0.166878	-0.073285	i-2.277115
0.708618	0.164282	-0.072214	i-2.274929
0.709229	0.161698	-0.071147	i-2.272748
0.709839	0.159127	-0.070082	i-2.270571
0.710449	0.156568	-0.069021	i-2.268398
0.711060	0.154020	-0.067963	i-2.266229
0.711670	0.151485	-0.066908	i-2.264065
0.712280	0.148961	-0.065857	i-2.261904
0.712891	0.146450	-0.064808	i-2.259748
0.713501	0.143950	-0.063762	i-2.257595
0.714111	0.141461	-0.062720	i-2.255447
0.714722	0.138985	-0.061680	i-2.253303
0.715332	0.136520	-0.060644	i-2.251163
0.715942	0.134066	-0.059611	i-2.249026
0.716553	0.131624	-0.058580	i-2.246894
0.717163	0.129193	-0.057553	i-2.244766
0.717773	0.126774	-0.056529	i-2.242642
0.718384	0.124366	-0.055508	i-2.240522
0.718994	0.121969	-0.054489	i-2.238406
0.719604	0.119583	-0.053474	i-2.236293
0.720215	0.117208	-0.052461	i-2.234185
0.720825	0.114845	-0.051452	i-2.232081
0.721436	0.112492	-0.050445	i-2.229980
0.722046	0.110150	-0.049442	i-2.227884
0.722656	0.107819	-0.048441	i-2.225791
0.723267	0.105499	-0.047443	i-2.223702
0.723877	0.103190	-0.046448	i-2.221618
0.724487	0.100891	-0.045456	i-2.219537
0.725098	0.098603	-0.044467	i-2.217460
0.725708	0.096326	-0.043480	i-2.215386
0.726318	0.094059	-0.042497	i-2.213317
0.726929	0.091803	-0.041516	i-2.211251
0.727539	0.089557	-0.040538	i-2.209190
0.728149	0.087321	-0.039563	i-2.207132
0.728760	0.085096	-0.038591	i-2.205077
0.729370	0.082881	-0.037621	i-2.203027
0.729980	0.080676	-0.036655	i-2.200980
0.730591	0.078481	-0.035691	i-2.198937
0.731201	0.076297	-0.034729	i-2.196898
0.731812	0.074122	-0.033771	i-2.194863
0.732422	0.071958	-0.032815	i-2.192831
0.733032	0.069803	-0.031862	i-2.190803
0.733643	0.067659	-0.030912	i-2.188779
0.734253	0.065524	-0.029964	i-2.186758
0.734863	0.063399	-0.029019	i-2.184742
0.735474	0.061284	-0.028077	i-2.182728
0.736084	0.059178	-0.027137	i-2.180719
0.736694	0.057082	-0.026200	i-2.178713
0.737305	0.054996	-0.025266	i-2.176711
0.737915	0.052919	-0.024334	i-2.174712
0.738525	0.050852	-0.023405	i-2.172717
0.739136	0.048794	-0.022478	i-2.170726
0.739746	0.046746	-0.021554	i-2.168738
0.740356	0.044707	-0.020633	i-2.166754
0.740967	0.042677	-0.019714	i-2.164773
0.741577	0.040657	-0.018798	i-2.162796
0.742188	0.038646	-0.017885	i-2.160822
0.742798	0.036644	-0.016974	i-2.158852
0.743408	0.034651	-0.016065	i-2.156886
0.744019	0.032667	-0.015159	i-2.154923
0.744629	0.030693	-0.014256	i-2.152964
0.745239	0.028727	-0.013355	i-2.151008
0.745850	0.026770	-0.012457	i-2.149055
0.746460	0.024822	-0.011561	i-2.147107
0.747070	0.022883	-0.010667	i-2.145161
0.747681	0.020953	-0.009776	i-2.143219
0.748291	0.019032	-0.008888	i-2.141281
0.748901	0.017119	-0.008002	i-2.139346
0.749512	0.015215	-0.007118	i-2.137414
0.750122	0.013320	-0.006237	i-2.135486
0.750732	0.011433	-0.005359	i-2.133561
0.751343	0.009555	-0.004482	i-2.131640
0.751953	0.007685	-0.003608	i-2.129722
0.752563	0.005824	-0.002737	i-2.127807
0.753174	0.003971	-0.001868	i-2.125896
0.753784	0.002127	-0.001001	i-2.123988
0.754395	0.000290	-0.000137	i-2.122084
0.755005	0.001537	0.000725	i-2.120183
0.755615	0.003357	0.001585	i-2.118285
0.756226	0.005168	0.002442	i-2.116391
0.756836	0.006971	0.003297	i-2.114500
0.757446	0.008766	0.004149	i-2.112612
0.758057	0.010553	0.005000	i-2.110727
0.758667	0.012332	0.005848	i-2.108846
0.759277	0.014102	0.006693	i-2.106968
0.759888	0.015865	0.007537	i-2.105094
0.760498	0.017620	0.008378	i-2.103223
0.761108	0.019367	0.009216	i-2.101355
0.761719	0.021106	0.010053	i-2.099490
0.762329	0.022837	0.010887	i-2.097628
0.762939	0.024560	0.011719	i-2.095770
0.763550	0.026276	0.012549	i-2.093915
0.764160	0.027984	0.013376	i-2.092063
0.764771	0.029684	0.014202	i-2.090214
0.765381	0.031377	0.015025	i-2.088369
0.765991	0.033062	0.015845	i-2.086526
0.766602	0.034739	0.016664	i-2.084687
0.767212	0.036409	0.017481	i-2.082851
0.767822	0.038072	0.018295	i-2.081019
0.768433	0.039727	0.019107	i-2.079189
0.769043	0.041374	0.019917	i-2.077363
0.769653	0.043015	0.020725	i-2.075539
0.770264	0.044647	0.021530	i-2.073719
0.770874	0.046273	0.022334	i-2.071902
0.771484	0.047891	0.023135	i-2.070088
0.772095	0.049502	0.023934	i-2.068277
0.772705	0.051106	0.024731	i-2.066470
0.773315	0.052703	0.025526	i-2.064665
0.773926	0.054292	0.026319	i-2.062863
0.774536	0.055874	0.027109	i-2.061065
0.775146	0.057450	0.027898	i-2.059269
0.775757	0.059018	0.028685	i-2.057477
0.776367	0.060579	0.029469	i-2.055688
0.776978	0.062133	0.030251	i-2.053901
0.777588	0.063681	0.031032	i-2.052118
0.778198	0.065221	0.031810	i-2.050338
0.778809	0.066755	0.032586	i-2.048561
0.779419	0.068282	0.033360	i-2.046786
0.780029	0.069801	0.034133	i-2.045015
0.780640	0.071315	0.034903	i-2.043247
0.781250	0.072821	0.035671	i-2.041482
0.781860	0.074321	0.036437	i-2.039719
0.782471	0.075814	0.037201	i-2.037960
0.783081	0.077300	0.037963	i-2.036204
0.783691	0.078780	0.038723	i-2.034450
0.784302	0.080253	0.039481	i-2.032700
0.784912	0.081720	0.040237	i-2.030952
0.785522	0.083180	0.040991	i-2.029208
0.786133	0.084634	0.041744	i-2.027466
0.786743	0.086081	0.042494	i-2.025727
0.787354	0.087522	0.043242	i-2.023991
0.787964	0.088956	0.043988	i-2.022259
0.788574	0.090384	0.044733	i-2.020528
0.789185	0.091806	0.045475	i-2.018801
0.789795	0.093221	0.046216	i-2.017077
0.790405	0.094630	0.046954	i-2.015356
0.791016	0.096033	0.047691	i-2.013637
0.791626	0.097429	0.048426	i-2.011921
0.792236	0.098820	0.049159	i-2.010208
0.792847	0.100204	0.049890	i-2.008498
0.793457	0.101582	0.050619	i-2.006791
0.794067	0.102954	0.051347	i-2.005087
0.794678	0.104320	0.052072	i-2.003385
0.795288	0.105680	0.052796	i-2.001686
0.795898	0.107034	0.053517	i-1.999990
0.796509	0.108382	0.054237	i-1.998297
0.797119	0.109724	0.054955	i-1.996607
0.797729	0.111060	0.055671	i-1.994919
0.798340	0.112390	0.056386	i-1.993234
0.798950	0.113714	0.057098	i-1.991552
0.799561	0.115032	0.057809	i-1.989873
0.800171	0.116345	0.058518	i-1.988196
0.800781	0.117652	0.059225	i-1.986522
0.801392	0.118953	0.059930	i-1.984851
0.802002	0.120248	0.060634	i-1.983183
0.802612	0.121537	0.061336	i-1.981517
0.803223	0.122821	0.062035	i-1.979854
0.803833	0.124099	0.062734	i-1.978194
0.804443	0.125372	0.063430	i-1.976536
0.805054	0.126639	0.064125	i-1.974882
0.805664	0.127900	0.064818	i-1.973229
0.806274	0.129156	0.065509	i-1.971580
0.806885	0.130406	0.066198	i-1.969933
0.807495	0.131651	0.066886	i-1.968289
0.808105	0.132890	0.067572	i-1.966648
0.808716	0.134124	0.068256	i-1.965009
0.809326	0.135352	0.068939	i-1.963373
0.809937	0.136575	0.069619	i-1.961739
0.810547	0.137793	0.070299	i-1.960108
0.811157	0.139005	0.070976	i-1.958480
0.811768	0.140212	0.071652	i-1.956854
0.812378	0.141413	0.072326	i-1.955231
0.812988	0.142610	0.072998	i-1.953611
0.813599	0.143801	0.073669	i-1.951993
0.814209	0.144986	0.074338	i-1.950378
0.814819	0.146167	0.075005	i-1.948765
0.815430	0.147342	0.075671	i-1.947155
0.816040	0.148512	0.076335	i-1.945547
0.816650	0.149678	0.076997	i-1.943942
0.817261	0.150837	0.077658	i-1.942340
0.817871	0.151992	0.078317	i-1.940740
0.818481	0.153142	0.078974	i-1.939143
0.819092	0.154287	0.079630	i-1.937548
0.819702	0.155426	0.080284	i-1.935956
0.820313	0.156561	0.080937	i-1.934366
0.820923	0.157691	0.081588	i-1.932779
0.821533	0.158816	0.082237	i-1.931194
0.822144	0.159935	0.082885	i-1.929612
0.822754	0.161050	0.083531	i-1.928033
0.823364	0.162160	0.084175	i-1.926455
0.823975	0.163265	0.084818	i-1.924881
0.824585	0.164366	0.085460	i-1.923309
0.825195	0.165461	0.086100	i-1.921739
0.825806	0.166552	0.086738	i-1.920172
0.826416	0.167638	0.087375	i-1.918607
0.827026	0.168719	0.088010	i-1.917045
0.827637	0.169795	0.088643	i-1.915485
0.828247	0.170867	0.089276	i-1.913927
0.828857	0.171934	0.089906	i-1.912373
0.829468	0.172996	0.090535	i-1.910820
0.830078	0.174054	0.091162	i-1.909270
0.830688	0.175107	0.091788	i-1.907722
0.831299	0.176155	0.092413	i-1.906177
0.831909	0.177199	0.093036	i-1.904634
0.832520	0.178238	0.093657	i-1.903094
0.833130	0.179273	0.094277	i-1.901556
0.833740	0.180303	0.094895	i-1.900020
0.834351	0.181329	0.095512	i-1.898487
0.834961	0.182350	0.096128	i-1.896956
0.835571	0.183366	0.096741	i-1.895428
0.836182	0.184379	0.097354	i-1.893901
0.836792	0.185386	0.097965	i-1.892378
0.837402	0.186390	0.098574	i-1.890856
0.838013	0.187389	0.099182	i-1.889337
0.838623	0.188383	0.099789	i-1.887821
0.839233	0.189373	0.100394	i-1.886306
0.839844	0.190359	0.100997	i-1.884794
0.840454	0.191341	0.101600	i-1.883285
0.841064	0.192318	0.102200	i-1.881777
0.841675	0.193291	0.102800	i-1.880272
0.842285	0.194260	0.103397	i-1.878769
0.842896	0.195225	0.103994	i-1.877269
0.843506	0.196185	0.104589	i-1.875771
0.844116	0.197141	0.105183	i-1.874275
0.844727	0.198093	0.105775	i-1.872782
0.845337	0.199041	0.106365	i-1.871290
0.845947	0.199984	0.106955	i-1.869801
0.846558	0.200924	0.107543	i-1.868315
0.847168	0.201859	0.108129	i-1.866830
0.847778	0.202790	0.108714	i-1.865348
0.848389	0.203718	0.109298	i-1.863868
0.848999	0.204641	0.109881	i-1.862391
0.849609	0.205560	0.110462	i-1.860915
0.850220	0.206475	0.111041	i-1.859442
0.850830	0.207386	0.111620	i-1.857971
0.851440	0.208293	0.112196	i-1.856502
0.852051	0.209196	0.112772	i-1.855036
0.852661	0.210095	0.113346	i-1.853572
0.853271	0.210991	0.113919	i-1.852110
0.853882	0.211882	0.114491	i-1.850650
0.854492	0.212769	0.115061	i-1.849192
0.855103	0.213653	0.115630	i-1.847737
0.855713	0.214533	0.116197	i-1.846284
0.856323	0.215408	0.116763	i-1.844833
0.856934	0.216280	0.117328	i-1.843384
0.857544	0.217149	0.117891	i-1.841937
0.858154	0.218013	0.118454	i-1.840493
0.858765	0.218874	0.119014	i-1.839050
0.859375	0.219730	0.119574	i-1.837610
0.859985	0.220584	0.120132	i-1.836172
0.860596	0.221433	0.120689	i-1.834736
0.861206	0.222278	0.121245	i-1.833303
0.861816	0.223120	0.121799	i-1.831871
0.862427	0.223959	0.122352	i-1.830442
0.863037	0.224793	0.122904	i-1.829014
0.863647	0.225624	0.123455	i-1.827589
0.864258	0.226451	0.124004	i-1.826166
0.864868	0.227275	0.124552	i-1.824745
0.865479	0.228095	0.125098	i-1.823327
0.866089	0.228912	0.125644	i-1.821910
0.866699	0.229725	0.126188	i-1.820495
0.867310	0.230534	0.126731	i-1.819083
0.867920	0.231340	0.127272	i-1.817672
0.868530	0.232142	0.127813	i-1.816264
0.869141	0.232941	0.128352	i-1.814858
0.869751	0.233736	0.128890	i-1.813454
0.870361	0.234528	0.129427	i-1.812052
0.870972	0.235316	0.129962	i-1.810652
0.871582	0.236101	0.130496	i-1.809254
0.872192	0.236882	0.131029	i-1.807858
0.872803	0.237660	0.131561	i-1.806464
0.873413	0.238435	0.132092	i-1.805072
0.874023	0.239206	0.132621	i-1.803682
0.874634	0.239974	0.133149	i-1.802295
0.875244	0.240738	0.133676	i-1.800909
0.875854	0.241499	0.134202	i-1.799526
0.876465	0.242257	0.134726	i-1.798144
0.877075	0.243011	0.135249	i-1.796764
0.877686	0.243762	0.135772	i-1.795387
0.878296	0.244510	0.136293	i-1.794011
0.878906	0.245255	0.136812	i-1.792638
0.879517	0.245996	0.137331	i-1.791266
0.880127	0.246734	0.137848	i-1.789897
0.880737	0.247469	0.138364	i-1.788529
0.881348	0.248200	0.138879	i-1.787164
0.881958	0.248929	0.139393	i-1.785800
0.882568	0.249654	0.139906	i-1.784438
0.883179	0.250376	0.140418	i-1.783079
0.883789	0.251094	0.140928	i-1.781721
0.884399	0.251810	0.141437	i-1.780365
0.885010	0.252523	0.141945	i-1.779012
0.885620	0.253232	0.142452	i-1.777660
0.886230	0.253938	0.142958	i-1.776310
0.886841	0.254641	0.143463	i-1.774962
0.887451	0.255341	0.143966	i-1.773616
0.888062	0.256038	0.144469	i-1.772272
0.888672	0.256732	0.144970	i-1.770930
0.889282	0.257423	0.145470	i-1.769590
0.889893	0.258111	0.145969	i-1.768252
0.890503	0.258795	0.146467	i-1.766916
0.891113	0.259477	0.146964	i-1.765582
0.891724	0.260156	0.147460	i-1.764249
0.892334	0.260832	0.147954	i-1.762919
0.892944	0.261504	0.148448	i-1.761590
0.893555	0.262174	0.148940	i-1.760263
0.894165	0.262841	0.149432	i-1.758939
0.894775	0.263505	0.149922	i-1.757616
0.895386	0.264166	0.150411	i-1.756295
0.895996	0.264824	0.150899	i-1.754975
0.896606	0.265479	0.151386	i-1.753658
0.897217	0.266131	0.151872	i-1.752343
0.897827	0.266781	0.152356	i-1.751029
0.898438	0.267427	0.152840	i-1.749718
0.899048	0.268071	0.153323	i-1.748408
0.899658	0.268712	0.153804	i-1.747100
0.900269	0.269350	0.154285	i-1.745794
0.900879	0.269985	0.154764	i-1.744490
0.901489	0.270617	0.155243	i-1.743187
0.902100	0.271247	0.155720	i-1.741887
0.902710	0.271873	0.156196	i-1.740588
0.903320	0.272497	0.156672	i-1.739291
0.903931	0.273119	0.157146	i-1.737996
0.904541	0.273737	0.157619	i-1.736703
0.905151	0.274353	0.158091	i-1.735412
0.905762	0.274966	0.158562	i-1.734122
0.906372	0.275576	0.159032	i-1.732834
0.906982	0.276184	0.159501	i-1.731548
0.907593	0.276789	0.159969	i-1.730264
0.908203	0.277391	0.160436	i-1.728982
0.908813	0.277991	0.160902	i-1.727701
0.909424	0.278587	0.161367	i-1.726423
0.910034	0.279182	0.161831	i-1.725146
0.910645	0.279773	0.162294	i-1.723870
0.911255	0.280362	0.162756	i-1.722597
0.911865	0.280949	0.163216	i-1.721325
0.912476	0.281532	0.163676	i-1.720056
0.913086	0.282114	0.164135	i-1.718788
0.913696	0.282692	0.164593	i-1.717521
0.914307	0.283268	0.165050	i-1.716257
0.914917	0.283842	0.165506	i-1.714994
0.915527	0.284412	0.165961	i-1.713733
0.916138	0.284981	0.166415	i-1.712474
0.916748	0.285547	0.166868	i-1.711216
0.917358	0.286110	0.167320	i-1.709960
0.917969	0.286671	0.167771	i-1.708706
0.918579	0.287229	0.168221	i-1.707454
0.919189	0.287785	0.168670	i-1.706203
0.919800	0.288338	0.169118	i-1.704955
0.920410	0.288889	0.169565	i-1.703707
0.921021	0.289437	0.170011	i-1.702462
0.921631	0.289983	0.170456	i-1.701218
0.922241	0.290527	0.170900	i-1.699976
0.922852	0.291068	0.171344	i-1.698736
0.923462	0.291606	0.171786	i-1.697498
0.924072	0.292142	0.172227	i-1.696261
0.924683	0.292676	0.172668	i-1.695026
0.925293	0.293208	0.173107	i-1.693792
0.925903	0.293737	0.173546	i-1.692560
0.926514	0.294263	0.173983	i-1.691330
0.927124	0.294788	0.174420	i-1.690102
0.927734	0.295310	0.174856	i-1.688875
0.928345	0.295829	0.175291	i-1.687650
0.928955	0.296347	0.175725	i-1.686427
0.929565	0.296861	0.176157	i-1.685205
0.930176	0.297374	0.176590	i-1.683985
0.930786	0.297884	0.177021	i-1.682767
0.931396	0.298392	0.177451	i-1.681550
0.932007	0.298898	0.177880	i-1.680335
0.932617	0.299402	0.178309	i-1.679121
0.933228	0.299903	0.178736	i-1.677910
0.933838	0.300402	0.179163	i-1.676699
0.934448	0.300899	0.179588	i-1.675491
0.935059	0.301393	0.180013	i-1.674284
0.935669	0.301885	0.180437	i-1.673079
0.936279	0.302375	0.180860	i-1.671875
0.936890	0.302863	0.181282	i-1.670673
0.937500	0.303349	0.181703	i-1.669473
0.938110	0.303832	0.182123	i-1.668274
0.938721	0.304313	0.182543	i-1.667077
0.939331	0.304792	0.182961	i-1.665882
0.939941	0.305269	0.183379	i-1.664688
0.940552	0.305744	0.183796	i-1.663496
0.941162	0.306216	0.184212	i-1.662305
0.941772	0.306687	0.184627	i-1.661116
0.942383	0.307155	0.185041	i-1.659928
0.942993	0.307621	0.185454	i-1.658743
0.943604	0.308085	0.185867	i-1.657558
0.944214	0.308547	0.186278	i-1.656376
0.944824	0.309007	0.186689	i-1.655195
0.945435	0.309464	0.187099	i-1.654015
0.946045	0.309920	0.187508	i-1.652837
0.946655	0.310374	0.187916	i-1.651661
0.947266	0.310825	0.188323	i-1.650486
0.947876	0.311274	0.188730	i-1.649313
0.948486	0.311722	0.189135	i-1.648141
0.949097	0.312167	0.189540	i-1.646971
0.949707	0.312610	0.189944	i-1.645802
0.950317	0.313052	0.190347	i-1.644635
0.950928	0.313491	0.190749	i-1.643470
0.951538	0.313928	0.191151	i-1.642306
0.952148	0.314363	0.191551	i-1.641143
0.952759	0.314797	0.191951	i-1.639983
0.953369	0.315228	0.192350	i-1.638823
0.953979	0.315657	0.192748	i-1.637665
0.954590	0.316084	0.193145	i-1.636509
0.955200	0.316510	0.193542	i-1.635354
0.955811	0.316933	0.193938	i-1.634201
0.956421	0.317354	0.194332	i-1.633050
0.957031	0.317774	0.194726	i-1.631899
0.957642	0.318191	0.195120	i-1.630751
0.958252	0.318607	0.195512	i-1.629604
0.958862	0.319021	0.195904	i-1.628458
0.959473	0.319433	0.196294	i-1.627314
0.960083	0.319843	0.196684	i-1.626171
0.960693	0.320251	0.197074	i-1.625030
0.961304	0.320657	0.197462	i-1.623891
0.961914	0.321061	0.197850	i-1.622753
0.962524	0.321463	0.198236	i-1.621616
0.963135	0.321864	0.198622	i-1.620481
0.963745	0.322262	0.199008	i-1.619347
0.964355	0.322659	0.199392	i-1.618215
0.964966	0.323054	0.199776	i-1.617084
0.965576	0.323447	0.200159	i-1.615955
0.966187	0.323839	0.200541	i-1.614827
0.966797	0.324228	0.200922	i-1.613701
0.967407	0.324616	0.201303	i-1.612576
0.968018	0.325001	0.201682	i-1.611453
0.968628	0.325385	0.202061	i-1.610331
0.969238	0.325768	0.202440	i-1.609210
0.969849	0.326148	0.202817	i-1.608091
0.970459	0.326527	0.203194	i-1.606974
0.971069	0.326904	0.203570	i-1.605858
0.971680	0.327279	0.203945	i-1.604743
0.972290	0.327652	0.204319	i-1.603630
0.972900	0.328024	0.204693	i-1.602518
0.973511	0.328394	0.205066	i-1.601408
0.974121	0.328762	0.205438	i-1.600299
0.974731	0.329128	0.205809	i-1.599191
0.975342	0.329493	0.206180	i-1.598085
0.975952	0.329856	0.206550	i-1.596981
0.976563	0.330217	0.206919	i-1.595877
0.977173	0.330577	0.207287	i-1.594776
0.977783	0.330935	0.207655	i-1.593675
0.978394	0.331291	0.208022	i-1.592576
0.979004	0.331646	0.208388	i-1.591479
0.979614	0.331998	0.208754	i-1.590383
0.980225	0.332349	0.209118	i-1.589288
0.980835	0.332699	0.209483	i-1.588194
0.981445	0.333047	0.209846	i-1.587103
0.982056	0.333393	0.210208	i-1.586012
0.982666	0.333737	0.210570	i-1.584923
0.983276	0.334080	0.210931	i-1.583835
0.983887	0.334422	0.211292	i-1.582749
0.984497	0.334761	0.211651	i-1.581664
0.985107	0.335099	0.212010	i-1.580580
0.985718	0.335436	0.212369	i-1.579498
0.986328	0.335770	0.212726	i-1.578417
0.986938	0.336104	0.213083	i-1.577338
0.987549	0.336435	0.213439	i-1.576259
0.988159	0.336765	0.213794	i-1.575183
0.988770	0.337094	0.214149	i-1.574107
0.989380	0.337421	0.214503	i-1.573033
0.989990	0.337746	0.214856	i-1.571961
0.990601	0.338070	0.215209	i-1.570889
0.991211	0.338392	0.215561	i-1.569819
0.991821	0.338712	0.215912	i-1.568751
0.992432	0.339031	0.216263	i-1.567683
0.993042	0.339349	0.216612	i-1.566618
0.993652	0.339665	0.216962	i-1.565553
0.994263	0.339979	0.217310	i-1.564490
0.994873	0.340292	0.217658	i-1.563428
0.995483	0.340604	0.218005	i-1.562367
0.996094	0.340914	0.218351	i-1.561308
0.996704	0.341222	0.218697	i-1.560250
0.997314	0.341529	0.219042	i-1.559194
0.997925	0.341834	0.219386	i-1.558138
0.998535	0.342138	0.219730	i-1.557085
0.999146	0.342441	0.220073	i-1.556032
0.999756	0.342742	0.220415	i-1.554981
1.000366	0.343041	0.220757	i-1.553931
1.000977	0.343339	0.221098	i-1.552882
1.001587	0.343636	0.221438	i-1.551835
1.002197	0.343931	0.221778	i-1.550789
1.002808	0.344224	0.222117	i-1.549744
1.003418	0.344517	0.222455	i-1.548700
1.004028	0.344807	0.222793	i-1.547658
1.004639	0.345097	0.223130	i-1.546618
1.005249	0.345385	0.223466	i-1.545578
1.005859	0.345671	0.223802	i-1.544540
1.006470	0.345956	0.224137	i-1.543503
1.007080	0.346240	0.224472	i-1.542467
1.007690	0.346522	0.224805	i-1.541433
1.008301	0.346803	0.225138	i-1.540400
1.008911	0.347083	0.225471	i-1.539368
1.009521	0.347361	0.225803	i-1.538337
1.010132	0.347637	0.226134	i-1.537308
1.010742	0.347913	0.226464	i-1.536280
1.011353	0.348187	0.226794	i-1.535253
1.011963	0.348459	0.227124	i-1.534228
1.012573	0.348731	0.227452	i-1.533203
1.013184	0.349000	0.227780	i-1.532181
1.013794	0.349269	0.228108	i-1.531159
1.014404	0.349536	0.228434	i-1.530138
1.015015	0.349802	0.228760	i-1.529119
1.015625	0.350066	0.229086	i-1.528101
1.016235	0.350330	0.229411	i-1.527085
1.016846	0.350591	0.229735	i-1.526069
1.017456	0.350852	0.230059	i-1.525055
1.018066	0.351111	0.230382	i-1.524042
1.018677	0.351369	0.230704	i-1.523030
1.019287	0.351626	0.231026	i-1.522020
1.019897	0.351881	0.231347	i-1.521011
1.020508	0.352135	0.231667	i-1.520003
1.021118	0.352388	0.231987	i-1.518996
1.021729	0.352639	0.232307	i-1.517990
1.022339	0.352889	0.232625	i-1.516986
1.022949	0.353138	0.232943	i-1.515983
1.023560	0.353386	0.233261	i-1.514981
1.024170	0.353632	0.233578	i-1.513980
1.024780	0.353877	0.233894	i-1.512981
1.025391	0.354121	0.234210	i-1.511983
1.026001	0.354363	0.234525	i-1.510986
1.026611	0.354605	0.234839	i-1.509990
1.027222	0.354845	0.235153	i-1.508995
1.027832	0.355083	0.235466	i-1.508002
1.028442	0.355321	0.235779	i-1.507009
1.029053	0.355557	0.236091	i-1.506018
1.029663	0.355792	0.236402	i-1.505029
1.030273	0.356026	0.236713	i-1.504040
1.030884	0.356259	0.237024	i-1.503053
1.031494	0.356490	0.237333	i-1.502066
1.032104	0.356721	0.237642	i-1.501081
1.032715	0.356950	0.237951	i-1.500098
1.033325	0.357178	0.238259	i-1.499115
1.033936	0.357404	0.238566	i-1.498133
1.034546	0.357630	0.238873	i-1.497153
1.035156	0.357854	0.239179	i-1.496174
1.035767	0.358077	0.239485	i-1.495196
1.036377	0.358299	0.239790	i-1.494219
1.036987	0.358520	0.240095	i-1.493244
1.037598	0.358739	0.240399	i-1.492269
1.038208	0.358958	0.240702	i-1.491296
1.038818	0.359175	0.241005	i-1.490324
1.039429	0.359391	0.241307	i-1.489353
1.040039	0.359606	0.241609	i-1.488383
1.040649	0.359820	0.241910	i-1.487414
1.041260	0.360033	0.242210	i-1.486447
1.041870	0.360244	0.242510	i-1.485480
1.042480	0.360455	0.242810	i-1.484515
1.043091	0.360664	0.243109	i-1.483551
1.043701	0.360872	0.243407	i-1.482588
1.044312	0.361079	0.243705	i-1.481627
1.044922	0.361285	0.244002	i-1.480666
1.045532	0.361490	0.244298	i-1.479707
1.046143	0.361694	0.244595	i-1.478748
1.046753	0.361896	0.244890	i-1.477791
1.047363	0.362098	0.245185	i-1.476835
1.047974	0.362298	0.245480	i-1.475880
1.048584	0.362498	0.245773	i-1.474926
1.049194	0.362696	0.246067	i-1.473974
1.049805	0.362893	0.246360	i-1.473022
1.050415	0.363089	0.246652	i-1.472072
1.051025	0.363284	0.246944	i-1.471122
1.051636	0.363478	0.247235	i-1.470174
1.052246	0.363671	0.247525	i-1.469227
1.052856	0.363863	0.247815	i-1.468281
1.053467	0.364053	0.248105	i-1.467336
1.054077	0.364243	0.248394	i-1.466392
1.054688	0.364432	0.248683	i-1.465450
1.055298	0.364619	0.248971	i-1.464508
1.055908	0.364806	0.249258	i-1.463568
1.056519	0.364991	0.249545	i-1.462629
1.057129	0.365176	0.249831	i-1.461690
1.057739	0.365359	0.250117	i-1.460753
1.058350	0.365542	0.250402	i-1.459817
1.058960	0.365723	0.250687	i-1.458882
1.059570	0.365904	0.250972	i-1.457948
1.060181	0.366083	0.251255	i-1.457016
1.060791	0.366261	0.251539	i-1.456084
1.061401	0.366439	0.251821	i-1.455153
1.062012	0.366615	0.252104	i-1.454224
1.062622	0.366790	0.252385	i-1.453296
1.063232	0.366965	0.252666	i-1.452368
1.063843	0.367138	0.252947	i-1.451442
1.064453	0.367310	0.253227	i-1.450517
1.065063	0.367482	0.253507	i-1.449593
1.065674	0.367652	0.253786	i-1.448670
1.066284	0.367821	0.254065	i-1.447748
1.066895	0.367990	0.254343	i-1.446827
1.067505	0.368157	0.254620	i-1.445907
1.068115	0.368324	0.254897	i-1.444988
1.068726	0.368489	0.255174	i-1.444071
1.069336	0.368654	0.255450	i-1.443154
1.069946	0.368817	0.255726	i-1.442238
1.070557	0.368980	0.256001	i-1.441324
1.071167	0.369142	0.256275	i-1.440410
1.071777	0.369303	0.256550	i-1.439498
1.072388	0.369462	0.256823	i-1.438587
1.072998	0.369621	0.257096	i-1.437676
1.073608	0.369779	0.257369	i-1.436767
1.074219	0.369936	0.257641	i-1.435859
1.074829	0.370092	0.257913	i-1.434952
1.075439	0.370247	0.258184	i-1.434045
1.076050	0.370402	0.258454	i-1.433140
1.076660	0.370555	0.258725	i-1.432236
1.077271	0.370707	0.258994	i-1.431333
1.077881	0.370859	0.259264	i-1.430431
1.078491	0.371009	0.259532	i-1.429530
1.079102	0.371159	0.259800	i-1.428630
1.079712	0.371308	0.260068	i-1.427731
1.080322	0.371455	0.260336	i-1.426834
1.080933	0.371602	0.260602	i-1.425937
1.081543	0.371748	0.260869	i-1.425041
1.082153	0.371894	0.261134	i-1.424146
1.082764	0.372038	0.261400	i-1.423252
1.083374	0.372181	0.261665	i-1.422360
1.083984	0.372324	0.261929	i-1.421468
1.084595	0.372465	0.262193	i-1.420577
1.085205	0.372606	0.262457	i-1.419687
1.085815	0.372746	0.262719	i-1.418799
1.086426	0.372885	0.262982	i-1.417911
1.087036	0.373023	0.263244	i-1.417024
1.087646	0.373161	0.263506	i-1.416138
1.088257	0.373297	0.263767	i-1.415254
1.088867	0.373433	0.264027	i-1.414370
1.089478	0.373567	0.264288	i-1.413487
1.090088	0.373701	0.264547	i-1.412606
1.090698	0.373834	0.264807	i-1.411725
1.091309	0.373966	0.265065	i-1.410845
1.091919	0.374098	0.265324	i-1.409966
1.092529	0.374228	0.265582	i-1.409089
1.093140	0.374358	0.265839	i-1.408212
1.093750	0.374487	0.266096	i-1.407336
1.094360	0.374615	0.266353	i-1.406461
1.094971	0.374742	0.266609	i-1.405588
1.095581	0.374868	0.266864	i-1.404715
1.096191	0.374994	0.267120	i-1.403843
1.096802	0.375119	0.267374	i-1.402972
1.097412	0.375243	0.267629	i-1.402102
1.098022	0.375366	0.267882	i-1.401233
1.098633	0.375488	0.268136	i-1.400365
1.099243	0.375610	0.268389	i-1.399498
1.099854	0.375730	0.268641	i-1.398632
1.100464	0.375850	0.268893	i-1.397767
1.101074	0.375969	0.269145	i-1.396903
1.101685	0.376088	0.269396	i-1.396040
1.102295	0.376205	0.269647	i-1.395178
1.102905	0.376322	0.269897	i-1.394317
1.103516	0.376438	0.270147	i-1.393457
1.104126	0.376553	0.270396	i-1.392597
1.104736	0.376667	0.270645	i-1.391739
1.105347	0.376781	0.270894	i-1.390882
1.105957	0.376894	0.271142	i-1.390025
1.106567	0.377006	0.271390	i-1.389170
1.107178	0.377117	0.271637	i-1.388315
1.107788	0.377228	0.271884	i-1.387462
1.108398	0.377338	0.272130	i-1.386609
1.109009	0.377447	0.272376	i-1.385757
1.109619	0.377555	0.272621	i-1.384907
1.110229	0.377663	0.272866	i-1.384057
1.110840	0.377769	0.273111	i-1.383208
1.111450	0.377875	0.273355	i-1.382360
1.112061	0.377981	0.273599	i-1.381513
1.112671	0.378085	0.273842	i-1.380667
1.113281	0.378189	0.274085	i-1.379822
1.113892	0.378292	0.274328	i-1.378978
1.114502	0.378395	0.274570	i-1.378134
1.115112	0.378496	0.274812	i-1.377292
1.115723	0.378597	0.275053	i-1.376451
1.116333	0.378697	0.275294	i-1.375610
1.116943	0.378797	0.275534	i-1.374771
1.117554	0.378895	0.275774	i-1.373932
1.118164	0.378993	0.276014	i-1.373094
1.118774	0.379091	0.276253	i-1.372258
1.119385	0.379187	0.276492	i-1.371422
1.119995	0.379283	0.276730	i-1.370587
1.120605	0.379378	0.276968	i-1.369753
1.121216	0.379473	0.277206	i-1.368919
1.121826	0.379566	0.277443	i-1.368087
1.122437	0.379659	0.277680	i-1.367256
1.123047	0.379752	0.277916	i-1.366425
1.123657	0.379843	0.278152	i-1.365596
1.124268	0.379934	0.278388	i-1.364767
1.124878	0.380025	0.278623	i-1.363940
1.125488	0.380114	0.278857	i-1.363113
1.126099	0.380203	0.279092	i-1.362287
1.126709	0.380291	0.279326	i-1.361462
1.127319	0.380379	0.279559	i-1.360638
1.127930	0.380466	0.279792	i-1.359815
1.128540	0.380552	0.280025	i-1.358992
1.129150	0.380637	0.280257	i-1.358171
1.129761	0.380722	0.280489	i-1.357350
1.130371	0.380806	0.280721	i-1.356531
1.130981	0.380890	0.280952	i-1.355712
1.131592	0.380972	0.281183	i-1.354894
1.132202	0.381055	0.281413	i-1.354077
1.132813	0.381136	0.281643	i-1.353261
1.133423	0.381217	0.281872	i-1.352445
1.134033	0.381297	0.282102	i-1.351631
1.134644	0.381377	0.282330	i-1.350818
1.135254	0.381456	0.282559	i-1.350005
1.135864	0.381534	0.282787	i-1.349193
1.136475	0.381611	0.283014	i-1.348382
1.137085	0.381688	0.283242	i-1.347572
1.137695	0.381765	0.283468	i-1.346763
1.138306	0.381840	0.283695	i-1.345955
1.138916	0.381915	0.283921	i-1.345148
1.139526	0.381990	0.284147	i-1.344341
1.140137	0.382064	0.284372	i-1.343535
1.140747	0.382137	0.284597	i-1.342731
1.141357	0.382209	0.284821	i-1.341927
1.141968	0.382281	0.285046	i-1.341124
1.142578	0.382353	0.285269	i-1.340321
1.143188	0.382423	0.285493	i-1.339520
1.143799	0.382493	0.285716	i-1.338719
1.144409	0.382563	0.285938	i-1.337920
1.145020	0.382631	0.286161	i-1.337121
1.145630	0.382700	0.286383	i-1.336323
1.146240	0.382767	0.286604	i-1.335526
1.146851	0.382834	0.286825	i-1.334730
1.147461	0.382901	0.287046	i-1.333934
1.148071	0.382966	0.287267	i-1.333140
1.148682	0.383032	0.287487	i-1.332346
1.149292	0.383096	0.287706	i-1.331553
1.149902	0.383160	0.287926	i-1.330761
1.150513	0.383224	0.288145	i-1.329970
1.151123	0.383286	0.288363	i-1.329179
1.151733	0.383349	0.288581	i-1.328390
1.152344	0.383410	0.288799	i-1.327601
1.152954	0.383471	0.289017	i-1.326813
1.153564	0.383532	0.289234	i-1.326026
1.154175	0.383592	0.289451	i-1.325240
1.154785	0.383651	0.289667	i-1.324455
1.155396	0.383710	0.289883	i-1.323670
1.156006	0.383768	0.290099	i-1.322886
1.156616	0.383825	0.290314	i-1.322104
1.157227	0.383882	0.290529	i-1.321322
1.157837	0.383939	0.290744	i-1.320540
1.158447	0.383994	0.290958	i-1.319760
1.159058	0.384050	0.291172	i-1.318980
1.159668	0.384105	0.291385	i-1.318201
1.160278	0.384159	0.291598	i-1.317424
1.160889	0.384212	0.291811	i-1.316646
1.161499	0.384265	0.292024	i-1.315870
1.162109	0.384318	0.292236	i-1.315095
1.162720	0.384370	0.292448	i-1.314320
1.163330	0.384421	0.292659	i-1.313546
1.163940	0.384472	0.292870	i-1.312773
1.164551	0.384522	0.293081	i-1.312001
1.165161	0.384572	0.293291	i-1.311229
1.165771	0.384621	0.293501	i-1.310458
1.166382	0.384670	0.293711	i-1.309689
1.166992	0.384718	0.293920	i-1.308919
1.167603	0.384766	0.294129	i-1.308151
1.168213	0.384813	0.294338	i-1.307384
1.168823	0.384859	0.294546	i-1.306617
1.169434	0.384905	0.294754	i-1.305851
1.170044	0.384951	0.294962	i-1.305086
1.170654	0.384996	0.295169	i-1.304322
1.171265	0.385040	0.295376	i-1.303558
1.171875	0.385084	0.295583	i-1.302796
1.172485	0.385127	0.295789	i-1.302034
1.173096	0.385170	0.295995	i-1.301273
1.173706	0.385212	0.296201	i-1.300512
1.174316	0.385254	0.296406	i-1.299753
1.174927	0.385295	0.296611	i-1.298994
1.175537	0.385336	0.296815	i-1.298236
1.176147	0.385377	0.297020	i-1.297479
1.176758	0.385416	0.297223	i-1.296722
1.177368	0.385456	0.297427	i-1.295967
1.177979	0.385494	0.297630	i-1.295212
1.178589	0.385532	0.297833	i-1.294458
1.179199	0.385570	0.298036	i-1.293705
1.179810	0.385607	0.298238	i-1.292952
1.180420	0.385644	0.298440	i-1.292200
1.181030	0.385680	0.298642	i-1.291449
1.181641	0.385716	0.298843	i-1.290699
1.182251	0.385751	0.299044	i-1.289950
1.182861	0.385786	0.299244	i-1.289201
1.183472	0.385820	0.299445	i-1.288453
1.184082	0.385854	0.299645	i-1.287706
1.184692	0.385887	0.299844	i-1.286960
1.185303	0.385920	0.300044	i-1.286214
1.185913	0.385953	0.300243	i-1.285469
1.186523	0.385984	0.300441	i-1.284725
1.187134	0.386016	0.300640	i-1.283982
1.187744	0.386047	0.300838	i-1.283239
1.188354	0.386077	0.301035	i-1.282497
1.188965	0.386107	0.301233	i-1.281756
1.189575	0.386136	0.301430	i-1.281016
1.190186	0.386165	0.301627	i-1.280277
1.190796	0.386194	0.301823	i-1.279538
1.191406	0.386222	0.302019	i-1.278800
1.192017	0.386250	0.302215	i-1.278062
1.192627	0.386277	0.302410	i-1.277326
1.193237	0.386303	0.302606	i-1.276590
1.193848	0.386329	0.302800	i-1.275855
1.194458	0.386355	0.302995	i-1.275121
1.195068	0.386380	0.303189	i-1.274387
1.195679	0.386405	0.303383	i-1.273654
1.196289	0.386430	0.303577	i-1.272922
1.196899	0.386454	0.303770	i-1.272191
1.197510	0.386477	0.303963	i-1.271460
1.198120	0.386500	0.304156	i-1.270731
1.198730	0.386523	0.304348	i-1.270001
1.199341	0.386545	0.304540	i-1.269273
1.199951	0.386566	0.304732	i-1.268545
1.200562	0.386588	0.304923	i-1.267819
1.201172	0.386608	0.305115	i-1.267092
1.201782	0.386629	0.305305	i-1.266367
1.202393	0.386649	0.305496	i-1.265642
1.203003	0.386668	0.305686	i-1.264918
1.203613	0.386687	0.305876	i-1.264195
1.204224	0.386706	0.306066	i-1.263472
1.204834	0.386724	0.306255	i-1.262751
1.205444	0.386741	0.306444	i-1.262029
1.206055	0.386759	0.306633	i-1.261309
1.206665	0.386776	0.306821	i-1.260589
1.207275	0.386792	0.307009	i-1.259871
1.207886	0.386808	0.307197	i-1.259152
1.208496	0.386824	0.307385	i-1.258435
1.209106	0.386839	0.307572	i-1.257718
1.209717	0.386854	0.307759	i-1.257002
1.210327	0.386868	0.307946	i-1.256287
1.210938	0.386882	0.308132	i-1.255572
1.211548	0.386895	0.308318	i-1.254858
1.212158	0.386908	0.308504	i-1.254145
1.212769	0.386921	0.308689	i-1.253432
1.213379	0.386933	0.308874	i-1.252721
1.213989	0.386945	0.309059	i-1.252010
1.214600	0.386956	0.309244	i-1.251299
1.215210	0.386967	0.309428	i-1.250590
1.215820	0.386978	0.309612	i-1.249881
1.216431	0.386988	0.309796	i-1.249172
1.217041	0.386998	0.309979	i-1.248465
1.217651	0.387008	0.310162	i-1.247758
1.218262	0.387017	0.310345	i-1.247052
1.218872	0.387025	0.310528	i-1.246346
1.219482	0.387033	0.310710	i-1.245642
1.220093	0.387041	0.310892	i-1.244938
1.220703	0.387049	0.311074	i-1.244234
1.221313	0.387056	0.311255	i-1.243532
1.221924	0.387062	0.311436	i-1.242830
1.222534	0.387068	0.311617	i-1.242128
1.223145	0.387074	0.311798	i-1.241428
1.223755	0.387080	0.311978	i-1.240728
1.224365	0.387085	0.312158	i-1.240029
1.224976	0.387089	0.312338	i-1.239330
1.225586	0.387094	0.312517	i-1.238632
1.226196	0.387098	0.312696	i-1.237935
1.226807	0.387101	0.312875	i-1.237239
1.227417	0.387104	0.313054	i-1.236543
1.228027	0.387107	0.313232	i-1.235848
1.228638	0.387109	0.313410	i-1.235153
1.229248	0.387111	0.313588	i-1.234460
1.229858	0.387113	0.313765	i-1.233767
1.230469	0.387114	0.313942	i-1.233074
1.231079	0.387115	0.314119	i-1.232383
1.231689	0.387116	0.314296	i-1.231691
1.232300	0.387116	0.314472	i-1.231001
1.232910	0.387116	0.314649	i-1.230311
1.233521	0.387115	0.314824	i-1.229622
1.234131	0.387114	0.315000	i-1.228934
1.234741	0.387113	0.315175	i-1.228247
1.235352	0.387111	0.315350	i-1.227560
1.235962	0.387109	0.315525	i-1.226873
1.236572	0.387107	0.315700	i-1.226188
1.237183	0.387104	0.315874	i-1.225503
1.237793	0.387101	0.316048	i-1.224818
1.238403	0.387097	0.316221	i-1.224135
1.239014	0.387094	0.316395	i-1.223452
1.239624	0.387089	0.316568	i-1.222769
1.240234	0.387085	0.316741	i-1.222088
1.240845	0.387080	0.316913	i-1.221407
1.241455	0.387075	0.317086	i-1.220726
1.242065	0.387069	0.317258	i-1.220047
1.242676	0.387063	0.317430	i-1.219368
1.243286	0.387057	0.317601	i-1.218689
1.243896	0.387050	0.317772	i-1.218011
1.244507	0.387043	0.317943	i-1.217334
1.245117	0.387036	0.318114	i-1.216658
1.245728	0.387028	0.318285	i-1.215982
1.246338	0.387020	0.318455	i-1.215307
1.246948	0.387012	0.318625	i-1.214633
1.247559	0.387003	0.318795	i-1.213959
1.248169	0.386994	0.318964	i-1.213286
1.248779	0.386985	0.319133	i-1.212613
1.249390	0.386975	0.319302	i-1.211941
1.250000	0.386965	0.319471	i-1.211270
1.250610	0.386955	0.319639	i-1.210600
1.251221	0.386944	0.319807	i-1.209930
1.251831	0.386933	0.319975	i-1.209260
1.252441	0.386922	0.320143	i-1.208592
1.253052	0.386910	0.320310	i-1.207924
1.253662	0.386898	0.320477	i-1.207256
1.254272	0.386886	0.320644	i-1.206590
1.254883	0.386873	0.320811	i-1.205924
1.255493	0.386860	0.320977	i-1.205258
1.256104	0.386847	0.321143	i-1.204593
1.256714	0.386833	0.321309	i-1.203929
1.257324	0.386820	0.321475	i-1.203266
1.257935	0.386805	0.321640	i-1.202603
1.258545	0.386791	0.321805	i-1.201940
1.259155	0.386776	0.321970	i-1.201279
1.259766	0.386761	0.322135	i-1.200618
1.260376	0.386745	0.322299	i-1.199957
1.260986	0.386729	0.322463	i-1.199298
1.261597	0.386713	0.322627	i-1.198638
1.262207	0.386697	0.322791	i-1.197980
1.262817	0.386680	0.322954	i-1.197322
1.263428	0.386663	0.323117	i-1.196665
1.264038	0.386645	0.323280	i-1.196008
1.264648	0.386628	0.323443	i-1.195352
1.265259	0.386610	0.323605	i-1.194697
1.265869	0.386591	0.323767	i-1.194042
1.266479	0.386573	0.323929	i-1.193388
1.267090	0.386554	0.324091	i-1.192734
1.267700	0.386535	0.324252	i-1.192081
1.268311	0.386515	0.324413	i-1.191429
1.268921	0.386495	0.324574	i-1.190777
1.269531	0.386475	0.324735	i-1.190126
1.270142	0.386455	0.324895	i-1.189476
1.270752	0.386434	0.325055	i-1.188826
1.271362	0.386413	0.325215	i-1.188177
1.271973	0.386392	0.325375	i-1.187528
1.272583	0.386370	0.325534	i-1.186880
1.273193	0.386349	0.325694	i-1.186233
1.273804	0.386326	0.325853	i-1.185586
1.274414	0.386304	0.326011	i-1.184940
1.275024	0.386281	0.326170	i-1.184294
1.275635	0.386258	0.326328	i-1.183649
1.276245	0.386235	0.326486	i-1.183005
1.276855	0.386211	0.326644	i-1.182361
1.277466	0.386187	0.326802	i-1.181718
1.278076	0.386163	0.326959	i-1.181075
1.278687	0.386139	0.327116	i-1.180433
1.279297	0.386114	0.327273	i-1.179792
1.279907	0.386089	0.327430	i-1.179151
1.280518	0.386064	0.327586	i-1.178511
1.281128	0.386038	0.327742	i-1.177872
1.281738	0.386012	0.327898	i-1.177233
1.282349	0.385986	0.328054	i-1.176594
1.282959	0.385960	0.328209	i-1.175956
1.283569	0.385933	0.328364	i-1.175319
1.284180	0.385906	0.328519	i-1.174683
1.284790	0.385879	0.328674	i-1.174047
1.285400	0.385851	0.328829	i-1.173411
1.286011	0.385824	0.328983	i-1.172776
1.286621	0.385796	0.329137	i-1.172142
1.287231	0.385767	0.329291	i-1.171509
1.287842	0.385739	0.329445	i-1.170876
1.288452	0.385710	0.329598	i-1.170243
1.289063	0.385681	0.329751	i-1.169611
1.289673	0.385651	0.329904	i-1.168980
1.290283	0.385622	0.330057	i-1.168349
1.290894	0.385592	0.330209	i-1.167719
1.291504	0.385562	0.330362	i-1.167090
1.292114	0.385531	0.330514	i-1.166461
1.292725	0.385500	0.330665	i-1.165832
1.293335	0.385470	0.330817	i-1.165204
1.293945	0.385438	0.330968	i-1.164577
1.294556	0.385407	0.331120	i-1.163951
1.295166	0.385375	0.331271	i-1.163325
1.295776	0.385343	0.331421	i-1.162699
1.296387	0.385311	0.331572	i-1.162074
1.296997	0.385278	0.331722	i-1.161450
1.297607	0.385246	0.331872	i-1.160826
1.298218	0.385213	0.332022	i-1.160203
1.298828	0.385179	0.332171	i-1.159580
1.299438	0.385146	0.332321	i-1.158958
1.300049	0.385112	0.332470	i-1.158337
1.300659	0.385078	0.332619	i-1.157716
1.301270	0.385044	0.332768	i-1.157095
1.301880	0.385009	0.332916	i-1.156476
1.302490	0.384975	0.333064	i-1.155856
1.303101	0.384940	0.333212	i-1.155238
1.303711	0.384904	0.333360	i-1.154620
1.304321	0.384869	0.333508	i-1.154002
1.304932	0.384833	0.333655	i-1.153385
1.305542	0.384797	0.333803	i-1.152769
1.306152	0.384761	0.333950	i-1.152153
1.306763	0.384725	0.334096	i-1.151538
1.307373	0.384688	0.334243	i-1.150923
1.307983	0.384651	0.334389	i-1.150309
1.308594	0.384614	0.334535	i-1.149695
1.309204	0.384576	0.334681	i-1.149082
1.309814	0.384539	0.334827	i-1.148470
1.310425	0.384501	0.334973	i-1.147858
1.311035	0.384463	0.335118	i-1.147247
1.311646	0.384425	0.335263	i-1.146636
1.312256	0.384386	0.335408	i-1.146026
1.312866	0.384347	0.335552	i-1.145416
1.313477	0.384308	0.335697	i-1.144807
1.314087	0.384269	0.335841	i-1.144198
1.314697	0.384229	0.335985	i-1.143590
1.315308	0.384190	0.336129	i-1.142983
1.315918	0.384150	0.336273	i-1.142376
1.316528	0.384110	0.336416	i-1.141769
1.317139	0.384069	0.336559	i-1.141164
1.317749	0.384028	0.336702	i-1.140558
1.318359	0.383988	0.336845	i-1.139954
1.318970	0.383947	0.336988	i-1.139349
1.319580	0.383905	0.337130	i-1.138746
1.320190	0.383864	0.337272	i-1.138143
1.320801	0.383822	0.337414	i-1.137540
1.321411	0.383780	0.337556	i-1.136938
1.322021	0.383738	0.337697	i-1.136336
1.322632	0.383695	0.337839	i-1.135736
1.323242	0.383653	0.337980	i-1.135135
1.323853	0.383610	0.338121	i-1.134535
1.324463	0.383567	0.338262	i-1.133936
1.325073	0.383524	0.338402	i-1.133337
1.325684	0.383480	0.338542	i-1.132739
1.326294	0.383436	0.338683	i-1.132141
1.326904	0.383393	0.338822	i-1.131544
1.327515	0.383348	0.338962	i-1.130947
1.328125	0.383304	0.339102	i-1.130351
1.328735	0.383260	0.339241	i-1.129756
1.329346	0.383215	0.339380	i-1.129161
1.329956	0.383170	0.339519	i-1.128566
1.330566	0.383125	0.339658	i-1.127972
1.331177	0.383079	0.339796	i-1.127379
1.331787	0.383034	0.339935	i-1.126786
1.332397	0.382988	0.340073	i-1.126193
1.333008	0.382942	0.340211	i-1.125601
1.333618	0.382896	0.340349	i-1.125010
1.334229	0.382849	0.340486	i-1.124419
1.334839	0.382802	0.340623	i-1.123829
1.335449	0.382756	0.340761	i-1.123239
1.336060	0.382709	0.340898	i-1.122650
1.336670	0.382661	0.341034	i-1.122061
1.337280	0.382614	0.341171	i-1.121473
1.337891	0.382566	0.341307	i-1.120885
1.338501	0.382518	0.341443	i-1.120298
1.339111	0.382470	0.341579	i-1.119711
1.339722	0.382422	0.341715	i-1.119125
1.340332	0.382374	0.341851	i-1.118540
1.340942	0.382325	0.341986	i-1.117955
1.341553	0.382276	0.342121	i-1.117370
1.342163	0.382227	0.342257	i-1.116786
1.342773	0.382178	0.342391	i-1.116202
1.343384	0.382129	0.342526	i-1.115619
1.343994	0.382079	0.342660	i-1.115037
1.344604	0.382029	0.342795	i-1.114455
1.345215	0.381979	0.342929	i-1.113873
1.345825	0.381929	0.343063	i-1.113292
1.346436	0.381879	0.343196	i-1.112712
1.347046	0.381828	0.343330	i-1.112132
1.347656	0.381777	0.343463	i-1.111553
1.348267	0.381726	0.343596	i-1.110974
1.348877	0.381675	0.343729	i-1.110395
1.349487	0.381624	0.343862	i-1.109817
1.350098	0.381573	0.343995	i-1.109240
1.350708	0.381521	0.344127	i-1.108663
1.351318	0.381469	0.344259	i-1.108087
1.351929	0.381417	0.344391	i-1.107511
1.352539	0.381365	0.344523	i-1.106935
1.353149	0.381312	0.344655	i-1.106360
1.353760	0.381260	0.344786	i-1.105786
1.354370	0.381207	0.344917	i-1.105212
1.354980	0.381154	0.345048	i-1.104639
1.355591	0.381101	0.345179	i-1.104066
1.356201	0.381047	0.345310	i-1.103494
1.356812	0.380994	0.345441	i-1.102922
1.357422	0.380940	0.345571	i-1.102350
1.358032	0.380886	0.345701	i-1.101779
1.358643	0.380832	0.345831	i-1.101209
1.359253	0.380778	0.345961	i-1.100639
1.359863	0.380724	0.346090	i-1.100070
1.360474	0.380669	0.346220	i-1.099501
1.361084	0.380614	0.346349	i-1.098932
1.361694	0.380559	0.346478	i-1.098364
1.362305	0.380504	0.346607	i-1.097797
1.362915	0.380449	0.346736	i-1.097230
1.363525	0.380394	0.346864	i-1.096664
1.364136	0.380338	0.346993	i-1.096098
1.364746	0.380282	0.347121	i-1.095532
1.365356	0.380226	0.347249	i-1.094967
1.365967	0.380170	0.347377	i-1.094403
1.366577	0.380114	0.347504	i-1.093839
1.367188	0.380057	0.347632	i-1.093275
1.367798	0.380001	0.347759	i-1.092712
1.368408	0.379944	0.347886	i-1.092150
1.369019	0.379887	0.348013	i-1.091588
1.369629	0.379830	0.348140	i-1.091026
1.370239	0.379773	0.348267	i-1.090465
1.370850	0.379715	0.348393	i-1.089904
1.371460	0.379657	0.348519	i-1.089344
1.372070	0.379600	0.348645	i-1.088785
1.372681	0.379542	0.348771	i-1.088226
1.373291	0.379484	0.348897	i-1.087667
1.373901	0.379425	0.349022	i-1.087109
1.374512	0.379367	0.349148	i-1.086551
1.375122	0.379308	0.349273	i-1.085994
1.375732	0.379250	0.349398	i-1.085437
1.376343	0.379191	0.349523	i-1.084881
1.376953	0.379132	0.349648	i-1.084325
1.377563	0.379072	0.349772	i-1.083770
1.378174	0.379013	0.349896	i-1.083215
1.378784	0.378953	0.350021	i-1.082660
1.379395	0.378894	0.350145	i-1.082106
1.380005	0.378834	0.350268	i-1.081553
1.380615	0.378774	0.350392	i-1.081000
1.381226	0.378714	0.350515	i-1.080447
1.381836	0.378653	0.350639	i-1.079895
1.382446	0.378593	0.350762	i-1.079344
1.383057	0.378532	0.350885	i-1.078793
1.383667	0.378471	0.351008	i-1.078242
1.384277	0.378410	0.351130	i-1.077692
1.384888	0.378349	0.351253	i-1.077142
1.385498	0.378288	0.351375	i-1.076593
1.386108	0.378227	0.351497	i-1.076044
1.386719	0.378165	0.351619	i-1.075496
1.387329	0.378103	0.351741	i-1.074948
1.387939	0.378042	0.351863	i-1.074401
1.388550	0.377980	0.351984	i-1.073854
1.389160	0.377917	0.352105	i-1.073308
1.389771	0.377855	0.352226	i-1.072762
1.390381	0.377793	0.352347	i-1.072216
1.390991	0.377730	0.352468	i-1.071671
1.391602	0.377667	0.352589	i-1.071127
1.392212	0.377604	0.352709	i-1.070583
1.392822	0.377541	0.352830	i-1.070039
1.393433	0.377478	0.352950	i-1.069496
1.394043	0.377415	0.353070	i-1.068953
1.394653	0.377352	0.353190	i-1.068411
1.395264	0.377288	0.353309	i-1.067869
1.395874	0.377224	0.353429	i-1.067328
1.396484	0.377160	0.353548	i-1.066787
1.397095	0.377096	0.353667	i-1.066246
1.397705	0.377032	0.353786	i-1.065706
1.398315	0.376968	0.353905	i-1.065167
1.398926	0.376903	0.354024	i-1.064628
1.399536	0.376839	0.354142	i-1.064089
1.400146	0.376774	0.354261	i-1.063551
1.400757	0.376709	0.354379	i-1.063013
1.401367	0.376644	0.354497	i-1.062476
1.401978	0.376579	0.354615	i-1.061939
1.402588	0.376514	0.354732	i-1.061403
1.403198	0.376448	0.354850	i-1.060867
1.403809	0.376383	0.354967	i-1.060331
1.404419	0.376317	0.355085	i-1.059796
1.405029	0.376251	0.355202	i-1.059262
1.405640	0.376186	0.355319	i-1.058728
1.406250	0.376119	0.355435	i-1.058194
1.406860	0.376053	0.355552	i-1.057661
1.407471	0.375987	0.355668	i-1.057128
1.408081	0.375920	0.355785	i-1.056595
1.408691	0.375854	0.355901	i-1.056064
1.409302	0.375787	0.356017	i-1.055532
1.409912	0.375720	0.356133	i-1.055001
1.410522	0.375653	0.356248	i-1.054470
1.411133	0.375586	0.356364	i-1.053940
1.411743	0.375519	0.356479	i-1.053411
1.412354	0.375452	0.356594	i-1.052881
1.412964	0.375384	0.356709	i-1.052353
1.413574	0.375316	0.356824	i-1.051824
1.414185	0.375249	0.356939	i-1.051296
1.414795	0.375181	0.357054	i-1.050769
1.415405	0.375113	0.357168	i-1.050242
1.416016	0.375045	0.357282	i-1.049715
1.416626	0.374976	0.357396	i-1.049189
1.417236	0.374908	0.357510	i-1.048663
1.417847	0.374839	0.357624	i-1.048138
1.418457	0.374771	0.357738	i-1.047613
1.419067	0.374702	0.357851	i-1.047088
1.419678	0.374633	0.357965	i-1.046564
1.420288	0.374564	0.358078	i-1.046041
1.420898	0.374495	0.358191	i-1.045518
1.421509	0.374426	0.358304	i-1.044995
1.422119	0.374356	0.358417	i-1.044473
1.422729	0.374287	0.358529	i-1.043951
1.423340	0.374217	0.358642	i-1.043429
1.423950	0.374148	0.358754	i-1.042908
1.424561	0.374078	0.358866	i-1.042388
1.425171	0.374008	0.358978	i-1.041867
1.425781	0.373938	0.359090	i-1.041348
1.426392	0.373867	0.359202	i-1.040828
1.427002	0.373797	0.359313	i-1.040310
1.427612	0.373727	0.359425	i-1.039791
1.428223	0.373656	0.359536	i-1.039273
1.428833	0.373586	0.359647	i-1.038755
1.429443	0.373515	0.359758	i-1.038238
1.430054	0.373444	0.359869	i-1.037722
1.430664	0.373373	0.359980	i-1.037205
1.431274	0.373302	0.360090	i-1.036689
1.431885	0.373230	0.360201	i-1.036174
1.432495	0.373159	0.360311	i-1.035659
1.433105	0.373088	0.360421	i-1.035144
1.433716	0.373016	0.360531	i-1.034630
1.434326	0.372944	0.360641	i-1.034116
1.434937	0.372873	0.360750	i-1.033603
1.435547	0.372801	0.360860	i-1.033090
1.436157	0.372729	0.360969	i-1.032577
1.436768	0.372656	0.361078	i-1.032065
1.437378	0.372584	0.361188	i-1.031553
1.437988	0.372512	0.361296	i-1.031042
1.438599	0.372439	0.361405	i-1.030531
1.439209	0.372367	0.361514	i-1.030021
1.439819	0.372294	0.361622	i-1.029511
1.440430	0.372221	0.361731	i-1.029001
1.441040	0.372148	0.361839	i-1.028492
1.441650	0.372075	0.361947	i-1.027983
1.442261	0.372002	0.362055	i-1.027474
1.442871	0.371929	0.362163	i-1.026966
1.443481	0.371856	0.362270	i-1.026459
1.444092	0.371782	0.362378	i-1.025952
1.444702	0.371709	0.362485	i-1.025445
1.445313	0.371635	0.362593	i-1.024939
1.445923	0.371561	0.362700	i-1.024433
1.446533	0.371488	0.362807	i-1.023927
1.447144	0.371414	0.362913	i-1.023422
1.447754	0.371340	0.363020	i-1.022917
1.448364	0.371265	0.363127	i-1.022413
1.448975	0.371191	0.363233	i-1.021909
1.449585	0.371117	0.363339	i-1.021406
1.450195	0.371042	0.363445	i-1.020902
1.450806	0.370968	0.363551	i-1.020400
1.451416	0.370893	0.363657	i-1.019898
1.452026	0.370818	0.363763	i-1.019396
1.452637	0.370743	0.363868	i-1.018894
1.453247	0.370668	0.363974	i-1.018393
1.453857	0.370593	0.364079	i-1.017892
1.454468	0.370518	0.364184	i-1.017392
1.455078	0.370443	0.364289	i-1.016892
1.455688	0.370368	0.364394	i-1.016393
1.456299	0.370292	0.364499	i-1.015894
1.456909	0.370217	0.364604	i-1.015395
1.457520	0.370141	0.364708	i-1.014897
1.458130	0.370065	0.364812	i-1.014399
1.458740	0.369989	0.364916	i-1.013901
1.459351	0.369913	0.365021	i-1.013404
1.459961	0.369837	0.365124	i-1.012908
1.460571	0.369761	0.365228	i-1.012411
1.461182	0.369685	0.365332	i-1.011915
1.461792	0.369609	0.365435	i-1.011420
1.462402	0.369532	0.365539	i-1.010925
1.463013	0.369456	0.365642	i-1.010430
1.463623	0.369379	0.365745	i-1.009936
1.464233	0.369302	0.365848	i-1.009442
1.464844	0.369226	0.365951	i-1.008948
1.465454	0.369149	0.366054	i-1.008455
1.466064	0.369072	0.366156	i-1.007963
1.466675	0.368995	0.366259	i-1.007470
1.467285	0.368918	0.366361	i-1.006978
1.467896	0.368840	0.366463	i-1.006487
1.468506	0.368763	0.366565	i-1.005995
1.469116	0.368686	0.366667	i-1.005505
1.469727	0.368608	0.366769	i-1.005014
1.470337	0.368531	0.366871	i-1.004524
1.470947	0.368453	0.366972	i-1.004035
1.471558	0.368375	0.367074	i-1.003545
1.472168	0.368297	0.367175	i-1.003057
1.472778	0.368219	0.367276	i-1.002568
1.473389	0.368141	0.367377	i-1.002080
1.473999	0.368063	0.367478	i-1.001592
1.474609	0.367985	0.367579	i-1.001105
1.475220	0.367907	0.367679	i-1.000618
1.475830	0.367828	0.367780	i-1.000131
1.476440	0.367750	0.367880	i-0.999645
1.477051	0.367671	0.367980	i-0.999160
1.477661	0.367592	0.368081	i-0.998674
1.478271	0.367514	0.368180	i-0.998189
1.478882	0.367435	0.368280	i-0.997704
1.479492	0.367356	0.368380	i-0.997220
1.480103	0.367277	0.368480	i-0.996736
1.480713	0.367198	0.368579	i-0.996253
1.481323	0.367119	0.368678	i-0.995770
1.481934	0.367040	0.368778	i-0.995287
1.482544	0.366960	0.368877	i-0.994805
1.483154	0.366881	0.368976	i-0.994323
1.483765	0.366801	0.369075	i-0.993841
1.484375	0.366722	0.369173	i-0.993360
1.484985	0.366642	0.369272	i-0.992879
1.485596	0.366563	0.369370	i-0.992399
1.486206	0.366483	0.369469	i-0.991918
1.486816	0.366403	0.369567	i-0.991439
1.487427	0.366323	0.369665	i-0.990959
1.488037	0.366243	0.369763	i-0.990480
1.488647	0.366163	0.369861	i-0.990002
1.489258	0.366083	0.369958	i-0.989524
1.489868	0.366002	0.370056	i-0.989046
1.490479	0.365922	0.370153	i-0.988568
1.491089	0.365842	0.370251	i-0.988091
1.491699	0.365761	0.370348	i-0.987614
1.492310	0.365680	0.370445	i-0.987138
1.492920	0.365600	0.370542	i-0.986662
1.493530	0.365519	0.370639	i-0.986186
1.494141	0.365438	0.370736	i-0.985711
1.494751	0.365357	0.370832	i-0.985236
1.495361	0.365276	0.370929	i-0.984762
1.495972	0.365195	0.371025	i-0.984288
1.496582	0.365114	0.371121	i-0.983814
1.497192	0.365033	0.371217	i-0.983340
1.497803	0.364952	0.371313	i-0.982867
1.498413	0.364870	0.371409	i-0.982395
1.499023	0.364789	0.371505	i-0.981922
1.499634	0.364708	0.371601	i-0.981450
1.500244	0.364626	0.371696	i-0.980979
1.500854	0.364544	0.371791	i-0.980508
1.501465	0.364463	0.371887	i-0.980037
1.502075	0.364381	0.371982	i-0.979566
1.502686	0.364299	0.372077	i-0.979096
1.503296	0.364217	0.372172	i-0.978626
1.503906	0.364135	0.372267	i-0.978157
1.504517	0.364053	0.372361	i-0.977688
1.505127	0.363971	0.372456	i-0.977219
1.505737	0.363889	0.372550	i-0.976751
1.506348	0.363806	0.372645	i-0.976283
1.506958	0.363724	0.372739	i-0.975815
1.507568	0.363642	0.372833	i-0.975348
1.508179	0.363559	0.372927	i-0.974881
1.508789	0.363477	0.373021	i-0.974414
1.509399	0.363394	0.373114	i-0.973948
1.510010	0.363311	0.373208	i-0.973482
1.510620	0.363229	0.373301	i-0.973017
1.511230	0.363146	0.373395	i-0.972552
1.511841	0.363063	0.373488	i-0.972087
1.512451	0.362980	0.373581	i-0.971623
1.513062	0.362897	0.373674	i-0.971159
1.513672	0.362814	0.373767	i-0.970695
1.514282	0.362731	0.373860	i-0.970232
1.514893	0.362647	0.373953	i-0.969769
1.515503	0.362564	0.374045	i-0.969306
1.516113	0.362481	0.374138	i-0.968844
1.516724	0.362397	0.374230	i-0.968382
1.517334	0.362314	0.374322	i-0.967920
1.517944	0.362230	0.374414	i-0.967459
1.518555	0.362147	0.374506	i-0.966998
1.519165	0.362063	0.374598	i-0.966538
1.519775	0.361979	0.374690	i-0.966078
1.520386	0.361895	0.374781	i-0.965618
1.520996	0.361812	0.374873	i-0.965158
1.521606	0.361728	0.374964	i-0.964699
1.522217	0.361644	0.375056	i-0.964240
1.522827	0.361560	0.375147	i-0.963782
1.523438	0.361476	0.375238	i-0.963324
1.524048	0.361391	0.375329	i-0.962866
1.524658	0.361307	0.375420	i-0.962409
1.525269	0.361223	0.375510	i-0.961952
1.525879	0.361138	0.375601	i-0.961495
1.526489	0.361054	0.375691	i-0.961039
1.527100	0.360970	0.375782	i-0.960583
1.527710	0.360885	0.375872	i-0.960127
1.528320	0.360800	0.375962	i-0.959672
1.528931	0.360716	0.376052	i-0.959217
1.529541	0.360631	0.376142	i-0.958762
1.530151	0.360546	0.376232	i-0.958308
1.530762	0.360461	0.376322	i-0.957854
1.531372	0.360376	0.376411	i-0.957400
1.531982	0.360291	0.376501	i-0.956947
1.532593	0.360206	0.376590	i-0.956494
1.533203	0.360121	0.376680	i-0.956042
1.533813	0.360036	0.376769	i-0.955589
1.534424	0.359951	0.376858	i-0.955137
1.535034	0.359866	0.376947	i-0.954686
1.535645	0.359780	0.377036	i-0.954235
1.536255	0.359695	0.377124	i-0.953784
1.536865	0.359610	0.377213	i-0.953333
1.537476	0.359524	0.377302	i-0.952883
1.538086	0.359439	0.377390	i-0.952433
1.538696	0.359353	0.377478	i-0.951984
1.539307	0.359267	0.377566	i-0.951534
1.539917	0.359182	0.377654	i-0.951086
1.540527	0.359096	0.377742	i-0.950637
1.541138	0.359010	0.377830	i-0.950189
1.541748	0.358924	0.377918	i-0.949741
1.542358	0.358838	0.378006	i-0.949294
1.542969	0.358752	0.378093	i-0.948846
1.543579	0.358666	0.378181	i-0.948400
1.544189	0.358580	0.378268	i-0.947953
1.544800	0.358494	0.378355	i-0.947507
1.545410	0.358408	0.378442	i-0.947061
1.546021	0.358322	0.378529	i-0.946615
1.546631	0.358235	0.378616	i-0.946170
1.547241	0.358149	0.378703	i-0.945725
1.547852	0.358063	0.378790	i-0.945281
1.548462	0.357976	0.378876	i-0.944837
1.549072	0.357890	0.378963	i-0.944393
1.549683	0.357803	0.379049	i-0.943949
1.550293	0.357717	0.379135	i-0.943506
1.550903	0.357630	0.379222	i-0.943063
1.551514	0.357543	0.379308	i-0.942621
1.552124	0.357456	0.379394	i-0.942179
1.552734	0.357370	0.379479	i-0.941737
1.553345	0.357283	0.379565	i-0.941295
1.553955	0.357196	0.379651	i-0.940854
1.554565	0.357109	0.379736	i-0.940413
1.555176	0.357022	0.379822	i-0.939972
1.555786	0.356935	0.379907	i-0.939532
1.556396	0.356848	0.379992	i-0.939092
1.557007	0.356761	0.380077	i-0.938653
1.557617	0.356673	0.380162	i-0.938213
1.558228	0.356586	0.380247	i-0.937774
1.558838	0.356499	0.380332	i-0.937336
1.559448	0.356412	0.380417	i-0.936897
1.560059	0.356324	0.380501	i-0.936459
1.560669	0.356237	0.380586	i-0.936022
1.561279	0.356149	0.380670	i-0.935584
1.561890	0.356062	0.380755	i-0.935147
1.562500	0.355974	0.380839	i-0.934711
1.563110	0.355887	0.380923	i-0.934274
1.563721	0.355799	0.381007	i-0.933838
1.564331	0.355711	0.381091	i-0.933402
1.564941	0.355623	0.381175	i-0.932967
1.565552	0.355536	0.381258	i-0.932532
1.566162	0.355448	0.381342	i-0.932097
1.566772	0.355360	0.381425	i-0.931663
1.567383	0.355272	0.381509	i-0.931229
1.567993	0.355184	0.381592	i-0.930795
1.568604	0.355096	0.381675	i-0.930361
1.569214	0.355008	0.381758	i-0.929928
1.569824	0.354920	0.381841	i-0.929495
1.570435	0.354831	0.381924	i-0.929063
1.571045	0.354743	0.382007	i-0.928630
1.571655	0.354655	0.382090	i-0.928198
1.572266	0.354567	0.382172	i-0.927767
1.572876	0.354478	0.382255	i-0.927335
1.573486	0.354390	0.382337	i-0.926905
1.574097	0.354302	0.382419	i-0.926474
1.574707	0.354213	0.382502	i-0.926043
1.575317	0.354125	0.382584	i-0.925613
1.575928	0.354036	0.382666	i-0.925184
1.576538	0.353947	0.382748	i-0.924754
1.577148	0.353859	0.382829	i-0.924325
1.577759	0.353770	0.382911	i-0.923896
1.578369	0.353681	0.382993	i-0.923468
1.578979	0.353593	0.383074	i-0.923040
1.579590	0.353504	0.383156	i-0.922612
1.580200	0.353415	0.383237	i-0.922184
1.580811	0.353326	0.383318	i-0.921757
1.581421	0.353237	0.383399	i-0.921330
1.582031	0.353148	0.383480	i-0.920903
1.582642	0.353059	0.383561	i-0.920477
1.583252	0.352970	0.383642	i-0.920051
1.583862	0.352881	0.383723	i-0.919625
1.584473	0.352792	0.383803	i-0.919200
1.585083	0.352703	0.383884	i-0.918775
1.585693	0.352614	0.383964	i-0.918350
1.586304	0.352524	0.384045	i-0.917926
1.586914	0.352435	0.384125	i-0.917502
1.587524	0.352346	0.384205	i-0.917078
1.588135	0.352257	0.384285	i-0.916654
1.588745	0.352167	0.384365	i-0.916231
1.589355	0.352078	0.384445	i-0.915808
1.589966	0.351988	0.384525	i-0.915385
1.590576	0.351899	0.384604	i-0.914963
1.591187	0.351809	0.384684	i-0.914541
1.591797	0.351720	0.384763	i-0.914119
1.592407	0.351630	0.384843	i-0.913698
1.593018	0.351540	0.384922	i-0.913277
1.593628	0.351451	0.385001	i-0.912856
1.594238	0.351361	0.385080	i-0.912435
1.594849	0.351271	0.385159	i-0.912015
1.595459	0.351181	0.385238	i-0.911595
1.596069	0.351092	0.385317	i-0.911176
1.596680	0.351002	0.385396	i-0.910756
1.597290	0.350912	0.385475	i-0.910337
1.597900	0.350822	0.385553	i-0.909919
1.598511	0.350732	0.385632	i-0.909500
1.599121	0.350642	0.385710	i-0.909082
1.599731	0.350552	0.385788	i-0.908664
1.600342	0.350462	0.385866	i-0.908247
1.600952	0.350372	0.385944	i-0.907829
1.601563	0.350282	0.386022	i-0.907413
1.602173	0.350191	0.386100	i-0.906996
1.602783	0.350101	0.386178	i-0.906580
1.603394	0.350011	0.386256	i-0.906164
1.604004	0.349921	0.386334	i-0.905748
1.604614	0.349830	0.386411	i-0.905332
1.605225	0.349740	0.386489	i-0.904917
1.605835	0.349650	0.386566	i-0.904502
1.606445	0.349559	0.386643	i-0.904088
1.607056	0.349469	0.386720	i-0.903674
1.607666	0.349378	0.386797	i-0.903260
1.608276	0.349288	0.386874	i-0.902846
1.608887	0.349197	0.386951	i-0.902432
1.609497	0.349107	0.387028	i-0.902019
1.610107	0.349016	0.387105	i-0.901607
1.610718	0.348926	0.387181	i-0.901194
1.611328	0.348835	0.387258	i-0.900782
1.611938	0.348744	0.387334	i-0.900370
1.612549	0.348654	0.387411	i-0.899958
1.613159	0.348563	0.387487	i-0.899547
1.613770	0.348472	0.387563	i-0.899136
1.614380	0.348381	0.387639	i-0.898725
1.614990	0.348290	0.387715	i-0.898315
1.615601	0.348200	0.387791	i-0.897905
1.616211	0.348109	0.387867	i-0.897495
1.616821	0.348018	0.387943	i-0.897085
1.617432	0.347927	0.388019	i-0.896676
1.618042	0.347836	0.388094	i-0.896267
1.618652	0.347745	0.388170	i-0.895858
1.619263	0.347654	0.388245	i-0.895450
1.619873	0.347563	0.388320	i-0.895041
1.620483	0.347472	0.388395	i-0.894633
1.621094	0.347380	0.388471	i-0.894226
1.621704	0.347289	0.388546	i-0.893819
1.622314	0.347198	0.388621	i-0.893412
1.622925	0.347107	0.388695	i-0.893005
1.623535	0.347016	0.388770	i-0.892598
1.624146	0.346924	0.388845	i-0.892192
1.624756	0.346833	0.388919	i-0.891786
1.625366	0.346742	0.388994	i-0.891381
1.625977	0.346650	0.389068	i-0.890975
1.626587	0.346559	0.389143	i-0.890570
1.627197	0.346468	0.389217	i-0.890166
1.627808	0.346376	0.389291	i-0.889761
1.628418	0.346285	0.389365	i-0.889357
1.629028	0.346193	0.389439	i-0.888953
1.629639	0.346102	0.389513	i-0.888550
1.630249	0.346010	0.389587	i-0.888146
1.630859	0.345919	0.389661	i-0.887743
1.631470	0.345827	0.389734	i-0.887340
1.632080	0.345735	0.389808	i-0.886938
1.632690	0.345644	0.389881	i-0.886536
1.633301	0.345552	0.389955	i-0.886134
1.633911	0.345460	0.390028	i-0.885732
1.634521	0.345369	0.390101	i-0.885331
1.635132	0.345277	0.390175	i-0.884930
1.635742	0.345185	0.390248	i-0.884529
1.636353	0.345093	0.390321	i-0.884128
1.636963	0.345002	0.390393	i-0.883728
1.637573	0.344910	0.390466	i-0.883328
1.638184	0.344818	0.390539	i-0.882928
1.638794	0.344726	0.390612	i-0.882529
1.639404	0.344634	0.390684	i-0.882130
1.640015	0.344542	0.390757	i-0.881731
1.640625	0.344450	0.390829	i-0.881332
1.641235	0.344358	0.390901	i-0.880934
1.641846	0.344266	0.390974	i-0.880536
1.642456	0.344174	0.391046	i-0.880138
1.643066	0.344082	0.391118	i-0.879741
1.643677	0.343990	0.391190	i-0.879344
1.644287	0.343898	0.391262	i-0.878947
1.644897	0.343806	0.391333	i-0.878550
1.645508	0.343714	0.391405	i-0.878154
1.646118	0.343622	0.391477	i-0.877757
1.646729	0.343530	0.391548	i-0.877362
1.647339	0.343437	0.391620	i-0.876966
1.647949	0.343345	0.391691	i-0.876571
1.648560	0.343253	0.391763	i-0.876176
1.649170	0.343161	0.391834	i-0.875781
1.649780	0.343068	0.391905	i-0.875386
1.650391	0.342976	0.391976	i-0.874992
1.651001	0.342884	0.392047	i-0.874598
1.651611	0.342791	0.392118	i-0.874205
1.652222	0.342699	0.392189	i-0.873811
1.652832	0.342607	0.392260	i-0.873418
1.653442	0.342514	0.392330	i-0.873025
1.654053	0.342422	0.392401	i-0.872632
1.654663	0.342329	0.392471	i-0.872240
1.655273	0.342237	0.392542	i-0.871848
1.655884	0.342144	0.392612	i-0.871456
1.656494	0.342052	0.392682	i-0.871065
1.657104	0.341959	0.392753	i-0.870674
1.657715	0.341867	0.392823	i-0.870283
1.658325	0.341774	0.392893	i-0.869892
1.658936	0.341682	0.392963	i-0.869501
1.659546	0.341589	0.393032	i-0.869111
1.660156	0.341496	0.393102	i-0.868721
1.660767	0.341404	0.393172	i-0.868332
1.661377	0.341311	0.393242	i-0.867942
1.661987	0.341218	0.393311	i-0.867553
1.662598	0.341126	0.393381	i-0.867164
1.663208	0.341033	0.393450	i-0.866776
1.663818	0.340940	0.393519	i-0.866387
1.664429	0.340847	0.393589	i-0.865999
1.665039	0.340755	0.393658	i-0.865611
1.665649	0.340662	0.393727	i-0.865224
1.666260	0.340569	0.393796	i-0.864837
1.666870	0.340476	0.393865	i-0.864450
1.667480	0.340383	0.393934	i-0.864063
1.668091	0.340290	0.394002	i-0.863676
1.668701	0.340198	0.394071	i-0.863290
1.669312	0.340105	0.394140	i-0.862904
1.669922	0.340012	0.394208	i-0.862518
1.670532	0.339919	0.394277	i-0.862133
1.671143	0.339826	0.394345	i-0.861748
1.671753	0.339733	0.394413	i-0.861363
1.672363	0.339640	0.394482	i-0.860978
1.672974	0.339547	0.394550	i-0.860594
1.673584	0.339454	0.394618	i-0.860210
1.674194	0.339361	0.394686	i-0.859826
1.674805	0.339268	0.394754	i-0.859442
1.675415	0.339175	0.394822	i-0.859059
1.676025	0.339082	0.394889	i-0.858676
1.676636	0.338989	0.394957	i-0.858293
1.677246	0.338896	0.395025	i-0.857910
1.677856	0.338802	0.395092	i-0.857528
1.678467	0.338709	0.395160	i-0.857146
1.679077	0.338616	0.395227	i-0.856764
1.679688	0.338523	0.395294	i-0.856382
1.680298	0.338430	0.395362	i-0.856001
1.680908	0.338337	0.395429	i-0.855620
1.681519	0.338243	0.395496	i-0.855239
1.682129	0.338150	0.395563	i-0.854859
1.682739	0.338057	0.395630	i-0.854478
1.683350	0.337964	0.395697	i-0.854098
1.683960	0.337870	0.395763	i-0.853719
1.684570	0.337777	0.395830	i-0.853339
1.685181	0.337684	0.395897	i-0.852960
1.685791	0.337591	0.395963	i-0.852581
1.686401	0.337497	0.396030	i-0.852202
1.687012	0.337404	0.396096	i-0.851823
1.687622	0.337311	0.396162	i-0.851445
1.688232	0.337217	0.396229	i-0.851067
1.688843	0.337124	0.396295	i-0.850689
1.689453	0.337030	0.396361	i-0.850312
1.690063	0.336937	0.396427	i-0.849935
1.690674	0.336844	0.396493	i-0.849558
1.691284	0.336750	0.396559	i-0.849181
1.691895	0.336657	0.396625	i-0.848804
1.692505	0.336563	0.396690	i-0.848428
1.693115	0.336470	0.396756	i-0.848052
1.693726	0.336376	0.396822	i-0.847676
1.694336	0.336283	0.396887	i-0.847301
1.694946	0.336189	0.396953	i-0.846926
1.695557	0.336096	0.397018	i-0.846551
1.696167	0.336002	0.397083	i-0.846176
1.696777	0.335909	0.397149	i-0.845801
1.697388	0.335815	0.397214	i-0.845427
1.697998	0.335722	0.397279	i-0.845053
1.698608	0.335628	0.397344	i-0.844679
1.699219	0.335535	0.397409	i-0.844306
1.699829	0.335441	0.397474	i-0.843933
1.700439	0.335347	0.397539	i-0.843560
1.701050	0.335254	0.397603	i-0.843187
1.701660	0.335160	0.397668	i-0.842814
1.702271	0.335067	0.397732	i-0.842442
1.702881	0.334973	0.397797	i-0.842070
1.703491	0.334879	0.397861	i-0.841698
1.704102	0.334786	0.397926	i-0.841327
1.704712	0.334692	0.397990	i-0.840955
1.705322	0.334598	0.398054	i-0.840584
1.705933	0.334505	0.398118	i-0.840214
1.706543	0.334411	0.398183	i-0.839843
1.707153	0.334317	0.398247	i-0.839473
1.707764	0.334223	0.398311	i-0.839103
1.708374	0.334130	0.398374	i-0.838733
1.708984	0.334036	0.398438	i-0.838363
1.709595	0.333942	0.398502	i-0.837994
1.710205	0.333848	0.398566	i-0.837625
1.710815	0.333755	0.398629	i-0.837256
1.711426	0.333661	0.398693	i-0.836887
1.712036	0.333567	0.398756	i-0.836519
1.712646	0.333473	0.398820	i-0.836151
1.713257	0.333380	0.398883	i-0.835783
1.713867	0.333286	0.398946	i-0.835415
1.714478	0.333192	0.399009	i-0.835048
1.715088	0.333098	0.399072	i-0.834681
1.715698	0.333004	0.399135	i-0.834314
1.716309	0.332910	0.399198	i-0.833947
1.716919	0.332817	0.399261	i-0.833581
1.717529	0.332723	0.399324	i-0.833215
1.718140	0.332629	0.399387	i-0.832849
1.718750	0.332535	0.399450	i-0.832483
1.719360	0.332441	0.399512	i-0.832117
1.719971	0.332347	0.399575	i-0.831752
1.720581	0.332253	0.399637	i-0.831387
1.721191	0.332159	0.399700	i-0.831022
1.721802	0.332065	0.399762	i-0.830658
1.722412	0.331971	0.399824	i-0.830294
1.723022	0.331878	0.399886	i-0.829929
1.723633	0.331784	0.399949	i-0.829566
1.724243	0.331690	0.400011	i-0.829202
1.724854	0.331596	0.400073	i-0.828839
1.725464	0.331502	0.400135	i-0.828476
1.726074	0.331408	0.400196	i-0.828113
1.726685	0.331314	0.400258	i-0.827750
1.727295	0.331220	0.400320	i-0.827388
1.727905	0.331126	0.400382	i-0.827025
1.728516	0.331032	0.400443	i-0.826664
1.729126	0.330938	0.400505	i-0.826302
1.729736	0.330844	0.400566	i-0.825940
1.730347	0.330750	0.400628	i-0.825579
1.730957	0.330656	0.400689	i-0.825218
1.731567	0.330562	0.400750	i-0.824857
1.732178	0.330468	0.400811	i-0.824497
1.732788	0.330374	0.400873	i-0.824137
1.733398	0.330280	0.400934	i-0.823776
1.734009	0.330186	0.400995	i-0.823417
1.734619	0.330092	0.401056	i-0.823057
1.735229	0.329998	0.401116	i-0.822698
1.735840	0.329904	0.401177	i-0.822338
1.736450	0.329809	0.401238	i-0.821980
1.737061	0.329715	0.401299	i-0.821621
1.737671	0.329621	0.401359	i-0.821262
1.738281	0.329527	0.401420	i-0.820904
1.738892	0.329433	0.401480	i-0.820546
1.739502	0.329339	0.401541	i-0.820188
1.740112	0.329245	0.401601	i-0.819831
1.740723	0.329151	0.401661	i-0.819474
1.741333	0.329057	0.401722	i-0.819117
1.741943	0.328963	0.401782	i-0.818760
1.742554	0.328869	0.401842	i-0.818403
1.743164	0.328774	0.401902	i-0.818047
1.743774	0.328680	0.401962	i-0.817691
1.744385	0.328586	0.402022	i-0.817335
1.744995	0.328492	0.402081	i-0.816979
1.745605	0.328398	0.402141	i-0.816624
1.746216	0.328304	0.402201	i-0.816268
1.746826	0.328210	0.402260	i-0.815913
1.747437	0.328116	0.402320	i-0.815558
1.748047	0.328021	0.402380	i-0.815204
1.748657	0.327927	0.402439	i-0.814850
1.749268	0.327833	0.402498	i-0.814495
1.749878	0.327739	0.402558	i-0.814142
1.750488	0.327645	0.402617	i-0.813788
1.751099	0.327551	0.402676	i-0.813435
1.751709	0.327456	0.402735	i-0.813081
1.752319	0.327362	0.402794	i-0.812728
1.752930	0.327268	0.402853	i-0.812376
1.753540	0.327174	0.402912	i-0.812023
1.754150	0.327080	0.402971	i-0.811671
1.754761	0.326986	0.403030	i-0.811319
1.755371	0.326891	0.403089	i-0.810967
1.755981	0.326797	0.403147	i-0.810615
1.756592	0.326703	0.403206	i-0.810264
1.757202	0.326609	0.403264	i-0.809913
1.757813	0.326515	0.403323	i-0.809562
1.758423	0.326421	0.403381	i-0.809211
1.759033	0.326326	0.403440	i-0.808860
1.759644	0.326232	0.403498	i-0.808510
1.760254	0.326138	0.403556	i-0.808160
1.760864	0.326044	0.403614	i-0.807810
1.761475	0.325950	0.403672	i-0.807461
1.762085	0.325855	0.403730	i-0.807111
1.762695	0.325761	0.403788	i-0.806762
1.763306	0.325667	0.403846	i-0.806413
1.763916	0.325573	0.403904	i-0.806064
1.764526	0.325479	0.403962	i-0.805716
1.765137	0.325384	0.404020	i-0.805367
1.765747	0.325290	0.404077	i-0.805019
1.766357	0.325196	0.404135	i-0.804671
1.766968	0.325102	0.404193	i-0.804324
1.767578	0.325007	0.404250	i-0.803976
1.768188	0.324913	0.404307	i-0.803629
1.768799	0.324819	0.404365	i-0.803282
1.769409	0.324725	0.404422	i-0.802935
1.770020	0.324631	0.404479	i-0.802589
1.770630	0.324536	0.404537	i-0.802242
1.771240	0.324442	0.404594	i-0.801896
1.771851	0.324348	0.404651	i-0.801550
1.772461	0.324254	0.404708	i-0.801205
1.773071	0.324160	0.404765	i-0.800859
1.773682	0.324065	0.404822	i-0.800514
1.774292	0.323971	0.404878	i-0.800169
1.774902	0.323877	0.404935	i-0.799824
1.775513	0.323783	0.404992	i-0.799480
1.776123	0.323688	0.405048	i-0.799135
1.776733	0.323594	0.405105	i-0.798791
1.777344	0.323500	0.405162	i-0.798447
1.777954	0.323406	0.405218	i-0.798103
1.778564	0.323312	0.405274	i-0.797760
1.779175	0.323217	0.405331	i-0.797416
1.779785	0.323123	0.405387	i-0.797073
1.780396	0.323029	0.405443	i-0.796731
1.781006	0.322935	0.405499	i-0.796388
1.781616	0.322841	0.405556	i-0.796045
1.782227	0.322746	0.405612	i-0.795703
1.782837	0.322652	0.405668	i-0.795361
1.783447	0.322558	0.405723	i-0.795019
1.784058	0.322464	0.405779	i-0.794678
1.784668	0.322370	0.405835	i-0.794336
1.785278	0.322275	0.405891	i-0.793995
1.785889	0.322181	0.405947	i-0.793654
1.786499	0.322087	0.406002	i-0.793313
1.787109	0.321993	0.406058	i-0.792973
1.787720	0.321899	0.406113	i-0.792633
1.788330	0.321804	0.406169	i-0.792292
1.788940	0.321710	0.406224	i-0.791953
1.789551	0.321616	0.406279	i-0.791613
1.790161	0.321522	0.406335	i-0.791273
1.790771	0.321428	0.406390	i-0.790934
1.791382	0.321333	0.406445	i-0.790595
1.791992	0.321239	0.406500	i-0.790256
1.792603	0.321145	0.406555	i-0.789917
1.793213	0.321051	0.406610	i-0.789579
1.793823	0.320957	0.406665	i-0.789241
1.794434	0.320863	0.406720	i-0.788903
1.795044	0.320768	0.406775	i-0.788565
1.795654	0.320674	0.406830	i-0.788227
1.796265	0.320580	0.406884	i-0.787890
1.796875	0.320486	0.406939	i-0.787553
1.797485	0.320392	0.406993	i-0.787216
1.798096	0.320298	0.407048	i-0.786879
1.798706	0.320203	0.407102	i-0.786543
1.799316	0.320109	0.407157	i-0.786206
1.799927	0.320015	0.407211	i-0.785870
1.800537	0.319921	0.407266	i-0.785534
1.801147	0.319827	0.407320	i-0.785198
1.801758	0.319733	0.407374	i-0.784863
1.802368	0.319639	0.407428	i-0.784527
1.802979	0.319544	0.407482	i-0.784192
1.803589	0.319450	0.407536	i-0.783857
1.804199	0.319356	0.407590	i-0.783523
1.804810	0.319262	0.407644	i-0.783188
1.805420	0.319168	0.407698	i-0.782854
1.806030	0.319074	0.407752	i-0.782520
1.806641	0.318980	0.407805	i-0.782186
1.807251	0.318886	0.407859	i-0.781852
1.807861	0.318791	0.407913	i-0.781519
1.808472	0.318697	0.407966	i-0.781186
1.809082	0.318603	0.408020	i-0.780853
1.809692	0.318509	0.408073	i-0.780520
1.810303	0.318415	0.408127	i-0.780187
1.810913	0.318321	0.408180	i-0.779855
1.811523	0.318227	0.408233	i-0.779522
1.812134	0.318133	0.408286	i-0.779190
1.812744	0.318039	0.408340	i-0.778858
1.813354	0.317945	0.408393	i-0.778527
1.813965	0.317851	0.408446	i-0.778195
1.814575	0.317757	0.408499	i-0.777864
1.815186	0.317662	0.408552	i-0.777533
1.815796	0.317568	0.408605	i-0.777202
1.816406	0.317474	0.408658	i-0.776872
1.817017	0.317380	0.408710	i-0.776541
1.817627	0.317286	0.408763	i-0.776211
1.818237	0.317192	0.408816	i-0.775881
1.818848	0.317098	0.408868	i-0.775551
1.819458	0.317004	0.408921	i-0.775221
1.820068	0.316910	0.408973	i-0.774892
1.820679	0.316816	0.409026	i-0.774563
1.821289	0.316722	0.409078	i-0.774234
1.821899	0.316628	0.409131	i-0.773905
1.822510	0.316534	0.409183	i-0.773576
1.823120	0.316440	0.409235	i-0.773248
1.823730	0.316346	0.409287	i-0.772920
1.824341	0.316252	0.409339	i-0.772592
1.824951	0.316158	0.409392	i-0.772264
1.825562	0.316064	0.409444	i-0.771936
1.826172	0.315970	0.409496	i-0.771609
1.826782	0.315876	0.409547	i-0.771281
1.827393	0.315782	0.409599	i-0.770954
1.828003	0.315688	0.409651	i-0.770627
1.828613	0.315595	0.409703	i-0.770301
1.829224	0.315501	0.409755	i-0.769974
1.829834	0.315407	0.409806	i-0.769648
1.830444	0.315313	0.409858	i-0.769322
1.831055	0.315219	0.409909	i-0.768996
1.831665	0.315125	0.409961	i-0.768671
1.832275	0.315031	0.410012	i-0.768345
1.832886	0.314937	0.410064	i-0.768020
1.833496	0.314843	0.410115	i-0.767695
1.834106	0.314749	0.410166	i-0.767370
1.834717	0.314655	0.410218	i-0.767045
1.835327	0.314562	0.410269	i-0.766721
1.835938	0.314468	0.410320	i-0.766396
1.836548	0.314374	0.410371	i-0.766072
1.837158	0.314280	0.410422	i-0.765748
1.837769	0.314186	0.410473	i-0.765425
1.838379	0.314092	0.410524	i-0.765101
1.838989	0.313998	0.410575	i-0.764778
1.839600	0.313905	0.410626	i-0.764455
1.840210	0.313811	0.410676	i-0.764132
1.840820	0.313717	0.410727	i-0.763809
1.841431	0.313623	0.410778	i-0.763486
1.842041	0.313529	0.410828	i-0.763164
1.842651	0.313436	0.410879	i-0.762842
1.843262	0.313342	0.410929	i-0.762520
1.843872	0.313248	0.410980	i-0.762198
1.844482	0.313154	0.411030	i-0.761876
1.845093	0.313060	0.411080	i-0.761555
1.845703	0.312967	0.411131	i-0.761234
1.846313	0.312873	0.411181	i-0.760913
1.846924	0.312779	0.411231	i-0.760592
1.847534	0.312685	0.411281	i-0.760271
1.848145	0.312592	0.411331	i-0.759951
1.848755	0.312498	0.411381	i-0.759631
1.849365	0.312404	0.411431	i-0.759311
1.849976	0.312311	0.411481	i-0.758991
1.850586	0.312217	0.411531	i-0.758671
1.851196	0.312123	0.411581	i-0.758351
1.851807	0.312029	0.411631	i-0.758032
1.852417	0.311936	0.411681	i-0.757713
1.853027	0.311842	0.411730	i-0.757394
1.853638	0.311748	0.411780	i-0.757075
1.854248	0.311655	0.411830	i-0.756757
1.854858	0.311561	0.411879	i-0.756438
1.855469	0.311468	0.411929	i-0.756120
1.856079	0.311374	0.411978	i-0.755802
1.856689	0.311280	0.412027	i-0.755485
1.857300	0.311187	0.412077	i-0.755167
1.857910	0.311093	0.412126	i-0.754849
1.858521	0.310999	0.412175	i-0.754532
1.859131	0.310906	0.412224	i-0.754215
1.859741	0.310812	0.412273	i-0.753898
1.860352	0.310719	0.412323	i-0.753582
1.860962	0.310625	0.412372	i-0.753265
1.861572	0.310532	0.412421	i-0.752949
1.862183	0.310438	0.412469	i-0.752633
1.862793	0.310344	0.412518	i-0.752317
1.863403	0.310251	0.412567	i-0.752001
1.864014	0.310157	0.412616	i-0.751686
1.864624	0.310064	0.412665	i-0.751370
1.865234	0.309970	0.412713	i-0.751055
1.865845	0.309877	0.412762	i-0.750740
1.866455	0.309783	0.412811	i-0.750425
1.867065	0.309690	0.412859	i-0.750111
1.867676	0.309596	0.412908	i-0.749796
1.868286	0.309503	0.412956	i-0.749482
1.868896	0.309410	0.413004	i-0.749168
1.869507	0.309316	0.413053	i-0.748854
1.870117	0.309223	0.413101	i-0.748540
1.870728	0.309129	0.413149	i-0.748227
1.871338	0.309036	0.413197	i-0.747913
1.871948	0.308942	0.413246	i-0.747600
1.872559	0.308849	0.413294	i-0.747287
1.873169	0.308756	0.413342	i-0.746974
1.873779	0.308662	0.413390	i-0.746662
1.874390	0.308569	0.413438	i-0.746349
1.875000	0.308476	0.413486	i-0.746037
1.875610	0.308382	0.413533	i-0.745725
1.876221	0.308289	0.413581	i-0.745413
1.876831	0.308196	0.413629	i-0.745101
1.877441	0.308102	0.413677	i-0.744790
1.878052	0.308009	0.413724	i-0.744479
1.878662	0.307916	0.413772	i-0.744167
1.879272	0.307822	0.413820	i-0.743857
1.879883	0.307729	0.413867	i-0.743546
1.880493	0.307636	0.413915	i-0.743235
1.881104	0.307543	0.413962	i-0.742925
1.881714	0.307449	0.414009	i-0.742614
1.882324	0.307356	0.414057	i-0.742304
1.882935	0.307263	0.414104	i-0.741994
1.883545	0.307170	0.414151	i-0.741685
1.884155	0.307076	0.414198	i-0.741375
1.884766	0.306983	0.414245	i-0.741066
1.885376	0.306890	0.414293	i-0.740757
1.885986	0.306797	0.414340	i-0.740448
1.886597	0.306704	0.414387	i-0.740139
1.887207	0.306611	0.414434	i-0.739830
1.887817	0.306517	0.414480	i-0.739522
1.888428	0.306424	0.414527	i-0.739214
1.889038	0.306331	0.414574	i-0.738905
1.889648	0.306238	0.414621	i-0.738598
1.890259	0.306145	0.414668	i-0.738290
1.890869	0.306052	0.414714	i-0.737982
1.891479	0.305959	0.414761	i-0.737675
1.892090	0.305866	0.414807	i-0.737368
1.892700	0.305773	0.414854	i-0.737061
1.893311	0.305680	0.414900	i-0.736754
1.893921	0.305586	0.414947	i-0.736447
1.894531	0.305493	0.414993	i-0.736141
1.895142	0.305400	0.415040	i-0.735834
1.895752	0.305307	0.415086	i-0.735528
1.896362	0.305214	0.415132	i-0.735222
1.896973	0.305121	0.415178	i-0.734916
1.897583	0.305028	0.415225	i-0.734611
1.898193	0.304935	0.415271	i-0.734305
1.898804	0.304843	0.415317	i-0.734000
1.899414	0.304750	0.415363	i-0.733695
1.900024	0.304657	0.415409	i-0.733390
1.900635	0.304564	0.415455	i-0.733085
1.901245	0.304471	0.415501	i-0.732781
1.901855	0.304378	0.415546	i-0.732476
1.902466	0.304285	0.415592	i-0.732172
1.903076	0.304192	0.415638	i-0.731868
1.903687	0.304099	0.415684	i-0.731564
1.904297	0.304006	0.415729	i-0.731261
1.904907	0.303914	0.415775	i-0.730957
1.905518	0.303821	0.415820	i-0.730654
1.906128	0.303728	0.415866	i-0.730350
1.906738	0.303635	0.415911	i-0.730047
1.907349	0.303542	0.415957	i-0.729745
1.907959	0.303450	0.416002	i-0.729442
1.908569	0.303357	0.416048	i-0.729139
1.909180	0.303264	0.416093	i-0.728837
1.909790	0.303171	0.416138	i-0.728535
1.910400	0.303079	0.416183	i-0.728233
1.911011	0.302986	0.416229	i-0.727931
1.911621	0.302893	0.416274	i-0.727630
1.912231	0.302800	0.416319	i-0.727328
1.912842	0.302708	0.416364	i-0.727027
1.913452	0.302615	0.416409	i-0.726726
1.914063	0.302522	0.416454	i-0.726425
1.914673	0.302430	0.416499	i-0.726124
1.915283	0.302337	0.416543	i-0.725824
1.915894	0.302244	0.416588	i-0.725523
1.916504	0.302152	0.416633	i-0.725223
1.917114	0.302059	0.416678	i-0.724923
1.917725	0.301967	0.416722	i-0.724623
1.918335	0.301874	0.416767	i-0.724323
1.918945	0.301781	0.416812	i-0.724024
1.919556	0.301689	0.416856	i-0.723724
1.920166	0.301596	0.416901	i-0.723425
1.920776	0.301504	0.416945	i-0.723126
1.921387	0.301411	0.416990	i-0.722827
1.921997	0.301319	0.417034	i-0.722528
1.922607	0.301226	0.417078	i-0.722230
1.923218	0.301134	0.417123	i-0.721931
1.923828	0.301041	0.417167	i-0.721633
1.924438	0.300949	0.417211	i-0.721335
1.925049	0.300856	0.417255	i-0.721037
1.925659	0.300764	0.417299	i-0.720739
1.926270	0.300672	0.417343	i-0.720442
1.926880	0.300579	0.417387	i-0.720144
1.927490	0.300487	0.417431	i-0.719847
1.928101	0.300394	0.417475	i-0.719550
1.928711	0.300302	0.417519	i-0.719253
1.929321	0.300210	0.417563	i-0.718957
1.929932	0.300117	0.417607	i-0.718660
1.930542	0.300025	0.417651	i-0.718364
1.931152	0.299933	0.417694	i-0.718067
1.931763	0.299840	0.417738	i-0.717771
1.932373	0.299748	0.417782	i-0.717476
1.932983	0.299656	0.417825	i-0.717180
1.933594	0.299563	0.417869	i-0.716884
1.934204	0.299471	0.417912	i-0.716589
1.934814	0.299379	0.417956	i-0.716294
1.935425	0.299287	0.417999	i-0.715999
1.936035	0.299195	0.418042	i-0.715704
1.936646	0.299102	0.418086	i-0.715409
1.937256	0.299010	0.418129	i-0.715114
1.937866	0.298918	0.418172	i-0.714820
1.938477	0.298826	0.418216	i-0.714526
1.939087	0.298734	0.418259	i-0.714232
1.939697	0.298642	0.418302	i-0.713938
1.940308	0.298549	0.418345	i-0.713644
1.940918	0.298457	0.418388	i-0.713351
1.941528	0.298365	0.418431	i-0.713057
1.942139	0.298273	0.418474	i-0.712764
1.942749	0.298181	0.418517	i-0.712471
1.943359	0.298089	0.418560	i-0.712178
1.943970	0.297997	0.418603	i-0.711885
1.944580	0.297905	0.418645	i-0.711593
1.945190	0.297813	0.418688	i-0.711300
1.945801	0.297721	0.418731	i-0.711008
1.946411	0.297629	0.418774	i-0.710716
1.947021	0.297537	0.418816	i-0.710424
1.947632	0.297445	0.418859	i-0.710132
1.948242	0.297353	0.418901	i-0.709840
1.948853	0.297261	0.418944	i-0.709549
1.949463	0.297169	0.418986	i-0.709258
1.950073	0.297077	0.419029	i-0.708967
1.950684	0.296985	0.419071	i-0.708676
1.951294	0.296894	0.419113	i-0.708385
1.951904	0.296802	0.419156	i-0.708094
1.952515	0.296710	0.419198	i-0.707804
1.953125	0.296618	0.419240	i-0.707513
1.953735	0.296526	0.419282	i-0.707223
1.954346	0.296434	0.419324	i-0.706933
1.954956	0.296343	0.419367	i-0.706643
1.955566	0.296251	0.419409	i-0.706354
1.956177	0.296159	0.419451	i-0.706064
1.956787	0.296067	0.419493	i-0.705775
1.957397	0.295976	0.419535	i-0.705486
1.958008	0.295884	0.419576	i-0.705196
1.958618	0.295792	0.419618	i-0.704908
1.959229	0.295700	0.419660	i-0.704619
1.959839	0.295609	0.419702	i-0.704330
1.960449	0.295517	0.419744	i-0.704042
1.961060	0.295425	0.419785	i-0.703754
1.961670	0.295334	0.419827	i-0.703466
1.962280	0.295242	0.419869	i-0.703178
1.962891	0.295151	0.419910	i-0.702890
1.963501	0.295059	0.419952	i-0.702602
1.964111	0.294967	0.419993	i-0.702315
1.964722	0.294876	0.420035	i-0.702027
1.965332	0.294784	0.420076	i-0.701740
1.965942	0.294693	0.420117	i-0.701453
1.966553	0.294601	0.420159	i-0.701166
1.967163	0.294510	0.420200	i-0.700880
1.967773	0.294418	0.420241	i-0.700593
1.968384	0.294327	0.420282	i-0.700307
1.968994	0.294235	0.420324	i-0.700021
1.969604	0.294144	0.420365	i-0.699735
1.970215	0.294052	0.420406	i-0.699449
1.970825	0.293961	0.420447	i-0.699163
1.971436	0.293870	0.420488	i-0.698878
1.972046	0.293778	0.420529	i-0.698592
1.972656	0.293687	0.420570	i-0.698307
1.973267	0.293595	0.420611	i-0.698022
1.973877	0.293504	0.420652	i-0.697737
1.974487	0.293413	0.420692	i-0.697452
1.975098	0.293321	0.420733	i-0.697167
1.975708	0.293230	0.420774	i-0.696883
1.976318	0.293139	0.420815	i-0.696599
1.976929	0.293048	0.420855	i-0.696314
1.977539	0.292956	0.420896	i-0.696030
1.978149	0.292865	0.420936	i-0.695746
1.978760	0.292774	0.420977	i-0.695463
1.979370	0.292683	0.421017	i-0.695179
1.979980	0.292591	0.421058	i-0.694896
1.980591	0.292500	0.421098	i-0.694613
1.981201	0.292409	0.421139	i-0.694329
1.981812	0.292318	0.421179	i-0.694046
1.982422	0.292227	0.421219	i-0.693764
1.983032	0.292136	0.421260	i-0.693481
1.983643	0.292045	0.421300	i-0.693199
1.984253	0.291953	0.421340	i-0.692916
1.984863	0.291862	0.421380	i-0.692634
1.985474	0.291771	0.421420	i-0.692352
1.986084	0.291680	0.421461	i-0.692070
1.986694	0.291589	0.421501	i-0.691788
1.987305	0.291498	0.421541	i-0.691507
1.987915	0.291407	0.421581	i-0.691225
1.988525	0.291316	0.421620	i-0.690944
1.989136	0.291225	0.421660	i-0.690663
1.989746	0.291134	0.421700	i-0.690382
1.990356	0.291043	0.421740	i-0.690101
1.990967	0.290952	0.421780	i-0.689821
1.991577	0.290862	0.421820	i-0.689540
1.992188	0.290771	0.421859	i-0.689260
1.992798	0.290680	0.421899	i-0.688980
1.993408	0.290589	0.421939	i-0.688700
1.994019	0.290498	0.421978	i-0.688420
1.994629	0.290407	0.422018	i-0.688140
1.995239	0.290316	0.422057	i-0.687860
1.995850	0.290226	0.422097	i-0.687581
1.996460	0.290135	0.422136	i-0.687302
1.997070	0.290044	0.422176	i-0.687022
1.997681	0.289953	0.422215	i-0.686743
1.998291	0.289863	0.422254	i-0.686465
1.998901	0.289772	0.422294	i-0.686186
1.999512	0.289681	0.422333	i-0.685907
2.000122	0.289590	0.422372	i-0.685629
2.000732	0.289500	0.422411	i-0.685351
2.001343	0.289409	0.422450	i-0.685073
2.001953	0.289319	0.422489	i-0.684795
2.002563	0.289228	0.422529	i-0.684517
2.003174	0.289137	0.422568	i-0.684239
2.003784	0.289047	0.422607	i-0.683962
2.004395	0.288956	0.422646	i-0.683684
2.005005	0.288866	0.422684	i-0.683407
2.005615	0.288775	0.422723	i-0.683130
2.006226	0.288684	0.422762	i-0.682853
2.006836	0.288594	0.422801	i-0.682576
2.007446	0.288503	0.422840	i-0.682300
2.008057	0.288413	0.422878	i-0.682023
2.008667	0.288322	0.422917	i-0.681747
2.009277	0.288232	0.422956	i-0.681471
2.009888	0.288142	0.422994	i-0.681195
2.010498	0.288051	0.423033	i-0.680919
2.011108	0.287961	0.423072	i-0.680643
2.011719	0.287870	0.423110	i-0.680368
2.012329	0.287780	0.423149	i-0.680092
2.012939	0.287690	0.423187	i-0.679817
2.013550	0.287599	0.423226	i-0.679542
2.014160	0.287509	0.423264	i-0.679267
2.014771	0.287419	0.423302	i-0.678992
2.015381	0.287328	0.423341	i-0.678717
2.015991	0.287238	0.423379	i-0.678442
2.016602	0.287148	0.423417	i-0.678168
2.017212	0.287058	0.423455	i-0.677894
2.017822	0.286967	0.423493	i-0.677620
2.018433	0.286877	0.423532	i-0.677346
2.019043	0.286787	0.423570	i-0.677072
2.019653	0.286697	0.423608	i-0.676798
2.020264	0.286607	0.423646	i-0.676525
2.020874	0.286517	0.423684	i-0.676251
2.021484	0.286426	0.423722	i-0.675978
2.022095	0.286336	0.423760	i-0.675705
2.022705	0.286246	0.423797	i-0.675432
2.023315	0.286156	0.423835	i-0.675159
2.023926	0.286066	0.423873	i-0.674886
2.024536	0.285976	0.423911	i-0.674614
2.025146	0.285886	0.423949	i-0.674341
2.025757	0.285796	0.423986	i-0.674069
2.026367	0.285706	0.424024	i-0.673797
2.026978	0.285616	0.424062	i-0.673525
2.027588	0.285526	0.424099	i-0.673253
2.028198	0.285436	0.424137	i-0.672982
2.028809	0.285346	0.424174	i-0.672710
2.029419	0.285256	0.424212	i-0.672439
2.030029	0.285166	0.424249	i-0.672167
2.030640	0.285077	0.424287	i-0.671896
2.031250	0.284987	0.424324	i-0.671625
2.031860	0.284897	0.424361	i-0.671354
2.032471	0.284807	0.424399	i-0.671084
2.033081	0.284717	0.424436	i-0.670813
2.033691	0.284627	0.424473	i-0.670543
2.034302	0.284538	0.424510	i-0.670273
2.034912	0.284448	0.424548	i-0.670002
2.035522	0.284358	0.424585	i-0.669732
2.036133	0.284268	0.424622	i-0.669463
2.036743	0.284179	0.424659	i-0.669193
2.037354	0.284089	0.424696	i-0.668923
2.037964	0.283999	0.424733	i-0.668654
2.038574	0.283910	0.424770	i-0.668385
2.039185	0.283820	0.424807	i-0.668116
2.039795	0.283730	0.424844	i-0.667847
2.040405	0.283641	0.424881	i-0.667578
2.041016	0.283551	0.424917	i-0.667309
2.041626	0.283462	0.424954	i-0.667040
2.042236	0.283372	0.424991	i-0.666772
2.042847	0.283283	0.425028	i-0.666504
2.043457	0.283193	0.425064	i-0.666236
2.044067	0.283104	0.425101	i-0.665968
2.044678	0.283014	0.425138	i-0.665700
2.045288	0.282925	0.425174	i-0.665432
2.045898	0.282835	0.425211	i-0.665164
2.046509	0.282746	0.425247	i-0.664897
2.047119	0.282656	0.425284	i-0.664630
2.047729	0.282567	0.425320	i-0.664362
2.048340	0.282477	0.425357	i-0.664095
2.048950	0.282388	0.425393	i-0.663828
2.049561	0.282299	0.425430	i-0.663562
2.050171	0.282209	0.425466	i-0.663295
2.050781	0.282120	0.425502	i-0.663029
2.051392	0.282031	0.425538	i-0.662762
2.052002	0.281942	0.425575	i-0.662496
2.052612	0.281852	0.425611	i-0.662230
2.053223	0.281763	0.425647	i-0.661964
2.053833	0.281674	0.425683	i-0.661698
2.054443	0.281585	0.425719	i-0.661433
2.055054	0.281495	0.425755	i-0.661167
2.055664	0.281406	0.425791	i-0.660902
2.056274	0.281317	0.425827	i-0.660636
2.056885	0.281228	0.425863	i-0.660371
2.057495	0.281139	0.425899	i-0.660106
2.058105	0.281050	0.425935	i-0.659842
2.058716	0.280961	0.425971	i-0.659577
2.059326	0.280871	0.426007	i-0.659312
2.059937	0.280782	0.426043	i-0.659048
2.060547	0.280693	0.426078	i-0.658784
2.061157	0.280604	0.426114	i-0.658519
2.061768	0.280515	0.426150	i-0.658255
2.062378	0.280426	0.426185	i-0.657991
2.062988	0.280337	0.426221	i-0.657728
2.063599	0.280248	0.426257	i-0.657464
2.064209	0.280159	0.426292	i-0.657201
2.064819	0.280071	0.426328	i-0.656937
2.065430	0.279982	0.426363	i-0.656674
2.066040	0.279893	0.426399	i-0.656411
2.066650	0.279804	0.426434	i-0.656148
2.067261	0.279715	0.426469	i-0.655885
2.067871	0.279626	0.426505	i-0.655623
2.068481	0.279537	0.426540	i-0.655360
2.069092	0.279449	0.426576	i-0.655098
2.069702	0.279360	0.426611	i-0.654835
2.070313	0.279271	0.426646	i-0.654573
2.070923	0.279182	0.426681	i-0.654311
2.071533	0.279094	0.426716	i-0.654049
2.072144	0.279005	0.426752	i-0.653788
2.072754	0.278916	0.426787	i-0.653526
2.073364	0.278828	0.426822	i-0.653265
2.073975	0.278739	0.426857	i-0.653003
2.074585	0.278650	0.426892	i-0.652742
2.075195	0.278562	0.426927	i-0.652481
2.075806	0.278473	0.426962	i-0.652220
2.076416	0.278384	0.426997	i-0.651959
2.077026	0.278296	0.427032	i-0.651699
2.077637	0.278207	0.427066	i-0.651438
2.078247	0.278119	0.427101	i-0.651178
2.078857	0.278030	0.427136	i-0.650917
2.079468	0.277942	0.427171	i-0.650657
2.080078	0.277853	0.427205	i-0.650397
2.080688	0.277765	0.427240	i-0.650137
2.081299	0.277676	0.427275	i-0.649878
2.081909	0.277588	0.427309	i-0.649618
2.082520	0.277500	0.427344	i-0.649359
2.083130	0.277411	0.427379	i-0.649099
2.083740	0.277323	0.427413	i-0.648840
2.084351	0.277234	0.427448	i-0.648581
2.084961	0.277146	0.427482	i-0.648322
2.085571	0.277058	0.427517	i-0.648063
2.086182	0.276970	0.427551	i-0.647805
2.086792	0.276881	0.427585	i-0.647546
2.087402	0.276793	0.427620	i-0.647288
2.088013	0.276705	0.427654	i-0.647029
2.088623	0.276617	0.427688	i-0.646771
2.089233	0.276528	0.427723	i-0.646513
2.089844	0.276440	0.427757	i-0.646255
2.090454	0.276352	0.427791	i-0.645997
2.091064	0.276264	0.427825	i-0.645740
2.091675	0.276176	0.427859	i-0.645482
2.092285	0.276088	0.427893	i-0.645225
2.092896	0.275999	0.427928	i-0.644968
2.093506	0.275911	0.427962	i-0.644711
2.094116	0.275823	0.427996	i-0.644454
2.094727	0.275735	0.428030	i-0.644197
2.095337	0.275647	0.428064	i-0.643940
2.095947	0.275559	0.428097	i-0.643683
2.096558	0.275471	0.428131	i-0.643427
2.097168	0.275383	0.428165	i-0.643171
2.097778	0.275295	0.428199	i-0.642914
2.098389	0.275207	0.428233	i-0.642658
2.098999	0.275119	0.428267	i-0.642402
2.099609	0.275032	0.428300	i-0.642146
2.100220	0.274944	0.428334	i-0.641891
2.100830	0.274856	0.428368	i-0.641635
2.101440	0.274768	0.428401	i-0.641380
2.102051	0.274680	0.428435	i-0.641124
2.102661	0.274592	0.428469	i-0.640869
2.103271	0.274504	0.428502	i-0.640614
2.103882	0.274417	0.428536	i-0.640359
2.104492	0.274329	0.428569	i-0.640104
2.105103	0.274241	0.428603	i-0.639850
2.105713	0.274153	0.428636	i-0.639595
2.106323	0.274066	0.428669	i-0.639341
2.106934	0.273978	0.428703	i-0.639086
2.107544	0.273890	0.428736	i-0.638832
2.108154	0.273803	0.428769	i-0.638578
2.108765	0.273715	0.428803	i-0.638324
2.109375	0.273628	0.428836	i-0.638070
2.109985	0.273540	0.428869	i-0.637817
2.110596	0.273452	0.428902	i-0.637563
2.111206	0.273365	0.428936	i-0.637310
2.111816	0.273277	0.428969	i-0.637057
2.112427	0.273190	0.429002	i-0.636803
2.113037	0.273102	0.429035	i-0.636550
2.113647	0.273015	0.429068	i-0.636297
2.114258	0.272927	0.429101	i-0.636045
2.114868	0.272840	0.429134	i-0.635792
2.115479	0.272752	0.429167	i-0.635539
2.116089	0.272665	0.429200	i-0.635287
2.116699	0.272578	0.429233	i-0.635035
2.117310	0.272490	0.429266	i-0.634783
2.117920	0.272403	0.429298	i-0.634531
2.118530	0.272316	0.429331	i-0.634279
2.119141	0.272228	0.429364	i-0.634027
2.119751	0.272141	0.429397	i-0.633775
2.120361	0.272054	0.429429	i-0.633524
2.120972	0.271966	0.429462	i-0.633272
2.121582	0.271879	0.429495	i-0.633021
2.122192	0.271792	0.429527	i-0.632770
2.122803	0.271705	0.429560	i-0.632519
2.123413	0.271618	0.429593	i-0.632268
2.124023	0.271530	0.429625	i-0.632017
2.124634	0.271443	0.429658	i-0.631766
2.125244	0.271356	0.429690	i-0.631516
2.125854	0.271269	0.429723	i-0.631265
2.126465	0.271182	0.429755	i-0.631015
2.127075	0.271095	0.429787	i-0.630765
2.127686	0.271008	0.429820	i-0.630515
2.128296	0.270921	0.429852	i-0.630265
2.128906	0.270834	0.429884	i-0.630015
2.129517	0.270747	0.429917	i-0.629766
2.130127	0.270660	0.429949	i-0.629516
2.130737	0.270573	0.429981	i-0.629267
2.131348	0.270486	0.430013	i-0.629017
2.131958	0.270399	0.430046	i-0.628768
2.132568	0.270312	0.430078	i-0.628519
2.133179	0.270225	0.430110	i-0.628270
2.133789	0.270138	0.430142	i-0.628021
2.134399	0.270051	0.430174	i-0.627773
2.135010	0.269965	0.430206	i-0.627524
2.135620	0.269878	0.430238	i-0.627275
2.136230	0.269791	0.430270	i-0.627027
2.136841	0.269704	0.430302	i-0.626779
2.137451	0.269617	0.430334	i-0.626531
2.138062	0.269531	0.430366	i-0.626283
2.138672	0.269444	0.430398	i-0.626035
2.139282	0.269357	0.430429	i-0.625787
2.139893	0.269271	0.430461	i-0.625540
2.140503	0.269184	0.430493	i-0.625292
2.141113	0.269097	0.430525	i-0.625045
2.141724	0.269011	0.430556	i-0.624798
2.142334	0.268924	0.430588	i-0.624550
2.142944	0.268837	0.430620	i-0.624303
2.143555	0.268751	0.430651	i-0.624057
2.144165	0.268664	0.430683	i-0.623810
2.144775	0.268578	0.430715	i-0.623563
2.145386	0.268491	0.430746	i-0.623317
2.145996	0.268405	0.430778	i-0.623070
2.146606	0.268318	0.430809	i-0.622824
2.147217	0.268232	0.430841	i-0.622578
2.147827	0.268145	0.430872	i-0.622332
2.148438	0.268059	0.430903	i-0.622086
2.149048	0.267972	0.430935	i-0.621840
2.149658	0.267886	0.430966	i-0.621594
2.150269	0.267800	0.430997	i-0.621349
2.150879	0.267713	0.431029	i-0.621103
2.151489	0.267627	0.431060	i-0.620858
2.152100	0.267541	0.431091	i-0.620613
2.152710	0.267454	0.431122	i-0.620368
2.153320	0.267368	0.431154	i-0.620123
2.153931	0.267282	0.431185	i-0.619878
2.154541	0.267196	0.431216	i-0.619633
2.155151	0.267109	0.431247	i-0.619388
2.155762	0.267023	0.431278	i-0.619144
2.156372	0.266937	0.431309	i-0.618900
2.156982	0.266851	0.431340	i-0.618655
2.157593	0.266765	0.431371	i-0.618411
2.158203	0.266679	0.431402	i-0.618167
2.158813	0.266593	0.431433	i-0.617923
2.159424	0.266506	0.431464	i-0.617679
2.160034	0.266420	0.431495	i-0.617436
2.160645	0.266334	0.431526	i-0.617192
2.161255	0.266248	0.431557	i-0.616949
2.161865	0.266162	0.431587	i-0.616705
2.162476	0.266076	0.431618	i-0.616462
2.163086	0.265990	0.431649	i-0.616219
2.163696	0.265904	0.431680	i-0.615976
2.164307	0.265818	0.431710	i-0.615733
2.164917	0.265733	0.431741	i-0.615491
2.165527	0.265647	0.431772	i-0.615248
2.166138	0.265561	0.431802	i-0.615005
2.166748	0.265475	0.431833	i-0.614763
2.167358	0.265389	0.431863	i-0.614521
2.167969	0.265303	0.431894	i-0.614279
2.168579	0.265217	0.431924	i-0.614037
2.169189	0.265132	0.431955	i-0.613795
2.169800	0.265046	0.431985	i-0.613553
2.170410	0.264960	0.432016	i-0.613311
2.171021	0.264874	0.432046	i-0.613070
2.171631	0.264789	0.432077	i-0.612828
2.172241	0.264703	0.432107	i-0.612587
2.172852	0.264617	0.432137	i-0.612346
2.173462	0.264532	0.432168	i-0.612104
2.174072	0.264446	0.432198	i-0.611863
2.174683	0.264360	0.432228	i-0.611623
2.175293	0.264275	0.432258	i-0.611382
2.175903	0.264189	0.432289	i-0.611141
2.176514	0.264104	0.432319	i-0.610901
2.177124	0.264018	0.432349	i-0.610660
2.177734	0.263933	0.432379	i-0.610420
2.178345	0.263847	0.432409	i-0.610180
2.178955	0.263762	0.432439	i-0.609940
2.179565	0.263676	0.432469	i-0.609700
2.180176	0.263591	0.432499	i-0.609460
2.180786	0.263505	0.432529	i-0.609220
2.181396	0.263420	0.432559	i-0.608980
2.182007	0.263335	0.432589	i-0.608741
2.182617	0.263249	0.432619	i-0.608502
2.183228	0.263164	0.432649	i-0.608262
2.183838	0.263079	0.432679	i-0.608023
2.184448	0.262993	0.432708	i-0.607784
2.185059	0.262908	0.432738	i-0.607545
2.185669	0.262823	0.432768	i-0.607306
2.186279	0.262737	0.432798	i-0.607068
2.186890	0.262652	0.432827	i-0.606829
2.187500	0.262567	0.432857	i-0.606590
2.188110	0.262482	0.432887	i-0.606352
2.188721	0.262397	0.432916	i-0.606114
2.189331	0.262311	0.432946	i-0.605876
2.189941	0.262226	0.432976	i-0.605638
2.190552	0.262141	0.433005	i-0.605400
2.191162	0.262056	0.433035	i-0.605162
2.191772	0.261971	0.433064	i-0.604924
2.192383	0.261886	0.433094	i-0.604687
2.192993	0.261801	0.433123	i-0.604449
2.193604	0.261716	0.433153	i-0.604212
2.194214	0.261631	0.433182	i-0.603974
2.194824	0.261546	0.433211	i-0.603737
2.195435	0.261461	0.433241	i-0.603500
2.196045	0.261376	0.433270	i-0.603263
2.196655	0.261291	0.433299	i-0.603027
2.197266	0.261206	0.433329	i-0.602790
2.197876	0.261121	0.433358	i-0.602553
2.198486	0.261036	0.433387	i-0.602317
2.199097	0.260952	0.433416	i-0.602080
2.199707	0.260867	0.433446	i-0.601844
2.200317	0.260782	0.433475	i-0.601608
2.200928	0.260697	0.433504	i-0.601372
2.201538	0.260612	0.433533	i-0.601136
2.202148	0.260528	0.433562	i-0.600900
2.202759	0.260443	0.433591	i-0.600665
2.203369	0.260358	0.433620	i-0.600429
2.203979	0.260273	0.433649	i-0.600194
2.204590	0.260189	0.433678	i-0.599958
2.205200	0.260104	0.433707	i-0.599723
2.205811	0.260019	0.433736	i-0.599488
2.206421	0.259935	0.433765	i-0.599253
2.207031	0.259850	0.433794	i-0.599018
2.207642	0.259766	0.433823	i-0.598783
2.208252	0.259681	0.433852	i-0.598548
2.208862	0.259597	0.433880	i-0.598314
2.209473	0.259512	0.433909	i-0.598079
2.210083	0.259428	0.433938	i-0.597845
2.210693	0.259343	0.433967	i-0.597611
2.211304	0.259259	0.433995	i-0.597376
2.211914	0.259174	0.434024	i-0.597142
2.212524	0.259090	0.434053	i-0.596908
2.213135	0.259005	0.434081	i-0.596675
2.213745	0.258921	0.434110	i-0.596441
2.214355	0.258837	0.434139	i-0.596207
2.214966	0.258752	0.434167	i-0.595974
2.215576	0.258668	0.434196	i-0.595740
2.216187	0.258584	0.434224	i-0.595507
2.216797	0.258499	0.434253	i-0.595274
2.217407	0.258415	0.434281	i-0.595041
2.218018	0.258331	0.434310	i-0.594808
2.218628	0.258246	0.434338	i-0.594575
2.219238	0.258162	0.434366	i-0.594342
2.219849	0.258078	0.434395	i-0.594110
2.220459	0.257994	0.434423	i-0.593877
2.221069	0.257910	0.434451	i-0.593645
2.221680	0.257826	0.434480	i-0.593412
2.222290	0.257741	0.434508	i-0.593180
2.222900	0.257657	0.434536	i-0.592948
2.223511	0.257573	0.434564	i-0.592716
2.224121	0.257489	0.434593	i-0.592484
2.224731	0.257405	0.434621	i-0.592252
2.225342	0.257321	0.434649	i-0.592021
2.225952	0.257237	0.434677	i-0.591789
2.226563	0.257153	0.434705	i-0.591558
2.227173	0.257069	0.434733	i-0.591326
2.227783	0.256985	0.434761	i-0.591095
2.228394	0.256901	0.434789	i-0.590864
2.229004	0.256817	0.434817	i-0.590633
2.229614	0.256734	0.434845	i-0.590402
2.230225	0.256650	0.434873	i-0.590171
2.230835	0.256566	0.434901	i-0.589940
2.231445	0.256482	0.434929	i-0.589710
2.232056	0.256398	0.434957	i-0.589479
2.232666	0.256314	0.434985	i-0.589249
2.233276	0.256231	0.435013	i-0.589019
2.233887	0.256147	0.435040	i-0.588788
2.234497	0.256063	0.435068	i-0.588558
2.235107	0.255979	0.435096	i-0.588328
2.235718	0.255896	0.435124	i-0.588099
2.236328	0.255812	0.435151	i-0.587869
2.236938	0.255728	0.435179	i-0.587639
2.237549	0.255645	0.435207	i-0.587410
2.238159	0.255561	0.435235	i-0.587180
2.238770	0.255477	0.435262	i-0.586951
2.239380	0.255394	0.435290	i-0.586722
2.239990	0.255310	0.435317	i-0.586492
2.240601	0.255227	0.435345	i-0.586263
2.241211	0.255143	0.435372	i-0.586034
2.241821	0.255060	0.435400	i-0.585806
2.242432	0.254976	0.435427	i-0.585577
2.243042	0.254893	0.435455	i-0.585348
2.243652	0.254809	0.435482	i-0.585120
2.244263	0.254726	0.435510	i-0.584891
2.244873	0.254642	0.435537	i-0.584663
2.245483	0.254559	0.435564	i-0.584435
2.246094	0.254476	0.435592	i-0.584207
2.246704	0.254392	0.435619	i-0.583979
2.247314	0.254309	0.435646	i-0.583751
2.247925	0.254226	0.435674	i-0.583523
2.248535	0.254142	0.435701	i-0.583296
2.249146	0.254059	0.435728	i-0.583068
2.249756	0.253976	0.435755	i-0.582841
2.250366	0.253893	0.435783	i-0.582613
2.250977	0.253809	0.435810	i-0.582386
2.251587	0.253726	0.435837	i-0.582159
2.252197	0.253643	0.435864	i-0.581932
2.252808	0.253560	0.435891	i-0.581705
2.253418	0.253477	0.435918	i-0.581478
2.254028	0.253394	0.435945	i-0.581251
2.254639	0.253311	0.435972	i-0.581025
2.255249	0.253227	0.435999	i-0.580798
2.255859	0.253144	0.436026	i-0.580572
2.256470	0.253061	0.436053	i-0.580345
2.257080	0.252978	0.436080	i-0.580119
2.257690	0.252895	0.436107	i-0.579893
2.258301	0.252812	0.436134	i-0.579667
2.258911	0.252729	0.436161	i-0.579441
2.259521	0.252646	0.436188	i-0.579215
2.260132	0.252563	0.436214	i-0.578989
2.260742	0.252481	0.436241	i-0.578764
2.261353	0.252398	0.436268	i-0.578538
2.261963	0.252315	0.436295	i-0.578313
2.262573	0.252232	0.436321	i-0.578088
2.263184	0.252149	0.436348	i-0.577862
2.263794	0.252066	0.436375	i-0.577637
2.264404	0.251984	0.436401	i-0.577412
2.265015	0.251901	0.436428	i-0.577187
2.265625	0.251818	0.436455	i-0.576963
2.266235	0.251735	0.436481	i-0.576738
2.266846	0.251653	0.436508	i-0.576513
2.267456	0.251570	0.436534	i-0.576289
2.268066	0.251487	0.436561	i-0.576064
2.268677	0.251405	0.436587	i-0.575840
2.269287	0.251322	0.436614	i-0.575616
2.269897	0.251239	0.436640	i-0.575392
2.270508	0.251157	0.436667	i-0.575168
2.271118	0.251074	0.436693	i-0.574944
2.271729	0.250992	0.436720	i-0.574720
2.272339	0.250909	0.436746	i-0.574496
2.272949	0.250826	0.436772	i-0.574273
2.273560	0.250744	0.436799	i-0.574049
2.274170	0.250661	0.436825	i-0.573826
2.274780	0.250579	0.436851	i-0.573603
2.275391	0.250497	0.436877	i-0.573379
2.276001	0.250414	0.436904	i-0.573156
2.276611	0.250332	0.436930	i-0.572933
2.277222	0.250249	0.436956	i-0.572710
2.277832	0.250167	0.436982	i-0.572488
2.278442	0.250085	0.437008	i-0.572265
2.279053	0.250002	0.437035	i-0.572042
2.279663	0.249920	0.437061	i-0.571820
2.280273	0.249838	0.437087	i-0.571597
2.280884	0.249755	0.437113	i-0.571375
2.281494	0.249673	0.437139	i-0.571153
2.282104	0.249591	0.437165	i-0.570931
2.282715	0.249509	0.437191	i-0.570709
2.283325	0.249427	0.437217	i-0.570487
2.283936	0.249344	0.437243	i-0.570265
2.284546	0.249262	0.437269	i-0.570043
2.285156	0.249180	0.437295	i-0.569822
2.285767	0.249098	0.437321	i-0.569600
2.286377	0.249016	0.437346	i-0.569379
2.286987	0.248934	0.437372	i-0.569158
2.287598	0.248852	0.437398	i-0.568936
2.288208	0.248770	0.437424	i-0.568715
2.288818	0.248688	0.437450	i-0.568494
2.289429	0.248606	0.437475	i-0.568273
2.290039	0.248524	0.437501	i-0.568053
2.290649	0.248442	0.437527	i-0.567832
2.291260	0.248360	0.437553	i-0.567611
2.291870	0.248278	0.437578	i-0.567391
2.292480	0.248196	0.437604	i-0.567170
2.293091	0.248114	0.437629	i-0.566950
2.293701	0.248032	0.437655	i-0.566730
2.294312	0.247950	0.437681	i-0.566510
2.294922	0.247868	0.437706	i-0.566289
2.295532	0.247787	0.437732	i-0.566070
2.296143	0.247705	0.437757	i-0.565850
2.296753	0.247623	0.437783	i-0.565630
2.297363	0.247541	0.437808	i-0.565410
2.297974	0.247460	0.437834	i-0.565191
2.298584	0.247378	0.437859	i-0.564971
2.299194	0.247296	0.437885	i-0.564752
2.299805	0.247214	0.437910	i-0.564533
2.300415	0.247133	0.437935	i-0.564313
2.301025	0.247051	0.437961	i-0.564094
2.301636	0.246970	0.437986	i-0.563875
2.302246	0.246888	0.438011	i-0.563657
2.302856	0.246806	0.438037	i-0.563438
2.303467	0.246725	0.438062	i-0.563219
2.304077	0.246643	0.438087	i-0.563000
2.304688	0.246562	0.438112	i-0.562782
2.305298	0.246480	0.438138	i-0.562564
2.305908	0.246399	0.438163	i-0.562345
2.306519	0.246317	0.438188	i-0.562127
2.307129	0.246236	0.438213	i-0.561909
2.307739	0.246154	0.438238	i-0.561691
2.308350	0.246073	0.438263	i-0.561473
2.308960	0.245992	0.438288	i-0.561255
2.309570	0.245910	0.438313	i-0.561037
2.310181	0.245829	0.438339	i-0.560820
2.310791	0.245748	0.438364	i-0.560602
2.311401	0.245666	0.438389	i-0.560385
2.312012	0.245585	0.438414	i-0.560168
2.312622	0.245504	0.438438	i-0.559950
2.313232	0.245422	0.438463	i-0.559733
2.313843	0.245341	0.438488	i-0.559516
2.314453	0.245260	0.438513	i-0.559299
2.315063	0.245179	0.438538	i-0.559082
2.315674	0.245098	0.438563	i-0.558865
2.316284	0.245017	0.438588	i-0.558649
2.316895	0.244935	0.438613	i-0.558432
2.317505	0.244854	0.438637	i-0.558216
2.318115	0.244773	0.438662	i-0.557999
2.318726	0.244692	0.438687	i-0.557783
2.319336	0.244611	0.438712	i-0.557567
2.319946	0.244530	0.438736	i-0.557351
2.320557	0.244449	0.438761	i-0.557135
2.321167	0.244368	0.438786	i-0.556919
2.321777	0.244287	0.438810	i-0.556703
2.322388	0.244206	0.438835	i-0.556487
2.322998	0.244125	0.438860	i-0.556271
2.323608	0.244044	0.438884	i-0.556056
2.324219	0.243963	0.438909	i-0.555840
2.324829	0.243882	0.438933	i-0.555625
2.325439	0.243801	0.438958	i-0.555410
2.326050	0.243721	0.438982	i-0.555195
2.326660	0.243640	0.439007	i-0.554979
2.327271	0.243559	0.439031	i-0.554764
2.327881	0.243478	0.439056	i-0.554550
2.328491	0.243397	0.439080	i-0.554335
2.329102	0.243317	0.439105	i-0.554120
2.329712	0.243236	0.439129	i-0.553905
2.330322	0.243155	0.439153	i-0.553691
2.330933	0.243074	0.439178	i-0.553476
2.331543	0.242994	0.439202	i-0.553262
2.332153	0.242913	0.439226	i-0.553048
2.332764	0.242832	0.439251	i-0.552834
2.333374	0.242752	0.439275	i-0.552620
2.333984	0.242671	0.439299	i-0.552406
2.334595	0.242591	0.439323	i-0.552192
2.335205	0.242510	0.439348	i-0.551978
2.335815	0.242430	0.439372	i-0.551764
2.336426	0.242349	0.439396	i-0.551551
2.337036	0.242269	0.439420	i-0.551337
2.337646	0.242188	0.439444	i-0.551124
2.338257	0.242108	0.439468	i-0.550910
2.338867	0.242027	0.439492	i-0.550697
2.339478	0.241947	0.439516	i-0.550484
2.340088	0.241866	0.439541	i-0.550271
2.340698	0.241786	0.439565	i-0.550058
2.341309	0.241706	0.439589	i-0.549845
2.341919	0.241625	0.439613	i-0.549632
2.342529	0.241545	0.439637	i-0.549419
2.343140	0.241465	0.439660	i-0.549207
2.343750	0.241384	0.439684	i-0.548994
2.344360	0.241304	0.439708	i-0.548782
2.344971	0.241224	0.439732	i-0.548570
2.345581	0.241143	0.439756	i-0.548357
2.346191	0.241063	0.439780	i-0.548145
2.346802	0.240983	0.439804	i-0.547933
2.347412	0.240903	0.439828	i-0.547721
2.348022	0.240823	0.439851	i-0.547509
2.348633	0.240743	0.439875	i-0.547297
2.349243	0.240662	0.439899	i-0.547086
2.349854	0.240582	0.439923	i-0.546874
2.350464	0.240502	0.439946	i-0.546663
2.351074	0.240422	0.439970	i-0.546451
2.351685	0.240342	0.439994	i-0.546240
2.352295	0.240262	0.440017	i-0.546029
2.352905	0.240182	0.440041	i-0.545817
2.353516	0.240102	0.440065	i-0.545606
2.354126	0.240022	0.440088	i-0.545395
2.354736	0.239942	0.440112	i-0.545185
2.355347	0.239862	0.440135	i-0.544974
2.355957	0.239782	0.440159	i-0.544763
2.356567	0.239702	0.440183	i-0.544552
2.357178	0.239623	0.440206	i-0.544342
2.357788	0.239543	0.440229	i-0.544131
2.358398	0.239463	0.440253	i-0.543921
2.359009	0.239383	0.440276	i-0.543711
2.359619	0.239303	0.440300	i-0.543501
2.360229	0.239223	0.440323	i-0.543291
2.360840	0.239144	0.440347	i-0.543081
2.361450	0.239064	0.440370	i-0.542871
2.362061	0.238984	0.440393	i-0.542661
2.362671	0.238905	0.440417	i-0.542451
2.363281	0.238825	0.440440	i-0.542241
2.363892	0.238745	0.440463	i-0.542032
2.364502	0.238666	0.440487	i-0.541822
2.365112	0.238586	0.440510	i-0.541613
2.365723	0.238506	0.440533	i-0.541404
2.366333	0.238427	0.440556	i-0.541195
2.366943	0.238347	0.440580	i-0.540985
2.367554	0.238268	0.440603	i-0.540776
2.368164	0.238188	0.440626	i-0.540568
2.368774	0.238109	0.440649	i-0.540359
2.369385	0.238029	0.440672	i-0.540150
2.369995	0.237950	0.440695	i-0.539941
2.370605	0.237870	0.440718	i-0.539733
2.371216	0.237791	0.440741	i-0.539524
2.371826	0.237711	0.440764	i-0.539316
2.372437	0.237632	0.440788	i-0.539107
2.373047	0.237552	0.440811	i-0.538899
2.373657	0.237473	0.440834	i-0.538691
2.374268	0.237394	0.440857	i-0.538483
2.374878	0.237314	0.440879	i-0.538275
2.375488	0.237235	0.440902	i-0.538067
2.376099	0.237156	0.440925	i-0.537859
2.376709	0.237077	0.440948	i-0.537652
2.377319	0.236997	0.440971	i-0.537444
2.377930	0.236918	0.440994	i-0.537237
2.378540	0.236839	0.441017	i-0.537029
2.379150	0.236760	0.441040	i-0.536822
2.379761	0.236681	0.441062	i-0.536614
2.380371	0.236601	0.441085	i-0.536407
2.380981	0.236522	0.441108	i-0.536200
2.381592	0.236443	0.441131	i-0.535993
2.382202	0.236364	0.441154	i-0.535786
2.382813	0.236285	0.441176	i-0.535579
2.383423	0.236206	0.441199	i-0.535373
2.384033	0.236127	0.441222	i-0.535166
2.384644	0.236048	0.441244	i-0.534959
2.385254	0.235969	0.441267	i-0.534753
2.385864	0.235890	0.441290	i-0.534546
2.386475	0.235811	0.441312	i-0.534340
2.387085	0.235732	0.441335	i-0.534134
2.387695	0.235653	0.441357	i-0.533928
2.388306	0.235574	0.441380	i-0.533722
2.388916	0.235495	0.441402	i-0.533516
2.389526	0.235416	0.441425	i-0.533310
2.390137	0.235337	0.441448	i-0.533104
2.390747	0.235259	0.441470	i-0.532898
2.391357	0.235180	0.441492	i-0.532693
2.391968	0.235101	0.441515	i-0.532487
2.392578	0.235022	0.441537	i-0.532282
2.393188	0.234943	0.441560	i-0.532076
2.393799	0.234865	0.441582	i-0.531871
2.394409	0.234786	0.441605	i-0.531666
2.395020	0.234707	0.441627	i-0.531461
2.395630	0.234629	0.441649	i-0.531256
2.396240	0.234550	0.441672	i-0.531051
2.396851	0.234471	0.441694	i-0.530846
2.397461	0.234393	0.441716	i-0.530641
2.398071	0.234314	0.441738	i-0.530436
2.398682	0.234235	0.441761	i-0.530232
2.399292	0.234157	0.441783	i-0.530027
2.399902	0.234078	0.441805	i-0.529823
2.400513	0.234000	0.441827	i-0.529618
2.401123	0.233921	0.441849	i-0.529414
2.401733	0.233843	0.441872	i-0.529210
2.402344	0.233764	0.441894	i-0.529006
2.402954	0.233686	0.441916	i-0.528802
2.403564	0.233607	0.441938	i-0.528598
2.404175	0.233529	0.441960	i-0.528394
2.404785	0.233451	0.441982	i-0.528190
2.405396	0.233372	0.442004	i-0.527986
2.406006	0.233294	0.442026	i-0.527783
2.406616	0.233216	0.442048	i-0.527579
2.407227	0.233137	0.442070	i-0.527376
2.407837	0.233059	0.442092	i-0.527172
2.408447	0.232981	0.442114	i-0.526969
2.409058	0.232902	0.442136	i-0.526766
2.409668	0.232824	0.442158	i-0.526563
2.410278	0.232746	0.442180	i-0.526360
2.410889	0.232668	0.442202	i-0.526157
2.411499	0.232589	0.442224	i-0.525954
2.412109	0.232511	0.442246	i-0.525751
2.412720	0.232433	0.442268	i-0.525549
2.413330	0.232355	0.442289	i-0.525346
2.413940	0.232277	0.442311	i-0.525144
2.414551	0.232199	0.442333	i-0.524941
2.415161	0.232121	0.442355	i-0.524739
2.415771	0.232043	0.442377	i-0.524536
2.416382	0.231965	0.442398	i-0.524334
2.416992	0.231887	0.442420	i-0.524132
2.417603	0.231809	0.442442	i-0.523930
2.418213	0.231731	0.442463	i-0.523728
2.418823	0.231653	0.442485	i-0.523526
2.419434	0.231575	0.442507	i-0.523325
2.420044	0.231497	0.442528	i-0.523123
2.420654	0.231419	0.442550	i-0.522921
2.421265	0.231341	0.442572	i-0.522720
2.421875	0.231263	0.442593	i-0.522518
2.422485	0.231185	0.442615	i-0.522317
2.423096	0.231107	0.442636	i-0.522116
2.423706	0.231029	0.442658	i-0.521914
2.424316	0.230952	0.442679	i-0.521713
2.424927	0.230874	0.442701	i-0.521512
2.425537	0.230796	0.442722	i-0.521311
2.426147	0.230718	0.442744	i-0.521110
2.426758	0.230641	0.442765	i-0.520910
2.427368	0.230563	0.442787	i-0.520709
2.427979	0.230485	0.442808	i-0.520508
2.428589	0.230408	0.442829	i-0.520308
2.429199	0.230330	0.442851	i-0.520107
2.429810	0.230252	0.442872	i-0.519907
2.430420	0.230175	0.442894	i-0.519706
2.431030	0.230097	0.442915	i-0.519506
2.431641	0.230019	0.442936	i-0.519306
2.432251	0.229942	0.442958	i-0.519106
2.432861	0.229864	0.442979	i-0.518906
2.433472	0.229787	0.443000	i-0.518706
2.434082	0.229709	0.443021	i-0.518506
2.434692	0.229632	0.443043	i-0.518307
2.435303	0.229554	0.443064	i-0.518107
2.435913	0.229477	0.443085	i-0.517907
2.436523	0.229400	0.443106	i-0.517708
2.437134	0.229322	0.443127	i-0.517508
2.437744	0.229245	0.443148	i-0.517309
2.438354	0.229167	0.443170	i-0.517110
2.438965	0.229090	0.443191	i-0.516911
2.439575	0.229013	0.443212	i-0.516712
2.440186	0.228935	0.443233	i-0.516513
2.440796	0.228858	0.443254	i-0.516314
2.441406	0.228781	0.443275	i-0.516115
2.442017	0.228703	0.443296	i-0.515916
2.442627	0.228626	0.443317	i-0.515717
2.443237	0.228549	0.443338	i-0.515519
2.443848	0.228472	0.443359	i-0.515320
2.444458	0.228395	0.443380	i-0.515122
2.445068	0.228317	0.443401	i-0.514923
2.445679	0.228240	0.443422	i-0.514725
2.446289	0.228163	0.443443	i-0.514527
2.446899	0.228086	0.443464	i-0.514329
2.447510	0.228009	0.443485	i-0.514131
2.448120	0.227932	0.443505	i-0.513933
2.448730	0.227855	0.443526	i-0.513735
2.449341	0.227778	0.443547	i-0.513537
2.449951	0.227701	0.443568	i-0.513339
2.450562	0.227624	0.443589	i-0.513141
2.451172	0.227547	0.443609	i-0.512944
2.451782	0.227470	0.443630	i-0.512746
2.452393	0.227393	0.443651	i-0.512549
2.453003	0.227316	0.443672	i-0.512352
2.453613	0.227239	0.443692	i-0.512154
2.454224	0.227162	0.443713	i-0.511957
2.454834	0.227085	0.443734	i-0.511760
2.455444	0.227008	0.443754	i-0.511563
2.456055	0.226932	0.443775	i-0.511366
2.456665	0.226855	0.443796	i-0.511169
2.457275	0.226778	0.443816	i-0.510972
2.457886	0.226701	0.443837	i-0.510776
2.458496	0.226624	0.443858	i-0.510579
2.459106	0.226548	0.443878	i-0.510382
2.459717	0.226471	0.443899	i-0.510186
2.460327	0.226394	0.443919	i-0.509990
2.460938	0.226317	0.443940	i-0.509793
2.461548	0.226241	0.443960	i-0.509597
2.462158	0.226164	0.443981	i-0.509401
2.462769	0.226087	0.444001	i-0.509205
2.463379	0.226011	0.444022	i-0.509009
2.463989	0.225934	0.444042	i-0.508813
2.464600	0.225858	0.444063	i-0.508617
2.465210	0.225781	0.444083	i-0.508421
2.465820	0.225705	0.444103	i-0.508225
2.466431	0.225628	0.444124	i-0.508030
2.467041	0.225552	0.444144	i-0.507834
2.467651	0.225475	0.444164	i-0.507639
2.468262	0.225399	0.444185	i-0.507443
2.468872	0.225322	0.444205	i-0.507248
2.469482	0.225246	0.444225	i-0.507053
2.470093	0.225169	0.444246	i-0.506858
2.470703	0.225093	0.444266	i-0.506662
2.471313	0.225017	0.444286	i-0.506467
2.471924	0.224940	0.444306	i-0.506273
2.472534	0.224864	0.444327	i-0.506078
2.473145	0.224787	0.444347	i-0.505883
2.473755	0.224711	0.444367	i-0.505688
2.474365	0.224635	0.444387	i-0.505494
2.474976	0.224559	0.444407	i-0.505299
2.475586	0.224482	0.444428	i-0.505105
2.476196	0.224406	0.444448	i-0.504910
2.476807	0.224330	0.444468	i-0.504716
2.477417	0.224254	0.444488	i-0.504522
2.478027	0.224178	0.444508	i-0.504327
2.478638	0.224101	0.444528	i-0.504133
2.479248	0.224025	0.444548	i-0.503939
2.479858	0.223949	0.444568	i-0.503745
2.480469	0.223873	0.444588	i-0.503551
2.481079	0.223797	0.444608	i-0.503358
2.481689	0.223721	0.444628	i-0.503164
2.482300	0.223645	0.444648	i-0.502970
2.482910	0.223569	0.444668	i-0.502777
2.483521	0.223493	0.444688	i-0.502583
2.484131	0.223417	0.444708	i-0.502390
2.484741	0.223341	0.444728	i-0.502197
2.485352	0.223265	0.444748	i-0.502003
2.485962	0.223189	0.444768	i-0.501810
2.486572	0.223113	0.444787	i-0.501617
2.487183	0.223037	0.444807	i-0.501424
2.487793	0.222961	0.444827	i-0.501231
2.488403	0.222885	0.444847	i-0.501038
2.489014	0.222809	0.444867	i-0.500845
2.489624	0.222734	0.444886	i-0.500653
2.490234	0.222658	0.444906	i-0.500460
2.490845	0.222582	0.444926	i-0.500267
2.491455	0.222506	0.444946	i-0.500075
2.492065	0.222430	0.444965	i-0.499882
2.492676	0.222355	0.444985	i-0.499690
2.493286	0.222279	0.445005	i-0.499498
2.493896	0.222203	0.445025	i-0.499306
2.494507	0.222128	0.445044	i-0.499113
2.495117	0.222052	0.445064	i-0.498921
2.495728	0.221976	0.445083	i-0.498729
2.496338	0.221901	0.445103	i-0.498538
2.496948	0.221825	0.445123	i-0.498346
2.497559	0.221749	0.445142	i-0.498154
2.498169	0.221674	0.445162	i-0.497962
2.498779	0.221598	0.445181	i-0.497771
2.499390	0.221523	0.445201	i-0.497579
2.500000	0.221447	0.445220	i-0.497388
2.500610	0.221372	0.445240	i-0.497196
2.501221	0.221296	0.445259	i-0.497005
2.501831	0.221221	0.445279	i-0.496814
2.502441	0.221145	0.445298	i-0.496623
2.503052	0.221070	0.445318	i-0.496431
2.503662	0.220994	0.445337	i-0.496240
2.504272	0.220919	0.445357	i-0.496050
2.504883	0.220844	0.445376	i-0.495859
2.505493	0.220768	0.445395	i-0.495668
2.506104	0.220693	0.445415	i-0.495477
2.506714	0.220618	0.445434	i-0.495286
2.507324	0.220542	0.445454	i-0.495096
2.507935	0.220467	0.445473	i-0.494905
2.508545	0.220392	0.445492	i-0.494715
2.509155	0.220316	0.445512	i-0.494525
2.509766	0.220241	0.445531	i-0.494334
2.510376	0.220166	0.445550	i-0.494144
2.510986	0.220091	0.445569	i-0.493954
2.511597	0.220016	0.445589	i-0.493764
2.512207	0.219940	0.445608	i-0.493574
2.512817	0.219865	0.445627	i-0.493384
2.513428	0.219790	0.445646	i-0.493194
2.514038	0.219715	0.445665	i-0.493004
2.514648	0.219640	0.445685	i-0.492815
2.515259	0.219565	0.445704	i-0.492625
2.515869	0.219490	0.445723	i-0.492436
2.516479	0.219415	0.445742	i-0.492246
2.517090	0.219340	0.445761	i-0.492057
2.517700	0.219265	0.445780	i-0.491867
2.518311	0.219190	0.445799	i-0.491678
2.518921	0.219115	0.445818	i-0.491489
2.519531	0.219040	0.445837	i-0.491300
2.520142	0.218965	0.445856	i-0.491111
2.520752	0.218890	0.445875	i-0.490922
2.521362	0.218815	0.445894	i-0.490733
2.521973	0.218740	0.445913	i-0.490544
2.522583	0.218665	0.445932	i-0.490355
2.523193	0.218590	0.445951	i-0.490167
2.523804	0.218516	0.445970	i-0.489978
2.524414	0.218441	0.445989	i-0.489790
2.525024	0.218366	0.446008	i-0.489601
2.525635	0.218291	0.446027	i-0.489413
2.526245	0.218217	0.446046	i-0.489224
2.526855	0.218142	0.446065	i-0.489036
2.527466	0.218067	0.446084	i-0.488848
2.528076	0.217992	0.446102	i-0.488660
2.528687	0.217918	0.446121	i-0.488472
2.529297	0.217843	0.446140	i-0.488284
2.529907	0.217768	0.446159	i-0.488096
2.530518	0.217694	0.446178	i-0.487908
2.531128	0.217619	0.446196	i-0.487720
2.531738	0.217545	0.446215	i-0.487533
2.532349	0.217470	0.446234	i-0.487345
2.532959	0.217395	0.446253	i-0.487158
2.533569	0.217321	0.446271	i-0.486970
2.534180	0.217246	0.446290	i-0.486783
2.534790	0.217172	0.446309	i-0.486595
2.535400	0.217097	0.446327	i-0.486408
2.536011	0.217023	0.446346	i-0.486221
2.536621	0.216948	0.446365	i-0.486034
2.537231	0.216874	0.446383	i-0.485847
2.537842	0.216800	0.446402	i-0.485660
2.538452	0.216725	0.446421	i-0.485473
2.539063	0.216651	0.446439	i-0.485286
2.539673	0.216576	0.446458	i-0.485099
2.540283	0.216502	0.446476	i-0.484913
2.540894	0.216428	0.446495	i-0.484726
2.541504	0.216353	0.446513	i-0.484540
2.542114	0.216279	0.446532	i-0.484353
2.542725	0.216205	0.446550	i-0.484167
2.543335	0.216131	0.446569	i-0.483980
2.543945	0.216056	0.446587	i-0.483794
2.544556	0.215982	0.446606	i-0.483608
2.545166	0.215908	0.446624	i-0.483422
2.545776	0.215834	0.446643	i-0.483236
2.546387	0.215760	0.446661	i-0.483050
2.546997	0.215685	0.446680	i-0.482864
2.547607	0.215611	0.446698	i-0.482678
2.548218	0.215537	0.446716	i-0.482492
2.548828	0.215463	0.446735	i-0.482306
2.549438	0.215389	0.446753	i-0.482121
2.550049	0.215315	0.446771	i-0.481935
2.550659	0.215241	0.446790	i-0.481750
2.551270	0.215167	0.446808	i-0.481564
2.551880	0.215093	0.446826	i-0.481379
2.552490	0.215019	0.446845	i-0.481194
2.553101	0.214945	0.446863	i-0.481009
2.553711	0.214871	0.446881	i-0.480823
2.554321	0.214797	0.446899	i-0.480638
2.554932	0.214723	0.446918	i-0.480453
2.555542	0.214649	0.446936	i-0.480268
2.556152	0.214575	0.446954	i-0.480084
2.556763	0.214501	0.446972	i-0.479899
2.557373	0.214427	0.446990	i-0.479714
2.557983	0.214354	0.447008	i-0.479529
2.558594	0.214280	0.447027	i-0.479345
2.559204	0.214206	0.447045	i-0.479160
2.559814	0.214132	0.447063	i-0.478976
2.560425	0.214058	0.447081	i-0.478791
2.561035	0.213985	0.447099	i-0.478607
2.561646	0.213911	0.447117	i-0.478423
2.562256	0.213837	0.447135	i-0.478239
2.562866	0.213764	0.447153	i-0.478055
2.563477	0.213690	0.447171	i-0.477870
2.564087	0.213616	0.447189	i-0.477687
2.564697	0.213543	0.447207	i-0.477503
2.565308	0.213469	0.447225	i-0.477319
2.565918	0.213395	0.447243	i-0.477135
2.566528	0.213322	0.447261	i-0.476951
2.567139	0.213248	0.447279	i-0.476768
2.567749	0.213175	0.447297	i-0.476584
2.568359	0.213101	0.447315	i-0.476401
2.568970	0.213028	0.447333	i-0.476217
2.569580	0.212954	0.447351	i-0.476034
2.570190	0.212881	0.447369	i-0.475851
2.570801	0.212807	0.447386	i-0.475667
2.571411	0.212734	0.447404	i-0.475484
2.572021	0.212660	0.447422	i-0.475301
2.572632	0.212587	0.447440	i-0.475118
2.573242	0.212513	0.447458	i-0.474935
2.573853	0.212440	0.447476	i-0.474752
2.574463	0.212367	0.447493	i-0.474569
2.575073	0.212293	0.447511	i-0.474387
2.575684	0.212220	0.447529	i-0.474204
2.576294	0.212147	0.447547	i-0.474021
2.576904	0.212073	0.447564	i-0.473839
2.577515	0.212000	0.447582	i-0.473656
2.578125	0.211927	0.447600	i-0.473474
2.578735	0.211854	0.447617	i-0.473292
2.579346	0.211780	0.447635	i-0.473109
2.579956	0.211707	0.447653	i-0.472927
2.580566	0.211634	0.447670	i-0.472745
2.581177	0.211561	0.447688	i-0.472563
2.581787	0.211488	0.447706	i-0.472381
2.582397	0.211414	0.447723	i-0.472199
2.583008	0.211341	0.447741	i-0.472017
2.583618	0.211268	0.447758	i-0.471835
2.584229	0.211195	0.447776	i-0.471653
2.584839	0.211122	0.447794	i-0.471472
2.585449	0.211049	0.447811	i-0.471290
2.586060	0.210976	0.447829	i-0.471109
2.586670	0.210903	0.447846	i-0.470927
2.587280	0.210830	0.447864	i-0.470746
2.587891	0.210757	0.447881	i-0.470564
2.588501	0.210684	0.447899	i-0.470383
2.589111	0.210611	0.447916	i-0.470202
2.589722	0.210538	0.447934	i-0.470021
2.590332	0.210465	0.447951	i-0.469840
2.590942	0.210392	0.447968	i-0.469659
2.591553	0.210319	0.447986	i-0.469478
2.592163	0.210247	0.448003	i-0.469297
2.592773	0.210174	0.448021	i-0.469116
2.593384	0.210101	0.448038	i-0.468935
2.593994	0.210028	0.448055	i-0.468755
2.594604	0.209955	0.448073	i-0.468574
2.595215	0.209882	0.448090	i-0.468394
2.595825	0.209810	0.448107	i-0.468213
2.596436	0.209737	0.448125	i-0.468033
2.597046	0.209664	0.448142	i-0.467852
2.597656	0.209592	0.448159	i-0.467672
2.598267	0.209519	0.448177	i-0.467492
2.598877	0.209446	0.448194	i-0.467312
2.599487	0.209374	0.448211	i-0.467132
2.600098	0.209301	0.448228	i-0.466952
2.600708	0.209228	0.448245	i-0.466772
2.601318	0.209156	0.448263	i-0.466592
2.601929	0.209083	0.448280	i-0.466412
2.602539	0.209010	0.448297	i-0.466232
2.603149	0.208938	0.448314	i-0.466052
2.603760	0.208865	0.448331	i-0.465873
2.604370	0.208793	0.448349	i-0.465693
2.604980	0.208720	0.448366	i-0.465514
2.605591	0.208648	0.448383	i-0.465334
2.606201	0.208575	0.448400	i-0.465155
2.606812	0.208503	0.448417	i-0.464976
2.607422	0.208430	0.448434	i-0.464796
2.608032	0.208358	0.448451	i-0.464617
2.608643	0.208286	0.448468	i-0.464438
2.609253	0.208213	0.448485	i-0.464259
2.609863	0.208141	0.448502	i-0.464080
2.610474	0.208069	0.448519	i-0.463901
2.611084	0.207996	0.448536	i-0.463722
2.611694	0.207924	0.448553	i-0.463543
2.612305	0.207852	0.448570	i-0.463365
2.612915	0.207779	0.448587	i-0.463186
2.613525	0.207707	0.448604	i-0.463008
2.614136	0.207635	0.448621	i-0.462829
2.614746	0.207563	0.448638	i-0.462651
2.615356	0.207490	0.448655	i-0.462472
2.615967	0.207418	0.448672	i-0.462294
2.616577	0.207346	0.448689	i-0.462116
2.617188	0.207274	0.448705	i-0.461937
2.617798	0.207202	0.448722	i-0.461759
2.618408	0.207130	0.448739	i-0.461581
2.619019	0.207057	0.448756	i-0.461403
2.619629	0.206985	0.448773	i-0.461225
2.620239	0.206913	0.448790	i-0.461047
2.620850	0.206841	0.448806	i-0.460869
2.621460	0.206769	0.448823	i-0.460692
2.622070	0.206697	0.448840	i-0.460514
2.622681	0.206625	0.448857	i-0.460336
2.623291	0.206553	0.448874	i-0.460159
2.623901	0.206481	0.448890	i-0.459981
2.624512	0.206409	0.448907	i-0.459804
2.625122	0.206337	0.448924	i-0.459626
2.625732	0.206265	0.448940	i-0.459449
2.626343	0.206193	0.448957	i-0.459272
2.626953	0.206121	0.448974	i-0.459095
2.627563	0.206050	0.448990	i-0.458918
2.628174	0.205978	0.449007	i-0.458740
2.628784	0.205906	0.449024	i-0.458563
2.629395	0.205834	0.449040	i-0.458387
2.630005	0.205762	0.449057	i-0.458210
2.630615	0.205690	0.449074	i-0.458033
2.631226	0.205619	0.449090	i-0.457856
2.631836	0.205547	0.449107	i-0.457679
2.632446	0.205475	0.449123	i-0.457503
2.633057	0.205403	0.449140	i-0.457326
2.633667	0.205332	0.449156	i-0.457150
2.634277	0.205260	0.449173	i-0.456973
2.634888	0.205188	0.449189	i-0.456797
2.635498	0.205117	0.449206	i-0.456621
2.636108	0.205045	0.449222	i-0.456444
2.636719	0.204973	0.449239	i-0.456268
2.637329	0.204902	0.449255	i-0.456092
2.637939	0.204830	0.449272	i-0.455916
2.638550	0.204759	0.449288	i-0.455740
2.639160	0.204687	0.449305	i-0.455564
2.639771	0.204616	0.449321	i-0.455388
2.640381	0.204544	0.449337	i-0.455212
2.640991	0.204472	0.449354	i-0.455037
2.641602	0.204401	0.449370	i-0.454861
2.642212	0.204330	0.449387	i-0.454685
2.642822	0.204258	0.449403	i-0.454510
2.643433	0.204187	0.449419	i-0.454334
2.644043	0.204115	0.449436	i-0.454159
2.644653	0.204044	0.449452	i-0.453984
2.645264	0.203972	0.449468	i-0.453808
2.645874	0.203901	0.449484	i-0.453633
2.646484	0.203830	0.449501	i-0.453458
2.647095	0.203758	0.449517	i-0.453283
2.647705	0.203687	0.449533	i-0.453108
2.648315	0.203616	0.449550	i-0.452933
2.648926	0.203544	0.449566	i-0.452758
2.649536	0.203473	0.449582	i-0.452583
2.650146	0.203402	0.449598	i-0.452408
2.650757	0.203331	0.449614	i-0.452233
2.651367	0.203259	0.449631	i-0.452059
2.651978	0.203188	0.449647	i-0.451884
2.652588	0.203117	0.449663	i-0.451709
2.653198	0.203046	0.449679	i-0.451535
2.653809	0.202975	0.449695	i-0.451360
2.654419	0.202903	0.449711	i-0.451186
2.655029	0.202832	0.449727	i-0.451012
2.655640	0.202761	0.449744	i-0.450838
2.656250	0.202690	0.449760	i-0.450663
2.656860	0.202619	0.449776	i-0.450489
2.657471	0.202548	0.449792	i-0.450315
2.658081	0.202477	0.449808	i-0.450141
2.658691	0.202406	0.449824	i-0.449967
2.659302	0.202335	0.449840	i-0.449793
2.659912	0.202264	0.449856	i-0.449619
2.660522	0.202193	0.449872	i-0.449446
2.661133	0.202122	0.449888	i-0.449272
2.661743	0.202051	0.449904	i-0.449098
2.662354	0.201980	0.449920	i-0.448925
2.662964	0.201909	0.449936	i-0.448751
2.663574	0.201838	0.449952	i-0.448578
2.664185	0.201767	0.449968	i-0.448404
2.664795	0.201697	0.449984	i-0.448231
2.665405	0.201626	0.450000	i-0.448058
2.666016	0.201555	0.450015	i-0.447884
2.666626	0.201484	0.450031	i-0.447711
2.667236	0.201413	0.450047	i-0.447538
2.667847	0.201342	0.450063	i-0.447365
2.668457	0.201272	0.450079	i-0.447192
2.669067	0.201201	0.450095	i-0.447019
2.669678	0.201130	0.450111	i-0.446846
2.670288	0.201060	0.450126	i-0.446674
2.670898	0.200989	0.450142	i-0.446501
2.671509	0.200918	0.450158	i-0.446328
2.672119	0.200847	0.450174	i-0.446155
2.672729	0.200777	0.450190	i-0.445983
2.673340	0.200706	0.450205	i-0.445810
2.673950	0.200636	0.450221	i-0.445638
2.674561	0.200565	0.450237	i-0.445466
2.675171	0.200494	0.450253	i-0.445293
2.675781	0.200424	0.450268	i-0.445121
2.676392	0.200353	0.450284	i-0.444949
2.677002	0.200283	0.450300	i-0.444777
2.677612	0.200212	0.450315	i-0.444605
2.678223	0.200142	0.450331	i-0.444432
2.678833	0.200071	0.450347	i-0.444261
2.679443	0.200001	0.450362	i-0.444089
2.680054	0.199930	0.450378	i-0.443917
2.680664	0.199860	0.450394	i-0.443745
2.681274	0.199789	0.450409	i-0.443573
2.681885	0.199719	0.450425	i-0.443402
2.682495	0.199649	0.450440	i-0.443230
2.683105	0.199578	0.450456	i-0.443058
2.683716	0.199508	0.450471	i-0.442887
2.684326	0.199438	0.450487	i-0.442715
2.684937	0.199367	0.450503	i-0.442544
2.685547	0.199297	0.450518	i-0.442373
2.686157	0.199227	0.450534	i-0.442202
2.686768	0.199156	0.450549	i-0.442030
2.687378	0.199086	0.450565	i-0.441859
2.687988	0.199016	0.450580	i-0.441688
2.688599	0.198946	0.450596	i-0.441517
2.689209	0.198875	0.450611	i-0.441346
2.689819	0.198805	0.450626	i-0.441175
2.690430	0.198735	0.450642	i-0.441004
2.691040	0.198665	0.450657	i-0.440834
2.691650	0.198595	0.450673	i-0.440663
2.692261	0.198525	0.450688	i-0.440492
2.692871	0.198455	0.450704	i-0.440322
2.693481	0.198384	0.450719	i-0.440151
2.694092	0.198314	0.450734	i-0.439981
2.694702	0.198244	0.450750	i-0.439810
2.695313	0.198174	0.450765	i-0.439640
2.695923	0.198104	0.450780	i-0.439469
2.696533	0.198034	0.450796	i-0.439299
2.697144	0.197964	0.450811	i-0.439129
2.697754	0.197894	0.450826	i-0.438959
2.698364	0.197824	0.450842	i-0.438789
2.698975	0.197754	0.450857	i-0.438619
2.699585	0.197684	0.450872	i-0.438449
2.700195	0.197614	0.450887	i-0.438279
2.700806	0.197545	0.450903	i-0.438109
2.701416	0.197475	0.450918	i-0.437939
2.702026	0.197405	0.450933	i-0.437769
2.702637	0.197335	0.450948	i-0.437600
2.703247	0.197265	0.450964	i-0.437430
2.703857	0.197195	0.450979	i-0.437261
2.704468	0.197125	0.450994	i-0.437091
2.705078	0.197056	0.451009	i-0.436922
2.705688	0.196986	0.451024	i-0.436752
2.706299	0.196916	0.451039	i-0.436583
2.706909	0.196846	0.451055	i-0.436414
2.707520	0.196777	0.451070	i-0.436244
2.708130	0.196707	0.451085	i-0.436075
2.708740	0.196637	0.451100	i-0.435906
2.709351	0.196568	0.451115	i-0.435737
2.709961	0.196498	0.451130	i-0.435568
2.710571	0.196428	0.451145	i-0.435399
2.711182	0.196359	0.451160	i-0.435230
2.711792	0.196289	0.451175	i-0.435061
2.712402	0.196219	0.451190	i-0.434893
2.713013	0.196150	0.451205	i-0.434724
2.713623	0.196080	0.451220	i-0.434555
2.714233	0.196011	0.451235	i-0.434387
2.714844	0.195941	0.451250	i-0.434218
2.715454	0.195872	0.451265	i-0.434050
2.716064	0.195802	0.451280	i-0.433881
2.716675	0.195733	0.451295	i-0.433713
2.717285	0.195663	0.451310	i-0.433545
2.717896	0.195594	0.451325	i-0.433376
2.718506	0.195524	0.451340	i-0.433208
2.719116	0.195455	0.451355	i-0.433040
2.719727	0.195385	0.451370	i-0.432872
2.720337	0.195316	0.451385	i-0.432704
2.720947	0.195247	0.451400	i-0.432536
2.721558	0.195177	0.451415	i-0.432368
2.722168	0.195108	0.451429	i-0.432200
2.722778	0.195039	0.451444	i-0.432032
2.723389	0.194969	0.451459	i-0.431865
2.723999	0.194900	0.451474	i-0.431697
2.724609	0.194831	0.451489	i-0.431529
2.725220	0.194761	0.451504	i-0.431362
2.725830	0.194692	0.451518	i-0.431194
2.726440	0.194623	0.451533	i-0.431027
2.727051	0.194554	0.451548	i-0.430860
2.727661	0.194485	0.451563	i-0.430692
2.728271	0.194415	0.451578	i-0.430525
2.728882	0.194346	0.451592	i-0.430358
2.729492	0.194277	0.451607	i-0.430190
2.730103	0.194208	0.451622	i-0.430023
2.730713	0.194139	0.451636	i-0.429856
2.731323	0.194070	0.451651	i-0.429689
2.731934	0.194001	0.451666	i-0.429522
2.732544	0.193931	0.451681	i-0.429355
2.733154	0.193862	0.451695	i-0.429189
2.733765	0.193793	0.451710	i-0.429022
2.734375	0.193724	0.451724	i-0.428855
2.734985	0.193655	0.451739	i-0.428688
2.735596	0.193586	0.451754	i-0.428522
2.736206	0.193517	0.451768	i-0.428355
2.736816	0.193448	0.451783	i-0.428189
2.737427	0.193379	0.451798	i-0.428022
2.738037	0.193310	0.451812	i-0.427856
2.738647	0.193242	0.451827	i-0.427690
2.739258	0.193173	0.451841	i-0.427523
2.739868	0.193104	0.451856	i-0.427357
2.740479	0.193035	0.451870	i-0.427191
2.741089	0.192966	0.451885	i-0.427025
2.741699	0.192897	0.451899	i-0.426859
2.742310	0.192828	0.451914	i-0.426693
2.742920	0.192760	0.451929	i-0.426527
2.743530	0.192691	0.451943	i-0.426361
2.744141	0.192622	0.451957	i-0.426195
2.744751	0.192553	0.451972	i-0.426029
2.745361	0.192484	0.451986	i-0.425863
2.745972	0.192416	0.452001	i-0.425698
2.746582	0.192347	0.452015	i-0.425532
2.747192	0.192278	0.452030	i-0.425367
2.747803	0.192210	0.452044	i-0.425201
2.748413	0.192141	0.452059	i-0.425036
2.749023	0.192072	0.452073	i-0.424870
2.749634	0.192004	0.452087	i-0.424705
2.750244	0.191935	0.452102	i-0.424540
2.750854	0.191866	0.452116	i-0.424374
2.751465	0.191798	0.452130	i-0.424209
2.752075	0.191729	0.452145	i-0.424044
2.752686	0.191661	0.452159	i-0.423879
2.753296	0.191592	0.452173	i-0.423714
2.753906	0.191524	0.452188	i-0.423549
2.754517	0.191455	0.452202	i-0.423384
2.755127	0.191387	0.452216	i-0.423219
2.755737	0.191318	0.452231	i-0.423054
2.756348	0.191250	0.452245	i-0.422890
2.756958	0.191181	0.452259	i-0.422725
2.757568	0.191113	0.452273	i-0.422560
2.758179	0.191044	0.452288	i-0.422396
2.758789	0.190976	0.452302	i-0.422231
2.759399	0.190908	0.452316	i-0.422067
2.760010	0.190839	0.452330	i-0.421902
2.760620	0.190771	0.452345	i-0.421738
2.761230	0.190702	0.452359	i-0.421574
2.761841	0.190634	0.452373	i-0.421409
2.762451	0.190566	0.452387	i-0.421245
2.763062	0.190498	0.452401	i-0.421081
2.763672	0.190429	0.452415	i-0.420917
2.764282	0.190361	0.452430	i-0.420753
2.764893	0.190293	0.452444	i-0.420589
2.765503	0.190224	0.452458	i-0.420425
2.766113	0.190156	0.452472	i-0.420261
2.766724	0.190088	0.452486	i-0.420097
2.767334	0.190020	0.452500	i-0.419933
2.767944	0.189952	0.452514	i-0.419770
2.768555	0.189884	0.452528	i-0.419606
2.769165	0.189815	0.452542	i-0.419442
2.769775	0.189747	0.452556	i-0.419279
2.770386	0.189679	0.452570	i-0.419115
2.770996	0.189611	0.452584	i-0.418952
2.771606	0.189543	0.452599	i-0.418788
2.772217	0.189475	0.452613	i-0.418625
2.772827	0.189407	0.452627	i-0.418462
2.773438	0.189339	0.452641	i-0.418298
2.774048	0.189271	0.452654	i-0.418135
2.774658	0.189203	0.452668	i-0.417972
2.775269	0.189135	0.452682	i-0.417809
2.775879	0.189067	0.452696	i-0.417646
2.776489	0.188999	0.452710	i-0.417483
2.777100	0.188931	0.452724	i-0.417320
2.777710	0.188863	0.452738	i-0.417157
2.778320	0.188795	0.452752	i-0.416994
2.778931	0.188727	0.452766	i-0.416832
2.779541	0.188659	0.452780	i-0.416669
2.780151	0.188591	0.452794	i-0.416506
2.780762	0.188524	0.452808	i-0.416344
2.781372	0.188456	0.452821	i-0.416181
2.781982	0.188388	0.452835	i-0.416019
2.782593	0.188320	0.452849	i-0.415856
2.783203	0.188252	0.452863	i-0.415694
2.783813	0.188185	0.452877	i-0.415531
2.784424	0.188117	0.452891	i-0.415369
2.785034	0.188049	0.452904	i-0.415207
2.785645	0.187981	0.452918	i-0.415045
2.786255	0.187914	0.452932	i-0.414882
2.786865	0.187846	0.452946	i-0.414720
2.787476	0.187778	0.452960	i-0.414558
2.788086	0.187710	0.452973	i-0.414396
2.788696	0.187643	0.452987	i-0.414234
2.789307	0.187575	0.453001	i-0.414073
2.789917	0.187508	0.453014	i-0.413911
2.790527	0.187440	0.453028	i-0.413749
2.791138	0.187372	0.453042	i-0.413587
2.791748	0.187305	0.453056	i-0.413426
2.792358	0.187237	0.453069	i-0.413264
2.792969	0.187170	0.453083	i-0.413102
2.793579	0.187102	0.453097	i-0.412941
2.794189	0.187035	0.453110	i-0.412779
2.794800	0.186967	0.453124	i-0.412618
2.795410	0.186900	0.453138	i-0.412457
2.796021	0.186832	0.453151	i-0.412295
2.796631	0.186765	0.453165	i-0.412134
2.797241	0.186697	0.453178	i-0.411973
2.797852	0.186630	0.453192	i-0.411812
2.798462	0.186562	0.453206	i-0.411651
2.799072	0.186495	0.453219	i-0.411490
2.799683	0.186428	0.453233	i-0.411329
2.800293	0.186360	0.453246	i-0.411168
2.800903	0.186293	0.453260	i-0.411007
2.801514	0.186226	0.453273	i-0.410846
2.802124	0.186158	0.453287	i-0.410685
2.802734	0.186091	0.453300	i-0.410524
2.803345	0.186024	0.453314	i-0.410364
2.803955	0.185956	0.453327	i-0.410203
2.804565	0.185889	0.453341	i-0.410042
2.805176	0.185822	0.453354	i-0.409882
2.805786	0.185755	0.453368	i-0.409721
2.806396	0.185687	0.453381	i-0.409561
2.807007	0.185620	0.453395	i-0.409401
2.807617	0.185553	0.453408	i-0.409240
2.808228	0.185486	0.453422	i-0.409080
2.808838	0.185419	0.453435	i-0.408920
2.809448	0.185351	0.453449	i-0.408760
2.810059	0.185284	0.453462	i-0.408600
2.810669	0.185217	0.453475	i-0.408439
2.811279	0.185150	0.453489	i-0.408279
2.811890	0.185083	0.453502	i-0.408119
2.812500	0.185016	0.453515	i-0.407960
2.813110	0.184949	0.453529	i-0.407800
2.813721	0.184882	0.453542	i-0.407640
2.814331	0.184815	0.453555	i-0.407480
2.814941	0.184748	0.453569	i-0.407320
2.815552	0.184681	0.453582	i-0.407161
2.816162	0.184614	0.453595	i-0.407001
2.816772	0.184547	0.453609	i-0.406841
2.817383	0.184480	0.453622	i-0.406682
2.817993	0.184413	0.453635	i-0.406523
2.818604	0.184346	0.453649	i-0.406363
2.819214	0.184279	0.453662	i-0.406204
2.819824	0.184212	0.453675	i-0.406044
2.820435	0.184145	0.453688	i-0.405885
2.821045	0.184078	0.453702	i-0.405726
2.821655	0.184012	0.453715	i-0.405567
2.822266	0.183945	0.453728	i-0.405408
2.822876	0.183878	0.453741	i-0.405249
2.823486	0.183811	0.453754	i-0.405090
2.824097	0.183744	0.453768	i-0.404931
2.824707	0.183678	0.453781	i-0.404772
2.825317	0.183611	0.453794	i-0.404613
2.825928	0.183544	0.453807	i-0.404454
2.826538	0.183477	0.453820	i-0.404295
2.827148	0.183411	0.453833	i-0.404137
2.827759	0.183344	0.453847	i-0.403978
2.828369	0.183277	0.453860	i-0.403819
2.828979	0.183211	0.453873	i-0.403661
2.829590	0.183144	0.453886	i-0.403502
2.830200	0.183077	0.453899	i-0.403344
2.830811	0.183011	0.453912	i-0.403185
2.831421	0.182944	0.453925	i-0.403027
2.832031	0.182877	0.453938	i-0.402869
2.832642	0.182811	0.453951	i-0.402710
2.833252	0.182744	0.453964	i-0.402552
2.833862	0.182678	0.453977	i-0.402394
2.834473	0.182611	0.453990	i-0.402236
2.835083	0.182545	0.454003	i-0.402078
2.835693	0.182478	0.454016	i-0.401920
2.836304	0.182412	0.454029	i-0.401762
2.836914	0.182345	0.454042	i-0.401604
2.837524	0.182279	0.454055	i-0.401446
2.838135	0.182212	0.454068	i-0.401288
2.838745	0.182146	0.454081	i-0.401130
2.839355	0.182079	0.454094	i-0.400973
2.839966	0.182013	0.454107	i-0.400815
2.840576	0.181947	0.454120	i-0.400657
2.841187	0.181880	0.454133	i-0.400500
2.841797	0.181814	0.454146	i-0.400342
2.842407	0.181748	0.454159	i-0.400185
2.843018	0.181681	0.454172	i-0.400027
2.843628	0.181615	0.454185	i-0.399870
2.844238	0.181549	0.454198	i-0.399713
2.844849	0.181482	0.454210	i-0.399555
2.845459	0.181416	0.454223	i-0.399398
2.846069	0.181350	0.454236	i-0.399241
2.846680	0.181283	0.454249	i-0.399084
2.847290	0.181217	0.454262	i-0.398927
2.847900	0.181151	0.454275	i-0.398770
2.848511	0.181085	0.454287	i-0.398613
2.849121	0.181019	0.454300	i-0.398456
2.849731	0.180952	0.454313	i-0.398299
2.850342	0.180886	0.454326	i-0.398142
2.850952	0.180820	0.454339	i-0.397985
2.851563	0.180754	0.454351	i-0.397829
2.852173	0.180688	0.454364	i-0.397672
2.852783	0.180622	0.454377	i-0.397515
2.853394	0.180556	0.454390	i-0.397359
2.854004	0.180490	0.454402	i-0.397202
2.854614	0.180424	0.454415	i-0.397046
2.855225	0.180358	0.454428	i-0.396889
2.855835	0.180291	0.454441	i-0.396733
2.856445	0.180225	0.454453	i-0.396576
2.857056	0.180159	0.454466	i-0.396420
2.857666	0.180093	0.454479	i-0.396264
2.858276	0.180027	0.454491	i-0.396108
2.858887	0.179962	0.454504	i-0.395951
2.859497	0.179896	0.454517	i-0.395795
2.860107	0.179830	0.454529	i-0.395639
2.860718	0.179764	0.454542	i-0.395483
2.861328	0.179698	0.454555	i-0.395327
2.861938	0.179632	0.454567	i-0.395171
2.862549	0.179566	0.454580	i-0.395015
2.863159	0.179500	0.454592	i-0.394860
2.863770	0.179434	0.454605	i-0.394704
2.864380	0.179369	0.454618	i-0.394548
2.864990	0.179303	0.454630	i-0.394392
2.865601	0.179237	0.454643	i-0.394237
2.866211	0.179171	0.454655	i-0.394081
2.866821	0.179105	0.454668	i-0.393926
2.867432	0.179040	0.454680	i-0.393770
2.868042	0.178974	0.454693	i-0.393615
2.868652	0.178908	0.454705	i-0.393459
2.869263	0.178842	0.454718	i-0.393304
2.869873	0.178777	0.454731	i-0.393149
2.870483	0.178711	0.454743	i-0.392993
2.871094	0.178645	0.454755	i-0.392838
2.871704	0.178580	0.454768	i-0.392683
2.872314	0.178514	0.454780	i-0.392528
2.872925	0.178448	0.454793	i-0.392373
2.873535	0.178383	0.454805	i-0.392218
2.874146	0.178317	0.454818	i-0.392063
2.874756	0.178252	0.454830	i-0.391908
2.875366	0.178186	0.454843	i-0.391753
2.875977	0.178120	0.454855	i-0.391598
2.876587	0.178055	0.454868	i-0.391444
2.877197	0.177989	0.454880	i-0.391289
2.877808	0.177924	0.454892	i-0.391134
2.878418	0.177858	0.454905	i-0.390979
2.879028	0.177793	0.454917	i-0.390825
2.879639	0.177727	0.454929	i-0.390670
2.880249	0.177662	0.454942	i-0.390516
2.880859	0.177597	0.454954	i-0.390361
2.881470	0.177531	0.454966	i-0.390207
2.882080	0.177466	0.454979	i-0.390053
2.882690	0.177400	0.454991	i-0.389898
2.883301	0.177335	0.455003	i-0.389744
2.883911	0.177270	0.455016	i-0.389590
2.884521	0.177204	0.455028	i-0.389436
2.885132	0.177139	0.455040	i-0.389282
2.885742	0.177073	0.455053	i-0.389127
2.886353	0.177008	0.455065	i-0.388973
2.886963	0.176943	0.455077	i-0.388819
2.887573	0.176878	0.455089	i-0.388665
2.888184	0.176812	0.455102	i-0.388512
2.888794	0.176747	0.455114	i-0.388358
2.889404	0.176682	0.455126	i-0.388204
2.890015	0.176617	0.455138	i-0.388050
2.890625	0.176551	0.455151	i-0.387896
2.891235	0.176486	0.455163	i-0.387743
2.891846	0.176421	0.455175	i-0.387589
2.892456	0.176356	0.455187	i-0.387436
2.893066	0.176291	0.455199	i-0.387282
2.893677	0.176225	0.455212	i-0.387129
2.894287	0.176160	0.455224	i-0.386975
2.894897	0.176095	0.455236	i-0.386822
2.895508	0.176030	0.455248	i-0.386669
2.896118	0.175965	0.455260	i-0.386515
2.896729	0.175900	0.455272	i-0.386362
2.897339	0.175835	0.455284	i-0.386209
2.897949	0.175770	0.455296	i-0.386056
2.898560	0.175705	0.455309	i-0.385903
2.899170	0.175640	0.455321	i-0.385749
2.899780	0.175575	0.455333	i-0.385596
2.900391	0.175510	0.455345	i-0.385443
2.901001	0.175445	0.455357	i-0.385291
2.901611	0.175380	0.455369	i-0.385138
2.902222	0.175315	0.455381	i-0.384985
2.902832	0.175250	0.455393	i-0.384832
2.903442	0.175185	0.455405	i-0.384679
2.904053	0.175120	0.455417	i-0.384527
2.904663	0.175055	0.455429	i-0.384374
2.905273	0.174990	0.455441	i-0.384221
2.905884	0.174925	0.455453	i-0.384069
2.906494	0.174860	0.455465	i-0.383916
2.907104	0.174796	0.455477	i-0.383764
2.907715	0.174731	0.455489	i-0.383611
2.908325	0.174666	0.455501	i-0.383459
2.908936	0.174601	0.455513	i-0.383307
2.909546	0.174536	0.455525	i-0.383154
2.910156	0.174472	0.455537	i-0.383002
2.910767	0.174407	0.455549	i-0.382850
2.911377	0.174342	0.455561	i-0.382698
2.911987	0.174277	0.455573	i-0.382546
2.912598	0.174213	0.455585	i-0.382394
2.913208	0.174148	0.455597	i-0.382242
2.913818	0.174083	0.455608	i-0.382090
2.914429	0.174019	0.455620	i-0.381938
2.915039	0.173954	0.455632	i-0.381786
2.915649	0.173889	0.455644	i-0.381634
2.916260	0.173825	0.455656	i-0.381482
2.916870	0.173760	0.455668	i-0.381331
2.917480	0.173695	0.455680	i-0.381179
2.918091	0.173631	0.455691	i-0.381027
2.918701	0.173566	0.455703	i-0.380876
2.919312	0.173502	0.455715	i-0.380724
2.919922	0.173437	0.455727	i-0.380573
2.920532	0.173373	0.455739	i-0.380421
2.921143	0.173308	0.455750	i-0.380270
2.921753	0.173244	0.455762	i-0.380118
2.922363	0.173179	0.455774	i-0.379967
2.922974	0.173115	0.455786	i-0.379816
2.923584	0.173050	0.455798	i-0.379664
2.924194	0.172986	0.455809	i-0.379513
2.924805	0.172921	0.455821	i-0.379362
2.925415	0.172857	0.455833	i-0.379211
2.926025	0.172792	0.455845	i-0.379060
2.926636	0.172728	0.455856	i-0.378909
2.927246	0.172664	0.455868	i-0.378758
2.927856	0.172599	0.455880	i-0.378607
2.928467	0.172535	0.455891	i-0.378456
2.929077	0.172471	0.455903	i-0.378305
2.929688	0.172406	0.455915	i-0.378154
2.930298	0.172342	0.455926	i-0.378004
2.930908	0.172278	0.455938	i-0.377853
2.931519	0.172213	0.455950	i-0.377702
2.932129	0.172149	0.455961	i-0.377552
2.932739	0.172085	0.455973	i-0.377401
2.933350	0.172020	0.455985	i-0.377251
2.933960	0.171956	0.455996	i-0.377100
2.934570	0.171892	0.456008	i-0.376950
2.935181	0.171828	0.456020	i-0.376799
2.935791	0.171764	0.456031	i-0.376649
2.936401	0.171699	0.456043	i-0.376499
2.937012	0.171635	0.456054	i-0.376348
2.937622	0.171571	0.456066	i-0.376198
2.938232	0.171507	0.456077	i-0.376048
2.938843	0.171443	0.456089	i-0.375898
2.939453	0.171379	0.456101	i-0.375748
2.940063	0.171315	0.456112	i-0.375598
2.940674	0.171250	0.456124	i-0.375448
2.941284	0.171186	0.456135	i-0.375298
2.941895	0.171122	0.456147	i-0.375148
2.942505	0.171058	0.456158	i-0.374998
2.943115	0.170994	0.456170	i-0.374848
2.943726	0.170930	0.456181	i-0.374698
2.944336	0.170866	0.456193	i-0.374548
2.944946	0.170802	0.456204	i-0.374399
2.945557	0.170738	0.456216	i-0.374249
2.946167	0.170674	0.456227	i-0.374099
2.946777	0.170610	0.456239	i-0.373950
2.947388	0.170546	0.456250	i-0.373800
2.947998	0.170482	0.456261	i-0.373651
2.948608	0.170419	0.456273	i-0.373501
2.949219	0.170355	0.456284	i-0.373352
2.949829	0.170291	0.456296	i-0.373203
2.950439	0.170227	0.456307	i-0.373053
2.951050	0.170163	0.456318	i-0.372904
2.951660	0.170099	0.456330	i-0.372755
2.952271	0.170035	0.456341	i-0.372606
2.952881	0.169972	0.456353	i-0.372457
2.953491	0.169908	0.456364	i-0.372307
2.954102	0.169844	0.456375	i-0.372158
2.954712	0.169780	0.456387	i-0.372009
2.955322	0.169716	0.456398	i-0.371860
2.955933	0.169653	0.456409	i-0.371712
2.956543	0.169589	0.456421	i-0.371563
2.957153	0.169525	0.456432	i-0.371414
2.957764	0.169461	0.456443	i-0.371265
2.958374	0.169398	0.456455	i-0.371116
2.958984	0.169334	0.456466	i-0.370968
2.959595	0.169270	0.456477	i-0.370819
2.960205	0.169207	0.456489	i-0.370670
2.960815	0.169143	0.456500	i-0.370522
2.961426	0.169079	0.456511	i-0.370373
2.962036	0.169016	0.456522	i-0.370225
2.962646	0.168952	0.456534	i-0.370076
2.963257	0.168889	0.456545	i-0.369928
2.963867	0.168825	0.456556	i-0.369779
2.964478	0.168761	0.456567	i-0.369631
2.965088	0.168698	0.456579	i-0.369483
2.965698	0.168634	0.456590	i-0.369335
2.966309	0.168571	0.456601	i-0.369186
2.966919	0.168507	0.456612	i-0.369038
2.967529	0.168444	0.456623	i-0.368890
2.968140	0.168380	0.456635	i-0.368742
2.968750	0.168317	0.456646	i-0.368594
2.969360	0.168253	0.456657	i-0.368446
2.969971	0.168190	0.456668	i-0.368298
2.970581	0.168127	0.456679	i-0.368150
2.971191	0.168063	0.456690	i-0.368002
2.971802	0.168000	0.456701	i-0.367855
2.972412	0.167936	0.456713	i-0.367707
2.973022	0.167873	0.456724	i-0.367559
2.973633	0.167810	0.456735	i-0.367411
2.974243	0.167746	0.456746	i-0.367264
2.974854	0.167683	0.456757	i-0.367116
2.975464	0.167620	0.456768	i-0.366969
2.976074	0.167556	0.456779	i-0.366821
2.976685	0.167493	0.456790	i-0.366674
2.977295	0.167430	0.456801	i-0.366526
2.977905	0.167366	0.456812	i-0.366379
2.978516	0.167303	0.456823	i-0.366231
2.979126	0.167240	0.456835	i-0.366084
2.979736	0.167177	0.456846	i-0.365937
2.980347	0.167113	0.456857	i-0.365790
2.980957	0.167050	0.456868	i-0.365642
2.981567	0.166987	0.456879	i-0.365495
2.982178	0.166924	0.456890	i-0.365348
2.982788	0.166861	0.456901	i-0.365201
2.983398	0.166797	0.456912	i-0.365054
2.984009	0.166734	0.456923	i-0.364907
2.984619	0.166671	0.456934	i-0.364760
2.985229	0.166608	0.456945	i-0.364613
2.985840	0.166545	0.456955	i-0.364467
2.986450	0.166482	0.456966	i-0.364320
2.987061	0.166419	0.456977	i-0.364173
2.987671	0.166356	0.456988	i-0.364026
2.988281	0.166293	0.456999	i-0.363880
2.988892	0.166230	0.457010	i-0.363733
2.989502	0.166167	0.457021	i-0.363586
2.990112	0.166104	0.457032	i-0.363440
2.990723	0.166041	0.457043	i-0.363293
2.991333	0.165978	0.457054	i-0.363147
2.991943	0.165915	0.457065	i-0.363000
2.992554	0.165852	0.457076	i-0.362854
2.993164	0.165789	0.457086	i-0.362708
2.993774	0.165726	0.457097	i-0.362561
2.994385	0.165663	0.457108	i-0.362415
2.994995	0.165600	0.457119	i-0.362269
2.995605	0.165537	0.457130	i-0.362123
2.996216	0.165474	0.457141	i-0.361977
2.996826	0.165411	0.457152	i-0.361830
2.997437	0.165348	0.457162	i-0.361684
2.998047	0.165286	0.457173	i-0.361538
2.998657	0.165223	0.457184	i-0.361392
2.999268	0.165160	0.457195	i-0.361246
2.999878	0.165097	0.457206	i-0.361101
3.000488	0.165034	0.457216	i-0.360955
3.001099	0.164972	0.457227	i-0.360809
3.001709	0.164909	0.457238	i-0.360663
3.002319	0.164846	0.457249	i-0.360517
3.002930	0.164783	0.457259	i-0.360372
3.003540	0.164721	0.457270	i-0.360226
3.004150	0.164658	0.457281	i-0.360080
3.004761	0.164595	0.457292	i-0.359935
3.005371	0.164532	0.457302	i-0.359789
3.005981	0.164470	0.457313	i-0.359644
3.006592	0.164407	0.457324	i-0.359498
3.007202	0.164344	0.457334	i-0.359353
3.007813	0.164282	0.457345	i-0.359208
3.008423	0.164219	0.457356	i-0.359062
3.009033	0.164157	0.457366	i-0.358917
3.009644	0.164094	0.457377	i-0.358772
3.010254	0.164031	0.457388	i-0.358627
3.010864	0.163969	0.457398	i-0.358481
3.011475	0.163906	0.457409	i-0.358336
3.012085	0.163844	0.457420	i-0.358191
3.012695	0.163781	0.457430	i-0.358046
3.013306	0.163719	0.457441	i-0.357901
3.013916	0.163656	0.457452	i-0.357756
3.014526	0.163594	0.457462	i-0.357611
3.015137	0.163531	0.457473	i-0.357466
3.015747	0.163469	0.457483	i-0.357322
3.016357	0.163406	0.457494	i-0.357177
3.016968	0.163344	0.457505	i-0.357032
3.017578	0.163281	0.457515	i-0.356887
3.018188	0.163219	0.457526	i-0.356743
3.018799	0.163157	0.457536	i-0.356598
3.019409	0.163094	0.457547	i-0.356453
3.020020	0.163032	0.457557	i-0.356309
3.020630	0.162969	0.457568	i-0.356164
3.021240	0.162907	0.457579	i-0.356020
3.021851	0.162845	0.457589	i-0.355875
3.022461	0.162782	0.457600	i-0.355731
3.023071	0.162720	0.457610	i-0.355587
3.023682	0.162658	0.457621	i-0.355442
3.024292	0.162595	0.457631	i-0.355298
3.024902	0.162533	0.457642	i-0.355154
3.025513	0.162471	0.457652	i-0.355010
3.026123	0.162409	0.457663	i-0.354865
3.026733	0.162346	0.457673	i-0.354721
3.027344	0.162284	0.457683	i-0.354577
3.027954	0.162222	0.457694	i-0.354433
3.028564	0.162160	0.457704	i-0.354289
3.029175	0.162098	0.457715	i-0.354145
3.029785	0.162035	0.457725	i-0.354001
3.030396	0.161973	0.457736	i-0.353857
3.031006	0.161911	0.457746	i-0.353714
3.031616	0.161849	0.457757	i-0.353570
3.032227	0.161787	0.457767	i-0.353426
3.032837	0.161725	0.457777	i-0.353282
3.033447	0.161663	0.457788	i-0.353139
3.034058	0.161600	0.457798	i-0.352995
3.034668	0.161538	0.457808	i-0.352851
3.035278	0.161476	0.457819	i-0.352708
3.035889	0.161414	0.457829	i-0.352564
3.036499	0.161352	0.457840	i-0.352421
3.037109	0.161290	0.457850	i-0.352277
3.037720	0.161228	0.457860	i-0.352134
3.038330	0.161166	0.457871	i-0.351991
3.038940	0.161104	0.457881	i-0.351847
3.039551	0.161042	0.457891	i-0.351704
3.040161	0.160980	0.457902	i-0.351561
3.040771	0.160918	0.457912	i-0.351417
3.041382	0.160856	0.457922	i-0.351274
3.041992	0.160794	0.457932	i-0.351131
3.042603	0.160732	0.457943	i-0.350988
3.043213	0.160671	0.457953	i-0.350845
3.043823	0.160609	0.457963	i-0.350702
3.044434	0.160547	0.457974	i-0.350559
3.045044	0.160485	0.457984	i-0.350416
3.045654	0.160423	0.457994	i-0.350273
3.046265	0.160361	0.458004	i-0.350130
3.046875	0.160299	0.458015	i-0.349988
3.047485	0.160238	0.458025	i-0.349845
3.048096	0.160176	0.458035	i-0.349702
3.048706	0.160114	0.458045	i-0.349559
3.049316	0.160052	0.458055	i-0.349417
3.049927	0.159990	0.458066	i-0.349274
3.050537	0.159929	0.458076	i-0.349131
3.051147	0.159867	0.458086	i-0.348989
3.051758	0.159805	0.458096	i-0.348846
3.052368	0.159743	0.458106	i-0.348704
3.052979	0.159682	0.458117	i-0.348561
3.053589	0.159620	0.458127	i-0.348419
3.054199	0.159558	0.458137	i-0.348277
3.054810	0.159497	0.458147	i-0.348134
3.055420	0.159435	0.458157	i-0.347992
3.056030	0.159373	0.458167	i-0.347850
3.056641	0.159312	0.458177	i-0.347708
3.057251	0.159250	0.458187	i-0.347565
3.057861	0.159189	0.458198	i-0.347423
3.058472	0.159127	0.458208	i-0.347281
3.059082	0.159065	0.458218	i-0.347139
3.059692	0.159004	0.458228	i-0.346997
3.060303	0.158942	0.458238	i-0.346855
3.060913	0.158881	0.458248	i-0.346713
3.061523	0.158819	0.458258	i-0.346571
3.062134	0.158758	0.458268	i-0.346430
3.062744	0.158696	0.458278	i-0.346288
3.063354	0.158635	0.458288	i-0.346146
3.063965	0.158573	0.458298	i-0.346004
3.064575	0.158512	0.458308	i-0.345863
3.065186	0.158450	0.458318	i-0.345721
3.065796	0.158389	0.458328	i-0.345579
3.066406	0.158327	0.458338	i-0.345438
3.067017	0.158266	0.458348	i-0.345296
3.067627	0.158205	0.458358	i-0.345155
3.068237	0.158143	0.458368	i-0.345013
3.068848	0.158082	0.458378	i-0.344872
3.069458	0.158020	0.458388	i-0.344730
3.070068	0.157959	0.458398	i-0.344589
3.070679	0.157898	0.458408	i-0.344448
3.071289	0.157836	0.458418	i-0.344306
3.071899	0.157775	0.458428	i-0.344165
3.072510	0.157714	0.458438	i-0.344024
3.073120	0.157652	0.458448	i-0.343883
3.073730	0.157591	0.458458	i-0.343741
3.074341	0.157530	0.458468	i-0.343600
3.074951	0.157469	0.458478	i-0.343459
3.075562	0.157407	0.458488	i-0.343318
3.076172	0.157346	0.458498	i-0.343177
3.076782	0.157285	0.458508	i-0.343036
3.077393	0.157224	0.458518	i-0.342895
3.078003	0.157162	0.458527	i-0.342755
3.078613	0.157101	0.458537	i-0.342614
3.079224	0.157040	0.458547	i-0.342473
3.079834	0.156979	0.458557	i-0.342332
3.080444	0.156918	0.458567	i-0.342191
3.081055	0.156857	0.458577	i-0.342051
3.081665	0.156795	0.458587	i-0.341910
3.082275	0.156734	0.458596	i-0.341770
3.082886	0.156673	0.458606	i-0.341629
3.083496	0.156612	0.458616	i-0.341488
3.084106	0.156551	0.458626	i-0.341348
3.084717	0.156490	0.458636	i-0.341207
3.085327	0.156429	0.458646	i-0.341067
3.085938	0.156368	0.458655	i-0.340927
3.086548	0.156307	0.458665	i-0.340786
3.087158	0.156246	0.458675	i-0.340646
3.087769	0.156185	0.458685	i-0.340506
3.088379	0.156124	0.458695	i-0.340366
3.088989	0.156063	0.458704	i-0.340225
3.089600	0.156002	0.458714	i-0.340085
3.090210	0.155941	0.458724	i-0.339945
3.090820	0.155880	0.458734	i-0.339805
3.091431	0.155819	0.458743	i-0.339665
3.092041	0.155758	0.458753	i-0.339525
3.092651	0.155697	0.458763	i-0.339385
3.093262	0.155636	0.458772	i-0.339245
3.093872	0.155575	0.458782	i-0.339105
3.094482	0.155514	0.458792	i-0.338965
3.095093	0.155454	0.458802	i-0.338825
3.095703	0.155393	0.458811	i-0.338686
3.096313	0.155332	0.458821	i-0.338546
3.096924	0.155271	0.458831	i-0.338406
3.097534	0.155210	0.458840	i-0.338266
3.098145	0.155149	0.458850	i-0.338127
3.098755	0.155089	0.458860	i-0.337987
3.099365	0.155028	0.458869	i-0.337848
3.099976	0.154967	0.458879	i-0.337708
3.100586	0.154906	0.458889	i-0.337569
3.101196	0.154846	0.458898	i-0.337429
3.101807	0.154785	0.458908	i-0.337290
3.102417	0.154724	0.458918	i-0.337150
3.103027	0.154663	0.458927	i-0.337011
3.103638	0.154603	0.458937	i-0.336872
3.104248	0.154542	0.458946	i-0.336732
3.104858	0.154481	0.458956	i-0.336593
3.105469	0.154421	0.458966	i-0.336454
3.106079	0.154360	0.458975	i-0.336315
3.106689	0.154299	0.458985	i-0.336176
3.107300	0.154239	0.458994	i-0.336036
3.107910	0.154178	0.459004	i-0.335897
3.108521	0.154118	0.459013	i-0.335758
3.109131	0.154057	0.459023	i-0.335619
3.109741	0.153996	0.459032	i-0.335480
3.110352	0.153936	0.459042	i-0.335342
3.110962	0.153875	0.459052	i-0.335203
3.111572	0.153815	0.459061	i-0.335064
3.112183	0.153754	0.459071	i-0.334925
3.112793	0.153694	0.459080	i-0.334786
3.113403	0.153633	0.459090	i-0.334647
3.114014	0.153573	0.459099	i-0.334509
3.114624	0.153512	0.459109	i-0.334370
3.115234	0.153452	0.459118	i-0.334231
3.115845	0.153391	0.459128	i-0.334093
3.116455	0.153331	0.459137	i-0.333954
3.117065	0.153270	0.459147	i-0.333816
3.117676	0.153210	0.459156	i-0.333677
3.118286	0.153150	0.459165	i-0.333539
3.118896	0.153089	0.459175	i-0.333400
3.119507	0.153029	0.459184	i-0.333262
3.120117	0.152968	0.459194	i-0.333124
3.120728	0.152908	0.459203	i-0.332985
3.121338	0.152848	0.459213	i-0.332847
3.121948	0.152787	0.459222	i-0.332709
3.122559	0.152727	0.459231	i-0.332571
3.123169	0.152667	0.459241	i-0.332433
3.123779	0.152606	0.459250	i-0.332294
3.124390	0.152546	0.459260	i-0.332156
3.125000	0.152486	0.459269	i-0.332018
3.125610	0.152425	0.459278	i-0.331880
3.126221	0.152365	0.459288	i-0.331742
3.126831	0.152305	0.459297	i-0.331604
3.127441	0.152245	0.459307	i-0.331466
3.128052	0.152184	0.459316	i-0.331329
3.128662	0.152124	0.459325	i-0.331191
3.129272	0.152064	0.459335	i-0.331053
3.129883	0.152004	0.459344	i-0.330915
3.130493	0.151944	0.459353	i-0.330777
3.131104	0.151884	0.459363	i-0.330640
3.131714	0.151823	0.459372	i-0.330502
3.132324	0.151763	0.459381	i-0.330364
3.132935	0.151703	0.459390	i-0.330227
3.133545	0.151643	0.459400	i-0.330089
3.134155	0.151583	0.459409	i-0.329952
3.134766	0.151523	0.459418	i-0.329814
3.135376	0.151463	0.459428	i-0.329677
3.135986	0.151403	0.459437	i-0.329539
3.136597	0.151343	0.459446	i-0.329402
3.137207	0.151282	0.459455	i-0.329265
3.137817	0.151222	0.459465	i-0.329127
3.138428	0.151162	0.459474	i-0.328990
3.139038	0.151102	0.459483	i-0.328853
3.139648	0.151042	0.459492	i-0.328716
3.140259	0.150982	0.459502	i-0.328579
3.140869	0.150922	0.459511	i-0.328441
3.141479	0.150862	0.459520	i-0.328304
3.142090	0.150802	0.459529	i-0.328167
3.142700	0.150742	0.459538	i-0.328030
3.143311	0.150683	0.459548	i-0.327893
3.143921	0.150623	0.459557	i-0.327756
3.144531	0.150563	0.459566	i-0.327619
3.145142	0.150503	0.459575	i-0.327482
3.145752	0.150443	0.459584	i-0.327346
3.146362	0.150383	0.459594	i-0.327209
3.146973	0.150323	0.459603	i-0.327072
3.147583	0.150263	0.459612	i-0.326935
3.148193	0.150203	0.459621	i-0.326798
3.148804	0.150144	0.459630	i-0.326662
3.149414	0.150084	0.459639	i-0.326525
3.150024	0.150024	0.459648	i-0.326389
3.150635	0.149964	0.459658	i-0.326252
3.151245	0.149904	0.459667	i-0.326115
3.151855	0.149845	0.459676	i-0.325979
3.152466	0.149785	0.459685	i-0.325842
3.153076	0.149725	0.459694	i-0.325706
3.153687	0.149665	0.459703	i-0.325570
3.154297	0.149606	0.459712	i-0.325433
3.154907	0.149546	0.459721	i-0.325297
3.155518	0.149486	0.459730	i-0.325161
3.156128	0.149426	0.459739	i-0.325024
3.156738	0.149367	0.459748	i-0.324888
3.157349	0.149307	0.459758	i-0.324752
3.157959	0.149247	0.459767	i-0.324616
3.158569	0.149188	0.459776	i-0.324480
3.159180	0.149128	0.459785	i-0.324344
3.159790	0.149069	0.459794	i-0.324207
3.160400	0.149009	0.459803	i-0.324071
3.161011	0.148949	0.459812	i-0.323935
3.161621	0.148890	0.459821	i-0.323799
3.162231	0.148830	0.459830	i-0.323664
3.162842	0.148771	0.459839	i-0.323528
3.163452	0.148711	0.459848	i-0.323392
3.164063	0.148651	0.459857	i-0.323256
3.164673	0.148592	0.459866	i-0.323120
3.165283	0.148532	0.459875	i-0.322984
3.165894	0.148473	0.459884	i-0.322849
3.166504	0.148413	0.459893	i-0.322713
3.167114	0.148354	0.459902	i-0.322577
3.167725	0.148294	0.459911	i-0.322442
3.168335	0.148235	0.459919	i-0.322306
3.168945	0.148175	0.459928	i-0.322171
3.169556	0.148116	0.459937	i-0.322035
3.170166	0.148057	0.459946	i-0.321900
3.170776	0.147997	0.459955	i-0.321764
3.171387	0.147938	0.459964	i-0.321629
3.171997	0.147878	0.459973	i-0.321493
3.172607	0.147819	0.459982	i-0.321358
3.173218	0.147760	0.459991	i-0.321223
3.173828	0.147700	0.460000	i-0.321088
3.174438	0.147641	0.460009	i-0.320952
3.175049	0.147581	0.460018	i-0.320817
3.175659	0.147522	0.460026	i-0.320682
3.176270	0.147463	0.460035	i-0.320547
3.176880	0.147403	0.460044	i-0.320412
3.177490	0.147344	0.460053	i-0.320277
3.178101	0.147285	0.460062	i-0.320142
3.178711	0.147226	0.460071	i-0.320007
3.179321	0.147166	0.460080	i-0.319872
3.179932	0.147107	0.460088	i-0.319737
3.180542	0.147048	0.460097	i-0.319602
3.181152	0.146989	0.460106	i-0.319467
3.181763	0.146929	0.460115	i-0.319332
3.182373	0.146870	0.460124	i-0.319197
3.182983	0.146811	0.460132	i-0.319062
3.183594	0.146752	0.460141	i-0.318928
3.184204	0.146693	0.460150	i-0.318793
3.184814	0.146633	0.460159	i-0.318658
3.185425	0.146574	0.460168	i-0.318524
3.186035	0.146515	0.460176	i-0.318389
3.186646	0.146456	0.460185	i-0.318254
3.187256	0.146397	0.460194	i-0.318120
3.187866	0.146338	0.460203	i-0.317985
3.188477	0.146279	0.460211	i-0.317851
3.189087	0.146220	0.460220	i-0.317717
3.189697	0.146160	0.460229	i-0.317582
3.190308	0.146101	0.460238	i-0.317448
3.190918	0.146042	0.460246	i-0.317313
3.191528	0.145983	0.460255	i-0.317179
3.192139	0.145924	0.460264	i-0.317045
3.192749	0.145865	0.460273	i-0.316911
3.193359	0.145806	0.460281	i-0.316776
3.193970	0.145747	0.460290	i-0.316642
3.194580	0.145688	0.460299	i-0.316508
3.195190	0.145629	0.460307	i-0.316374
3.195801	0.145570	0.460316	i-0.316240
3.196411	0.145511	0.460325	i-0.316106
3.197021	0.145452	0.460333	i-0.315972
3.197632	0.145393	0.460342	i-0.315838
3.198242	0.145334	0.460351	i-0.315704
3.198853	0.145276	0.460359	i-0.315570
3.199463	0.145217	0.460368	i-0.315436
3.200073	0.145158	0.460377	i-0.315302
3.200684	0.145099	0.460385	i-0.315168
3.201294	0.145040	0.460394	i-0.315035
3.201904	0.144981	0.460402	i-0.314901
3.202515	0.144922	0.460411	i-0.314767
3.203125	0.144863	0.460420	i-0.314634
3.203735	0.144805	0.460428	i-0.314500
3.204346	0.144746	0.460437	i-0.314366
3.204956	0.144687	0.460445	i-0.314233
3.205566	0.144628	0.460454	i-0.314099
3.206177	0.144569	0.460463	i-0.313966
3.206787	0.144511	0.460471	i-0.313832
3.207397	0.144452	0.460480	i-0.313699
3.208008	0.144393	0.460488	i-0.313565
3.208618	0.144334	0.460497	i-0.313432
3.209229	0.144276	0.460505	i-0.313299
3.209839	0.144217	0.460514	i-0.313165
3.210449	0.144158	0.460523	i-0.313032
3.211060	0.144100	0.460531	i-0.312899
3.211670	0.144041	0.460540	i-0.312765
3.212280	0.143982	0.460548	i-0.312632
3.212891	0.143924	0.460557	i-0.312499
3.213501	0.143865	0.460565	i-0.312366
3.214111	0.143806	0.460574	i-0.312233
3.214722	0.143748	0.460582	i-0.312100
3.215332	0.143689	0.460591	i-0.311967
3.215942	0.143630	0.460599	i-0.311834
3.216553	0.143572	0.460608	i-0.311701
3.217163	0.143513	0.460616	i-0.311568
3.217773	0.143455	0.460625	i-0.311435
3.218384	0.143396	0.460633	i-0.311302
3.218994	0.143337	0.460642	i-0.311169
3.219604	0.143279	0.460650	i-0.311036
3.220215	0.143220	0.460658	i-0.310904
3.220825	0.143162	0.460667	i-0.310771
3.221436	0.143103	0.460675	i-0.310638
3.222046	0.143045	0.460684	i-0.310506
3.222656	0.142986	0.460692	i-0.310373
3.223267	0.142928	0.460701	i-0.310240
3.223877	0.142869	0.460709	i-0.310108
3.224487	0.142811	0.460717	i-0.309975
3.225098	0.142753	0.460726	i-0.309843
3.225708	0.142694	0.460734	i-0.309710
3.226318	0.142636	0.460743	i-0.309578
3.226929	0.142577	0.460751	i-0.309445
3.227539	0.142519	0.460759	i-0.309313
3.228149	0.142460	0.460768	i-0.309181
3.228760	0.142402	0.460776	i-0.309048
3.229370	0.142344	0.460785	i-0.308916
3.229980	0.142285	0.460793	i-0.308784
3.230591	0.142227	0.460801	i-0.308651
3.231201	0.142169	0.460810	i-0.308519
3.231812	0.142110	0.460818	i-0.308387
3.232422	0.142052	0.460826	i-0.308255
3.233032	0.141994	0.460835	i-0.308123
3.233643	0.141935	0.460843	i-0.307991
3.234253	0.141877	0.460851	i-0.307859
3.234863	0.141819	0.460860	i-0.307727
3.235474	0.141761	0.460868	i-0.307595
3.236084	0.141702	0.460876	i-0.307463
3.236694	0.141644	0.460885	i-0.307331
3.237305	0.141586	0.460893	i-0.307199
3.237915	0.141528	0.460901	i-0.307067
3.238525	0.141469	0.460909	i-0.306935
3.239136	0.141411	0.460918	i-0.306803
3.239746	0.141353	0.460926	i-0.306672
3.240356	0.141295	0.460934	i-0.306540
3.240967	0.141237	0.460942	i-0.306408
3.241577	0.141178	0.460951	i-0.306277
3.242188	0.141120	0.460959	i-0.306145
3.242798	0.141062	0.460967	i-0.306013
3.243408	0.141004	0.460975	i-0.305882
3.244019	0.140946	0.460984	i-0.305750
3.244629	0.140888	0.460992	i-0.305619
3.245239	0.140830	0.461000	i-0.305487
3.245850	0.140772	0.461008	i-0.305356
3.246460	0.140714	0.461017	i-0.305224
3.247070	0.140655	0.461025	i-0.305093
3.247681	0.140597	0.461033	i-0.304962
3.248291	0.140539	0.461041	i-0.304830
3.248901	0.140481	0.461049	i-0.304699
3.249512	0.140423	0.461058	i-0.304568
3.250122	0.140365	0.461066	i-0.304437
3.250732	0.140307	0.461074	i-0.304305
3.251343	0.140249	0.461082	i-0.304174
3.251953	0.140191	0.461090	i-0.304043
3.252563	0.140133	0.461098	i-0.303912
3.253174	0.140075	0.461107	i-0.303781
3.253784	0.140017	0.461115	i-0.303650
3.254395	0.139960	0.461123	i-0.303519
3.255005	0.139902	0.461131	i-0.303388
3.255615	0.139844	0.461139	i-0.303257
3.256226	0.139786	0.461147	i-0.303126
3.256836	0.139728	0.461155	i-0.302995
3.257446	0.139670	0.461163	i-0.302864
3.258057	0.139612	0.461172	i-0.302734
3.258667	0.139554	0.461180	i-0.302603
3.259277	0.139496	0.461188	i-0.302472
3.259888	0.139439	0.461196	i-0.302341
3.260498	0.139381	0.461204	i-0.302211
3.261108	0.139323	0.461212	i-0.302080
3.261719	0.139265	0.461220	i-0.301949
3.262329	0.139207	0.461228	i-0.301819
3.262939	0.139149	0.461236	i-0.301688
3.263550	0.139092	0.461244	i-0.301557
3.264160	0.139034	0.461252	i-0.301427
3.264771	0.138976	0.461260	i-0.301296
3.265381	0.138918	0.461268	i-0.301166
3.265991	0.138861	0.461277	i-0.301036
3.266602	0.138803	0.461285	i-0.300905
3.267212	0.138745	0.461293	i-0.300775
3.267822	0.138687	0.461301	i-0.300645
3.268433	0.138630	0.461309	i-0.300514
3.269043	0.138572	0.461317	i-0.300384
3.269653	0.138514	0.461325	i-0.300254
3.270264	0.138457	0.461333	i-0.300123
3.270874	0.138399	0.461341	i-0.299993
3.271484	0.138341	0.461349	i-0.299863
3.272095	0.138284	0.461357	i-0.299733
3.272705	0.138226	0.461365	i-0.299603
3.273315	0.138169	0.461373	i-0.299473
3.273926	0.138111	0.461381	i-0.299343
3.274536	0.138053	0.461388	i-0.299213
3.275146	0.137996	0.461396	i-0.299083
3.275757	0.137938	0.461404	i-0.298953
3.276367	0.137881	0.461412	i-0.298823
3.276978	0.137823	0.461420	i-0.298693
3.277588	0.137766	0.461428	i-0.298563
3.278198	0.137708	0.461436	i-0.298433
3.278809	0.137650	0.461444	i-0.298304
3.279419	0.137593	0.461452	i-0.298174
3.280029	0.137535	0.461460	i-0.298044
3.280640	0.137478	0.461468	i-0.297915
3.281250	0.137420	0.461476	i-0.297785
3.281860	0.137363	0.461484	i-0.297655
3.282471	0.137306	0.461492	i-0.297526
3.283081	0.137248	0.461499	i-0.297396
3.283691	0.137191	0.461507	i-0.297266
3.284302	0.137133	0.461515	i-0.297137
3.284912	0.137076	0.461523	i-0.297007
3.285522	0.137018	0.461531	i-0.296878
3.286133	0.136961	0.461539	i-0.296749
3.286743	0.136904	0.461547	i-0.296619
3.287354	0.136846	0.461554	i-0.296490
3.287964	0.136789	0.461562	i-0.296360
3.288574	0.136731	0.461570	i-0.296231
3.289185	0.136674	0.461578	i-0.296102
3.289795	0.136617	0.461586	i-0.295973
3.290405	0.136559	0.461594	i-0.295843
3.291016	0.136502	0.461601	i-0.295714
3.291626	0.136445	0.461609	i-0.295585
3.292236	0.136388	0.461617	i-0.295456
3.292847	0.136330	0.461625	i-0.295327
3.293457	0.136273	0.461633	i-0.295198
3.294067	0.136216	0.461641	i-0.295069
3.294678	0.136158	0.461648	i-0.294940
3.295288	0.136101	0.461656	i-0.294811
3.295898	0.136044	0.461664	i-0.294682
3.296509	0.135987	0.461672	i-0.294553
3.297119	0.135929	0.461679	i-0.294424
3.297729	0.135872	0.461687	i-0.294295
3.298340	0.135815	0.461695	i-0.294166
3.298950	0.135758	0.461703	i-0.294037
3.299561	0.135701	0.461710	i-0.293909
3.300171	0.135644	0.461718	i-0.293780
3.300781	0.135586	0.461726	i-0.293651
3.301392	0.135529	0.461734	i-0.293523
3.302002	0.135472	0.461741	i-0.293394
3.302612	0.135415	0.461749	i-0.293265
3.303223	0.135358	0.461757	i-0.293137
3.303833	0.135301	0.461765	i-0.293008
3.304443	0.135244	0.461772	i-0.292880
3.305054	0.135187	0.461780	i-0.292751
3.305664	0.135129	0.461788	i-0.292623
3.306274	0.135072	0.461795	i-0.292494
3.306885	0.135015	0.461803	i-0.292366
3.307495	0.134958	0.461811	i-0.292237
3.308105	0.134901	0.461818	i-0.292109
3.308716	0.134844	0.461826	i-0.291981
3.309326	0.134787	0.461834	i-0.291852
3.309937	0.134730	0.461841	i-0.291724
3.310547	0.134673	0.461849	i-0.291596
3.311157	0.134616	0.461857	i-0.291467
3.311768	0.134559	0.461864	i-0.291339
3.312378	0.134502	0.461872	i-0.291211
3.312988	0.134445	0.461880	i-0.291083
3.313599	0.134388	0.461887	i-0.290955
3.314209	0.134331	0.461895	i-0.290827
3.314819	0.134274	0.461902	i-0.290699
3.315430	0.134218	0.461910	i-0.290571
3.316040	0.134161	0.461918	i-0.290443
3.316650	0.134104	0.461925	i-0.290315
3.317261	0.134047	0.461933	i-0.290187
3.317871	0.133990	0.461940	i-0.290059
3.318481	0.133933	0.461948	i-0.289931
3.319092	0.133876	0.461956	i-0.289803
3.319702	0.133819	0.461963	i-0.289675
3.320313	0.133763	0.461971	i-0.289548
3.320923	0.133706	0.461978	i-0.289420
3.321533	0.133649	0.461986	i-0.289292
3.322144	0.133592	0.461994	i-0.289164
3.322754	0.133535	0.462001	i-0.289037
3.323364	0.133479	0.462009	i-0.288909
3.323975	0.133422	0.462016	i-0.288782
3.324585	0.133365	0.462024	i-0.288654
3.325195	0.133308	0.462031	i-0.288526
3.325806	0.133251	0.462039	i-0.288399
3.326416	0.133195	0.462046	i-0.288271
3.327026	0.133138	0.462054	i-0.288144
3.327637	0.133081	0.462061	i-0.288016
3.328247	0.133025	0.462069	i-0.287889
3.328857	0.132968	0.462076	i-0.287762
3.329468	0.132911	0.462084	i-0.287634
3.330078	0.132854	0.462091	i-0.287507
3.330688	0.132798	0.462099	i-0.287380
3.331299	0.132741	0.462106	i-0.287252
3.331909	0.132684	0.462114	i-0.287125
3.332520	0.132628	0.462121	i-0.286998
3.333130	0.132571	0.462129	i-0.286871
3.333740	0.132515	0.462136	i-0.286744
3.334351	0.132458	0.462144	i-0.286616
3.334961	0.132401	0.462151	i-0.286489
3.335571	0.132345	0.462159	i-0.286362
3.336182	0.132288	0.462166	i-0.286235
3.336792	0.132232	0.462173	i-0.286108
3.337402	0.132175	0.462181	i-0.285981
3.338013	0.132118	0.462188	i-0.285854
3.338623	0.132062	0.462196	i-0.285727
3.339233	0.132005	0.462203	i-0.285600
3.339844	0.131949	0.462211	i-0.285474
3.340454	0.131892	0.462218	i-0.285347
3.341064	0.131836	0.462225	i-0.285220
3.341675	0.131779	0.462233	i-0.285093
3.342285	0.131723	0.462240	i-0.284966
3.342896	0.131666	0.462248	i-0.284840
3.343506	0.131610	0.462255	i-0.284713
3.344116	0.131553	0.462262	i-0.284586
3.344727	0.131497	0.462270	i-0.284460
3.345337	0.131441	0.462277	i-0.284333
3.345947	0.131384	0.462284	i-0.284206
3.346558	0.131328	0.462292	i-0.284080
3.347168	0.131271	0.462299	i-0.283953
3.347778	0.131215	0.462306	i-0.283827
3.348389	0.131159	0.462314	i-0.283700
3.348999	0.131102	0.462321	i-0.283574
3.349609	0.131046	0.462329	i-0.283447
3.350220	0.130989	0.462336	i-0.283321
3.350830	0.130933	0.462343	i-0.283195
3.351440	0.130877	0.462351	i-0.283068
3.352051	0.130820	0.462358	i-0.282942
3.352661	0.130764	0.462365	i-0.282816
3.353271	0.130708	0.462372	i-0.282689
3.353882	0.130651	0.462380	i-0.282563
3.354492	0.130595	0.462387	i-0.282437
3.355103	0.130539	0.462394	i-0.282311
3.355713	0.130483	0.462402	i-0.282185
3.356323	0.130426	0.462409	i-0.282058
3.356934	0.130370	0.462416	i-0.281932
3.357544	0.130314	0.462423	i-0.281806
3.358154	0.130258	0.462431	i-0.281680
3.358765	0.130201	0.462438	i-0.281554
3.359375	0.130145	0.462445	i-0.281428
3.359985	0.130089	0.462452	i-0.281302
3.360596	0.130033	0.462460	i-0.281176
3.361206	0.129977	0.462467	i-0.281050
3.361816	0.129920	0.462474	i-0.280925
3.362427	0.129864	0.462481	i-0.280799
3.363037	0.129808	0.462489	i-0.280673
3.363647	0.129752	0.462496	i-0.280547
3.364258	0.129696	0.462503	i-0.280421
3.364868	0.129640	0.462510	i-0.280296
3.365479	0.129584	0.462518	i-0.280170
3.366089	0.129527	0.462525	i-0.280044
3.366699	0.129471	0.462532	i-0.279919
3.367310	0.129415	0.462539	i-0.279793
3.367920	0.129359	0.462546	i-0.279667
3.368530	0.129303	0.462554	i-0.279542
3.369141	0.129247	0.462561	i-0.279416
3.369751	0.129191	0.462568	i-0.279291
3.370361	0.129135	0.462575	i-0.279165
3.370972	0.129079	0.462582	i-0.279040
3.371582	0.129023	0.462589	i-0.278914
3.372192	0.128967	0.462597	i-0.278789
3.372803	0.128911	0.462604	i-0.278664
3.373413	0.128855	0.462611	i-0.278538
3.374023	0.128799	0.462618	i-0.278413
3.374634	0.128743	0.462625	i-0.278288
3.375244	0.128687	0.462632	i-0.278162
3.375854	0.128631	0.462639	i-0.278037
3.376465	0.128575	0.462647	i-0.277912
3.377075	0.128519	0.462654	i-0.277787
3.377686	0.128463	0.462661	i-0.277661
3.378296	0.128407	0.462668	i-0.277536
3.378906	0.128351	0.462675	i-0.277411
3.379517	0.128295	0.462682	i-0.277286
3.380127	0.128239	0.462689	i-0.277161
3.380737	0.128184	0.462696	i-0.277036
3.381348	0.128128	0.462703	i-0.276911
3.381958	0.128072	0.462710	i-0.276786
3.382568	0.128016	0.462717	i-0.276661
3.383179	0.127960	0.462725	i-0.276536
3.383789	0.127904	0.462732	i-0.276411
3.384399	0.127848	0.462739	i-0.276286
3.385010	0.127793	0.462746	i-0.276162
3.385620	0.127737	0.462753	i-0.276037
3.386230	0.127681	0.462760	i-0.275912
3.386841	0.127625	0.462767	i-0.275787
3.387451	0.127569	0.462774	i-0.275662
3.388062	0.127514	0.462781	i-0.275538
3.388672	0.127458	0.462788	i-0.275413
3.389282	0.127402	0.462795	i-0.275288
3.389893	0.127346	0.462802	i-0.275164
3.390503	0.127291	0.462809	i-0.275039
3.391113	0.127235	0.462816	i-0.274915
3.391724	0.127179	0.462823	i-0.274790
3.392334	0.127123	0.462830	i-0.274666
3.392944	0.127068	0.462837	i-0.274541
3.393555	0.127012	0.462844	i-0.274417
3.394165	0.126956	0.462851	i-0.274292
3.394775	0.126901	0.462858	i-0.274168
3.395386	0.126845	0.462865	i-0.274043
3.395996	0.126789	0.462872	i-0.273919
3.396606	0.126734	0.462879	i-0.273795
3.397217	0.126678	0.462886	i-0.273670
3.397827	0.126623	0.462893	i-0.273546
3.398438	0.126567	0.462900	i-0.273422
3.399048	0.126511	0.462907	i-0.273298
3.399658	0.126456	0.462914	i-0.273173
3.400269	0.126400	0.462921	i-0.273049
3.400879	0.126345	0.462928	i-0.272925
3.401489	0.126289	0.462935	i-0.272801
3.402100	0.126233	0.462941	i-0.272677
3.402710	0.126178	0.462948	i-0.272553
3.403320	0.126122	0.462955	i-0.272429
3.403931	0.126067	0.462962	i-0.272305
3.404541	0.126011	0.462969	i-0.272181
3.405151	0.125956	0.462976	i-0.272057
3.405762	0.125900	0.462983	i-0.271933
3.406372	0.125845	0.462990	i-0.271809
3.406982	0.125789	0.462997	i-0.271685
3.407593	0.125734	0.463004	i-0.271561
3.408203	0.125678	0.463010	i-0.271437
3.408813	0.125623	0.463017	i-0.271313
3.409424	0.125567	0.463024	i-0.271190
3.410034	0.125512	0.463031	i-0.271066
3.410645	0.125456	0.463038	i-0.270942
3.411255	0.125401	0.463045	i-0.270818
3.411865	0.125346	0.463052	i-0.270695
3.412476	0.125290	0.463058	i-0.270571
3.413086	0.125235	0.463065	i-0.270447
3.413696	0.125179	0.463072	i-0.270324
3.414307	0.125124	0.463079	i-0.270200
3.414917	0.125069	0.463086	i-0.270077
3.415527	0.125013	0.463093	i-0.269953
3.416138	0.124958	0.463099	i-0.269830
3.416748	0.124903	0.463106	i-0.269706
3.417358	0.124847	0.463113	i-0.269583
3.417969	0.124792	0.463120	i-0.269459
3.418579	0.124737	0.463127	i-0.269336
3.419189	0.124681	0.463134	i-0.269213
3.419800	0.124626	0.463140	i-0.269089
3.420410	0.124571	0.463147	i-0.268966
3.421021	0.124516	0.463154	i-0.268843
3.421631	0.124460	0.463161	i-0.268719
3.422241	0.124405	0.463167	i-0.268596
3.422852	0.124350	0.463174	i-0.268473
3.423462	0.124295	0.463181	i-0.268350
3.424072	0.124239	0.463188	i-0.268227
3.424683	0.124184	0.463195	i-0.268103
3.425293	0.124129	0.463201	i-0.267980
3.425903	0.124074	0.463208	i-0.267857
3.426514	0.124018	0.463215	i-0.267734
3.427124	0.123963	0.463221	i-0.267611
3.427734	0.123908	0.463228	i-0.267488
3.428345	0.123853	0.463235	i-0.267365
3.428955	0.123798	0.463242	i-0.267242
3.429565	0.123743	0.463248	i-0.267119
3.430176	0.123687	0.463255	i-0.266996
3.430786	0.123632	0.463262	i-0.266873
3.431396	0.123577	0.463269	i-0.266751
3.432007	0.123522	0.463275	i-0.266628
3.432617	0.123467	0.463282	i-0.266505
3.433228	0.123412	0.463289	i-0.266382
3.433838	0.123357	0.463295	i-0.266259
3.434448	0.123302	0.463302	i-0.266137
3.435059	0.123247	0.463309	i-0.266014
3.435669	0.123192	0.463315	i-0.265891
3.436279	0.123136	0.463322	i-0.265769
3.436890	0.123081	0.463329	i-0.265646
3.437500	0.123026	0.463335	i-0.265523
3.438110	0.122971	0.463342	i-0.265401
3.438721	0.122916	0.463349	i-0.265278
3.439331	0.122861	0.463355	i-0.265156
3.439941	0.122806	0.463362	i-0.265033
3.440552	0.122751	0.463369	i-0.264911
3.441162	0.122696	0.463375	i-0.264788
3.441772	0.122641	0.463382	i-0.264666
3.442383	0.122586	0.463389	i-0.264544
3.442993	0.122531	0.463395	i-0.264421
3.443604	0.122477	0.463402	i-0.264299
3.444214	0.122422	0.463408	i-0.264177
3.444824	0.122367	0.463415	i-0.264054
3.445435	0.122312	0.463422	i-0.263932
3.446045	0.122257	0.463428	i-0.263810
3.446655	0.122202	0.463435	i-0.263687
3.447266	0.122147	0.463441	i-0.263565
3.447876	0.122092	0.463448	i-0.263443
3.448486	0.122037	0.463455	i-0.263321
3.449097	0.121982	0.463461	i-0.263199
3.449707	0.121928	0.463468	i-0.263077
3.450317	0.121873	0.463474	i-0.262955
3.450928	0.121818	0.463481	i-0.262833
3.451538	0.121763	0.463487	i-0.262711
3.452148	0.121708	0.463494	i-0.262589
3.452759	0.121653	0.463501	i-0.262467
3.453369	0.121599	0.463507	i-0.262345
3.453979	0.121544	0.463514	i-0.262223
3.454590	0.121489	0.463520	i-0.262101
3.455200	0.121434	0.463527	i-0.261979
3.455811	0.121379	0.463533	i-0.261857
3.456421	0.121325	0.463540	i-0.261735
3.457031	0.121270	0.463546	i-0.261613
3.457642	0.121215	0.463553	i-0.261492
3.458252	0.121160	0.463559	i-0.261370
3.458862	0.121106	0.463566	i-0.261248
3.459473	0.121051	0.463572	i-0.261126
3.460083	0.120996	0.463579	i-0.261005
3.460693	0.120942	0.463585	i-0.260883
3.461304	0.120887	0.463592	i-0.260762
3.461914	0.120832	0.463598	i-0.260640
3.462524	0.120778	0.463605	i-0.260518
3.463135	0.120723	0.463611	i-0.260397
3.463745	0.120668	0.463618	i-0.260275
3.464355	0.120614	0.463624	i-0.260154
3.464966	0.120559	0.463631	i-0.260032
3.465576	0.120504	0.463637	i-0.259911
3.466187	0.120450	0.463644	i-0.259789
3.466797	0.120395	0.463650	i-0.259668
3.467407	0.120340	0.463656	i-0.259547
3.468018	0.120286	0.463663	i-0.259425
3.468628	0.120231	0.463669	i-0.259304
3.469238	0.120177	0.463676	i-0.259183
3.469849	0.120122	0.463682	i-0.259061
3.470459	0.120068	0.463689	i-0.258940
3.471069	0.120013	0.463695	i-0.258819
3.471680	0.119958	0.463702	i-0.258698
3.472290	0.119904	0.463708	i-0.258576
3.472900	0.119849	0.463714	i-0.258455
3.473511	0.119795	0.463721	i-0.258334
3.474121	0.119740	0.463727	i-0.258213
3.474731	0.119686	0.463734	i-0.258092
3.475342	0.119631	0.463740	i-0.257971
3.475952	0.119577	0.463746	i-0.257850
3.476563	0.119522	0.463753	i-0.257729
3.477173	0.119468	0.463759	i-0.257608
3.477783	0.119414	0.463765	i-0.257487
3.478394	0.119359	0.463772	i-0.257366
3.479004	0.119305	0.463778	i-0.257245
3.479614	0.119250	0.463785	i-0.257124
3.480225	0.119196	0.463791	i-0.257003
3.480835	0.119141	0.463797	i-0.256882
3.481445	0.119087	0.463804	i-0.256762
3.482056	0.119033	0.463810	i-0.256641
3.482666	0.118978	0.463816	i-0.256520
3.483276	0.118924	0.463823	i-0.256399
3.483887	0.118869	0.463829	i-0.256278
3.484497	0.118815	0.463835	i-0.256158
3.485107	0.118761	0.463842	i-0.256037
3.485718	0.118706	0.463848	i-0.255916
3.486328	0.118652	0.463854	i-0.255796
3.486938	0.118598	0.463861	i-0.255675
3.487549	0.118543	0.463867	i-0.255555
3.488159	0.118489	0.463873	i-0.255434
3.488770	0.118435	0.463879	i-0.255314
3.489380	0.118380	0.463886	i-0.255193
3.489990	0.118326	0.463892	i-0.255073
3.490601	0.118272	0.463898	i-0.254952
3.491211	0.118218	0.463905	i-0.254832
3.491821	0.118163	0.463911	i-0.254711
3.492432	0.118109	0.463917	i-0.254591
3.493042	0.118055	0.463923	i-0.254470
3.493652	0.118001	0.463930	i-0.254350
3.494263	0.117946	0.463936	i-0.254230
3.494873	0.117892	0.463942	i-0.254109
3.495483	0.117838	0.463948	i-0.253989
3.496094	0.117784	0.463955	i-0.253869
3.496704	0.117730	0.463961	i-0.253749
3.497314	0.117675	0.463967	i-0.253629
3.497925	0.117621	0.463973	i-0.253508
3.498535	0.117567	0.463980	i-0.253388
3.499146	0.117513	0.463986	i-0.253268
3.499756	0.117459	0.463992	i-0.253148
3.500366	0.117405	0.463998	i-0.253028
3.500977	0.117350	0.464005	i-0.252908
3.501587	0.117296	0.464011	i-0.252788
3.502197	0.117242	0.464017	i-0.252668
3.502808	0.117188	0.464023	i-0.252548
3.503418	0.117134	0.464029	i-0.252428
3.504028	0.117080	0.464036	i-0.252308
3.504639	0.117026	0.464042	i-0.252188
3.505249	0.116972	0.464048	i-0.252068
3.505859	0.116918	0.464054	i-0.251948
3.506470	0.116864	0.464060	i-0.251828
3.507080	0.116809	0.464066	i-0.251709
3.507690	0.116755	0.464073	i-0.251589
3.508301	0.116701	0.464079	i-0.251469
3.508911	0.116647	0.464085	i-0.251349
3.509521	0.116593	0.464091	i-0.251229
3.510132	0.116539	0.464097	i-0.251110
3.510742	0.116485	0.464103	i-0.250990
3.511353	0.116431	0.464110	i-0.250870
3.511963	0.116377	0.464116	i-0.250751
3.512573	0.116323	0.464122	i-0.250631
3.513184	0.116269	0.464128	i-0.250512
3.513794	0.116215	0.464134	i-0.250392
3.514404	0.116162	0.464140	i-0.250272
3.515015	0.116108	0.464146	i-0.250153
3.515625	0.116054	0.464152	i-0.250033
3.516235	0.116000	0.464159	i-0.249914
3.516846	0.115946	0.464165	i-0.249795
3.517456	0.115892	0.464171	i-0.249675
3.518066	0.115838	0.464177	i-0.249556
3.518677	0.115784	0.464183	i-0.249436
3.519287	0.115730	0.464189	i-0.249317
3.519897	0.115676	0.464195	i-0.249198
3.520508	0.115622	0.464201	i-0.249078
3.521118	0.115569	0.464207	i-0.248959
3.521729	0.115515	0.464213	i-0.248840
3.522339	0.115461	0.464219	i-0.248720
3.522949	0.115407	0.464226	i-0.248601
3.523560	0.115353	0.464232	i-0.248482
3.524170	0.115299	0.464238	i-0.248363
3.524780	0.115246	0.464244	i-0.248244
3.525391	0.115192	0.464250	i-0.248125
3.526001	0.115138	0.464256	i-0.248006
3.526611	0.115084	0.464262	i-0.247886
3.527222	0.115030	0.464268	i-0.247767
3.527832	0.114977	0.464274	i-0.247648
3.528442	0.114923	0.464280	i-0.247529
3.529053	0.114869	0.464286	i-0.247410
3.529663	0.114815	0.464292	i-0.247291
3.530273	0.114762	0.464298	i-0.247172
3.530884	0.114708	0.464304	i-0.247053
3.531494	0.114654	0.464310	i-0.246935
3.532104	0.114600	0.464316	i-0.246816
3.532715	0.114547	0.464322	i-0.246697
3.533325	0.114493	0.464328	i-0.246578
3.533936	0.114439	0.464334	i-0.246459
3.534546	0.114386	0.464340	i-0.246340
3.535156	0.114332	0.464346	i-0.246222
3.535767	0.114278	0.464352	i-0.246103
3.536377	0.114225	0.464358	i-0.245984
3.536987	0.114171	0.464364	i-0.245866
3.537598	0.114117	0.464370	i-0.245747
3.538208	0.114064	0.464376	i-0.245628
3.538818	0.114010	0.464382	i-0.245510
3.539429	0.113957	0.464388	i-0.245391
3.540039	0.113903	0.464394	i-0.245272
3.540649	0.113849	0.464400	i-0.245154
3.541260	0.113796	0.464406	i-0.245035
3.541870	0.113742	0.464412	i-0.244917
3.542480	0.113689	0.464418	i-0.244798
3.543091	0.113635	0.464423	i-0.244680
3.543701	0.113581	0.464429	i-0.244561
3.544312	0.113528	0.464435	i-0.244443
3.544922	0.113474	0.464441	i-0.244325
3.545532	0.113421	0.464447	i-0.244206
3.546143	0.113367	0.464453	i-0.244088
3.546753	0.113314	0.464459	i-0.243969
3.547363	0.113260	0.464465	i-0.243851
3.547974	0.113207	0.464471	i-0.243733
3.548584	0.113153	0.464477	i-0.243615
3.549194	0.113100	0.464483	i-0.243496
3.549805	0.113046	0.464488	i-0.243378
3.550415	0.112993	0.464494	i-0.243260
3.551025	0.112939	0.464500	i-0.243142
3.551636	0.112886	0.464506	i-0.243024
3.552246	0.112833	0.464512	i-0.242905
3.552856	0.112779	0.464518	i-0.242787
3.553467	0.112726	0.464524	i-0.242669
3.554077	0.112672	0.464530	i-0.242551
3.554688	0.112619	0.464535	i-0.242433
3.555298	0.112565	0.464541	i-0.242315
3.555908	0.112512	0.464547	i-0.242197
3.556519	0.112459	0.464553	i-0.242079
3.557129	0.112405	0.464559	i-0.241961
3.557739	0.112352	0.464565	i-0.241843
3.558350	0.112298	0.464570	i-0.241725
3.558960	0.112245	0.464576	i-0.241607
3.559570	0.112192	0.464582	i-0.241490
3.560181	0.112138	0.464588	i-0.241372
3.560791	0.112085	0.464594	i-0.241254
3.561401	0.112032	0.464600	i-0.241136
3.562012	0.111978	0.464605	i-0.241018
3.562622	0.111925	0.464611	i-0.240901
3.563232	0.111872	0.464617	i-0.240783
3.563843	0.111819	0.464623	i-0.240665
3.564453	0.111765	0.464629	i-0.240547
3.565063	0.111712	0.464634	i-0.240430
3.565674	0.111659	0.464640	i-0.240312
3.566284	0.111605	0.464646	i-0.240195
3.566895	0.111552	0.464652	i-0.240077
3.567505	0.111499	0.464658	i-0.239959
3.568115	0.111446	0.464663	i-0.239842
3.568726	0.111392	0.464669	i-0.239724
3.569336	0.111339	0.464675	i-0.239607
3.569946	0.111286	0.464681	i-0.239489
3.570557	0.111233	0.464686	i-0.239372
3.571167	0.111180	0.464692	i-0.239254
3.571777	0.111126	0.464698	i-0.239137
3.572388	0.111073	0.464704	i-0.239020
3.572998	0.111020	0.464709	i-0.238902
3.573608	0.110967	0.464715	i-0.238785
3.574219	0.110914	0.464721	i-0.238667
3.574829	0.110861	0.464727	i-0.238550
3.575439	0.110807	0.464732	i-0.238433
3.576050	0.110754	0.464738	i-0.238316
3.576660	0.110701	0.464744	i-0.238198
3.577271	0.110648	0.464749	i-0.238081
3.577881	0.110595	0.464755	i-0.237964
3.578491	0.110542	0.464761	i-0.237847
3.579102	0.110489	0.464766	i-0.237730
3.579712	0.110436	0.464772	i-0.237612
3.580322	0.110383	0.464778	i-0.237495
3.580933	0.110329	0.464784	i-0.237378
3.581543	0.110276	0.464789	i-0.237261
3.582153	0.110223	0.464795	i-0.237144
3.582764	0.110170	0.464801	i-0.237027
3.583374	0.110117	0.464806	i-0.236910
3.583984	0.110064	0.464812	i-0.236793
3.584595	0.110011	0.464818	i-0.236676
3.585205	0.109958	0.464823	i-0.236559
3.585815	0.109905	0.464829	i-0.236442
3.586426	0.109852	0.464835	i-0.236325
3.587036	0.109799	0.464840	i-0.236208
3.587646	0.109746	0.464846	i-0.236091
3.588257	0.109693	0.464852	i-0.235975
3.588867	0.109640	0.464857	i-0.235858
3.589478	0.109587	0.464863	i-0.235741
3.590088	0.109534	0.464868	i-0.235624
3.590698	0.109481	0.464874	i-0.235507
3.591309	0.109428	0.464880	i-0.235391
3.591919	0.109375	0.464885	i-0.235274
3.592529	0.109323	0.464891	i-0.235157
3.593140	0.109270	0.464897	i-0.235041
3.593750	0.109217	0.464902	i-0.234924
3.594360	0.109164	0.464908	i-0.234807
3.594971	0.109111	0.464913	i-0.234691
3.595581	0.109058	0.464919	i-0.234574
3.596191	0.109005	0.464925	i-0.234458
3.596802	0.108952	0.464930	i-0.234341
3.597412	0.108899	0.464936	i-0.234225
3.598022	0.108847	0.464941	i-0.234108
3.598633	0.108794	0.464947	i-0.233992
3.599243	0.108741	0.464952	i-0.233875
3.599854	0.108688	0.464958	i-0.233759
3.600464	0.108635	0.464964	i-0.233642
3.601074	0.108582	0.464969	i-0.233526
3.601685	0.108530	0.464975	i-0.233409
3.602295	0.108477	0.464980	i-0.233293
3.602905	0.108424	0.464986	i-0.233177
3.603516	0.108371	0.464991	i-0.233061
3.604126	0.108318	0.464997	i-0.232944
3.604736	0.108266	0.465002	i-0.232828
3.605347	0.108213	0.465008	i-0.232712
3.605957	0.108160	0.465014	i-0.232595
3.606567	0.108107	0.465019	i-0.232479
3.607178	0.108055	0.465025	i-0.232363
3.607788	0.108002	0.465030	i-0.232247
3.608398	0.107949	0.465036	i-0.232131
3.609009	0.107896	0.465041	i-0.232015
3.609619	0.107844	0.465047	i-0.231899
3.610229	0.107791	0.465052	i-0.231782
3.610840	0.107738	0.465058	i-0.231666
3.611450	0.107686	0.465063	i-0.231550
3.612061	0.107633	0.465069	i-0.231434
3.612671	0.107580	0.465074	i-0.231318
3.613281	0.107528	0.465080	i-0.231202
3.613892	0.107475	0.465085	i-0.231086
3.614502	0.107422	0.465091	i-0.230970
3.615112	0.107370	0.465096	i-0.230855
3.615723	0.107317	0.465102	i-0.230739
3.616333	0.107264	0.465107	i-0.230623
3.616943	0.107212	0.465112	i-0.230507
3.617554	0.107159	0.465118	i-0.230391
3.618164	0.107106	0.465123	i-0.230275
3.618774	0.107054	0.465129	i-0.230160
3.619385	0.107001	0.465134	i-0.230044
3.619995	0.106949	0.465140	i-0.229928
3.620605	0.106896	0.465145	i-0.229812
3.621216	0.106844	0.465151	i-0.229697
3.621826	0.106791	0.465156	i-0.229581
3.622437	0.106738	0.465161	i-0.229465
3.623047	0.106686	0.465167	i-0.229350
3.623657	0.106633	0.465172	i-0.229234
3.624268	0.106581	0.465178	i-0.229118
3.624878	0.106528	0.465183	i-0.229003
3.625488	0.106476	0.465189	i-0.228887
3.626099	0.106423	0.465194	i-0.228772
3.626709	0.106371	0.465199	i-0.228656
3.627319	0.106318	0.465205	i-0.228541
3.627930	0.106266	0.465210	i-0.228425
3.628540	0.106213	0.465216	i-0.228310
3.629150	0.106161	0.465221	i-0.228194
3.629761	0.106108	0.465226	i-0.228079
3.630371	0.106056	0.465232	i-0.227963
3.630981	0.106003	0.465237	i-0.227848
3.631592	0.105951	0.465243	i-0.227733
3.632202	0.105899	0.465248	i-0.227617
3.632813	0.105846	0.465253	i-0.227502
3.633423	0.105794	0.465259	i-0.227387
3.634033	0.105741	0.465264	i-0.227272
3.634644	0.105689	0.465269	i-0.227156
3.635254	0.105636	0.465275	i-0.227041
3.635864	0.105584	0.465280	i-0.226926
3.636475	0.105532	0.465285	i-0.226811
3.637085	0.105479	0.465291	i-0.226695
3.637695	0.105427	0.465296	i-0.226580
3.638306	0.105375	0.465301	i-0.226465
3.638916	0.105322	0.465307	i-0.226350
3.639526	0.105270	0.465312	i-0.226235
3.640137	0.105218	0.465317	i-0.226120
3.640747	0.105165	0.465323	i-0.226005
3.641357	0.105113	0.465328	i-0.225890
3.641968	0.105061	0.465333	i-0.225775
3.642578	0.105008	0.465339	i-0.225660
3.643188	0.104956	0.465344	i-0.225545
3.643799	0.104904	0.465349	i-0.225430
3.644409	0.104851	0.465355	i-0.225315
3.645020	0.104799	0.465360	i-0.225200
3.645630	0.104747	0.465365	i-0.225085
3.646240	0.104695	0.465370	i-0.224970
3.646851	0.104642	0.465376	i-0.224855
3.647461	0.104590	0.465381	i-0.224741
3.648071	0.104538	0.465386	i-0.224626
3.648682	0.104486	0.465392	i-0.224511
3.649292	0.104433	0.465397	i-0.224396
3.649902	0.104381	0.465402	i-0.224281
3.650513	0.104329	0.465407	i-0.224167
3.651123	0.104277	0.465413	i-0.224052
3.651733	0.104224	0.465418	i-0.223937
3.652344	0.104172	0.465423	i-0.223823
3.652954	0.104120	0.465428	i-0.223708
3.653564	0.104068	0.465434	i-0.223593
3.654175	0.104016	0.465439	i-0.223479
3.654785	0.103964	0.465444	i-0.223364
3.655396	0.103911	0.465449	i-0.223250
3.656006	0.103859	0.465455	i-0.223135
3.656616	0.103807	0.465460	i-0.223021
3.657227	0.103755	0.465465	i-0.222906
3.657837	0.103703	0.465470	i-0.222792
3.658447	0.103651	0.465475	i-0.222677
3.659058	0.103599	0.465481	i-0.222563
3.659668	0.103546	0.465486	i-0.222448
3.660278	0.103494	0.465491	i-0.222334
3.660889	0.103442	0.465496	i-0.222219
3.661499	0.103390	0.465502	i-0.222105
3.662109	0.103338	0.465507	i-0.221991
3.662720	0.103286	0.465512	i-0.221876
3.663330	0.103234	0.465517	i-0.221762
3.663940	0.103182	0.465522	i-0.221648
3.664551	0.103130	0.465527	i-0.221533
3.665161	0.103078	0.465533	i-0.221419
3.665771	0.103026	0.465538	i-0.221305
3.666382	0.102974	0.465543	i-0.221191
3.666992	0.102922	0.465548	i-0.221077
3.667603	0.102870	0.465553	i-0.220962
3.668213	0.102818	0.465558	i-0.220848
3.668823	0.102766	0.465564	i-0.220734
3.669434	0.102714	0.465569	i-0.220620
3.670044	0.102662	0.465574	i-0.220506
3.670654	0.102610	0.465579	i-0.220392
3.671265	0.102558	0.465584	i-0.220278
3.671875	0.102506	0.465589	i-0.220164
3.672485	0.102454	0.465594	i-0.220050
3.673096	0.102402	0.465600	i-0.219936
3.673706	0.102350	0.465605	i-0.219822
3.674316	0.102298	0.465610	i-0.219708
3.674927	0.102246	0.465615	i-0.219594
3.675537	0.102194	0.465620	i-0.219480
3.676147	0.102142	0.465625	i-0.219366
3.676758	0.102090	0.465630	i-0.219252
3.677368	0.102039	0.465635	i-0.219138
3.677979	0.101987	0.465641	i-0.219024
3.678589	0.101935	0.465646	i-0.218911
3.679199	0.101883	0.465651	i-0.218797
3.679810	0.101831	0.465656	i-0.218683
3.680420	0.101779	0.465661	i-0.218569
3.681030	0.101727	0.465666	i-0.218455
3.681641	0.101675	0.465671	i-0.218342
3.682251	0.101624	0.465676	i-0.218228
3.682861	0.101572	0.465681	i-0.218114
3.683472	0.101520	0.465686	i-0.218001
3.684082	0.101468	0.465691	i-0.217887
3.684692	0.101416	0.465696	i-0.217773
3.685303	0.101364	0.465702	i-0.217660
3.685913	0.101313	0.465707	i-0.217546
3.686523	0.101261	0.465712	i-0.217433
3.687134	0.101209	0.465717	i-0.217319
3.687744	0.101157	0.465722	i-0.217205
3.688354	0.101106	0.465727	i-0.217092
3.688965	0.101054	0.465732	i-0.216978
3.689575	0.101002	0.465737	i-0.216865
3.690186	0.100950	0.465742	i-0.216751
3.690796	0.100898	0.465747	i-0.216638
3.691406	0.100847	0.465752	i-0.216525
3.692017	0.100795	0.465757	i-0.216411
3.692627	0.100743	0.465762	i-0.216298
3.693237	0.100692	0.465767	i-0.216184
3.693848	0.100640	0.465772	i-0.216071
3.694458	0.100588	0.465777	i-0.215958
3.695068	0.100536	0.465782	i-0.215844
3.695679	0.100485	0.465787	i-0.215731
3.696289	0.100433	0.465792	i-0.215618
3.696899	0.100381	0.465797	i-0.215505
3.697510	0.100330	0.465802	i-0.215391
3.698120	0.100278	0.465807	i-0.215278
3.698730	0.100226	0.465812	i-0.215165
3.699341	0.100175	0.465817	i-0.215052
3.699951	0.100123	0.465822	i-0.214939
3.700562	0.100072	0.465827	i-0.214826
3.701172	0.100020	0.465832	i-0.214712
3.701782	0.099968	0.465837	i-0.214599
3.702393	0.099917	0.465842	i-0.214486
3.703003	0.099865	0.465847	i-0.214373
3.703613	0.099813	0.465852	i-0.214260
3.704224	0.099762	0.465857	i-0.214147
3.704834	0.099710	0.465862	i-0.214034
3.705444	0.099659	0.465867	i-0.213921
3.706055	0.099607	0.465872	i-0.213808
3.706665	0.099556	0.465876	i-0.213695
3.707275	0.099504	0.465881	i-0.213582
3.707886	0.099452	0.465886	i-0.213469
3.708496	0.099401	0.465891	i-0.213357
3.709106	0.099349	0.465896	i-0.213244
3.709717	0.099298	0.465901	i-0.213131
3.710327	0.099246	0.465906	i-0.213018
3.710938	0.099195	0.465911	i-0.212905
3.711548	0.099143	0.465916	i-0.212792
3.712158	0.099092	0.465921	i-0.212680
3.712769	0.099040	0.465926	i-0.212567
3.713379	0.098989	0.465931	i-0.212454
3.713989	0.098937	0.465935	i-0.212341
3.714600	0.098886	0.465940	i-0.212229
3.715210	0.098834	0.465945	i-0.212116
3.715820	0.098783	0.465950	i-0.212003
3.716431	0.098731	0.465955	i-0.211891
3.717041	0.098680	0.465960	i-0.211778
3.717651	0.098629	0.465965	i-0.211665
3.718262	0.098577	0.465970	i-0.211553
3.718872	0.098526	0.465975	i-0.211440
3.719482	0.098474	0.465979	i-0.211328
3.720093	0.098423	0.465984	i-0.211215
3.720703	0.098372	0.465989	i-0.211103
3.721313	0.098320	0.465994	i-0.210990
3.721924	0.098269	0.465999	i-0.210878
3.722534	0.098217	0.466004	i-0.210765
3.723145	0.098166	0.466009	i-0.210653
3.723755	0.098115	0.466013	i-0.210540
3.724365	0.098063	0.466018	i-0.210428
3.724976	0.098012	0.466023	i-0.210315
3.725586	0.097960	0.466028	i-0.210203
3.726196	0.097909	0.466033	i-0.210091
3.726807	0.097858	0.466038	i-0.209978
3.727417	0.097806	0.466042	i-0.209866
3.728027	0.097755	0.466047	i-0.209754
3.728638	0.097704	0.466052	i-0.209641
3.729248	0.097653	0.466057	i-0.209529
3.729858	0.097601	0.466062	i-0.209417
3.730469	0.097550	0.466066	i-0.209305
3.731079	0.097499	0.466071	i-0.209193
3.731689	0.097447	0.466076	i-0.209080
3.732300	0.097396	0.466081	i-0.208968
3.732910	0.097345	0.466086	i-0.208856
3.733521	0.097294	0.466090	i-0.208744
3.734131	0.097242	0.466095	i-0.208632
3.734741	0.097191	0.466100	i-0.208520
3.735352	0.097140	0.466105	i-0.208408
3.735962	0.097089	0.466110	i-0.208296
3.736572	0.097037	0.466114	i-0.208183
3.737183	0.096986	0.466119	i-0.208071
3.737793	0.096935	0.466124	i-0.207959
3.738403	0.096884	0.466129	i-0.207847
3.739014	0.096832	0.466133	i-0.207735
3.739624	0.096781	0.466138	i-0.207624
3.740234	0.096730	0.466143	i-0.207512
3.740845	0.096679	0.466148	i-0.207400
3.741455	0.096628	0.466152	i-0.207288
3.742065	0.096577	0.466157	i-0.207176
3.742676	0.096525	0.466162	i-0.207064
3.743286	0.096474	0.466167	i-0.206952
3.743896	0.096423	0.466171	i-0.206840
3.744507	0.096372	0.466176	i-0.206729
3.745117	0.096321	0.466181	i-0.206617
3.745728	0.096270	0.466186	i-0.206505
3.746338	0.096219	0.466190	i-0.206393
3.746948	0.096167	0.466195	i-0.206281
3.747559	0.096116	0.466200	i-0.206170
3.748169	0.096065	0.466204	i-0.206058
3.748779	0.096014	0.466209	i-0.205946
3.749390	0.095963	0.466214	i-0.205835
3.750000	0.095912	0.466218	i-0.205723
3.750610	0.095861	0.466223	i-0.205611
3.751221	0.095810	0.466228	i-0.205500
3.751831	0.095759	0.466233	i-0.205388
3.752441	0.095708	0.466237	i-0.205277
3.753052	0.095657	0.466242	i-0.205165
3.753662	0.095606	0.466247	i-0.205054
3.754272	0.095554	0.466251	i-0.204942
3.754883	0.095503	0.466256	i-0.204831
3.755493	0.095452	0.466261	i-0.204719
3.756104	0.095401	0.466265	i-0.204608
3.756714	0.095350	0.466270	i-0.204496
3.757324	0.095299	0.466275	i-0.204385
3.757935	0.095248	0.466279	i-0.204273
3.758545	0.095197	0.466284	i-0.204162
3.759155	0.095146	0.466289	i-0.204050
3.759766	0.095095	0.466293	i-0.203939
3.760376	0.095044	0.466298	i-0.203828
3.760986	0.094993	0.466303	i-0.203716
3.761597	0.094943	0.466307	i-0.203605
3.762207	0.094892	0.466312	i-0.203494
3.762817	0.094841	0.466316	i-0.203383
3.763428	0.094790	0.466321	i-0.203271
3.764038	0.094739	0.466326	i-0.203160
3.764648	0.094688	0.466330	i-0.203049
3.765259	0.094637	0.466335	i-0.202938
3.765869	0.094586	0.466340	i-0.202826
3.766479	0.094535	0.466344	i-0.202715
3.767090	0.094484	0.466349	i-0.202604
3.767700	0.094433	0.466353	i-0.202493
3.768311	0.094382	0.466358	i-0.202382
3.768921	0.094331	0.466363	i-0.202271
3.769531	0.094281	0.466367	i-0.202160
3.770142	0.094230	0.466372	i-0.202049
3.770752	0.094179	0.466376	i-0.201938
3.771362	0.094128	0.466381	i-0.201826
3.771973	0.094077	0.466386	i-0.201715
3.772583	0.094026	0.466390	i-0.201604
3.773193	0.093975	0.466395	i-0.201494
3.773804	0.093925	0.466399	i-0.201383
3.774414	0.093874	0.466404	i-0.201272
3.775024	0.093823	0.466408	i-0.201161
3.775635	0.093772	0.466413	i-0.201050
3.776245	0.093721	0.466418	i-0.200939
3.776855	0.093671	0.466422	i-0.200828
3.777466	0.093620	0.466427	i-0.200717
3.778076	0.093569	0.466431	i-0.200606
3.778687	0.093518	0.466436	i-0.200495
3.779297	0.093467	0.466440	i-0.200385
3.779907	0.093417	0.466445	i-0.200274
3.780518	0.093366	0.466449	i-0.200163
3.781128	0.093315	0.466454	i-0.200052
3.781738	0.093264	0.466458	i-0.199942
3.782349	0.093214	0.466463	i-0.199831
3.782959	0.093163	0.466467	i-0.199720
3.783569	0.093112	0.466472	i-0.199609
3.784180	0.093062	0.466476	i-0.199499
3.784790	0.093011	0.466481	i-0.199388
3.785400	0.092960	0.466486	i-0.199278
3.786011	0.092909	0.466490	i-0.199167
3.786621	0.092859	0.466495	i-0.199056
3.787231	0.092808	0.466499	i-0.198946
3.787842	0.092757	0.466504	i-0.198835
3.788452	0.092707	0.466508	i-0.198725
3.789063	0.092656	0.466513	i-0.198614
3.789673	0.092605	0.466517	i-0.198504
3.790283	0.092555	0.466521	i-0.198393
3.790894	0.092504	0.466526	i-0.198283
3.791504	0.092453	0.466530	i-0.198172
3.792114	0.092403	0.466535	i-0.198062
3.792725	0.092352	0.466539	i-0.197951
3.793335	0.092301	0.466544	i-0.197841
3.793945	0.092251	0.466548	i-0.197730
3.794556	0.092200	0.466553	i-0.197620
3.795166	0.092150	0.466557	i-0.197510
3.795776	0.092099	0.466562	i-0.197399
3.796387	0.092048	0.466566	i-0.197289
3.796997	0.091998	0.466571	i-0.197179
3.797607	0.091947	0.466575	i-0.197068
3.798218	0.091897	0.466580	i-0.196958
3.798828	0.091846	0.466584	i-0.196848
3.799438	0.091796	0.466588	i-0.196738
3.800049	0.091745	0.466593	i-0.196627
3.800659	0.091694	0.466597	i-0.196517
3.801270	0.091644	0.466602	i-0.196407
3.801880	0.091593	0.466606	i-0.196297
3.802490	0.091543	0.466611	i-0.196187
3.803101	0.091492	0.466615	i-0.196077
3.803711	0.091442	0.466619	i-0.195966
3.804321	0.091391	0.466624	i-0.195856
3.804932	0.091341	0.466628	i-0.195746
3.805542	0.091290	0.466633	i-0.195636
3.806152	0.091240	0.466637	i-0.195526
3.806763	0.091189	0.466641	i-0.195416
3.807373	0.091139	0.466646	i-0.195306
3.807983	0.091088	0.466650	i-0.195196
3.808594	0.091038	0.466655	i-0.195086
3.809204	0.090987	0.466659	i-0.194976
3.809814	0.090937	0.466663	i-0.194866
3.810425	0.090886	0.466668	i-0.194756
3.811035	0.090836	0.466672	i-0.194646
3.811646	0.090786	0.466677	i-0.194536
3.812256	0.090735	0.466681	i-0.194426
3.812866	0.090685	0.466685	i-0.194317
3.813477	0.090634	0.466690	i-0.194207
3.814087	0.090584	0.466694	i-0.194097
3.814697	0.090533	0.466698	i-0.193987
3.815308	0.090483	0.466703	i-0.193877
3.815918	0.090433	0.466707	i-0.193767
3.816528	0.090382	0.466711	i-0.193658
3.817139	0.090332	0.466716	i-0.193548
3.817749	0.090281	0.466720	i-0.193438
3.818359	0.090231	0.466724	i-0.193328
3.818970	0.090181	0.466729	i-0.193219
3.819580	0.090130	0.466733	i-0.193109
3.820190	0.090080	0.466737	i-0.192999
3.820801	0.090030	0.466742	i-0.192890
3.821411	0.089979	0.466746	i-0.192780
3.822021	0.089929	0.466750	i-0.192670
3.822632	0.089879	0.466755	i-0.192561
3.823242	0.089828	0.466759	i-0.192451
3.823853	0.089778	0.466763	i-0.192342
3.824463	0.089728	0.466768	i-0.192232
3.825073	0.089677	0.466772	i-0.192122
3.825684	0.089627	0.466776	i-0.192013
3.826294	0.089577	0.466781	i-0.191903
3.826904	0.089527	0.466785	i-0.191794
3.827515	0.089476	0.466789	i-0.191684
3.828125	0.089426	0.466793	i-0.191575
3.828735	0.089376	0.466798	i-0.191466
3.829346	0.089325	0.466802	i-0.191356
3.829956	0.089275	0.466806	i-0.191247
3.830566	0.089225	0.466811	i-0.191137
3.831177	0.089175	0.466815	i-0.191028
3.831787	0.089124	0.466819	i-0.190919
3.832397	0.089074	0.466823	i-0.190809
3.833008	0.089024	0.466828	i-0.190700
3.833618	0.088974	0.466832	i-0.190591
3.834229	0.088924	0.466836	i-0.190481
3.834839	0.088873	0.466840	i-0.190372
3.835449	0.088823	0.466845	i-0.190263
3.836060	0.088773	0.466849	i-0.190153
3.836670	0.088723	0.466853	i-0.190044
3.837280	0.088673	0.466857	i-0.189935
3.837891	0.088622	0.466862	i-0.189826
3.838501	0.088572	0.466866	i-0.189717
3.839111	0.088522	0.466870	i-0.189607
3.839722	0.088472	0.466874	i-0.189498
3.840332	0.088422	0.466879	i-0.189389
3.840942	0.088372	0.466883	i-0.189280
3.841553	0.088321	0.466887	i-0.189171
3.842163	0.088271	0.466891	i-0.189062
3.842773	0.088221	0.466896	i-0.188953
3.843384	0.088171	0.466900	i-0.188844
3.843994	0.088121	0.466904	i-0.188735
3.844604	0.088071	0.466908	i-0.188626
3.845215	0.088021	0.466912	i-0.188517
3.845825	0.087971	0.466917	i-0.188408
3.846436	0.087921	0.466921	i-0.188299
3.847046	0.087870	0.466925	i-0.188190
3.847656	0.087820	0.466929	i-0.188081
3.848267	0.087770	0.466933	i-0.187972
3.848877	0.087720	0.466938	i-0.187863
3.849487	0.087670	0.466942	i-0.187754
3.850098	0.087620	0.466946	i-0.187645
3.850708	0.087570	0.466950	i-0.187536
3.851318	0.087520	0.466954	i-0.187427
3.851929	0.087470	0.466958	i-0.187318
3.852539	0.087420	0.466963	i-0.187210
3.853149	0.087370	0.466967	i-0.187101
3.853760	0.087320	0.466971	i-0.186992
3.854370	0.087270	0.466975	i-0.186883
3.854980	0.087220	0.466979	i-0.186774
3.855591	0.087170	0.466983	i-0.186666
3.856201	0.087120	0.466988	i-0.186557
3.856812	0.087070	0.466992	i-0.186448
3.857422	0.087020	0.466996	i-0.186340
3.858032	0.086970	0.467000	i-0.186231
3.858643	0.086920	0.467004	i-0.186122
3.859253	0.086870	0.467008	i-0.186014
3.859863	0.086820	0.467012	i-0.185905
3.860474	0.086770	0.467017	i-0.185796
3.861084	0.086720	0.467021	i-0.185688
3.861694	0.086670	0.467025	i-0.185579
3.862305	0.086620	0.467029	i-0.185471
3.862915	0.086570	0.467033	i-0.185362
3.863525	0.086520	0.467037	i-0.185254
3.864136	0.086470	0.467041	i-0.185145
3.864746	0.086420	0.467045	i-0.185036
3.865356	0.086371	0.467049	i-0.184928
3.865967	0.086321	0.467054	i-0.184820
3.866577	0.086271	0.467058	i-0.184711
3.867188	0.086221	0.467062	i-0.184603
3.867798	0.086171	0.467066	i-0.184494
3.868408	0.086121	0.467070	i-0.184386
3.869019	0.086071	0.467074	i-0.184277
3.869629	0.086021	0.467078	i-0.184169
3.870239	0.085971	0.467082	i-0.184061
3.870850	0.085922	0.467086	i-0.183952
3.871460	0.085872	0.467090	i-0.183844
3.872070	0.085822	0.467094	i-0.183736
3.872681	0.085772	0.467098	i-0.183627
3.873291	0.085722	0.467103	i-0.183519
3.873901	0.085672	0.467107	i-0.183411
3.874512	0.085623	0.467111	i-0.183302
3.875122	0.085573	0.467115	i-0.183194
3.875732	0.085523	0.467119	i-0.183086
3.876343	0.085473	0.467123	i-0.182978
3.876953	0.085423	0.467127	i-0.182870
3.877563	0.085373	0.467131	i-0.182761
3.878174	0.085324	0.467135	i-0.182653
3.878784	0.085274	0.467139	i-0.182545
3.879395	0.085224	0.467143	i-0.182437
3.880005	0.085174	0.467147	i-0.182329
3.880615	0.085125	0.467151	i-0.182221
3.881226	0.085075	0.467155	i-0.182113
3.881836	0.085025	0.467159	i-0.182005
3.882446	0.084975	0.467163	i-0.181896
3.883057	0.084926	0.467167	i-0.181788
3.883667	0.084876	0.467171	i-0.181680
3.884277	0.084826	0.467175	i-0.181572
3.884888	0.084776	0.467179	i-0.181464
3.885498	0.084727	0.467183	i-0.181356
3.886108	0.084677	0.467187	i-0.181248
3.886719	0.084627	0.467191	i-0.181140
3.887329	0.084578	0.467195	i-0.181033
3.887939	0.084528	0.467199	i-0.180925
3.888550	0.084478	0.467203	i-0.180817
3.889160	0.084428	0.467207	i-0.180709
3.889771	0.084379	0.467211	i-0.180601
3.890381	0.084329	0.467215	i-0.180493
3.890991	0.084279	0.467219	i-0.180385
3.891602	0.084230	0.467223	i-0.180277
3.892212	0.084180	0.467227	i-0.180170
3.892822	0.084130	0.467231	i-0.180062
3.893433	0.084081	0.467235	i-0.179954
3.894043	0.084031	0.467239	i-0.179846
3.894653	0.083982	0.467243	i-0.179738
3.895264	0.083932	0.467247	i-0.179631
3.895874	0.083882	0.467251	i-0.179523
3.896484	0.083833	0.467255	i-0.179415
3.897095	0.083783	0.467259	i-0.179308
3.897705	0.083733	0.467263	i-0.179200
3.898315	0.083684	0.467267	i-0.179092
3.898926	0.083634	0.467271	i-0.178985
3.899536	0.083585	0.467275	i-0.178877
3.900146	0.083535	0.467279	i-0.178769
3.900757	0.083485	0.467282	i-0.178662
3.901367	0.083436	0.467286	i-0.178554
3.901978	0.083386	0.467290	i-0.178447
3.902588	0.083337	0.467294	i-0.178339
3.903198	0.083287	0.467298	i-0.178231
3.903809	0.083238	0.467302	i-0.178124
3.904419	0.083188	0.467306	i-0.178016
3.905029	0.083139	0.467310	i-0.177909
3.905640	0.083089	0.467314	i-0.177801
3.906250	0.083040	0.467318	i-0.177694
3.906860	0.082990	0.467322	i-0.177586
3.907471	0.082940	0.467326	i-0.177479
3.908081	0.082891	0.467329	i-0.177372
3.908691	0.082841	0.467333	i-0.177264
3.909302	0.082792	0.467337	i-0.177157
3.909912	0.082742	0.467341	i-0.177049
3.910522	0.082693	0.467345	i-0.176942
3.911133	0.082643	0.467349	i-0.176835
3.911743	0.082594	0.467353	i-0.176727
3.912354	0.082545	0.467357	i-0.176620
3.912964	0.082495	0.467361	i-0.176513
3.913574	0.082446	0.467364	i-0.176405
3.914185	0.082396	0.467368	i-0.176298
3.914795	0.082347	0.467372	i-0.176191
3.915405	0.082297	0.467376	i-0.176084
3.916016	0.082248	0.467380	i-0.175976
3.916626	0.082198	0.467384	i-0.175869
3.917236	0.082149	0.467388	i-0.175762
3.917847	0.082100	0.467391	i-0.175655
3.918457	0.082050	0.467395	i-0.175548
3.919067	0.082001	0.467399	i-0.175440
3.919678	0.081951	0.467403	i-0.175333
3.920288	0.081902	0.467407	i-0.175226
3.920898	0.081852	0.467411	i-0.175119
3.921509	0.081803	0.467415	i-0.175012
3.922119	0.081754	0.467418	i-0.174905
3.922729	0.081704	0.467422	i-0.174798
3.923340	0.081655	0.467426	i-0.174691
3.923950	0.081606	0.467430	i-0.174584
3.924561	0.081556	0.467434	i-0.174477
3.925171	0.081507	0.467437	i-0.174370
3.925781	0.081458	0.467441	i-0.174263
3.926392	0.081408	0.467445	i-0.174156
3.927002	0.081359	0.467449	i-0.174049
3.927612	0.081309	0.467453	i-0.173942
3.928223	0.081260	0.467457	i-0.173835
3.928833	0.081211	0.467460	i-0.173728
3.929443	0.081162	0.467464	i-0.173621
3.930054	0.081112	0.467468	i-0.173514
3.930664	0.081063	0.467472	i-0.173407
3.931274	0.081014	0.467476	i-0.173300
3.931885	0.080964	0.467479	i-0.173193
3.932495	0.080915	0.467483	i-0.173086
3.933105	0.080866	0.467487	i-0.172980
3.933716	0.080816	0.467491	i-0.172873
3.934326	0.080767	0.467494	i-0.172766
3.934937	0.080718	0.467498	i-0.172659
3.935547	0.080669	0.467502	i-0.172552
3.936157	0.080619	0.467506	i-0.172446
3.936768	0.080570	0.467509	i-0.172339
3.937378	0.080521	0.467513	i-0.172232
3.937988	0.080472	0.467517	i-0.172126
3.938599	0.080422	0.467521	i-0.172019
3.939209	0.080373	0.467525	i-0.171912
3.939819	0.080324	0.467528	i-0.171805
3.940430	0.080275	0.467532	i-0.171699
3.941040	0.080225	0.467536	i-0.171592
3.941650	0.080176	0.467540	i-0.171486
3.942261	0.080127	0.467543	i-0.171379
3.942871	0.080078	0.467547	i-0.171272
3.943481	0.080029	0.467551	i-0.171166
3.944092	0.079979	0.467554	i-0.171059
3.944702	0.079930	0.467558	i-0.170953
3.945313	0.079881	0.467562	i-0.170846
3.945923	0.079832	0.467566	i-0.170739
3.946533	0.079783	0.467569	i-0.170633
3.947144	0.079734	0.467573	i-0.170526
3.947754	0.079684	0.467577	i-0.170420
3.948364	0.079635	0.467580	i-0.170314
3.948975	0.079586	0.467584	i-0.170207
3.949585	0.079537	0.467588	i-0.170101
3.950195	0.079488	0.467592	i-0.169994
3.950806	0.079439	0.467595	i-0.169888
3.951416	0.079390	0.467599	i-0.169781
3.952026	0.079340	0.467603	i-0.169675
3.952637	0.079291	0.467606	i-0.169569
3.953247	0.079242	0.467610	i-0.169462
3.953857	0.079193	0.467614	i-0.169356
3.954468	0.079144	0.467617	i-0.169250
3.955078	0.079095	0.467621	i-0.169143
3.955688	0.079046	0.467625	i-0.169037
3.956299	0.078997	0.467628	i-0.168931
3.956909	0.078948	0.467632	i-0.168824
3.957520	0.078899	0.467636	i-0.168718
3.958130	0.078850	0.467639	i-0.168612
3.958740	0.078800	0.467643	i-0.168506
3.959351	0.078751	0.467647	i-0.168399
3.959961	0.078702	0.467650	i-0.168293
3.960571	0.078653	0.467654	i-0.168187
3.961182	0.078604	0.467658	i-0.168081
3.961792	0.078555	0.467661	i-0.167975
3.962402	0.078506	0.467665	i-0.167868
3.963013	0.078457	0.467669	i-0.167762
3.963623	0.078408	0.467672	i-0.167656
3.964233	0.078359	0.467676	i-0.167550
3.964844	0.078310	0.467680	i-0.167444
3.965454	0.078261	0.467683	i-0.167338
3.966064	0.078212	0.467687	i-0.167232
3.966675	0.078163	0.467690	i-0.167126
3.967285	0.078114	0.467694	i-0.167020
3.967896	0.078065	0.467698	i-0.166914
3.968506	0.078016	0.467701	i-0.166808
3.969116	0.077967	0.467705	i-0.166702
3.969727	0.077918	0.467709	i-0.166596
3.970337	0.077869	0.467712	i-0.166490
3.970947	0.077820	0.467716	i-0.166384
3.971558	0.077771	0.467719	i-0.166278
3.972168	0.077722	0.467723	i-0.166172
3.972778	0.077673	0.467727	i-0.166066
3.973389	0.077625	0.467730	i-0.165960
3.973999	0.077576	0.467734	i-0.165854
3.974609	0.077527	0.467737	i-0.165748
3.975220	0.077478	0.467741	i-0.165642
3.975830	0.077429	0.467745	i-0.165537
3.976440	0.077380	0.467748	i-0.165431
3.977051	0.077331	0.467752	i-0.165325
3.977661	0.077282	0.467755	i-0.165219
3.978271	0.077233	0.467759	i-0.165113
3.978882	0.077184	0.467762	i-0.165007
3.979492	0.077135	0.467766	i-0.164902
3.980103	0.077087	0.467770	i-0.164796
3.980713	0.077038	0.467773	i-0.164690
3.981323	0.076989	0.467777	i-0.164584
3.981934	0.076940	0.467780	i-0.164479
3.982544	0.076891	0.467784	i-0.164373
3.983154	0.076842	0.467787	i-0.164267
3.983765	0.076793	0.467791	i-0.164162
3.984375	0.076745	0.467794	i-0.164056
3.984985	0.076696	0.467798	i-0.163950
3.985596	0.076647	0.467802	i-0.163845
3.986206	0.076598	0.467805	i-0.163739
3.986816	0.076549	0.467809	i-0.163634
3.987427	0.076500	0.467812	i-0.163528
3.988037	0.076452	0.467816	i-0.163422
3.988647	0.076403	0.467819	i-0.163317
3.989258	0.076354	0.467823	i-0.163211
3.989868	0.076305	0.467826	i-0.163106
3.990479	0.076256	0.467830	i-0.163000
3.991089	0.076208	0.467833	i-0.162895
3.991699	0.076159	0.467837	i-0.162789
3.992310	0.076110	0.467840	i-0.162684
3.992920	0.076061	0.467844	i-0.162578
3.993530	0.076012	0.467847	i-0.162473
3.994141	0.075964	0.467851	i-0.162367
3.994751	0.075915	0.467854	i-0.162262
3.995361	0.075866	0.467858	i-0.162156
3.995972	0.075817	0.467861	i-0.162051
3.996582	0.075769	0.467865	i-0.161946
3.997192	0.075720	0.467868	i-0.161840
3.997803	0.075671	0.467872	i-0.161735
3.998413	0.075622	0.467875	i-0.161629
3.999023	0.075574	0.467879	i-0.161524
3.999634	0.075525	0.467882	i-0.161419
4.000244	0.075476	0.467886	i-0.161314
4.000854	0.075428	0.467889	i-0.161208
4.001465	0.075379	0.467893	i-0.161103
4.002075	0.075330	0.467896	i-0.160998
4.002686	0.075281	0.467900	i-0.160892
4.003296	0.075233	0.467903	i-0.160787
4.003906	0.075184	0.467907	i-0.160682
4.004517	0.075135	0.467910	i-0.160577
4.005127	0.075087	0.467913	i-0.160471
4.005737	0.075038	0.467917	i-0.160366
4.006348	0.074989	0.467920	i-0.160261
4.006958	0.074941	0.467924	i-0.160156
4.007568	0.074892	0.467927	i-0.160051
4.008179	0.074843	0.467931	i-0.159946
4.008789	0.074795	0.467934	i-0.159840
4.009399	0.074746	0.467938	i-0.159735
4.010010	0.074698	0.467941	i-0.159630
4.010620	0.074649	0.467944	i-0.159525
4.011230	0.074600	0.467948	i-0.159420
4.011841	0.074552	0.467951	i-0.159315
4.012451	0.074503	0.467955	i-0.159210
4.013062	0.074454	0.467958	i-0.159105
4.013672	0.074406	0.467962	i-0.159000
4.014282	0.074357	0.467965	i-0.158895
4.014893	0.074309	0.467968	i-0.158790
4.015503	0.074260	0.467972	i-0.158685
4.016113	0.074211	0.467975	i-0.158580
4.016724	0.074163	0.467979	i-0.158475
4.017334	0.074114	0.467982	i-0.158370
4.017944	0.074066	0.467985	i-0.158265
4.018555	0.074017	0.467989	i-0.158160
4.019165	0.073969	0.467992	i-0.158055
4.019775	0.073920	0.467996	i-0.157950
4.020386	0.073871	0.467999	i-0.157845
4.020996	0.073823	0.468002	i-0.157741
4.021606	0.073774	0.468006	i-0.157636
4.022217	0.073726	0.468009	i-0.157531
4.022827	0.073677	0.468012	i-0.157426
4.023438	0.073629	0.468016	i-0.157321
4.024048	0.073580	0.468019	i-0.157216
4.024658	0.073532	0.468023	i-0.157112
4.025269	0.073483	0.468026	i-0.157007
4.025879	0.073435	0.468029	i-0.156902
4.026489	0.073386	0.468033	i-0.156797
4.027100	0.073338	0.468036	i-0.156693
4.027710	0.073289	0.468039	i-0.156588
4.028320	0.073241	0.468043	i-0.156483
4.028931	0.073192	0.468046	i-0.156378
4.029541	0.073144	0.468049	i-0.156274
4.030151	0.073095	0.468053	i-0.156169
4.030762	0.073047	0.468056	i-0.156064
4.031372	0.072998	0.468059	i-0.155960
4.031982	0.072950	0.468063	i-0.155855
4.032593	0.072901	0.468066	i-0.155750
4.033203	0.072853	0.468069	i-0.155646
4.033813	0.072805	0.468073	i-0.155541
4.034424	0.072756	0.468076	i-0.155437
4.035034	0.072708	0.468079	i-0.155332
4.035645	0.072659	0.468083	i-0.155227
4.036255	0.072611	0.468086	i-0.155123
4.036865	0.072562	0.468089	i-0.155018
4.037476	0.072514	0.468093	i-0.154914
4.038086	0.072466	0.468096	i-0.154809
4.038696	0.072417	0.468099	i-0.154705
4.039307	0.072369	0.468103	i-0.154600
4.039917	0.072320	0.468106	i-0.154496
4.040527	0.072272	0.468109	i-0.154391
4.041138	0.072224	0.468113	i-0.154287
4.041748	0.072175	0.468116	i-0.154182
4.042358	0.072127	0.468119	i-0.154078
4.042969	0.072079	0.468122	i-0.153974
4.043579	0.072030	0.468126	i-0.153869
4.044189	0.071982	0.468129	i-0.153765
4.044800	0.071933	0.468132	i-0.153660
4.045410	0.071885	0.468136	i-0.153556
4.046021	0.071837	0.468139	i-0.153452
4.046631	0.071788	0.468142	i-0.153347
4.047241	0.071740	0.468145	i-0.153243
4.047852	0.071692	0.468149	i-0.153139
4.048462	0.071643	0.468152	i-0.153034
4.049072	0.071595	0.468155	i-0.152930
4.049683	0.071547	0.468158	i-0.152826
4.050293	0.071498	0.468162	i-0.152722
4.050903	0.071450	0.468165	i-0.152617
4.051514	0.071402	0.468168	i-0.152513
4.052124	0.071353	0.468171	i-0.152409
4.052734	0.071305	0.468175	i-0.152305
4.053345	0.071257	0.468178	i-0.152200
4.053955	0.071209	0.468181	i-0.152096
4.054565	0.071160	0.468184	i-0.151992
4.055176	0.071112	0.468188	i-0.151888
4.055786	0.071064	0.468191	i-0.151784
4.056396	0.071016	0.468194	i-0.151680
4.057007	0.070967	0.468197	i-0.151575
4.057617	0.070919	0.468201	i-0.151471
4.058228	0.070871	0.468204	i-0.151367
4.058838	0.070822	0.468207	i-0.151263
4.059448	0.070774	0.468210	i-0.151159
4.060059	0.070726	0.468213	i-0.151055
4.060669	0.070678	0.468217	i-0.150951
4.061279	0.070630	0.468220	i-0.150847
4.061890	0.070581	0.468223	i-0.150743
4.062500	0.070533	0.468226	i-0.150639
4.063110	0.070485	0.468230	i-0.150535
4.063721	0.070437	0.468233	i-0.150431
4.064331	0.070388	0.468236	i-0.150327
4.064941	0.070340	0.468239	i-0.150223
4.065552	0.070292	0.468242	i-0.150119
4.066162	0.070244	0.468246	i-0.150015
4.066772	0.070196	0.468249	i-0.149911
4.067383	0.070147	0.468252	i-0.149807
4.067993	0.070099	0.468255	i-0.149703
4.068604	0.070051	0.468258	i-0.149599
4.069214	0.070003	0.468261	i-0.149495
4.069824	0.069955	0.468265	i-0.149392
4.070435	0.069907	0.468268	i-0.149288
4.071045	0.069858	0.468271	i-0.149184
4.071655	0.069810	0.468274	i-0.149080
4.072266	0.069762	0.468277	i-0.148976
4.072876	0.069714	0.468280	i-0.148872
4.073486	0.069666	0.468284	i-0.148769
4.074097	0.069618	0.468287	i-0.148665
4.074707	0.069570	0.468290	i-0.148561
4.075317	0.069521	0.468293	i-0.148457
4.075928	0.069473	0.468296	i-0.148353
4.076538	0.069425	0.468299	i-0.148250
4.077148	0.069377	0.468303	i-0.148146
4.077759	0.069329	0.468306	i-0.148042
4.078369	0.069281	0.468309	i-0.147939
4.078979	0.069233	0.468312	i-0.147835
4.079590	0.069185	0.468315	i-0.147731
4.080200	0.069137	0.468318	i-0.147627
4.080811	0.069089	0.468321	i-0.147524
4.081421	0.069040	0.468324	i-0.147420
4.082031	0.068992	0.468328	i-0.147317
4.082642	0.068944	0.468331	i-0.147213
4.083252	0.068896	0.468334	i-0.147109
4.083862	0.068848	0.468337	i-0.147006
4.084473	0.068800	0.468340	i-0.146902
4.085083	0.068752	0.468343	i-0.146799
4.085693	0.068704	0.468346	i-0.146695
4.086304	0.068656	0.468349	i-0.146591
4.086914	0.068608	0.468352	i-0.146488
4.087524	0.068560	0.468356	i-0.146384
4.088135	0.068512	0.468359	i-0.146281
4.088745	0.068464	0.468362	i-0.146177
4.089355	0.068416	0.468365	i-0.146074
4.089966	0.068368	0.468368	i-0.145970
4.090576	0.068320	0.468371	i-0.145867
4.091187	0.068272	0.468374	i-0.145763
4.091797	0.068224	0.468377	i-0.145660
4.092407	0.068176	0.468380	i-0.145556
4.093018	0.068128	0.468383	i-0.145453
4.093628	0.068080	0.468386	i-0.145350
4.094238	0.068032	0.468390	i-0.145246
4.094849	0.067984	0.468393	i-0.145143
4.095459	0.067936	0.468396	i-0.145039
4.096069	0.067888	0.468399	i-0.144936
4.096680	0.067840	0.468402	i-0.144833
4.097290	0.067792	0.468405	i-0.144729
4.097900	0.067744	0.468408	i-0.144626
4.098511	0.067696	0.468411	i-0.144523
4.099121	0.067648	0.468414	i-0.144419
4.099731	0.067600	0.468417	i-0.144316
4.100342	0.067552	0.468420	i-0.144213
4.100952	0.067504	0.468423	i-0.144110
4.101563	0.067456	0.468426	i-0.144006
4.102173	0.067408	0.468429	i-0.143903
4.102783	0.067360	0.468432	i-0.143800
4.103394	0.067313	0.468435	i-0.143697
4.104004	0.067265	0.468438	i-0.143593
4.104614	0.067217	0.468441	i-0.143490
4.105225	0.067169	0.468444	i-0.143387
4.105835	0.067121	0.468447	i-0.143284
4.106445	0.067073	0.468450	i-0.143181
4.107056	0.067025	0.468453	i-0.143077
4.107666	0.066977	0.468456	i-0.142974
4.108276	0.066929	0.468459	i-0.142871
4.108887	0.066881	0.468463	i-0.142768
4.109497	0.066834	0.468466	i-0.142665
4.110107	0.066786	0.468469	i-0.142562
4.110718	0.066738	0.468472	i-0.142459
4.111328	0.066690	0.468475	i-0.142356
4.111938	0.066642	0.468478	i-0.142253
4.112549	0.066594	0.468481	i-0.142150
4.113159	0.066546	0.468484	i-0.142047
4.113770	0.066499	0.468487	i-0.141943
4.114380	0.066451	0.468490	i-0.141840
4.114990	0.066403	0.468492	i-0.141737
4.115601	0.066355	0.468495	i-0.141634
4.116211	0.066307	0.468498	i-0.141531
4.116821	0.066259	0.468501	i-0.141429
4.117432	0.066212	0.468504	i-0.141326
4.118042	0.066164	0.468507	i-0.141223
4.118652	0.066116	0.468510	i-0.141120
4.119263	0.066068	0.468513	i-0.141017
4.119873	0.066020	0.468516	i-0.140914
4.120483	0.065973	0.468519	i-0.140811
4.121094	0.065925	0.468522	i-0.140708
4.121704	0.065877	0.468525	i-0.140605
4.122314	0.065829	0.468528	i-0.140502
4.122925	0.065781	0.468531	i-0.140399
4.123535	0.065734	0.468534	i-0.140297
4.124146	0.065686	0.468537	i-0.140194
4.124756	0.065638	0.468540	i-0.140091
4.125366	0.065590	0.468543	i-0.139988
4.125977	0.065543	0.468546	i-0.139885
4.126587	0.065495	0.468549	i-0.139782
4.127197	0.065447	0.468552	i-0.139680
4.127808	0.065399	0.468555	i-0.139577
4.128418	0.065352	0.468558	i-0.139474
4.129028	0.065304	0.468561	i-0.139371
4.129639	0.065256	0.468563	i-0.139269
4.130249	0.065208	0.468566	i-0.139166
4.130859	0.065161	0.468569	i-0.139063
4.131470	0.065113	0.468572	i-0.138960
4.132080	0.065065	0.468575	i-0.138858
4.132690	0.065018	0.468578	i-0.138755
4.133301	0.064970	0.468581	i-0.138652
4.133911	0.064922	0.468584	i-0.138550
4.134521	0.064874	0.468587	i-0.138447
4.135132	0.064827	0.468590	i-0.138344
4.135742	0.064779	0.468593	i-0.138242
4.136353	0.064731	0.468595	i-0.138139
4.136963	0.064684	0.468598	i-0.138037
4.137573	0.064636	0.468601	i-0.137934
4.138184	0.064588	0.468604	i-0.137831
4.138794	0.064541	0.468607	i-0.137729
4.139404	0.064493	0.468610	i-0.137626
4.140015	0.064445	0.468613	i-0.137524
4.140625	0.064398	0.468616	i-0.137421
4.141235	0.064350	0.468619	i-0.137319
4.141846	0.064302	0.468621	i-0.137216
4.142456	0.064255	0.468624	i-0.137114
4.143066	0.064207	0.468627	i-0.137011
4.143677	0.064159	0.468630	i-0.136909
4.144287	0.064112	0.468633	i-0.136806
4.144897	0.064064	0.468636	i-0.136704
4.145508	0.064017	0.468639	i-0.136601
4.146118	0.063969	0.468642	i-0.136499
4.146729	0.063921	0.468644	i-0.136396
4.147339	0.063874	0.468647	i-0.136294
4.147949	0.063826	0.468650	i-0.136191
4.148560	0.063779	0.468653	i-0.136089
4.149170	0.063731	0.468656	i-0.135987
4.149780	0.063683	0.468659	i-0.135884
4.150391	0.063636	0.468662	i-0.135782
4.151001	0.063588	0.468664	i-0.135680
4.151611	0.063541	0.468667	i-0.135577
4.152222	0.063493	0.468670	i-0.135475
4.152832	0.063445	0.468673	i-0.135373
4.153442	0.063398	0.468676	i-0.135270
4.154053	0.063350	0.468679	i-0.135168
4.154663	0.063303	0.468681	i-0.135066
4.155273	0.063255	0.468684	i-0.134963
4.155884	0.063208	0.468687	i-0.134861
4.156494	0.063160	0.468690	i-0.134759
4.157104	0.063113	0.468693	i-0.134657
4.157715	0.063065	0.468695	i-0.134554
4.158325	0.063017	0.468698	i-0.134452
4.158936	0.062970	0.468701	i-0.134350
4.159546	0.062922	0.468704	i-0.134248
4.160156	0.062875	0.468707	i-0.134146
4.160767	0.062827	0.468710	i-0.134043
4.161377	0.062780	0.468712	i-0.133941
4.161987	0.062732	0.468715	i-0.133839
4.162598	0.062685	0.468718	i-0.133737
4.163208	0.062637	0.468721	i-0.133635
4.163818	0.062590	0.468723	i-0.133533
4.164429	0.062542	0.468726	i-0.133430
4.165039	0.062495	0.468729	i-0.133328
4.165649	0.062447	0.468732	i-0.133226
4.166260	0.062400	0.468735	i-0.133124
4.166870	0.062352	0.468737	i-0.133022
4.167480	0.062305	0.468740	i-0.132920
4.168091	0.062257	0.468743	i-0.132818
4.168701	0.062210	0.468746	i-0.132716
4.169312	0.062163	0.468748	i-0.132614
4.169922	0.062115	0.468751	i-0.132512
4.170532	0.062068	0.468754	i-0.132410
4.171143	0.062020	0.468757	i-0.132308
4.171753	0.061973	0.468760	i-0.132206
4.172363	0.061925	0.468762	i-0.132104
4.172974	0.061878	0.468765	i-0.132002
4.173584	0.061830	0.468768	i-0.131900
4.174194	0.061783	0.468771	i-0.131798
4.174805	0.061736	0.468773	i-0.131696
4.175415	0.061688	0.468776	i-0.131594
4.176025	0.061641	0.468779	i-0.131492
4.176636	0.061593	0.468782	i-0.131390
4.177246	0.061546	0.468784	i-0.131288
4.177856	0.061498	0.468787	i-0.131186
4.178467	0.061451	0.468790	i-0.131085
4.179077	0.061404	0.468792	i-0.130983
4.179688	0.061356	0.468795	i-0.130881
4.180298	0.061309	0.468798	i-0.130779
4.180908	0.061262	0.468801	i-0.130677
4.181519	0.061214	0.468803	i-0.130575
4.182129	0.061167	0.468806	i-0.130473
4.182739	0.061119	0.468809	i-0.130372
4.183350	0.061072	0.468812	i-0.130270
4.183960	0.061025	0.468814	i-0.130168
4.184570	0.060977	0.468817	i-0.130066
4.185181	0.060930	0.468820	i-0.129964
4.185791	0.060883	0.468822	i-0.129863
4.186401	0.060835	0.468825	i-0.129761
4.187012	0.060788	0.468828	i-0.129659
4.187622	0.060741	0.468830	i-0.129558
4.188232	0.060693	0.468833	i-0.129456
4.188843	0.060646	0.468836	i-0.129354
4.189453	0.060599	0.468839	i-0.129252
4.190063	0.060551	0.468841	i-0.129151
4.190674	0.060504	0.468844	i-0.129049
4.191284	0.060457	0.468847	i-0.128947
4.191895	0.060409	0.468849	i-0.128846
4.192505	0.060362	0.468852	i-0.128744
4.193115	0.060315	0.468855	i-0.128642
4.193726	0.060267	0.468857	i-0.128541
4.194336	0.060220	0.468860	i-0.128439
4.194946	0.060173	0.468863	i-0.128338
4.195557	0.060125	0.468865	i-0.128236
4.196167	0.060078	0.468868	i-0.128134
4.196777	0.060031	0.468871	i-0.128033
4.197388	0.059984	0.468873	i-0.127931
4.197998	0.059936	0.468876	i-0.127830
4.198608	0.059889	0.468879	i-0.127728
4.199219	0.059842	0.468881	i-0.127627
4.199829	0.059794	0.468884	i-0.127525
4.200439	0.059747	0.468887	i-0.127424
4.201050	0.059700	0.468889	i-0.127322
4.201660	0.059653	0.468892	i-0.127221
4.202271	0.059605	0.468894	i-0.127119
4.202881	0.059558	0.468897	i-0.127018
4.203491	0.059511	0.468900	i-0.126916
4.204102	0.059464	0.468902	i-0.126815
4.204712	0.059416	0.468905	i-0.126713
4.205322	0.059369	0.468908	i-0.126612
4.205933	0.059322	0.468910	i-0.126510
4.206543	0.059275	0.468913	i-0.126409
4.207153	0.059228	0.468915	i-0.126308
4.207764	0.059180	0.468918	i-0.126206
4.208374	0.059133	0.468921	i-0.126105
4.208984	0.059086	0.468923	i-0.126003
4.209595	0.059039	0.468926	i-0.125902
4.210205	0.058992	0.468929	i-0.125801
4.210815	0.058944	0.468931	i-0.125699
4.211426	0.058897	0.468934	i-0.125598
4.212036	0.058850	0.468936	i-0.125497
4.212646	0.058803	0.468939	i-0.125395
4.213257	0.058756	0.468942	i-0.125294
4.213867	0.058708	0.468944	i-0.125193
4.214478	0.058661	0.468947	i-0.125092
4.215088	0.058614	0.468949	i-0.124990
4.215698	0.058567	0.468952	i-0.124889
4.216309	0.058520	0.468955	i-0.124788
4.216919	0.058473	0.468957	i-0.124687
4.217529	0.058425	0.468960	i-0.124585
4.218140	0.058378	0.468962	i-0.124484
4.218750	0.058331	0.468965	i-0.124383
4.219360	0.058284	0.468967	i-0.124282
4.219971	0.058237	0.468970	i-0.124180
4.220581	0.058190	0.468973	i-0.124079
4.221191	0.058143	0.468975	i-0.123978
4.221802	0.058095	0.468978	i-0.123877
4.222412	0.058048	0.468980	i-0.123776
4.223022	0.058001	0.468983	i-0.123675
4.223633	0.057954	0.468985	i-0.123573
4.224243	0.057907	0.468988	i-0.123472
4.224854	0.057860	0.468990	i-0.123371
4.225464	0.057813	0.468993	i-0.123270
4.226074	0.057766	0.468996	i-0.123169
4.226685	0.057719	0.468998	i-0.123068
4.227295	0.057672	0.469001	i-0.122967
4.227905	0.057624	0.469003	i-0.122866
4.228516	0.057577	0.469006	i-0.122765
4.229126	0.057530	0.469008	i-0.122664
4.229736	0.057483	0.469011	i-0.122563
4.230347	0.057436	0.469013	i-0.122462
4.230957	0.057389	0.469016	i-0.122361
4.231567	0.057342	0.469018	i-0.122260
4.232178	0.057295	0.469021	i-0.122159
4.232788	0.057248	0.469023	i-0.122058
4.233398	0.057201	0.469026	i-0.121957
4.234009	0.057154	0.469028	i-0.121856
4.234619	0.057107	0.469031	i-0.121755
4.235229	0.057060	0.469033	i-0.121654
4.235840	0.057013	0.469036	i-0.121553
4.236450	0.056966	0.469039	i-0.121452
4.237061	0.056919	0.469041	i-0.121351
4.237671	0.056871	0.469044	i-0.121250
4.238281	0.056824	0.469046	i-0.121149
4.238892	0.056777	0.469049	i-0.121048
4.239502	0.056730	0.469051	i-0.120947
4.240112	0.056683	0.469054	i-0.120846
4.240723	0.056636	0.469056	i-0.120745
4.241333	0.056589	0.469059	i-0.120645
4.241943	0.056542	0.469061	i-0.120544
4.242554	0.056495	0.469063	i-0.120443
4.243164	0.056448	0.469066	i-0.120342
4.243774	0.056401	0.469068	i-0.120241
4.244385	0.056354	0.469071	i-0.120140
4.244995	0.056307	0.469073	i-0.120040
4.245605	0.056260	0.469076	i-0.119939
4.246216	0.056213	0.469078	i-0.119838
4.246826	0.056166	0.469081	i-0.119737
4.247437	0.056119	0.469083	i-0.119637
4.248047	0.056073	0.469086	i-0.119536
4.248657	0.056026	0.469088	i-0.119435
4.249268	0.055979	0.469091	i-0.119334
4.249878	0.055932	0.469093	i-0.119234
4.250488	0.055885	0.469096	i-0.119133
4.251099	0.055838	0.469098	i-0.119032
4.251709	0.055791	0.469100	i-0.118931
4.252319	0.055744	0.469103	i-0.118831
4.252930	0.055697	0.469105	i-0.118730
4.253540	0.055650	0.469108	i-0.118629
4.254150	0.055603	0.469110	i-0.118529
4.254761	0.055556	0.469113	i-0.118428
4.255371	0.055509	0.469115	i-0.118327
4.255981	0.055462	0.469118	i-0.118227
4.256592	0.055415	0.469120	i-0.118126
4.257202	0.055368	0.469122	i-0.118026
4.257813	0.055322	0.469125	i-0.117925
4.258423	0.055275	0.469127	i-0.117824
4.259033	0.055228	0.469130	i-0.117724
4.259644	0.055181	0.469132	i-0.117623
4.260254	0.055134	0.469135	i-0.117523
4.260864	0.055087	0.469137	i-0.117422
4.261475	0.055040	0.469139	i-0.117321
4.262085	0.054993	0.469142	i-0.117221
4.262695	0.054946	0.469144	i-0.117120
4.263306	0.054899	0.469147	i-0.117020
4.263916	0.054853	0.469149	i-0.116919
4.264526	0.054806	0.469151	i-0.116819
4.265137	0.054759	0.469154	i-0.116718
4.265747	0.054712	0.469156	i-0.116618
4.266357	0.054665	0.469159	i-0.116517
4.266968	0.054618	0.469161	i-0.116417
4.267578	0.054571	0.469163	i-0.116316
4.268188	0.054525	0.469166	i-0.116216
4.268799	0.054478	0.469168	i-0.116116
4.269409	0.054431	0.469171	i-0.116015
4.270020	0.054384	0.469173	i-0.115915
4.270630	0.054337	0.469175	i-0.115814
4.271240	0.054290	0.469178	i-0.115714
4.271851	0.054244	0.469180	i-0.115613
4.272461	0.054197	0.469182	i-0.115513
4.273071	0.054150	0.469185	i-0.115413
4.273682	0.054103	0.469187	i-0.115312
4.274292	0.054056	0.469190	i-0.115212
4.274902	0.054009	0.469192	i-0.115112
4.275513	0.053963	0.469194	i-0.115011
4.276123	0.053916	0.469197	i-0.114911
4.276733	0.053869	0.469199	i-0.114811
4.277344	0.053822	0.469201	i-0.114710
4.277954	0.053775	0.469204	i-0.114610
4.278564	0.053729	0.469206	i-0.114510
4.279175	0.053682	0.469208	i-0.114409
4.279785	0.053635	0.469211	i-0.114309
4.280396	0.053588	0.469213	i-0.114209
4.281006	0.053541	0.469215	i-0.114109
4.281616	0.053495	0.469218	i-0.114008
4.282227	0.053448	0.469220	i-0.113908
4.282837	0.053401	0.469222	i-0.113808
4.283447	0.053354	0.469225	i-0.113708
4.284058	0.053308	0.469227	i-0.113607
4.284668	0.053261	0.469229	i-0.113507
4.285278	0.053214	0.469232	i-0.113407
4.285889	0.053167	0.469234	i-0.113307
4.286499	0.053121	0.469236	i-0.113207
4.287109	0.053074	0.469239	i-0.113106
4.287720	0.053027	0.469241	i-0.113006
4.288330	0.052980	0.469243	i-0.112906
4.288940	0.052934	0.469246	i-0.112806
4.289551	0.052887	0.469248	i-0.112706
4.290161	0.052840	0.469250	i-0.112606
4.290771	0.052794	0.469253	i-0.112506
4.291382	0.052747	0.469255	i-0.112405
4.291992	0.052700	0.469257	i-0.112305
4.292603	0.052653	0.469259	i-0.112205
4.293213	0.052607	0.469262	i-0.112105
4.293823	0.052560	0.469264	i-0.112005
4.294434	0.052513	0.469266	i-0.111905
4.295044	0.052467	0.469269	i-0.111805
4.295654	0.052420	0.469271	i-0.111705
4.296265	0.052373	0.469273	i-0.111605
4.296875	0.052326	0.469275	i-0.111505
4.297485	0.052280	0.469278	i-0.111405
4.298096	0.052233	0.469280	i-0.111305
4.298706	0.052186	0.469282	i-0.111205
4.299316	0.052140	0.469285	i-0.111105
4.299927	0.052093	0.469287	i-0.111005
4.300537	0.052046	0.469289	i-0.110905
4.301147	0.052000	0.469291	i-0.110805
4.301758	0.051953	0.469294	i-0.110705
4.302368	0.051906	0.469296	i-0.110605
4.302979	0.051860	0.469298	i-0.110505
4.303589	0.051813	0.469300	i-0.110405
4.304199	0.051766	0.469303	i-0.110305
4.304810	0.051720	0.469305	i-0.110205
4.305420	0.051673	0.469307	i-0.110105
4.306030	0.051627	0.469309	i-0.110005
4.306641	0.051580	0.469312	i-0.109905
4.307251	0.051533	0.469314	i-0.109805
4.307861	0.051487	0.469316	i-0.109706
4.308472	0.051440	0.469318	i-0.109606
4.309082	0.051393	0.469321	i-0.109506
4.309692	0.051347	0.469323	i-0.109406
4.310303	0.051300	0.469325	i-0.109306
4.310913	0.051254	0.469327	i-0.109206
4.311523	0.051207	0.469330	i-0.109106
4.312134	0.051160	0.469332	i-0.109007
4.312744	0.051114	0.469334	i-0.108907
4.313354	0.051067	0.469336	i-0.108807
4.313965	0.051020	0.469338	i-0.108707
4.314575	0.050974	0.469341	i-0.108607
4.315186	0.050927	0.469343	i-0.108508
4.315796	0.050881	0.469345	i-0.108408
4.316406	0.050834	0.469347	i-0.108308
4.317017	0.050788	0.469350	i-0.108208
4.317627	0.050741	0.469352	i-0.108109
4.318237	0.050694	0.469354	i-0.108009
4.318848	0.050648	0.469356	i-0.107909
4.319458	0.050601	0.469358	i-0.107809
4.320068	0.050555	0.469361	i-0.107710
4.320679	0.050508	0.469363	i-0.107610
4.321289	0.050462	0.469365	i-0.107510
4.321899	0.050415	0.469367	i-0.107411
4.322510	0.050368	0.469369	i-0.107311
4.323120	0.050322	0.469372	i-0.107211
4.323730	0.050275	0.469374	i-0.107112
4.324341	0.050229	0.469376	i-0.107012
4.324951	0.050182	0.469378	i-0.106912
4.325562	0.050136	0.469380	i-0.106813
4.326172	0.050089	0.469382	i-0.106713
4.326782	0.050043	0.469385	i-0.106613
4.327393	0.049996	0.469387	i-0.106514
4.328003	0.049950	0.469389	i-0.106414
4.328613	0.049903	0.469391	i-0.106315
4.329224	0.049857	0.469393	i-0.106215
4.329834	0.049810	0.469395	i-0.106115
4.330444	0.049764	0.469398	i-0.106016
4.331055	0.049717	0.469400	i-0.105916
4.331665	0.049671	0.469402	i-0.105817
4.332275	0.049624	0.469404	i-0.105717
4.332886	0.049578	0.469406	i-0.105618
4.333496	0.049531	0.469408	i-0.105518
4.334106	0.049485	0.469411	i-0.105419
4.334717	0.049438	0.469413	i-0.105319
4.335327	0.049392	0.469415	i-0.105220
4.335938	0.049345	0.469417	i-0.105120
4.336548	0.049299	0.469419	i-0.105021
4.337158	0.049252	0.469421	i-0.104921
4.337769	0.049206	0.469423	i-0.104822
4.338379	0.049159	0.469425	i-0.104722
4.338989	0.049113	0.469428	i-0.104623
4.339600	0.049066	0.469430	i-0.104523
4.340210	0.049020	0.469432	i-0.104424
4.340820	0.048973	0.469434	i-0.104324
4.341431	0.048927	0.469436	i-0.104225
4.342041	0.048881	0.469438	i-0.104126
4.342651	0.048834	0.469440	i-0.104026
4.343262	0.048788	0.469442	i-0.103927
4.343872	0.048741	0.469445	i-0.103827
4.344482	0.048695	0.469447	i-0.103728
4.345093	0.048648	0.469449	i-0.103629
4.345703	0.048602	0.469451	i-0.103529
4.346313	0.048555	0.469453	i-0.103430
4.346924	0.048509	0.469455	i-0.103330
4.347534	0.048463	0.469457	i-0.103231
4.348145	0.048416	0.469459	i-0.103132
4.348755	0.048370	0.469461	i-0.103032
4.349365	0.048323	0.469463	i-0.102933
4.349976	0.048277	0.469466	i-0.102834
4.350586	0.048231	0.469468	i-0.102735
4.351196	0.048184	0.469470	i-0.102635
4.351807	0.048138	0.469472	i-0.102536
4.352417	0.048091	0.469474	i-0.102437
4.353027	0.048045	0.469476	i-0.102337
4.353638	0.047999	0.469478	i-0.102238
4.354248	0.047952	0.469480	i-0.102139
4.354858	0.047906	0.469482	i-0.102040
4.355469	0.047859	0.469484	i-0.101940
4.356079	0.047813	0.469486	i-0.101841
4.356689	0.047767	0.469488	i-0.101742
4.357300	0.047720	0.469490	i-0.101643
4.357910	0.047674	0.469493	i-0.101543
4.358521	0.047628	0.469495	i-0.101444
4.359131	0.047581	0.469497	i-0.101345
4.359741	0.047535	0.469499	i-0.101246
4.360352	0.047488	0.469501	i-0.101147
4.360962	0.047442	0.469503	i-0.101048
4.361572	0.047396	0.469505	i-0.100948
4.362183	0.047349	0.469507	i-0.100849
4.362793	0.047303	0.469509	i-0.100750
4.363403	0.047257	0.469511	i-0.100651
4.364014	0.047210	0.469513	i-0.100552
4.364624	0.047164	0.469515	i-0.100453
4.365234	0.047118	0.469517	i-0.100354
4.365845	0.047071	0.469519	i-0.100254
4.366455	0.047025	0.469521	i-0.100155
4.367065	0.046979	0.469523	i-0.100056
4.367676	0.046932	0.469525	i-0.099957
4.368286	0.046886	0.469527	i-0.099858
4.368896	0.046840	0.469529	i-0.099759
4.369507	0.046793	0.469531	i-0.099660
4.370117	0.046747	0.469533	i-0.099561
4.370728	0.046701	0.469535	i-0.099462
4.371338	0.046655	0.469537	i-0.099363
4.371948	0.046608	0.469539	i-0.099264
4.372559	0.046562	0.469541	i-0.099165
4.373169	0.046516	0.469543	i-0.099066
4.373779	0.046469	0.469545	i-0.098967
4.374390	0.046423	0.469547	i-0.098868
4.375000	0.046377	0.469549	i-0.098769
4.375610	0.046330	0.469551	i-0.098670
4.376221	0.046284	0.469553	i-0.098571
4.376831	0.046238	0.469555	i-0.098472
4.377441	0.046192	0.469557	i-0.098373
4.378052	0.046145	0.469559	i-0.098274
4.378662	0.046099	0.469561	i-0.098175
4.379272	0.046053	0.469563	i-0.098076
4.379883	0.046007	0.469565	i-0.097977
4.380493	0.045960	0.469567	i-0.097878
4.381104	0.045914	0.469569	i-0.097779
4.381714	0.045868	0.469571	i-0.097680
4.382324	0.045822	0.469573	i-0.097581
4.382935	0.045775	0.469575	i-0.097482
4.383545	0.045729	0.469577	i-0.097384
4.384155	0.045683	0.469579	i-0.097285
4.384766	0.045637	0.469581	i-0.097186
4.385376	0.045590	0.469583	i-0.097087
4.385986	0.045544	0.469585	i-0.096988
4.386597	0.045498	0.469587	i-0.096889
4.387207	0.045452	0.469589	i-0.096790
4.387817	0.045405	0.469591	i-0.096692
4.388428	0.045359	0.469593	i-0.096593
4.389038	0.045313	0.469595	i-0.096494
4.389648	0.045267	0.469597	i-0.096395
4.390259	0.045221	0.469599	i-0.096296
4.390869	0.045174	0.469601	i-0.096197
4.391479	0.045128	0.469603	i-0.096099
4.392090	0.045082	0.469605	i-0.096000
4.392700	0.045036	0.469606	i-0.095901
4.393311	0.044990	0.469608	i-0.095802
4.393921	0.044943	0.469610	i-0.095704
4.394531	0.044897	0.469612	i-0.095605
4.395142	0.044851	0.469614	i-0.095506
4.395752	0.044805	0.469616	i-0.095407
4.396362	0.044759	0.469618	i-0.095309
4.396973	0.044712	0.469620	i-0.095210
4.397583	0.044666	0.469622	i-0.095111
4.398193	0.044620	0.469624	i-0.095012
4.398804	0.044574	0.469626	i-0.094914
4.399414	0.044528	0.469628	i-0.094815
4.400024	0.044482	0.469630	i-0.094716
4.400635	0.044435	0.469631	i-0.094618
4.401245	0.044389	0.469633	i-0.094519
4.401855	0.044343	0.469635	i-0.094420
4.402466	0.044297	0.469637	i-0.094322
4.403076	0.044251	0.469639	i-0.094223
4.403687	0.044205	0.469641	i-0.094124
4.404297	0.044158	0.469643	i-0.094026
4.404907	0.044112	0.469645	i-0.093927
4.405518	0.044066	0.469647	i-0.093828
4.406128	0.044020	0.469649	i-0.093730
4.406738	0.043974	0.469650	i-0.093631
4.407349	0.043928	0.469652	i-0.093533
4.407959	0.043882	0.469654	i-0.093434
4.408569	0.043836	0.469656	i-0.093335
4.409180	0.043789	0.469658	i-0.093237
4.409790	0.043743	0.469660	i-0.093138
4.410400	0.043697	0.469662	i-0.093040
4.411011	0.043651	0.469664	i-0.092941
4.411621	0.043605	0.469665	i-0.092843
4.412231	0.043559	0.469667	i-0.092744
4.412842	0.043513	0.469669	i-0.092645
4.413452	0.043467	0.469671	i-0.092547
4.414063	0.043421	0.469673	i-0.092448
4.414673	0.043374	0.469675	i-0.092350
4.415283	0.043328	0.469677	i-0.092251
4.415894	0.043282	0.469679	i-0.092153
4.416504	0.043236	0.469680	i-0.092054
4.417114	0.043190	0.469682	i-0.091956
4.417725	0.043144	0.469684	i-0.091857
4.418335	0.043098	0.469686	i-0.091759
4.418945	0.043052	0.469688	i-0.091660
4.419556	0.043006	0.469690	i-0.091562
4.420166	0.042960	0.469691	i-0.091464
4.420776	0.042914	0.469693	i-0.091365
4.421387	0.042867	0.469695	i-0.091267
4.421997	0.042821	0.469697	i-0.091168
4.422607	0.042775	0.469699	i-0.091070
4.423218	0.042729	0.469701	i-0.090971
4.423828	0.042683	0.469702	i-0.090873
4.424438	0.042637	0.469704	i-0.090775
4.425049	0.042591	0.469706	i-0.090676
4.425659	0.042545	0.469708	i-0.090578
4.426270	0.042499	0.469710	i-0.090479
4.426880	0.042453	0.469712	i-0.090381
4.427490	0.042407	0.469713	i-0.090283
4.428101	0.042361	0.469715	i-0.090184
4.428711	0.042315	0.469717	i-0.090086
4.429321	0.042269	0.469719	i-0.089988
4.429932	0.042223	0.469721	i-0.089889
4.430542	0.042177	0.469722	i-0.089791
4.431152	0.042131	0.469724	i-0.089693
4.431763	0.042085	0.469726	i-0.089594
4.432373	0.042039	0.469728	i-0.089496
4.432983	0.041993	0.469730	i-0.089398
4.433594	0.041947	0.469731	i-0.089299
4.434204	0.041901	0.469733	i-0.089201
4.434814	0.041855	0.469735	i-0.089103
4.435425	0.041809	0.469737	i-0.089004
4.436035	0.041763	0.469739	i-0.088906
4.436646	0.041717	0.469740	i-0.088808
4.437256	0.041671	0.469742	i-0.088710
4.437866	0.041625	0.469744	i-0.088611
4.438477	0.041579	0.469746	i-0.088513
4.439087	0.041533	0.469748	i-0.088415
4.439697	0.041487	0.469749	i-0.088317
4.440308	0.041441	0.469751	i-0.088218
4.440918	0.041395	0.469753	i-0.088120
4.441528	0.041349	0.469755	i-0.088022
4.442139	0.041303	0.469756	i-0.087924
4.442749	0.041257	0.469758	i-0.087826
4.443359	0.041211	0.469760	i-0.087727
4.443970	0.041165	0.469762	i-0.087629
4.444580	0.041119	0.469763	i-0.087531
4.445190	0.041073	0.469765	i-0.087433
4.445801	0.041027	0.469767	i-0.087335
4.446411	0.040981	0.469769	i-0.087236
4.447021	0.040935	0.469770	i-0.087138
4.447632	0.040889	0.469772	i-0.087040
4.448242	0.040843	0.469774	i-0.086942
4.448853	0.040797	0.469776	i-0.086844
4.449463	0.040751	0.469777	i-0.086746
4.450073	0.040705	0.469779	i-0.086648
4.450684	0.040659	0.469781	i-0.086549
4.451294	0.040613	0.469783	i-0.086451
4.451904	0.040567	0.469784	i-0.086353
4.452515	0.040521	0.469786	i-0.086255
4.453125	0.040476	0.469788	i-0.086157
4.453735	0.040430	0.469790	i-0.086059
4.454346	0.040384	0.469791	i-0.085961
4.454956	0.040338	0.469793	i-0.085863
4.455566	0.040292	0.469795	i-0.085765
4.456177	0.040246	0.469796	i-0.085667
4.456787	0.040200	0.469798	i-0.085569
4.457397	0.040154	0.469800	i-0.085471
4.458008	0.040108	0.469802	i-0.085373
4.458618	0.040062	0.469803	i-0.085275
4.459229	0.040016	0.469805	i-0.085177
4.459839	0.039970	0.469807	i-0.085079
4.460449	0.039925	0.469808	i-0.084981
4.461060	0.039879	0.469810	i-0.084883
4.461670	0.039833	0.469812	i-0.084785
4.462280	0.039787	0.469814	i-0.084687
4.462891	0.039741	0.469815	i-0.084589
4.463501	0.039695	0.469817	i-0.084491
4.464111	0.039649	0.469819	i-0.084393
4.464722	0.039603	0.469820	i-0.084295
4.465332	0.039557	0.469822	i-0.084197
4.465942	0.039512	0.469824	i-0.084099
4.466553	0.039466	0.469825	i-0.084001
4.467163	0.039420	0.469827	i-0.083903
4.467773	0.039374	0.469829	i-0.083805
4.468384	0.039328	0.469830	i-0.083707
4.468994	0.039282	0.469832	i-0.083609
4.469604	0.039236	0.469834	i-0.083511
4.470215	0.039190	0.469835	i-0.083413
4.470825	0.039145	0.469837	i-0.083315
4.471436	0.039099	0.469839	i-0.083217
4.472046	0.039053	0.469840	i-0.083120
4.472656	0.039007	0.469842	i-0.083022
4.473267	0.038961	0.469844	i-0.082924
4.473877	0.038915	0.469845	i-0.082826
4.474487	0.038870	0.469847	i-0.082728
4.475098	0.038824	0.469849	i-0.082630
4.475708	0.038778	0.469850	i-0.082532
4.476318	0.038732	0.469852	i-0.082434
4.476929	0.038686	0.469854	i-0.082337
4.477539	0.038640	0.469855	i-0.082239
4.478149	0.038595	0.469857	i-0.082141
4.478760	0.038549	0.469859	i-0.082043
4.479370	0.038503	0.469860	i-0.081945
4.479980	0.038457	0.469862	i-0.081848
4.480591	0.038411	0.469864	i-0.081750
4.481201	0.038365	0.469865	i-0.081652
4.481812	0.038320	0.469867	i-0.081554
4.482422	0.038274	0.469868	i-0.081456
4.483032	0.038228	0.469870	i-0.081359
4.483643	0.038182	0.469872	i-0.081261
4.484253	0.038136	0.469873	i-0.081163
4.484863	0.038091	0.469875	i-0.081065
4.485474	0.038045	0.469877	i-0.080968
4.486084	0.037999	0.469878	i-0.080870
4.486694	0.037953	0.469880	i-0.080772
4.487305	0.037907	0.469881	i-0.080674
4.487915	0.037862	0.469883	i-0.080577
4.488525	0.037816	0.469885	i-0.080479
4.489136	0.037770	0.469886	i-0.080381
4.489746	0.037724	0.469888	i-0.080283
4.490356	0.037678	0.469889	i-0.080186
4.490967	0.037633	0.469891	i-0.080088
4.491577	0.037587	0.469893	i-0.079990
4.492188	0.037541	0.469894	i-0.079893
4.492798	0.037495	0.469896	i-0.079795
4.493408	0.037450	0.469897	i-0.079697
4.494019	0.037404	0.469899	i-0.079600
4.494629	0.037358	0.469901	i-0.079502
4.495239	0.037312	0.469902	i-0.079404
4.495850	0.037266	0.469904	i-0.079307
4.496460	0.037221	0.469905	i-0.079209
4.497070	0.037175	0.469907	i-0.079111
4.497681	0.037129	0.469909	i-0.079014
4.498291	0.037083	0.469910	i-0.078916
4.498901	0.037038	0.469912	i-0.078819
4.499512	0.036992	0.469913	i-0.078721
4.500122	0.036946	0.469915	i-0.078623
4.500732	0.036901	0.469916	i-0.078526
4.501343	0.036855	0.469918	i-0.078428
4.501953	0.036809	0.469920	i-0.078330
4.502563	0.036763	0.469921	i-0.078233
4.503174	0.036718	0.469923	i-0.078135
4.503784	0.036672	0.469924	i-0.078038
4.504395	0.036626	0.469926	i-0.077940
4.505005	0.036580	0.469927	i-0.077843
4.505615	0.036535	0.469929	i-0.077745
4.506226	0.036489	0.469930	i-0.077648
4.506836	0.036443	0.469932	i-0.077550
4.507446	0.036398	0.469933	i-0.077452
4.508057	0.036352	0.469935	i-0.077355
4.508667	0.036306	0.469937	i-0.077257
4.509277	0.036260	0.469938	i-0.077160
4.509888	0.036215	0.469940	i-0.077062
4.510498	0.036169	0.469941	i-0.076965
4.511108	0.036123	0.469943	i-0.076867
4.511719	0.036078	0.469944	i-0.076770
4.512329	0.036032	0.469946	i-0.076672
4.512939	0.035986	0.469947	i-0.076575
4.513550	0.035940	0.469949	i-0.076477
4.514160	0.035895	0.469950	i-0.076380
4.514771	0.035849	0.469952	i-0.076282
4.515381	0.035803	0.469953	i-0.076185
4.515991	0.035758	0.469955	i-0.076088
4.516602	0.035712	0.469956	i-0.075990
4.517212	0.035666	0.469958	i-0.075893
4.517822	0.035621	0.469959	i-0.075795
4.518433	0.035575	0.469961	i-0.075698
4.519043	0.035529	0.469962	i-0.075600
4.519653	0.035484	0.469964	i-0.075503
4.520264	0.035438	0.469965	i-0.075406
4.520874	0.035392	0.469967	i-0.075308
4.521484	0.035347	0.469968	i-0.075211
4.522095	0.035301	0.469970	i-0.075113
4.522705	0.035255	0.469971	i-0.075016
4.523315	0.035210	0.469973	i-0.074919
4.523926	0.035164	0.469974	i-0.074821
4.524536	0.035118	0.469976	i-0.074724
4.525146	0.035073	0.469977	i-0.074626
4.525757	0.035027	0.469979	i-0.074529
4.526367	0.034981	0.469980	i-0.074432
4.526978	0.034936	0.469982	i-0.074334
4.527588	0.034890	0.469983	i-0.074237
4.528198	0.034845	0.469985	i-0.074140
4.528809	0.034799	0.469986	i-0.074042
4.529419	0.034753	0.469988	i-0.073945
4.530029	0.034708	0.469989	i-0.073848
4.530640	0.034662	0.469991	i-0.073750
4.531250	0.034616	0.469992	i-0.073653
4.531860	0.034571	0.469994	i-0.073556
4.532471	0.034525	0.469995	i-0.073458
4.533081	0.034479	0.469997	i-0.073361
4.533691	0.034434	0.469998	i-0.073264
4.534302	0.034388	0.470000	i-0.073167
4.534912	0.034343	0.470001	i-0.073069
4.535522	0.034297	0.470002	i-0.072972
4.536133	0.034251	0.470004	i-0.072875
4.536743	0.034206	0.470005	i-0.072777
4.537354	0.034160	0.470007	i-0.072680
4.537964	0.034115	0.470008	i-0.072583
4.538574	0.034069	0.470010	i-0.072486
4.539185	0.034023	0.470011	i-0.072388
4.539795	0.033978	0.470013	i-0.072291
4.540405	0.033932	0.470014	i-0.072194
4.541016	0.033887	0.470015	i-0.072097
4.541626	0.033841	0.470017	i-0.072000
4.542236	0.033795	0.470018	i-0.071902
4.542847	0.033750	0.470020	i-0.071805
4.543457	0.033704	0.470021	i-0.071708
4.544067	0.033659	0.470023	i-0.071611
4.544678	0.033613	0.470024	i-0.071514
4.545288	0.033567	0.470025	i-0.071416
4.545898	0.033522	0.470027	i-0.071319
4.546509	0.033476	0.470028	i-0.071222
4.547119	0.033431	0.470030	i-0.071125
4.547729	0.033385	0.470031	i-0.071028
4.548340	0.033340	0.470032	i-0.070930
4.548950	0.033294	0.470034	i-0.070833
4.549561	0.033249	0.470035	i-0.070736
4.550171	0.033203	0.470037	i-0.070639
4.550781	0.033157	0.470038	i-0.070542
4.551392	0.033112	0.470039	i-0.070445
4.552002	0.033066	0.470041	i-0.070348
4.552612	0.033021	0.470042	i-0.070251
4.553223	0.032975	0.470044	i-0.070153
4.553833	0.032930	0.470045	i-0.070056
4.554443	0.032884	0.470046	i-0.069959
4.555054	0.032839	0.470048	i-0.069862
4.555664	0.032793	0.470049	i-0.069765
4.556274	0.032747	0.470051	i-0.069668
4.556885	0.032702	0.470052	i-0.069571
4.557495	0.032656	0.470053	i-0.069474
4.558105	0.032611	0.470055	i-0.069377
4.558716	0.032565	0.470056	i-0.069280
4.559326	0.032520	0.470057	i-0.069183
4.559937	0.032474	0.470059	i-0.069085
4.560547	0.032429	0.470060	i-0.068988
4.561157	0.032383	0.470062	i-0.068891
4.561768	0.032338	0.470063	i-0.068794
4.562378	0.032292	0.470064	i-0.068697
4.562988	0.032247	0.470066	i-0.068600
4.563599	0.032201	0.470067	i-0.068503
4.564209	0.032156	0.470068	i-0.068406
4.564819	0.032110	0.470070	i-0.068309
4.565430	0.032065	0.470071	i-0.068212
4.566040	0.032019	0.470072	i-0.068115
4.566650	0.031974	0.470074	i-0.068018
4.567261	0.031928	0.470075	i-0.067921
4.567871	0.031883	0.470077	i-0.067824
4.568481	0.031837	0.470078	i-0.067727
4.569092	0.031792	0.470079	i-0.067630
4.569702	0.031746	0.470081	i-0.067533
4.570313	0.031701	0.470082	i-0.067436
4.570923	0.031655	0.470083	i-0.067339
4.571533	0.031610	0.470085	i-0.067242
4.572144	0.031564	0.470086	i-0.067145
4.572754	0.031519	0.470087	i-0.067048
4.573364	0.031473	0.470089	i-0.066951
4.573975	0.031428	0.470090	i-0.066854
4.574585	0.031382	0.470091	i-0.066758
4.575195	0.031337	0.470093	i-0.066661
4.575806	0.031291	0.470094	i-0.066564
4.576416	0.031246	0.470095	i-0.066467
4.577026	0.031200	0.470096	i-0.066370
4.577637	0.031155	0.470098	i-0.066273
4.578247	0.031109	0.470099	i-0.066176
4.578857	0.031064	0.470100	i-0.066079
4.579468	0.031018	0.470102	i-0.065982
4.580078	0.030973	0.470103	i-0.065885
4.580688	0.030927	0.470104	i-0.065788
4.581299	0.030882	0.470106	i-0.065692
4.581909	0.030837	0.470107	i-0.065595
4.582520	0.030791	0.470108	i-0.065498
4.583130	0.030746	0.470110	i-0.065401
4.583740	0.030700	0.470111	i-0.065304
4.584351	0.030655	0.470112	i-0.065207
4.584961	0.030609	0.470113	i-0.065110
4.585571	0.030564	0.470115	i-0.065014
4.586182	0.030518	0.470116	i-0.064917
4.586792	0.030473	0.470117	i-0.064820
4.587402	0.030427	0.470119	i-0.064723
4.588013	0.030382	0.470120	i-0.064626
4.588623	0.030337	0.470121	i-0.064529
4.589233	0.030291	0.470122	i-0.064433
4.589844	0.030246	0.470124	i-0.064336
4.590454	0.030200	0.470125	i-0.064239
4.591064	0.030155	0.470126	i-0.064142
4.591675	0.030109	0.470127	i-0.064045
4.592285	0.030064	0.470129	i-0.063949
4.592896	0.030019	0.470130	i-0.063852
4.593506	0.029973	0.470131	i-0.063755
4.594116	0.029928	0.470133	i-0.063658
4.594727	0.029882	0.470134	i-0.063561
4.595337	0.029837	0.470135	i-0.063465
4.595947	0.029792	0.470136	i-0.063368
4.596558	0.029746	0.470138	i-0.063271
4.597168	0.029701	0.470139	i-0.063174
4.597778	0.029655	0.470140	i-0.063078
4.598389	0.029610	0.470141	i-0.062981
4.598999	0.029564	0.470143	i-0.062884
4.599609	0.029519	0.470144	i-0.062787
4.600220	0.029474	0.470145	i-0.062691
4.600830	0.029428	0.470146	i-0.062594
4.601440	0.029383	0.470148	i-0.062497
4.602051	0.029337	0.470149	i-0.062400
4.602661	0.029292	0.470150	i-0.062304
4.603271	0.029247	0.470151	i-0.062207
4.603882	0.029201	0.470152	i-0.062110
4.604492	0.029156	0.470154	i-0.062014
4.605103	0.029111	0.470155	i-0.061917
4.605713	0.029065	0.470156	i-0.061820
4.606323	0.029020	0.470157	i-0.061724
4.606934	0.028974	0.470159	i-0.061627
4.607544	0.028929	0.470160	i-0.061530
4.608154	0.028884	0.470161	i-0.061434
4.608765	0.028838	0.470162	i-0.061337
4.609375	0.028793	0.470163	i-0.061240
4.609985	0.028748	0.470165	i-0.061144
4.610596	0.028702	0.470166	i-0.061047
4.611206	0.028657	0.470167	i-0.060950
4.611816	0.028611	0.470168	i-0.060854
4.612427	0.028566	0.470169	i-0.060757
4.613037	0.028521	0.470171	i-0.060660
4.613647	0.028475	0.470172	i-0.060564
4.614258	0.028430	0.470173	i-0.060467
4.614868	0.028385	0.470174	i-0.060370
4.615479	0.028339	0.470175	i-0.060274
4.616089	0.028294	0.470177	i-0.060177
4.616699	0.028249	0.470178	i-0.060081
4.617310	0.028203	0.470179	i-0.059984
4.617920	0.028158	0.470180	i-0.059887
4.618530	0.028113	0.470181	i-0.059791
4.619141	0.028067	0.470183	i-0.059694
4.619751	0.028022	0.470184	i-0.059598
4.620361	0.027976	0.470185	i-0.059501
4.620972	0.027931	0.470186	i-0.059404
4.621582	0.027886	0.470187	i-0.059308
4.622192	0.027840	0.470188	i-0.059211
4.622803	0.027795	0.470190	i-0.059115
4.623413	0.027750	0.470191	i-0.059018
4.624023	0.027704	0.470192	i-0.058922
4.624634	0.027659	0.470193	i-0.058825
4.625244	0.027614	0.470194	i-0.058729
4.625854	0.027569	0.470195	i-0.058632
4.626465	0.027523	0.470197	i-0.058535
4.627075	0.027478	0.470198	i-0.058439
4.627686	0.027433	0.470199	i-0.058342
4.628296	0.027387	0.470200	i-0.058246
4.628906	0.027342	0.470201	i-0.058149
4.629517	0.027297	0.470202	i-0.058053
4.630127	0.027251	0.470203	i-0.057956
4.630737	0.027206	0.470205	i-0.057860
4.631348	0.027161	0.470206	i-0.057763
4.631958	0.027115	0.470207	i-0.057667
4.632568	0.027070	0.470208	i-0.057570
4.633179	0.027025	0.470209	i-0.057474
4.633789	0.026979	0.470210	i-0.057377
4.634399	0.026934	0.470211	i-0.057281
4.635010	0.026889	0.470213	i-0.057184
4.635620	0.026844	0.470214	i-0.057088
4.636230	0.026798	0.470215	i-0.056991
4.636841	0.026753	0.470216	i-0.056895
4.637451	0.026708	0.470217	i-0.056799
4.638062	0.026662	0.470218	i-0.056702
4.638672	0.026617	0.470219	i-0.056606
4.639282	0.026572	0.470220	i-0.056509
4.639893	0.026526	0.470221	i-0.056413
4.640503	0.026481	0.470223	i-0.056316
4.641113	0.026436	0.470224	i-0.056220
4.641724	0.026391	0.470225	i-0.056123
4.642334	0.026345	0.470226	i-0.056027
4.642944	0.026300	0.470227	i-0.055931
4.643555	0.026255	0.470228	i-0.055834
4.644165	0.026210	0.470229	i-0.055738
4.644775	0.026164	0.470230	i-0.055641
4.645386	0.026119	0.470231	i-0.055545
4.645996	0.026074	0.470233	i-0.055449
4.646606	0.026028	0.470234	i-0.055352
4.647217	0.025983	0.470235	i-0.055256
4.647827	0.025938	0.470236	i-0.055159
4.648438	0.025893	0.470237	i-0.055063
4.649048	0.025847	0.470238	i-0.054967
4.649658	0.025802	0.470239	i-0.054870
4.650269	0.025757	0.470240	i-0.054774
4.650879	0.025712	0.470241	i-0.054678
4.651489	0.025666	0.470242	i-0.054581
4.652100	0.025621	0.470243	i-0.054485
4.652710	0.025576	0.470244	i-0.054388
4.653320	0.025531	0.470246	i-0.054292
4.653931	0.025485	0.470247	i-0.054196
4.654541	0.025440	0.470248	i-0.054099
4.655151	0.025395	0.470249	i-0.054003
4.655762	0.025350	0.470250	i-0.053907
4.656372	0.025304	0.470251	i-0.053810
4.656982	0.025259	0.470252	i-0.053714
4.657593	0.025214	0.470253	i-0.053618
4.658203	0.025169	0.470254	i-0.053521
4.658813	0.025123	0.470255	i-0.053425
4.659424	0.025078	0.470256	i-0.053329
4.660034	0.025033	0.470257	i-0.053233
4.660645	0.024988	0.470258	i-0.053136
4.661255	0.024943	0.470259	i-0.053040
4.661865	0.024897	0.470260	i-0.052944
4.662476	0.024852	0.470261	i-0.052847
4.663086	0.024807	0.470262	i-0.052751
4.663696	0.024762	0.470263	i-0.052655
4.664307	0.024716	0.470264	i-0.052558
4.664917	0.024671	0.470265	i-0.052462
4.665527	0.024626	0.470267	i-0.052366
4.666138	0.024581	0.470268	i-0.052270
4.666748	0.024536	0.470269	i-0.052173
4.667358	0.024490	0.470270	i-0.052077
4.667969	0.024445	0.470271	i-0.051981
4.668579	0.024400	0.470272	i-0.051885
4.669189	0.024355	0.470273	i-0.051788
4.669800	0.024309	0.470274	i-0.051692
4.670410	0.024264	0.470275	i-0.051596
4.671021	0.024219	0.470276	i-0.051500
4.671631	0.024174	0.470277	i-0.051403
4.672241	0.024129	0.470278	i-0.051307
4.672852	0.024083	0.470279	i-0.051211
4.673462	0.024038	0.470280	i-0.051115
4.674072	0.023993	0.470281	i-0.051019
4.674683	0.023948	0.470282	i-0.050922
4.675293	0.023903	0.470283	i-0.050826
4.675903	0.023857	0.470284	i-0.050730
4.676514	0.023812	0.470285	i-0.050634
4.677124	0.023767	0.470286	i-0.050538
4.677734	0.023722	0.470287	i-0.050441
4.678345	0.023677	0.470288	i-0.050345
4.678955	0.023632	0.470289	i-0.050249
4.679565	0.023586	0.470290	i-0.050153
4.680176	0.023541	0.470291	i-0.050057
4.680786	0.023496	0.470292	i-0.049960
4.681396	0.023451	0.470293	i-0.049864
4.682007	0.023406	0.470294	i-0.049768
4.682617	0.023360	0.470295	i-0.049672
4.683228	0.023315	0.470296	i-0.049576
4.683838	0.023270	0.470297	i-0.049480
4.684448	0.023225	0.470298	i-0.049383
4.685059	0.023180	0.470299	i-0.049287
4.685669	0.023135	0.470299	i-0.049191
4.686279	0.023089	0.470300	i-0.049095
4.686890	0.023044	0.470301	i-0.048999
4.687500	0.022999	0.470302	i-0.048903
4.688110	0.022954	0.470303	i-0.048807
4.688721	0.022909	0.470304	i-0.048710
4.689331	0.022864	0.470305	i-0.048614
4.689941	0.022818	0.470306	i-0.048518
4.690552	0.022773	0.470307	i-0.048422
4.691162	0.022728	0.470308	i-0.048326
4.691772	0.022683	0.470309	i-0.048230
4.692383	0.022638	0.470310	i-0.048134
4.692993	0.022593	0.470311	i-0.048038
4.693604	0.022547	0.470312	i-0.047942
4.694214	0.022502	0.470313	i-0.047845
4.694824	0.022457	0.470314	i-0.047749
4.695435	0.022412	0.470315	i-0.047653
4.696045	0.022367	0.470316	i-0.047557
4.696655	0.022322	0.470317	i-0.047461
4.697266	0.022277	0.470318	i-0.047365
4.697876	0.022231	0.470318	i-0.047269
4.698486	0.022186	0.470319	i-0.047173
4.699097	0.022141	0.470320	i-0.047077
4.699707	0.022096	0.470321	i-0.046981
4.700317	0.022051	0.470322	i-0.046885
4.700928	0.022006	0.470323	i-0.046789
4.701538	0.021961	0.470324	i-0.046693
4.702148	0.021916	0.470325	i-0.046597
4.702759	0.021870	0.470326	i-0.046501
4.703369	0.021825	0.470327	i-0.046404
4.703979	0.021780	0.470328	i-0.046308
4.704590	0.021735	0.470329	i-0.046212
4.705200	0.021690	0.470329	i-0.046116
4.705811	0.021645	0.470330	i-0.046020
4.706421	0.021600	0.470331	i-0.045924
4.707031	0.021555	0.470332	i-0.045828
4.707642	0.021509	0.470333	i-0.045732
4.708252	0.021464	0.470334	i-0.045636
4.708862	0.021419	0.470335	i-0.045540
4.709473	0.021374	0.470336	i-0.045444
4.710083	0.021329	0.470337	i-0.045348
4.710693	0.021284	0.470338	i-0.045252
4.711304	0.021239	0.470338	i-0.045156
4.711914	0.021194	0.470339	i-0.045060
4.712524	0.021148	0.470340	i-0.044964
4.713135	0.021103	0.470341	i-0.044868
4.713745	0.021058	0.470342	i-0.044772
4.714355	0.021013	0.470343	i-0.044676
4.714966	0.020968	0.470344	i-0.044580
4.715576	0.020923	0.470345	i-0.044484
4.716187	0.020878	0.470345	i-0.044388
4.716797	0.020833	0.470346	i-0.044292
4.717407	0.020788	0.470347	i-0.044196
4.718018	0.020743	0.470348	i-0.044100
4.718628	0.020697	0.470349	i-0.044005
4.719238	0.020652	0.470350	i-0.043909
4.719849	0.020607	0.470351	i-0.043813
4.720459	0.020562	0.470351	i-0.043717
4.721069	0.020517	0.470352	i-0.043621
4.721680	0.020472	0.470353	i-0.043525
4.722290	0.020427	0.470354	i-0.043429
4.722900	0.020382	0.470355	i-0.043333
4.723511	0.020337	0.470356	i-0.043237
4.724121	0.020292	0.470357	i-0.043141
4.724731	0.020247	0.470357	i-0.043045
4.725342	0.020202	0.470358	i-0.042949
4.725952	0.020156	0.470359	i-0.042853
4.726563	0.020111	0.470360	i-0.042757
4.727173	0.020066	0.470361	i-0.042661
4.727783	0.020021	0.470362	i-0.042566
4.728394	0.019976	0.470362	i-0.042470
4.729004	0.019931	0.470363	i-0.042374
4.729614	0.019886	0.470364	i-0.042278
4.730225	0.019841	0.470365	i-0.042182
4.730835	0.019796	0.470366	i-0.042086
4.731445	0.019751	0.470367	i-0.041990
4.732056	0.019706	0.470367	i-0.041894
4.732666	0.019661	0.470368	i-0.041798
4.733276	0.019616	0.470369	i-0.041703
4.733887	0.019571	0.470370	i-0.041607
4.734497	0.019525	0.470371	i-0.041511
4.735107	0.019480	0.470372	i-0.041415
4.735718	0.019435	0.470372	i-0.041319
4.736328	0.019390	0.470373	i-0.041223
4.736938	0.019345	0.470374	i-0.041127
4.737549	0.019300	0.470375	i-0.041031
4.738159	0.019255	0.470376	i-0.040936
4.738770	0.019210	0.470376	i-0.040840
4.739380	0.019165	0.470377	i-0.040744
4.739990	0.019120	0.470378	i-0.040648
4.740601	0.019075	0.470379	i-0.040552
4.741211	0.019030	0.470380	i-0.040456
4.741821	0.018985	0.470380	i-0.040360
4.742432	0.018940	0.470381	i-0.040265
4.743042	0.018895	0.470382	i-0.040169
4.743652	0.018850	0.470383	i-0.040073
4.744263	0.018805	0.470383	i-0.039977
4.744873	0.018760	0.470384	i-0.039881
4.745483	0.018715	0.470385	i-0.039786
4.746094	0.018669	0.470386	i-0.039690
4.746704	0.018624	0.470387	i-0.039594
4.747314	0.018579	0.470387	i-0.039498
4.747925	0.018534	0.470388	i-0.039402
4.748535	0.018489	0.470389	i-0.039306
4.749146	0.018444	0.470390	i-0.039211
4.749756	0.018399	0.470390	i-0.039115
4.750366	0.018354	0.470391	i-0.039019
4.750977	0.018309	0.470392	i-0.038923
4.751587	0.018264	0.470393	i-0.038827
4.752197	0.018219	0.470394	i-0.038732
4.752808	0.018174	0.470394	i-0.038636
4.753418	0.018129	0.470395	i-0.038540
4.754028	0.018084	0.470396	i-0.038444
4.754639	0.018039	0.470397	i-0.038349
4.755249	0.017994	0.470397	i-0.038253
4.755859	0.017949	0.470398	i-0.038157
4.756470	0.017904	0.470399	i-0.038061
4.757080	0.017859	0.470400	i-0.037965
4.757690	0.017814	0.470400	i-0.037870
4.758301	0.017769	0.470401	i-0.037774
4.758911	0.017724	0.470402	i-0.037678
4.759521	0.017679	0.470402	i-0.037582
4.760132	0.017634	0.470403	i-0.037487
4.760742	0.017589	0.470404	i-0.037391
4.761353	0.017544	0.470405	i-0.037295
4.761963	0.017499	0.470405	i-0.037199
4.762573	0.017454	0.470406	i-0.037104
4.763184	0.017409	0.470407	i-0.037008
4.763794	0.017364	0.470408	i-0.036912
4.764404	0.017319	0.470408	i-0.036817
4.765015	0.017274	0.470409	i-0.036721
4.765625	0.017229	0.470410	i-0.036625
4.766235	0.017184	0.470410	i-0.036529
4.766846	0.017139	0.470411	i-0.036434
4.767456	0.017094	0.470412	i-0.036338
4.768066	0.017049	0.470413	i-0.036242
4.768677	0.017004	0.470413	i-0.036146
4.769287	0.016959	0.470414	i-0.036051
4.769897	0.016914	0.470415	i-0.035955
4.770508	0.016869	0.470415	i-0.035859
4.771118	0.016824	0.470416	i-0.035764
4.771729	0.016779	0.470417	i-0.035668
4.772339	0.016734	0.470418	i-0.035572
4.772949	0.016689	0.470418	i-0.035477
4.773560	0.016644	0.470419	i-0.035381
4.774170	0.016599	0.470420	i-0.035285
4.774780	0.016554	0.470420	i-0.035189
4.775391	0.016509	0.470421	i-0.035094
4.776001	0.016464	0.470422	i-0.034998
4.776611	0.016419	0.470422	i-0.034902
4.777222	0.016374	0.470423	i-0.034807
4.777832	0.016329	0.470424	i-0.034711
4.778442	0.016284	0.470424	i-0.034615
4.779053	0.016239	0.470425	i-0.034520
4.779663	0.016194	0.470426	i-0.034424
4.780273	0.016149	0.470426	i-0.034328
4.780884	0.016104	0.470427	i-0.034233
4.781494	0.016059	0.470428	i-0.034137
4.782104	0.016014	0.470428	i-0.034041
4.782715	0.015969	0.470429	i-0.033946
4.783325	0.015924	0.470430	i-0.033850
4.783936	0.015879	0.470430	i-0.033755
4.784546	0.015834	0.470431	i-0.033659
4.785156	0.015789	0.470432	i-0.033563
4.785767	0.015744	0.470432	i-0.033468
4.786377	0.015699	0.470433	i-0.033372
4.786987	0.015654	0.470434	i-0.033276
4.787598	0.015609	0.470434	i-0.033181
4.788208	0.015564	0.470435	i-0.033085
4.788818	0.015519	0.470436	i-0.032989
4.789429	0.015474	0.470436	i-0.032894
4.790039	0.015429	0.470437	i-0.032798
4.790649	0.015385	0.470438	i-0.032703
4.791260	0.015340	0.470438	i-0.032607
4.791870	0.015295	0.470439	i-0.032511
4.792480	0.015250	0.470439	i-0.032416
4.793091	0.015205	0.470440	i-0.032320
4.793701	0.015160	0.470441	i-0.032224
4.794312	0.015115	0.470441	i-0.032129
4.794922	0.015070	0.470442	i-0.032033
4.795532	0.015025	0.470443	i-0.031938
4.796143	0.014980	0.470443	i-0.031842
4.796753	0.014935	0.470444	i-0.031746
4.797363	0.014890	0.470444	i-0.031651
4.797974	0.014845	0.470445	i-0.031555
4.798584	0.014800	0.470446	i-0.031460
4.799194	0.014755	0.470446	i-0.031364
4.799805	0.014710	0.470447	i-0.031269
4.800415	0.014665	0.470448	i-0.031173
4.801025	0.014620	0.470448	i-0.031077
4.801636	0.014575	0.470449	i-0.030982
4.802246	0.014530	0.470449	i-0.030886
4.802856	0.014485	0.470450	i-0.030791
4.803467	0.014441	0.470451	i-0.030695
4.804077	0.014396	0.470451	i-0.030599
4.804688	0.014351	0.470452	i-0.030504
4.805298	0.014306	0.470452	i-0.030408
4.805908	0.014261	0.470453	i-0.030313
4.806519	0.014216	0.470454	i-0.030217
4.807129	0.014171	0.470454	i-0.030122
4.807739	0.014126	0.470455	i-0.030026
4.808350	0.014081	0.470455	i-0.029931
4.808960	0.014036	0.470456	i-0.029835
4.809570	0.013991	0.470456	i-0.029739
4.810181	0.013946	0.470457	i-0.029644
4.810791	0.013901	0.470458	i-0.029548
4.811401	0.013856	0.470458	i-0.029453
4.812012	0.013811	0.470459	i-0.029357
4.812622	0.013766	0.470459	i-0.029262
4.813232	0.013722	0.470460	i-0.029166
4.813843	0.013677	0.470460	i-0.029071
4.814453	0.013632	0.470461	i-0.028975
4.815063	0.013587	0.470462	i-0.028880
4.815674	0.013542	0.470462	i-0.028784
4.816284	0.013497	0.470463	i-0.028689
4.816895	0.013452	0.470463	i-0.028593
4.817505	0.013407	0.470464	i-0.028498
4.818115	0.013362	0.470464	i-0.028402
4.818726	0.013317	0.470465	i-0.028306
4.819336	0.013272	0.470466	i-0.028211
4.819946	0.013227	0.470466	i-0.028115
4.820557	0.013182	0.470467	i-0.028020
4.821167	0.013138	0.470467	i-0.027924
4.821777	0.013093	0.470468	i-0.027829
4.822388	0.013048	0.470468	i-0.027733
4.822998	0.013003	0.470469	i-0.027638
4.823608	0.012958	0.470469	i-0.027542
4.824219	0.012913	0.470470	i-0.027447
4.824829	0.012868	0.470470	i-0.027351
4.825439	0.012823	0.470471	i-0.027256
4.826050	0.012778	0.470471	i-0.027160
4.826660	0.012733	0.470472	i-0.027065
4.827271	0.012688	0.470473	i-0.026969
4.827881	0.012643	0.470473	i-0.026874
4.828491	0.012599	0.470474	i-0.026779
4.829102	0.012554	0.470474	i-0.026683
4.829712	0.012509	0.470475	i-0.026588
4.830322	0.012464	0.470475	i-0.026492
4.830933	0.012419	0.470476	i-0.026397
4.831543	0.012374	0.470476	i-0.026301
4.832153	0.012329	0.470477	i-0.026206
4.832764	0.012284	0.470477	i-0.026110
4.833374	0.012239	0.470478	i-0.026015
4.833984	0.012194	0.470478	i-0.025919
4.834595	0.012150	0.470479	i-0.025824
4.835205	0.012105	0.470479	i-0.025728
4.835815	0.012060	0.470480	i-0.025633
4.836426	0.012015	0.470480	i-0.025537
4.837036	0.011970	0.470481	i-0.025442
4.837646	0.011925	0.470481	i-0.025346
4.838257	0.011880	0.470482	i-0.025251
4.838867	0.011835	0.470482	i-0.025156
4.839478	0.011790	0.470483	i-0.025060
4.840088	0.011745	0.470483	i-0.024965
4.840698	0.011701	0.470484	i-0.024869
4.841309	0.011656	0.470484	i-0.024774
4.841919	0.011611	0.470485	i-0.024678
4.842529	0.011566	0.470485	i-0.024583
4.843140	0.011521	0.470486	i-0.024487
4.843750	0.011476	0.470486	i-0.024392
4.844360	0.011431	0.470487	i-0.024297
4.844971	0.011386	0.470487	i-0.024201
4.845581	0.011341	0.470487	i-0.024106
4.846191	0.011297	0.470488	i-0.024010
4.846802	0.011252	0.470488	i-0.023915
4.847412	0.011207	0.470489	i-0.023819
4.848022	0.011162	0.470489	i-0.023724
4.848633	0.011117	0.470490	i-0.023629
4.849243	0.011072	0.470490	i-0.023533
4.849854	0.011027	0.470491	i-0.023438
4.850464	0.010982	0.470491	i-0.023342
4.851074	0.010937	0.470492	i-0.023247
4.851685	0.010893	0.470492	i-0.023152
4.852295	0.010848	0.470493	i-0.023056
4.852905	0.010803	0.470493	i-0.022961
4.853516	0.010758	0.470493	i-0.022865
4.854126	0.010713	0.470494	i-0.022770
4.854736	0.010668	0.470494	i-0.022674
4.855347	0.010623	0.470495	i-0.022579
4.855957	0.010578	0.470495	i-0.022484
4.856567	0.010534	0.470496	i-0.022388
4.857178	0.010489	0.470496	i-0.022293
4.857788	0.010444	0.470497	i-0.022197
4.858398	0.010399	0.470497	i-0.022102
4.859009	0.010354	0.470497	i-0.022007
4.859619	0.010309	0.470498	i-0.021911
4.860229	0.010264	0.470498	i-0.021816
4.860840	0.010219	0.470499	i-0.021721
4.861450	0.010175	0.470499	i-0.021625
4.862061	0.010130	0.470500	i-0.021530
4.862671	0.010085	0.470500	i-0.021434
4.863281	0.010040	0.470500	i-0.021339
4.863892	0.009995	0.470501	i-0.021244
4.864502	0.009950	0.470501	i-0.021148
4.865112	0.009905	0.470502	i-0.021053
4.865723	0.009861	0.470502	i-0.020957
4.866333	0.009816	0.470502	i-0.020862
4.866943	0.009771	0.470503	i-0.020767
4.867554	0.009726	0.470503	i-0.020671
4.868164	0.009681	0.470504	i-0.020576
4.868774	0.009636	0.470504	i-0.020481
4.869385	0.009591	0.470504	i-0.020385
4.869995	0.009546	0.470505	i-0.020290
4.870605	0.009502	0.470505	i-0.020195
4.871216	0.009457	0.470506	i-0.020099
4.871826	0.009412	0.470506	i-0.020004
4.872437	0.009367	0.470506	i-0.019908
4.873047	0.009322	0.470507	i-0.019813
4.873657	0.009277	0.470507	i-0.019718
4.874268	0.009232	0.470508	i-0.019622
4.874878	0.009188	0.470508	i-0.019527
4.875488	0.009143	0.470508	i-0.019432
4.876099	0.009098	0.470509	i-0.019336
4.876709	0.009053	0.470509	i-0.019241
4.877319	0.009008	0.470509	i-0.019146
4.877930	0.008963	0.470510	i-0.019050
4.878540	0.008918	0.470510	i-0.018955
4.879150	0.008874	0.470511	i-0.018860
4.879761	0.008829	0.470511	i-0.018764
4.880371	0.008784	0.470511	i-0.018669
4.880981	0.008739	0.470512	i-0.018574
4.881592	0.008694	0.470512	i-0.018478
4.882202	0.008649	0.470512	i-0.018383
4.882813	0.008605	0.470513	i-0.018288
4.883423	0.008560	0.470513	i-0.018192
4.884033	0.008515	0.470513	i-0.018097
4.884644	0.008470	0.470514	i-0.018002
4.885254	0.008425	0.470514	i-0.017906
4.885864	0.008380	0.470514	i-0.017811
4.886475	0.008335	0.470515	i-0.017716
4.887085	0.008291	0.470515	i-0.017620
4.887695	0.008246	0.470516	i-0.017525
4.888306	0.008201	0.470516	i-0.017430
4.888916	0.008156	0.470516	i-0.017334
4.889526	0.008111	0.470517	i-0.017239
4.890137	0.008066	0.470517	i-0.017144
4.890747	0.008022	0.470517	i-0.017048
4.891357	0.007977	0.470518	i-0.016953
4.891968	0.007932	0.470518	i-0.016858
4.892578	0.007887	0.470518	i-0.016762
4.893188	0.007842	0.470519	i-0.016667
4.893799	0.007797	0.470519	i-0.016572
4.894409	0.007752	0.470519	i-0.016476
4.895020	0.007708	0.470519	i-0.016381
4.895630	0.007663	0.470520	i-0.016286
4.896240	0.007618	0.470520	i-0.016191
4.896851	0.007573	0.470520	i-0.016095
4.897461	0.007528	0.470521	i-0.016000
4.898071	0.007483	0.470521	i-0.015905
4.898682	0.007439	0.470521	i-0.015809
4.899292	0.007394	0.470522	i-0.015714
4.899902	0.007349	0.470522	i-0.015619
4.900513	0.007304	0.470522	i-0.015523
4.901123	0.007259	0.470523	i-0.015428
4.901733	0.007214	0.470523	i-0.015333
4.902344	0.007170	0.470523	i-0.015238
4.902954	0.007125	0.470523	i-0.015142
4.903564	0.007080	0.470524	i-0.015047
4.904175	0.007035	0.470524	i-0.014952
4.904785	0.006990	0.470524	i-0.014856
4.905396	0.006945	0.470525	i-0.014761
4.906006	0.006901	0.470525	i-0.014666
4.906616	0.006856	0.470525	i-0.014570
4.907227	0.006811	0.470525	i-0.014475
4.907837	0.006766	0.470526	i-0.014380
4.908447	0.006721	0.470526	i-0.014285
4.909058	0.006676	0.470526	i-0.014189
4.909668	0.006632	0.470527	i-0.014094
4.910278	0.006587	0.470527	i-0.013999
4.910889	0.006542	0.470527	i-0.013903
4.911499	0.006497	0.470527	i-0.013808
4.912109	0.006452	0.470528	i-0.013713
4.912720	0.006407	0.470528	i-0.013618
4.913330	0.006363	0.470528	i-0.013522
4.913940	0.006318	0.470528	i-0.013427
4.914551	0.006273	0.470529	i-0.013332
4.915161	0.006228	0.470529	i-0.013237
4.915771	0.006183	0.470529	i-0.013141
4.916382	0.006139	0.470530	i-0.013046
4.916992	0.006094	0.470530	i-0.012951
4.917603	0.006049	0.470530	i-0.012855
4.918213	0.006004	0.470530	i-0.012760
4.918823	0.005959	0.470531	i-0.012665
4.919434	0.005914	0.470531	i-0.012570
4.920044	0.005870	0.470531	i-0.012474
4.920654	0.005825	0.470531	i-0.012379
4.921265	0.005780	0.470531	i-0.012284
4.921875	0.005735	0.470532	i-0.012189
4.922485	0.005690	0.470532	i-0.012093
4.923096	0.005645	0.470532	i-0.011998
4.923706	0.005601	0.470532	i-0.011903
4.924316	0.005556	0.470533	i-0.011808
4.924927	0.005511	0.470533	i-0.011712
4.925537	0.005466	0.470533	i-0.011617
4.926147	0.005421	0.470533	i-0.011522
4.926758	0.005377	0.470534	i-0.011427
4.927368	0.005332	0.470534	i-0.011331
4.927979	0.005287	0.470534	i-0.011236
4.928589	0.005242	0.470534	i-0.011141
4.929199	0.005197	0.470534	i-0.011046
4.929810	0.005152	0.470535	i-0.010950
4.930420	0.005108	0.470535	i-0.010855
4.931030	0.005063	0.470535	i-0.010760
4.931641	0.005018	0.470535	i-0.010665
4.932251	0.004973	0.470535	i-0.010569
4.932861	0.004928	0.470536	i-0.010474
4.933472	0.004884	0.470536	i-0.010379
4.934082	0.004839	0.470536	i-0.010284
4.934692	0.004794	0.470536	i-0.010188
4.935303	0.004749	0.470536	i-0.010093
4.935913	0.004704	0.470537	i-0.009998
4.936523	0.004660	0.470537	i-0.009903
4.937134	0.004615	0.470537	i-0.009807
4.937744	0.004570	0.470537	i-0.009712
4.938354	0.004525	0.470537	i-0.009617
4.938965	0.004480	0.470538	i-0.009522
4.939575	0.004435	0.470538	i-0.009426
4.940186	0.004391	0.470538	i-0.009331
4.940796	0.004346	0.470538	i-0.009236
4.941406	0.004301	0.470538	i-0.009141
4.942017	0.004256	0.470539	i-0.009045
4.942627	0.004211	0.470539	i-0.008950
4.943237	0.004167	0.470539	i-0.008855
4.943848	0.004122	0.470539	i-0.008760
4.944458	0.004077	0.470539	i-0.008664
4.945068	0.004032	0.470539	i-0.008569
4.945679	0.003987	0.470540	i-0.008474
4.946289	0.003943	0.470540	i-0.008379
4.946899	0.003898	0.470540	i-0.008284
4.947510	0.003853	0.470540	i-0.008188
4.948120	0.003808	0.470540	i-0.008093
4.948730	0.003763	0.470540	i-0.007998
4.949341	0.003719	0.470541	i-0.007903
4.949951	0.003674	0.470541	i-0.007807
4.950562	0.003629	0.470541	i-0.007712
4.951172	0.003584	0.470541	i-0.007617
4.951782	0.003539	0.470541	i-0.007522
4.952393	0.003494	0.470541	i-0.007427
4.953003	0.003450	0.470541	i-0.007331
4.953613	0.003405	0.470542	i-0.007236
4.954224	0.003360	0.470542	i-0.007141
4.954834	0.003315	0.470542	i-0.007046
4.955444	0.003270	0.470542	i-0.006950
4.956055	0.003226	0.470542	i-0.006855
4.956665	0.003181	0.470542	i-0.006760
4.957275	0.003136	0.470542	i-0.006665
4.957886	0.003091	0.470543	i-0.006569
4.958496	0.003046	0.470543	i-0.006474
4.959106	0.003002	0.470543	i-0.006379
4.959717	0.002957	0.470543	i-0.006284
4.960327	0.002912	0.470543	i-0.006189
4.960938	0.002867	0.470543	i-0.006093
4.961548	0.002822	0.470543	i-0.005998
4.962158	0.002778	0.470543	i-0.005903
4.962769	0.002733	0.470543	i-0.005808
4.963379	0.002688	0.470544	i-0.005713
4.963989	0.002643	0.470544	i-0.005617
4.964600	0.002598	0.470544	i-0.005522
4.965210	0.002554	0.470544	i-0.005427
4.965820	0.002509	0.470544	i-0.005332
4.966431	0.002464	0.470544	i-0.005236
4.967041	0.002419	0.470544	i-0.005141
4.967651	0.002374	0.470544	i-0.005046
4.968262	0.002330	0.470544	i-0.004951
4.968872	0.002285	0.470545	i-0.004856
4.969482	0.002240	0.470545	i-0.004760
4.970093	0.002195	0.470545	i-0.004665
4.970703	0.002150	0.470545	i-0.004570
4.971313	0.002106	0.470545	i-0.004475
4.971924	0.002061	0.470545	i-0.004380
4.972534	0.002016	0.470545	i-0.004284
4.973145	0.001971	0.470545	i-0.004189
4.973755	0.001926	0.470545	i-0.004094
4.974365	0.001882	0.470545	i-0.003999
4.974976	0.001837	0.470545	i-0.003903
4.975586	0.001792	0.470545	i-0.003808
4.976196	0.001747	0.470546	i-0.003713
4.976807	0.001702	0.470546	i-0.003618
4.977417	0.001658	0.470546	i-0.003523
4.978027	0.001613	0.470546	i-0.003427
4.978638	0.001568	0.470546	i-0.003332
4.979248	0.001523	0.470546	i-0.003237
4.979858	0.001478	0.470546	i-0.003142
4.980469	0.001434	0.470546	i-0.003047
4.981079	0.001389	0.470546	i-0.002951
4.981689	0.001344	0.470546	i-0.002856
4.982300	0.001299	0.470546	i-0.002761
4.982910	0.001254	0.470546	i-0.002666
4.983521	0.001210	0.470546	i-0.002571
4.984131	0.001165	0.470546	i-0.002475
4.984741	0.001120	0.470546	i-0.002380
4.985352	0.001075	0.470546	i-0.002285
4.985962	0.001030	0.470546	i-0.002190
4.986572	0.000986	0.470546	i-0.002095
4.987183	0.000941	0.470547	i-0.001999
4.987793	0.000896	0.470547	i-0.001904
4.988403	0.000851	0.470547	i-0.001809
4.989014	0.000806	0.470547	i-0.001714
4.989624	0.000762	0.470547	i-0.001618
4.990234	0.000717	0.470547	i-0.001523
4.990845	0.000672	0.470547	i-0.001428
4.991455	0.000627	0.470547	i-0.001333
4.992065	0.000582	0.470547	i-0.001238
4.992676	0.000538	0.470547	i-0.001142
4.993286	0.000493	0.470547	i-0.001047
4.993896	0.000448	0.470547	i-0.000952
4.994507	0.000403	0.470547	i-0.000857
4.995117	0.000358	0.470547	i-0.000762
4.995728	0.000314	0.470547	i-0.000666
4.996338	0.000269	0.470547	i-0.000571
4.996948	0.000224	0.470547	i-0.000476
4.997559	0.000179	0.470547	i-0.000381
4.998169	0.000134	0.470547	i-0.000286
4.998779	0.000090	0.470547	i-0.000190
4.999390	0.000045	0.470547	i-0.000095
5.000000	0.000000	0.470547	i0.000000
5.000610	0.000045	0.470547	i0.000095
5.001221	0.000090	0.470547	i0.000190
5.001831	0.000134	0.470547	i0.000286
5.002441	0.000179	0.470547	i0.000381
5.003052	0.000224	0.470547	i0.000476
5.003662	0.000269	0.470547	i0.000571
5.004272	0.000314	0.470547	i0.000666
5.004883	0.000358	0.470547	i0.000762
5.005493	0.000403	0.470547	i0.000857
5.006104	0.000448	0.470547	i0.000952
5.006714	0.000493	0.470547	i0.001047
5.007324	0.000538	0.470547	i0.001142
5.007935	0.000582	0.470547	i0.001238
5.008545	0.000627	0.470547	i0.001333
5.009155	0.000672	0.470547	i0.001428
5.009766	0.000717	0.470547	i0.001523
5.010376	0.000762	0.470547	i0.001618
5.010986	0.000806	0.470547	i0.001714
5.011597	0.000851	0.470547	i0.001809
5.012207	0.000896	0.470547	i0.001904
5.012817	0.000941	0.470547	i0.001999
5.013428	0.000986	0.470546	i0.002095
5.014038	0.001030	0.470546	i0.002190
5.014648	0.001075	0.470546	i0.002285
5.015259	0.001120	0.470546	i0.002380
5.015869	0.001165	0.470546	i0.002475
5.016479	0.001210	0.470546	i0.002571
5.017090	0.001254	0.470546	i0.002666
5.017700	0.001299	0.470546	i0.002761
5.018311	0.001344	0.470546	i0.002856
5.018921	0.001389	0.470546	i0.002951
5.019531	0.001434	0.470546	i0.003047
5.020142	0.001478	0.470546	i0.003142
5.020752	0.001523	0.470546	i0.003237
5.021362	0.001568	0.470546	i0.003332
5.021973	0.001613	0.470546	i0.003427
5.022583	0.001658	0.470546	i0.003523
5.023193	0.001702	0.470546	i0.003618
5.023804	0.001747	0.470546	i0.003713
5.024414	0.001792	0.470545	i0.003808
5.025024	0.001837	0.470545	i0.003903
5.025635	0.001882	0.470545	i0.003999
5.026245	0.001926	0.470545	i0.004094
5.026855	0.001971	0.470545	i0.004189
5.027466	0.002016	0.470545	i0.004284
5.028076	0.002061	0.470545	i0.004380
5.028687	0.002106	0.470545	i0.004475
5.029297	0.002150	0.470545	i0.004570
5.029907	0.002195	0.470545	i0.004665
5.030518	0.002240	0.470545	i0.004760
5.031128	0.002285	0.470545	i0.004856
5.031738	0.002330	0.470544	i0.004951
5.032349	0.002374	0.470544	i0.005046
5.032959	0.002419	0.470544	i0.005141
5.033569	0.002464	0.470544	i0.005236
5.034180	0.002509	0.470544	i0.005332
5.034790	0.002554	0.470544	i0.005427
5.035400	0.002598	0.470544	i0.005522
5.036011	0.002643	0.470544	i0.005617
5.036621	0.002688	0.470544	i0.005713
5.037231	0.002733	0.470543	i0.005808
5.037842	0.002778	0.470543	i0.005903
5.038452	0.002822	0.470543	i0.005998
5.039063	0.002867	0.470543	i0.006093
5.039673	0.002912	0.470543	i0.006189
5.040283	0.002957	0.470543	i0.006284
5.040894	0.003002	0.470543	i0.006379
5.041504	0.003046	0.470543	i0.006474
5.042114	0.003091	0.470543	i0.006569
5.042725	0.003136	0.470542	i0.006665
5.043335	0.003181	0.470542	i0.006760
5.043945	0.003226	0.470542	i0.006855
5.044556	0.003270	0.470542	i0.006950
5.045166	0.003315	0.470542	i0.007046
5.045776	0.003360	0.470542	i0.007141
5.046387	0.003405	0.470542	i0.007236
5.046997	0.003450	0.470541	i0.007331
5.047607	0.003494	0.470541	i0.007427
5.048218	0.003539	0.470541	i0.007522
5.048828	0.003584	0.470541	i0.007617
5.049438	0.003629	0.470541	i0.007712
5.050049	0.003674	0.470541	i0.007807
5.050659	0.003719	0.470541	i0.007903
5.051270	0.003763	0.470540	i0.007998
5.051880	0.003808	0.470540	i0.008093
5.052490	0.003853	0.470540	i0.008188
5.053101	0.003898	0.470540	i0.008284
5.053711	0.003943	0.470540	i0.008379
5.054321	0.003987	0.470540	i0.008474
5.054932	0.004032	0.470539	i0.008569
5.055542	0.004077	0.470539	i0.008664
5.056152	0.004122	0.470539	i0.008760
5.056763	0.004167	0.470539	i0.008855
5.057373	0.004211	0.470539	i0.008950
5.057983	0.004256	0.470539	i0.009045
5.058594	0.004301	0.470538	i0.009141
5.059204	0.004346	0.470538	i0.009236
5.059814	0.004391	0.470538	i0.009331
5.060425	0.004435	0.470538	i0.009426
5.061035	0.004480	0.470538	i0.009522
5.061646	0.004525	0.470537	i0.009617
5.062256	0.004570	0.470537	i0.009712
5.062866	0.004615	0.470537	i0.009807
5.063477	0.004660	0.470537	i0.009903
5.064087	0.004704	0.470537	i0.009998
5.064697	0.004749	0.470536	i0.010093
5.065308	0.004794	0.470536	i0.010188
5.065918	0.004839	0.470536	i0.010284
5.066528	0.004884	0.470536	i0.010379
5.067139	0.004928	0.470536	i0.010474
5.067749	0.004973	0.470535	i0.010569
5.068359	0.005018	0.470535	i0.010665
5.068970	0.005063	0.470535	i0.010760
5.069580	0.005108	0.470535	i0.010855
5.070190	0.005152	0.470535	i0.010950
5.070801	0.005197	0.470534	i0.011046
5.071411	0.005242	0.470534	i0.011141
5.072021	0.005287	0.470534	i0.011236
5.072632	0.005332	0.470534	i0.011331
5.073242	0.005377	0.470534	i0.011427
5.073853	0.005421	0.470533	i0.011522
5.074463	0.005466	0.470533	i0.011617
5.075073	0.005511	0.470533	i0.011712
5.075684	0.005556	0.470533	i0.011808
5.076294	0.005601	0.470532	i0.011903
5.076904	0.005645	0.470532	i0.011998
5.077515	0.005690	0.470532	i0.012093
5.078125	0.005735	0.470532	i0.012189
5.078735	0.005780	0.470531	i0.012284
5.079346	0.005825	0.470531	i0.012379
5.079956	0.005870	0.470531	i0.012474
5.080566	0.005914	0.470531	i0.012570
5.081177	0.005959	0.470531	i0.012665
5.081787	0.006004	0.470530	i0.012760
5.082397	0.006049	0.470530	i0.012855
5.083008	0.006094	0.470530	i0.012951
5.083618	0.006139	0.470530	i0.013046
5.084229	0.006183	0.470529	i0.013141
5.084839	0.006228	0.470529	i0.013237
5.085449	0.006273	0.470529	i0.013332
5.086060	0.006318	0.470528	i0.013427
5.086670	0.006363	0.470528	i0.013522
5.087280	0.006407	0.470528	i0.013618
5.087891	0.006452	0.470528	i0.013713
5.088501	0.006497	0.470527	i0.013808
5.089111	0.006542	0.470527	i0.013903
5.089722	0.006587	0.470527	i0.013999
5.090332	0.006632	0.470527	i0.014094
5.090942	0.006676	0.470526	i0.014189
5.091553	0.006721	0.470526	i0.014285
5.092163	0.006766	0.470526	i0.014380
5.092773	0.006811	0.470525	i0.014475
5.093384	0.006856	0.470525	i0.014570
5.093994	0.006901	0.470525	i0.014666
5.094604	0.006945	0.470525	i0.014761
5.095215	0.006990	0.470524	i0.014856
5.095825	0.007035	0.470524	i0.014952
5.096436	0.007080	0.470524	i0.015047
5.097046	0.007125	0.470523	i0.015142
5.097656	0.007170	0.470523	i0.015238
5.098267	0.007214	0.470523	i0.015333
5.098877	0.007259	0.470523	i0.015428
5.099487	0.007304	0.470522	i0.015523
5.100098	0.007349	0.470522	i0.015619
5.100708	0.007394	0.470522	i0.015714
5.101318	0.007439	0.470521	i0.015809
5.101929	0.007483	0.470521	i0.015905
5.102539	0.007528	0.470521	i0.016000
5.103149	0.007573	0.470520	i0.016095
5.103760	0.007618	0.470520	i0.016191
5.104370	0.007663	0.470520	i0.016286
5.104980	0.007708	0.470519	i0.016381
5.105591	0.007752	0.470519	i0.016476
5.106201	0.007797	0.470519	i0.016572
5.106812	0.007842	0.470519	i0.016667
5.107422	0.007887	0.470518	i0.016762
5.108032	0.007932	0.470518	i0.016858
5.108643	0.007977	0.470518	i0.016953
5.109253	0.008022	0.470517	i0.017048
5.109863	0.008066	0.470517	i0.017144
5.110474	0.008111	0.470517	i0.017239
5.111084	0.008156	0.470516	i0.017334
5.111694	0.008201	0.470516	i0.017430
5.112305	0.008246	0.470516	i0.017525
5.112915	0.008291	0.470515	i0.017620
5.113525	0.008335	0.470515	i0.017716
5.114136	0.008380	0.470514	i0.017811
5.114746	0.008425	0.470514	i0.017906
5.115356	0.008470	0.470514	i0.018002
5.115967	0.008515	0.470513	i0.018097
5.116577	0.008560	0.470513	i0.018192
5.117188	0.008605	0.470513	i0.018288
5.117798	0.008649	0.470512	i0.018383
5.118408	0.008694	0.470512	i0.018478
5.119019	0.008739	0.470512	i0.018574
5.119629	0.008784	0.470511	i0.018669
5.120239	0.008829	0.470511	i0.018764
5.120850	0.008874	0.470511	i0.018860
5.121460	0.008918	0.470510	i0.018955
5.122070	0.008963	0.470510	i0.019050
5.122681	0.009008	0.470509	i0.019146
5.123291	0.009053	0.470509	i0.019241
5.123901	0.009098	0.470509	i0.019336
5.124512	0.009143	0.470508	i0.019432
5.125122	0.009188	0.470508	i0.019527
5.125732	0.009232	0.470508	i0.019622
5.126343	0.009277	0.470507	i0.019718
5.126953	0.009322	0.470507	i0.019813
5.127563	0.009367	0.470506	i0.019908
5.128174	0.009412	0.470506	i0.020004
5.128784	0.009457	0.470506	i0.020099
5.129395	0.009502	0.470505	i0.020195
5.130005	0.009546	0.470505	i0.020290
5.130615	0.009591	0.470504	i0.020385
5.131226	0.009636	0.470504	i0.020481
5.131836	0.009681	0.470504	i0.020576
5.132446	0.009726	0.470503	i0.020671
5.133057	0.009771	0.470503	i0.020767
5.133667	0.009816	0.470502	i0.020862
5.134277	0.009861	0.470502	i0.020957
5.134888	0.009905	0.470502	i0.021053
5.135498	0.009950	0.470501	i0.021148
5.136108	0.009995	0.470501	i0.021244
5.136719	0.010040	0.470500	i0.021339
5.137329	0.010085	0.470500	i0.021434
5.137939	0.010130	0.470500	i0.021530
5.138550	0.010175	0.470499	i0.021625
5.139160	0.010219	0.470499	i0.021721
5.139771	0.010264	0.470498	i0.021816
5.140381	0.010309	0.470498	i0.021911
5.140991	0.010354	0.470497	i0.022007
5.141602	0.010399	0.470497	i0.022102
5.142212	0.010444	0.470497	i0.022197
5.142822	0.010489	0.470496	i0.022293
5.143433	0.010534	0.470496	i0.022388
5.144043	0.010578	0.470495	i0.022484
5.144653	0.010623	0.470495	i0.022579
5.145264	0.010668	0.470494	i0.022674
5.145874	0.010713	0.470494	i0.022770
5.146484	0.010758	0.470493	i0.022865
5.147095	0.010803	0.470493	i0.022961
5.147705	0.010848	0.470493	i0.023056
5.148315	0.010893	0.470492	i0.023152
5.148926	0.010937	0.470492	i0.023247
5.149536	0.010982	0.470491	i0.023342
5.150146	0.011027	0.470491	i0.023438
5.150757	0.011072	0.470490	i0.023533
5.151367	0.011117	0.470490	i0.023629
5.151978	0.011162	0.470489	i0.023724
5.152588	0.011207	0.470489	i0.023819
5.153198	0.011252	0.470488	i0.023915
5.153809	0.011297	0.470488	i0.024010
5.154419	0.011341	0.470487	i0.024106
5.155029	0.011386	0.470487	i0.024201
5.155640	0.011431	0.470487	i0.024297
5.156250	0.011476	0.470486	i0.024392
5.156860	0.011521	0.470486	i0.024487
5.157471	0.011566	0.470485	i0.024583
5.158081	0.011611	0.470485	i0.024678
5.158691	0.011656	0.470484	i0.024774
5.159302	0.011701	0.470484	i0.024869
5.159912	0.011745	0.470483	i0.024965
5.160522	0.011790	0.470483	i0.025060
5.161133	0.011835	0.470482	i0.025156
5.161743	0.011880	0.470482	i0.025251
5.162354	0.011925	0.470481	i0.025346
5.162964	0.011970	0.470481	i0.025442
5.163574	0.012015	0.470480	i0.025537
5.164185	0.012060	0.470480	i0.025633
5.164795	0.012105	0.470479	i0.025728
5.165405	0.012150	0.470479	i0.025824
5.166016	0.012194	0.470478	i0.025919
5.166626	0.012239	0.470478	i0.026015
5.167236	0.012284	0.470477	i0.026110
5.167847	0.012329	0.470477	i0.026206
5.168457	0.012374	0.470476	i0.026301
5.169067	0.012419	0.470476	i0.026397
5.169678	0.012464	0.470475	i0.026492
5.170288	0.012509	0.470475	i0.026588
5.170898	0.012554	0.470474	i0.026683
5.171509	0.012599	0.470474	i0.026779
5.172119	0.012643	0.470473	i0.026874
5.172729	0.012688	0.470473	i0.026969
5.173340	0.012733	0.470472	i0.027065
5.173950	0.012778	0.470471	i0.027160
5.174561	0.012823	0.470471	i0.027256
5.175171	0.012868	0.470470	i0.027351
5.175781	0.012913	0.470470	i0.027447
5.176392	0.012958	0.470469	i0.027542
5.177002	0.013003	0.470469	i0.027638
5.177612	0.013048	0.470468	i0.027733
5.178223	0.013093	0.470468	i0.027829
5.178833	0.013138	0.470467	i0.027924
5.179443	0.013182	0.470467	i0.028020
5.180054	0.013227	0.470466	i0.028115
5.180664	0.013272	0.470466	i0.028211
5.181274	0.013317	0.470465	i0.028306
5.181885	0.013362	0.470464	i0.028402
5.182495	0.013407	0.470464	i0.028498
5.183105	0.013452	0.470463	i0.028593
5.183716	0.013497	0.470463	i0.028689
5.184326	0.013542	0.470462	i0.028784
5.184937	0.013587	0.470462	i0.028880
5.185547	0.013632	0.470461	i0.028975
5.186157	0.013677	0.470460	i0.029071
5.186768	0.013722	0.470460	i0.029166
5.187378	0.013766	0.470459	i0.029262
5.187988	0.013811	0.470459	i0.029357
5.188599	0.013856	0.470458	i0.029453
5.189209	0.013901	0.470458	i0.029548
5.189819	0.013946	0.470457	i0.029644
5.190430	0.013991	0.470456	i0.029739
5.191040	0.014036	0.470456	i0.029835
5.191650	0.014081	0.470455	i0.029931
5.192261	0.014126	0.470455	i0.030026
5.192871	0.014171	0.470454	i0.030122
5.193481	0.014216	0.470454	i0.030217
5.194092	0.014261	0.470453	i0.030313
5.194702	0.014306	0.470452	i0.030408
5.195313	0.014351	0.470452	i0.030504
5.195923	0.014396	0.470451	i0.030599
5.196533	0.014441	0.470451	i0.030695
5.197144	0.014485	0.470450	i0.030791
5.197754	0.014530	0.470449	i0.030886
5.198364	0.014575	0.470449	i0.030982
5.198975	0.014620	0.470448	i0.031077
5.199585	0.014665	0.470448	i0.031173
5.200195	0.014710	0.470447	i0.031269
5.200806	0.014755	0.470446	i0.031364
5.201416	0.014800	0.470446	i0.031460
5.202026	0.014845	0.470445	i0.031555
5.202637	0.014890	0.470444	i0.031651
5.203247	0.014935	0.470444	i0.031746
5.203857	0.014980	0.470443	i0.031842
5.204468	0.015025	0.470443	i0.031938
5.205078	0.015070	0.470442	i0.032033
5.205688	0.015115	0.470441	i0.032129
5.206299	0.015160	0.470441	i0.032224
5.206909	0.015205	0.470440	i0.032320
5.207520	0.015250	0.470439	i0.032416
5.208130	0.015295	0.470439	i0.032511
5.208740	0.015340	0.470438	i0.032607
5.209351	0.015385	0.470438	i0.032703
5.209961	0.015429	0.470437	i0.032798
5.210571	0.015474	0.470436	i0.032894
5.211182	0.015519	0.470436	i0.032989
5.211792	0.015564	0.470435	i0.033085
5.212402	0.015609	0.470434	i0.033181
5.213013	0.015654	0.470434	i0.033276
5.213623	0.015699	0.470433	i0.033372
5.214233	0.015744	0.470432	i0.033468
5.214844	0.015789	0.470432	i0.033563
5.215454	0.015834	0.470431	i0.033659
5.216064	0.015879	0.470430	i0.033755
5.216675	0.015924	0.470430	i0.033850
5.217285	0.015969	0.470429	i0.033946
5.217896	0.016014	0.470428	i0.034041
5.218506	0.016059	0.470428	i0.034137
5.219116	0.016104	0.470427	i0.034233
5.219727	0.016149	0.470426	i0.034328
5.220337	0.016194	0.470426	i0.034424
5.220947	0.016239	0.470425	i0.034520
5.221558	0.016284	0.470424	i0.034615
5.222168	0.016329	0.470424	i0.034711
5.222778	0.016374	0.470423	i0.034807
5.223389	0.016419	0.470422	i0.034902
5.223999	0.016464	0.470422	i0.034998
5.224609	0.016509	0.470421	i0.035094
5.225220	0.016554	0.470420	i0.035189
5.225830	0.016599	0.470420	i0.035285
5.226440	0.016644	0.470419	i0.035381
5.227051	0.016689	0.470418	i0.035477
5.227661	0.016734	0.470418	i0.035572
5.228271	0.016779	0.470417	i0.035668
5.228882	0.016824	0.470416	i0.035764
5.229492	0.016869	0.470415	i0.035859
5.230103	0.016914	0.470415	i0.035955
5.230713	0.016959	0.470414	i0.036051
5.231323	0.017004	0.470413	i0.036146
5.231934	0.017049	0.470413	i0.036242
5.232544	0.017094	0.470412	i0.036338
5.233154	0.017139	0.470411	i0.036434
5.233765	0.017184	0.470410	i0.036529
5.234375	0.017229	0.470410	i0.036625
5.234985	0.017274	0.470409	i0.036721
5.235596	0.017319	0.470408	i0.036817
5.236206	0.017364	0.470408	i0.036912
5.236816	0.017409	0.470407	i0.037008
5.237427	0.017454	0.470406	i0.037104
5.238037	0.017499	0.470405	i0.037199
5.238647	0.017544	0.470405	i0.037295
5.239258	0.017589	0.470404	i0.037391
5.239868	0.017634	0.470403	i0.037487
5.240479	0.017679	0.470402	i0.037582
5.241089	0.017724	0.470402	i0.037678
5.241699	0.017769	0.470401	i0.037774
5.242310	0.017814	0.470400	i0.037870
5.242920	0.017859	0.470400	i0.037965
5.243530	0.017904	0.470399	i0.038061
5.244141	0.017949	0.470398	i0.038157
5.244751	0.017994	0.470397	i0.038253
5.245361	0.018039	0.470397	i0.038349
5.245972	0.018084	0.470396	i0.038444
5.246582	0.018129	0.470395	i0.038540
5.247192	0.018174	0.470394	i0.038636
5.247803	0.018219	0.470394	i0.038732
5.248413	0.018264	0.470393	i0.038827
5.249023	0.018309	0.470392	i0.038923
5.249634	0.018354	0.470391	i0.039019
5.250244	0.018399	0.470390	i0.039115
5.250854	0.018444	0.470390	i0.039211
5.251465	0.018489	0.470389	i0.039306
5.252075	0.018534	0.470388	i0.039402
5.252686	0.018579	0.470387	i0.039498
5.253296	0.018624	0.470387	i0.039594
5.253906	0.018669	0.470386	i0.039690
5.254517	0.018715	0.470385	i0.039786
5.255127	0.018760	0.470384	i0.039881
5.255737	0.018805	0.470383	i0.039977
5.256348	0.018850	0.470383	i0.040073
5.256958	0.018895	0.470382	i0.040169
5.257568	0.018940	0.470381	i0.040265
5.258179	0.018985	0.470380	i0.040360
5.258789	0.019030	0.470380	i0.040456
5.259399	0.019075	0.470379	i0.040552
5.260010	0.019120	0.470378	i0.040648
5.260620	0.019165	0.470377	i0.040744
5.261230	0.019210	0.470376	i0.040840
5.261841	0.019255	0.470376	i0.040936
5.262451	0.019300	0.470375	i0.041031
5.263062	0.019345	0.470374	i0.041127
5.263672	0.019390	0.470373	i0.041223
5.264282	0.019435	0.470372	i0.041319
5.264893	0.019480	0.470372	i0.041415
5.265503	0.019525	0.470371	i0.041511
5.266113	0.019571	0.470370	i0.041607
5.266724	0.019616	0.470369	i0.041703
5.267334	0.019661	0.470368	i0.041798
5.267944	0.019706	0.470367	i0.041894
5.268555	0.019751	0.470367	i0.041990
5.269165	0.019796	0.470366	i0.042086
5.269775	0.019841	0.470365	i0.042182
5.270386	0.019886	0.470364	i0.042278
5.270996	0.019931	0.470363	i0.042374
5.271606	0.019976	0.470362	i0.042470
5.272217	0.020021	0.470362	i0.042566
5.272827	0.020066	0.470361	i0.042661
5.273438	0.020111	0.470360	i0.042757
5.274048	0.020156	0.470359	i0.042853
5.274658	0.020202	0.470358	i0.042949
5.275269	0.020247	0.470357	i0.043045
5.275879	0.020292	0.470357	i0.043141
5.276489	0.020337	0.470356	i0.043237
5.277100	0.020382	0.470355	i0.043333
5.277710	0.020427	0.470354	i0.043429
5.278320	0.020472	0.470353	i0.043525
5.278931	0.020517	0.470352	i0.043621
5.279541	0.020562	0.470351	i0.043717
5.280151	0.020607	0.470351	i0.043813
5.280762	0.020652	0.470350	i0.043909
5.281372	0.020697	0.470349	i0.044005
5.281982	0.020743	0.470348	i0.044100
5.282593	0.020788	0.470347	i0.044196
5.283203	0.020833	0.470346	i0.044292
5.283813	0.020878	0.470345	i0.044388
5.284424	0.020923	0.470345	i0.044484
5.285034	0.020968	0.470344	i0.044580
5.285645	0.021013	0.470343	i0.044676
5.286255	0.021058	0.470342	i0.044772
5.286865	0.021103	0.470341	i0.044868
5.287476	0.021148	0.470340	i0.044964
5.288086	0.021194	0.470339	i0.045060
5.288696	0.021239	0.470338	i0.045156
5.289307	0.021284	0.470338	i0.045252
5.289917	0.021329	0.470337	i0.045348
5.290527	0.021374	0.470336	i0.045444
5.291138	0.021419	0.470335	i0.045540
5.291748	0.021464	0.470334	i0.045636
5.292358	0.021509	0.470333	i0.045732
5.292969	0.021555	0.470332	i0.045828
5.293579	0.021600	0.470331	i0.045924
5.294189	0.021645	0.470330	i0.046020
5.294800	0.021690	0.470329	i0.046116
5.295410	0.021735	0.470329	i0.046212
5.296021	0.021780	0.470328	i0.046308
5.296631	0.021825	0.470327	i0.046404
5.297241	0.021870	0.470326	i0.046501
5.297852	0.021916	0.470325	i0.046597
5.298462	0.021961	0.470324	i0.046693
5.299072	0.022006	0.470323	i0.046789
5.299683	0.022051	0.470322	i0.046885
5.300293	0.022096	0.470321	i0.046981
5.300903	0.022141	0.470320	i0.047077
5.301514	0.022186	0.470319	i0.047173
5.302124	0.022231	0.470318	i0.047269
5.302734	0.022277	0.470318	i0.047365
5.303345	0.022322	0.470317	i0.047461
5.303955	0.022367	0.470316	i0.047557
5.304565	0.022412	0.470315	i0.047653
5.305176	0.022457	0.470314	i0.047749
5.305786	0.022502	0.470313	i0.047845
5.306396	0.022547	0.470312	i0.047942
5.307007	0.022593	0.470311	i0.048038
5.307617	0.022638	0.470310	i0.048134
5.308228	0.022683	0.470309	i0.048230
5.308838	0.022728	0.470308	i0.048326
5.309448	0.022773	0.470307	i0.048422
5.310059	0.022818	0.470306	i0.048518
5.310669	0.022864	0.470305	i0.048614
5.311279	0.022909	0.470304	i0.048710
5.311890	0.022954	0.470303	i0.048807
5.312500	0.022999	0.470302	i0.048903
5.313110	0.023044	0.470301	i0.048999
5.313721	0.023089	0.470300	i0.049095
5.314331	0.023135	0.470299	i0.049191
5.314941	0.023180	0.470299	i0.049287
5.315552	0.023225	0.470298	i0.049383
5.316162	0.023270	0.470297	i0.049480
5.316772	0.023315	0.470296	i0.049576
5.317383	0.023360	0.470295	i0.049672
5.317993	0.023406	0.470294	i0.049768
5.318604	0.023451	0.470293	i0.049864
5.319214	0.023496	0.470292	i0.049960
5.319824	0.023541	0.470291	i0.050057
5.320435	0.023586	0.470290	i0.050153
5.321045	0.023632	0.470289	i0.050249
5.321655	0.023677	0.470288	i0.050345
5.322266	0.023722	0.470287	i0.050441
5.322876	0.023767	0.470286	i0.050538
5.323486	0.023812	0.470285	i0.050634
5.324097	0.023857	0.470284	i0.050730
5.324707	0.023903	0.470283	i0.050826
5.325317	0.023948	0.470282	i0.050922
5.325928	0.023993	0.470281	i0.051019
5.326538	0.024038	0.470280	i0.051115
5.327148	0.024083	0.470279	i0.051211
5.327759	0.024129	0.470278	i0.051307
5.328369	0.024174	0.470277	i0.051403
5.328979	0.024219	0.470276	i0.051500
5.329590	0.024264	0.470275	i0.051596
5.330200	0.024309	0.470274	i0.051692
5.330811	0.024355	0.470273	i0.051788
5.331421	0.024400	0.470272	i0.051885
5.332031	0.024445	0.470271	i0.051981
5.332642	0.024490	0.470270	i0.052077
5.333252	0.024536	0.470269	i0.052173
5.333862	0.024581	0.470268	i0.052270
5.334473	0.024626	0.470267	i0.052366
5.335083	0.024671	0.470265	i0.052462
5.335693	0.024716	0.470264	i0.052558
5.336304	0.024762	0.470263	i0.052655
5.336914	0.024807	0.470262	i0.052751
5.337524	0.024852	0.470261	i0.052847
5.338135	0.024897	0.470260	i0.052944
5.338745	0.024943	0.470259	i0.053040
5.339355	0.024988	0.470258	i0.053136
5.339966	0.025033	0.470257	i0.053233
5.340576	0.025078	0.470256	i0.053329
5.341187	0.025123	0.470255	i0.053425
5.341797	0.025169	0.470254	i0.053521
5.342407	0.025214	0.470253	i0.053618
5.343018	0.025259	0.470252	i0.053714
5.343628	0.025304	0.470251	i0.053810
5.344238	0.025350	0.470250	i0.053907
5.344849	0.025395	0.470249	i0.054003
5.345459	0.025440	0.470248	i0.054099
5.346069	0.025485	0.470247	i0.054196
5.346680	0.025531	0.470246	i0.054292
5.347290	0.025576	0.470244	i0.054388
5.347900	0.025621	0.470243	i0.054485
5.348511	0.025666	0.470242	i0.054581
5.349121	0.025712	0.470241	i0.054678
5.349731	0.025757	0.470240	i0.054774
5.350342	0.025802	0.470239	i0.054870
5.350952	0.025847	0.470238	i0.054967
5.351563	0.025893	0.470237	i0.055063
5.352173	0.025938	0.470236	i0.055159
5.352783	0.025983	0.470235	i0.055256
5.353394	0.026028	0.470234	i0.055352
5.354004	0.026074	0.470233	i0.055449
5.354614	0.026119	0.470231	i0.055545
5.355225	0.026164	0.470230	i0.055641
5.355835	0.026210	0.470229	i0.055738
5.356445	0.026255	0.470228	i0.055834
5.357056	0.026300	0.470227	i0.055931
5.357666	0.026345	0.470226	i0.056027
5.358276	0.026391	0.470225	i0.056123
5.358887	0.026436	0.470224	i0.056220
5.359497	0.026481	0.470223	i0.056316
5.360107	0.026526	0.470221	i0.056413
5.360718	0.026572	0.470220	i0.056509
5.361328	0.026617	0.470219	i0.056606
5.361938	0.026662	0.470218	i0.056702
5.362549	0.026708	0.470217	i0.056799
5.363159	0.026753	0.470216	i0.056895
5.363770	0.026798	0.470215	i0.056991
5.364380	0.026844	0.470214	i0.057088
5.364990	0.026889	0.470213	i0.057184
5.365601	0.026934	0.470211	i0.057281
5.366211	0.026979	0.470210	i0.057377
5.366821	0.027025	0.470209	i0.057474
5.367432	0.027070	0.470208	i0.057570
5.368042	0.027115	0.470207	i0.057667
5.368652	0.027161	0.470206	i0.057763
5.369263	0.027206	0.470205	i0.057860
5.369873	0.027251	0.470203	i0.057956
5.370483	0.027297	0.470202	i0.058053
5.371094	0.027342	0.470201	i0.058149
5.371704	0.027387	0.470200	i0.058246
5.372314	0.027433	0.470199	i0.058342
5.372925	0.027478	0.470198	i0.058439
5.373535	0.027523	0.470197	i0.058535
5.374146	0.027569	0.470195	i0.058632
5.374756	0.027614	0.470194	i0.058729
5.375366	0.027659	0.470193	i0.058825
5.375977	0.027704	0.470192	i0.058922
5.376587	0.027750	0.470191	i0.059018
5.377197	0.027795	0.470190	i0.059115
5.377808	0.027840	0.470188	i0.059211
5.378418	0.027886	0.470187	i0.059308
5.379028	0.027931	0.470186	i0.059404
5.379639	0.027976	0.470185	i0.059501
5.380249	0.028022	0.470184	i0.059598
5.380859	0.028067	0.470183	i0.059694
5.381470	0.028113	0.470181	i0.059791
5.382080	0.028158	0.470180	i0.059887
5.382690	0.028203	0.470179	i0.059984
5.383301	0.028249	0.470178	i0.060081
5.383911	0.028294	0.470177	i0.060177
5.384521	0.028339	0.470175	i0.060274
5.385132	0.028385	0.470174	i0.060370
5.385742	0.028430	0.470173	i0.060467
5.386353	0.028475	0.470172	i0.060564
5.386963	0.028521	0.470171	i0.060660
5.387573	0.028566	0.470169	i0.060757
5.388184	0.028611	0.470168	i0.060854
5.388794	0.028657	0.470167	i0.060950
5.389404	0.028702	0.470166	i0.061047
5.390015	0.028748	0.470165	i0.061144
5.390625	0.028793	0.470163	i0.061240
5.391235	0.028838	0.470162	i0.061337
5.391846	0.028884	0.470161	i0.061434
5.392456	0.028929	0.470160	i0.061530
5.393066	0.028974	0.470159	i0.061627
5.393677	0.029020	0.470157	i0.061724
5.394287	0.029065	0.470156	i0.061820
5.394897	0.029111	0.470155	i0.061917
5.395508	0.029156	0.470154	i0.062014
5.396118	0.029201	0.470152	i0.062110
5.396729	0.029247	0.470151	i0.062207
5.397339	0.029292	0.470150	i0.062304
5.397949	0.029337	0.470149	i0.062400
5.398560	0.029383	0.470148	i0.062497
5.399170	0.029428	0.470146	i0.062594
5.399780	0.029474	0.470145	i0.062691
5.400391	0.029519	0.470144	i0.062787
5.401001	0.029564	0.470143	i0.062884
5.401611	0.029610	0.470141	i0.062981
5.402222	0.029655	0.470140	i0.063078
5.402832	0.029701	0.470139	i0.063174
5.403442	0.029746	0.470138	i0.063271
5.404053	0.029792	0.470136	i0.063368
5.404663	0.029837	0.470135	i0.063465
5.405273	0.029882	0.470134	i0.063561
5.405884	0.029928	0.470133	i0.063658
5.406494	0.029973	0.470131	i0.063755
5.407104	0.030019	0.470130	i0.063852
5.407715	0.030064	0.470129	i0.063949
5.408325	0.030109	0.470127	i0.064045
5.408936	0.030155	0.470126	i0.064142
5.409546	0.030200	0.470125	i0.064239
5.410156	0.030246	0.470124	i0.064336
5.410767	0.030291	0.470122	i0.064433
5.411377	0.030337	0.470121	i0.064529
5.411987	0.030382	0.470120	i0.064626
5.412598	0.030427	0.470119	i0.064723
5.413208	0.030473	0.470117	i0.064820
5.413818	0.030518	0.470116	i0.064917
5.414429	0.030564	0.470115	i0.065014
5.415039	0.030609	0.470113	i0.065110
5.415649	0.030655	0.470112	i0.065207
5.416260	0.030700	0.470111	i0.065304
5.416870	0.030746	0.470110	i0.065401
5.417480	0.030791	0.470108	i0.065498
5.418091	0.030837	0.470107	i0.065595
5.418701	0.030882	0.470106	i0.065692
5.419312	0.030927	0.470104	i0.065788
5.419922	0.030973	0.470103	i0.065885
5.420532	0.031018	0.470102	i0.065982
5.421143	0.031064	0.470100	i0.066079
5.421753	0.031109	0.470099	i0.066176
5.422363	0.031155	0.470098	i0.066273
5.422974	0.031200	0.470096	i0.066370
5.423584	0.031246	0.470095	i0.066467
5.424194	0.031291	0.470094	i0.066564
5.424805	0.031337	0.470093	i0.066661
5.425415	0.031382	0.470091	i0.066758
5.426025	0.031428	0.470090	i0.066854
5.426636	0.031473	0.470089	i0.066951
5.427246	0.031519	0.470087	i0.067048
5.427856	0.031564	0.470086	i0.067145
5.428467	0.031610	0.470085	i0.067242
5.429077	0.031655	0.470083	i0.067339
5.429688	0.031701	0.470082	i0.067436
5.430298	0.031746	0.470081	i0.067533
5.430908	0.031792	0.470079	i0.067630
5.431519	0.031837	0.470078	i0.067727
5.432129	0.031883	0.470077	i0.067824
5.432739	0.031928	0.470075	i0.067921
5.433350	0.031974	0.470074	i0.068018
5.433960	0.032019	0.470072	i0.068115
5.434570	0.032065	0.470071	i0.068212
5.435181	0.032110	0.470070	i0.068309
5.435791	0.032156	0.470068	i0.068406
5.436401	0.032201	0.470067	i0.068503
5.437012	0.032247	0.470066	i0.068600
5.437622	0.032292	0.470064	i0.068697
5.438232	0.032338	0.470063	i0.068794
5.438843	0.032383	0.470062	i0.068891
5.439453	0.032429	0.470060	i0.068988
5.440063	0.032474	0.470059	i0.069085
5.440674	0.032520	0.470057	i0.069183
5.441284	0.032565	0.470056	i0.069280
5.441895	0.032611	0.470055	i0.069377
5.442505	0.032656	0.470053	i0.069474
5.443115	0.032702	0.470052	i0.069571
5.443726	0.032747	0.470051	i0.069668
5.444336	0.032793	0.470049	i0.069765
5.444946	0.032839	0.470048	i0.069862
5.445557	0.032884	0.470046	i0.069959
5.446167	0.032930	0.470045	i0.070056
5.446777	0.032975	0.470044	i0.070153
5.447388	0.033021	0.470042	i0.070251
5.447998	0.033066	0.470041	i0.070348
5.448608	0.033112	0.470039	i0.070445
5.449219	0.033157	0.470038	i0.070542
5.449829	0.033203	0.470037	i0.070639
5.450439	0.033249	0.470035	i0.070736
5.451050	0.033294	0.470034	i0.070833
5.451660	0.033340	0.470032	i0.070930
5.452271	0.033385	0.470031	i0.071028
5.452881	0.033431	0.470030	i0.071125
5.453491	0.033476	0.470028	i0.071222
5.454102	0.033522	0.470027	i0.071319
5.454712	0.033567	0.470025	i0.071416
5.455322	0.033613	0.470024	i0.071514
5.455933	0.033659	0.470023	i0.071611
5.456543	0.033704	0.470021	i0.071708
5.457153	0.033750	0.470020	i0.071805
5.457764	0.033795	0.470018	i0.071902
5.458374	0.033841	0.470017	i0.072000
5.458984	0.033887	0.470015	i0.072097
5.459595	0.033932	0.470014	i0.072194
5.460205	0.033978	0.470013	i0.072291
5.460815	0.034023	0.470011	i0.072388
5.461426	0.034069	0.470010	i0.072486
5.462036	0.034115	0.470008	i0.072583
5.462646	0.034160	0.470007	i0.072680
5.463257	0.034206	0.470005	i0.072777
5.463867	0.034251	0.470004	i0.072875
5.464478	0.034297	0.470002	i0.072972
5.465088	0.034343	0.470001	i0.073069
5.465698	0.034388	0.470000	i0.073167
5.466309	0.034434	0.469998	i0.073264
5.466919	0.034479	0.469997	i0.073361
5.467529	0.034525	0.469995	i0.073458
5.468140	0.034571	0.469994	i0.073556
5.468750	0.034616	0.469992	i0.073653
5.469360	0.034662	0.469991	i0.073750
5.469971	0.034708	0.469989	i0.073848
5.470581	0.034753	0.469988	i0.073945
5.471191	0.034799	0.469986	i0.074042
5.471802	0.034845	0.469985	i0.074140
5.472412	0.034890	0.469983	i0.074237
5.473022	0.034936	0.469982	i0.074334
5.473633	0.034981	0.469980	i0.074432
5.474243	0.035027	0.469979	i0.074529
5.474854	0.035073	0.469977	i0.074626
5.475464	0.035118	0.469976	i0.074724
5.476074	0.035164	0.469974	i0.074821
5.476685	0.035210	0.469973	i0.074919
5.477295	0.035255	0.469971	i0.075016
5.477905	0.035301	0.469970	i0.075113
5.478516	0.035347	0.469968	i0.075211
5.479126	0.035392	0.469967	i0.075308
5.479736	0.035438	0.469965	i0.075406
5.480347	0.035484	0.469964	i0.075503
5.480957	0.035529	0.469962	i0.075600
5.481567	0.035575	0.469961	i0.075698
5.482178	0.035621	0.469959	i0.075795
5.482788	0.035666	0.469958	i0.075893
5.483398	0.035712	0.469956	i0.075990
5.484009	0.035758	0.469955	i0.076088
5.484619	0.035803	0.469953	i0.076185
5.485229	0.035849	0.469952	i0.076282
5.485840	0.035895	0.469950	i0.076380
5.486450	0.035940	0.469949	i0.076477
5.487061	0.035986	0.469947	i0.076575
5.487671	0.036032	0.469946	i0.076672
5.488281	0.036078	0.469944	i0.076770
5.488892	0.036123	0.469943	i0.076867
5.489502	0.036169	0.469941	i0.076965
5.490112	0.036215	0.469940	i0.077062
5.490723	0.036260	0.469938	i0.077160
5.491333	0.036306	0.469937	i0.077257
5.491943	0.036352	0.469935	i0.077355
5.492554	0.036398	0.469933	i0.077452
5.493164	0.036443	0.469932	i0.077550
5.493774	0.036489	0.469930	i0.077648
5.494385	0.036535	0.469929	i0.077745
5.494995	0.036580	0.469927	i0.077843
5.495605	0.036626	0.469926	i0.077940
5.496216	0.036672	0.469924	i0.078038
5.496826	0.036718	0.469923	i0.078135
5.497437	0.036763	0.469921	i0.078233
5.498047	0.036809	0.469920	i0.078330
5.498657	0.036855	0.469918	i0.078428
5.499268	0.036901	0.469916	i0.078526
5.499878	0.036946	0.469915	i0.078623
5.500488	0.036992	0.469913	i0.078721
5.501099	0.037038	0.469912	i0.078819
5.501709	0.037083	0.469910	i0.078916
5.502319	0.037129	0.469909	i0.079014
5.502930	0.037175	0.469907	i0.079111
5.503540	0.037221	0.469905	i0.079209
5.504150	0.037266	0.469904	i0.079307
5.504761	0.037312	0.469902	i0.079404
5.505371	0.037358	0.469901	i0.079502
5.505981	0.037404	0.469899	i0.079600
5.506592	0.037450	0.469897	i0.079697
5.507202	0.037495	0.469896	i0.079795
5.507813	0.037541	0.469894	i0.079893
5.508423	0.037587	0.469893	i0.079990
5.509033	0.037633	0.469891	i0.080088
5.509644	0.037678	0.469889	i0.080186
5.510254	0.037724	0.469888	i0.080283
5.510864	0.037770	0.469886	i0.080381
5.511475	0.037816	0.469885	i0.080479
5.512085	0.037862	0.469883	i0.080577
5.512695	0.037907	0.469881	i0.080674
5.513306	0.037953	0.469880	i0.080772
5.513916	0.037999	0.469878	i0.080870
5.514526	0.038045	0.469877	i0.080968
5.515137	0.038091	0.469875	i0.081065
5.515747	0.038136	0.469873	i0.081163
5.516357	0.038182	0.469872	i0.081261
5.516968	0.038228	0.469870	i0.081359
5.517578	0.038274	0.469868	i0.081456
5.518188	0.038320	0.469867	i0.081554
5.518799	0.038365	0.469865	i0.081652
5.519409	0.038411	0.469864	i0.081750
5.520020	0.038457	0.469862	i0.081848
5.520630	0.038503	0.469860	i0.081945
5.521240	0.038549	0.469859	i0.082043
5.521851	0.038595	0.469857	i0.082141
5.522461	0.038640	0.469855	i0.082239
5.523071	0.038686	0.469854	i0.082337
5.523682	0.038732	0.469852	i0.082434
5.524292	0.038778	0.469850	i0.082532
5.524902	0.038824	0.469849	i0.082630
5.525513	0.038870	0.469847	i0.082728
5.526123	0.038915	0.469845	i0.082826
5.526733	0.038961	0.469844	i0.082924
5.527344	0.039007	0.469842	i0.083022
5.527954	0.039053	0.469840	i0.083120
5.528564	0.039099	0.469839	i0.083217
5.529175	0.039145	0.469837	i0.083315
5.529785	0.039190	0.469835	i0.083413
5.530396	0.039236	0.469834	i0.083511
5.531006	0.039282	0.469832	i0.083609
5.531616	0.039328	0.469830	i0.083707
5.532227	0.039374	0.469829	i0.083805
5.532837	0.039420	0.469827	i0.083903
5.533447	0.039466	0.469825	i0.084001
5.534058	0.039512	0.469824	i0.084099
5.534668	0.039557	0.469822	i0.084197
5.535278	0.039603	0.469820	i0.084295
5.535889	0.039649	0.469819	i0.084393
5.536499	0.039695	0.469817	i0.084491
5.537109	0.039741	0.469815	i0.084589
5.537720	0.039787	0.469814	i0.084687
5.538330	0.039833	0.469812	i0.084785
5.538940	0.039879	0.469810	i0.084883
5.539551	0.039925	0.469808	i0.084981
5.540161	0.039970	0.469807	i0.085079
5.540771	0.040016	0.469805	i0.085177
5.541382	0.040062	0.469803	i0.085275
5.541992	0.040108	0.469802	i0.085373
5.542603	0.040154	0.469800	i0.085471
5.543213	0.040200	0.469798	i0.085569
5.543823	0.040246	0.469796	i0.085667
5.544434	0.040292	0.469795	i0.085765
5.545044	0.040338	0.469793	i0.085863
5.545654	0.040384	0.469791	i0.085961
5.546265	0.040430	0.469790	i0.086059
5.546875	0.040476	0.469788	i0.086157
5.547485	0.040521	0.469786	i0.086255
5.548096	0.040567	0.469784	i0.086353
5.548706	0.040613	0.469783	i0.086451
5.549316	0.040659	0.469781	i0.086549
5.549927	0.040705	0.469779	i0.086648
5.550537	0.040751	0.469777	i0.086746
5.551147	0.040797	0.469776	i0.086844
5.551758	0.040843	0.469774	i0.086942
5.552368	0.040889	0.469772	i0.087040
5.552979	0.040935	0.469770	i0.087138
5.553589	0.040981	0.469769	i0.087236
5.554199	0.041027	0.469767	i0.087335
5.554810	0.041073	0.469765	i0.087433
5.555420	0.041119	0.469763	i0.087531
5.556030	0.041165	0.469762	i0.087629
5.556641	0.041211	0.469760	i0.087727
5.557251	0.041257	0.469758	i0.087826
5.557861	0.041303	0.469756	i0.087924
5.558472	0.041349	0.469755	i0.088022
5.559082	0.041395	0.469753	i0.088120
5.559692	0.041441	0.469751	i0.088218
5.560303	0.041487	0.469749	i0.088317
5.560913	0.041533	0.469748	i0.088415
5.561523	0.041579	0.469746	i0.088513
5.562134	0.041625	0.469744	i0.088611
5.562744	0.041671	0.469742	i0.088710
5.563354	0.041717	0.469740	i0.088808
5.563965	0.041763	0.469739	i0.088906
5.564575	0.041809	0.469737	i0.089004
5.565186	0.041855	0.469735	i0.089103
5.565796	0.041901	0.469733	i0.089201
5.566406	0.041947	0.469731	i0.089299
5.567017	0.041993	0.469730	i0.089398
5.567627	0.042039	0.469728	i0.089496
5.568237	0.042085	0.469726	i0.089594
5.568848	0.042131	0.469724	i0.089693
5.569458	0.042177	0.469722	i0.089791
5.570068	0.042223	0.469721	i0.089889
5.570679	0.042269	0.469719	i0.089988
5.571289	0.042315	0.469717	i0.090086
5.571899	0.042361	0.469715	i0.090184
5.572510	0.042407	0.469713	i0.090283
5.573120	0.042453	0.469712	i0.090381
5.573730	0.042499	0.469710	i0.090479
5.574341	0.042545	0.469708	i0.090578
5.574951	0.042591	0.469706	i0.090676
5.575562	0.042637	0.469704	i0.090775
5.576172	0.042683	0.469702	i0.090873
5.576782	0.042729	0.469701	i0.090971
5.577393	0.042775	0.469699	i0.091070
5.578003	0.042821	0.469697	i0.091168
5.578613	0.042867	0.469695	i0.091267
5.579224	0.042914	0.469693	i0.091365
5.579834	0.042960	0.469691	i0.091464
5.580444	0.043006	0.469690	i0.091562
5.581055	0.043052	0.469688	i0.091660
5.581665	0.043098	0.469686	i0.091759
5.582275	0.043144	0.469684	i0.091857
5.582886	0.043190	0.469682	i0.091956
5.583496	0.043236	0.469680	i0.092054
5.584106	0.043282	0.469679	i0.092153
5.584717	0.043328	0.469677	i0.092251
5.585327	0.043374	0.469675	i0.092350
5.585938	0.043421	0.469673	i0.092448
5.586548	0.043467	0.469671	i0.092547
5.587158	0.043513	0.469669	i0.092645
5.587769	0.043559	0.469667	i0.092744
5.588379	0.043605	0.469665	i0.092843
5.588989	0.043651	0.469664	i0.092941
5.589600	0.043697	0.469662	i0.093040
5.590210	0.043743	0.469660	i0.093138
5.590820	0.043789	0.469658	i0.093237
5.591431	0.043836	0.469656	i0.093335
5.592041	0.043882	0.469654	i0.093434
5.592651	0.043928	0.469652	i0.093533
5.593262	0.043974	0.469650	i0.093631
5.593872	0.044020	0.469649	i0.093730
5.594482	0.044066	0.469647	i0.093828
5.595093	0.044112	0.469645	i0.093927
5.595703	0.044158	0.469643	i0.094026
5.596313	0.044205	0.469641	i0.094124
5.596924	0.044251	0.469639	i0.094223
5.597534	0.044297	0.469637	i0.094322
5.598145	0.044343	0.469635	i0.094420
5.598755	0.044389	0.469633	i0.094519
5.599365	0.044435	0.469631	i0.094618
5.599976	0.044482	0.469630	i0.094716
5.600586	0.044528	0.469628	i0.094815
5.601196	0.044574	0.469626	i0.094914
5.601807	0.044620	0.469624	i0.095012
5.602417	0.044666	0.469622	i0.095111
5.603027	0.044712	0.469620	i0.095210
5.603638	0.044759	0.469618	i0.095309
5.604248	0.044805	0.469616	i0.095407
5.604858	0.044851	0.469614	i0.095506
5.605469	0.044897	0.469612	i0.095605
5.606079	0.044943	0.469610	i0.095704
5.606689	0.044990	0.469608	i0.095802
5.607300	0.045036	0.469606	i0.095901
5.607910	0.045082	0.469605	i0.096000
5.608521	0.045128	0.469603	i0.096099
5.609131	0.045174	0.469601	i0.096197
5.609741	0.045221	0.469599	i0.096296
5.610352	0.045267	0.469597	i0.096395
5.610962	0.045313	0.469595	i0.096494
5.611572	0.045359	0.469593	i0.096593
5.612183	0.045405	0.469591	i0.096692
5.612793	0.045452	0.469589	i0.096790
5.613403	0.045498	0.469587	i0.096889
5.614014	0.045544	0.469585	i0.096988
5.614624	0.045590	0.469583	i0.097087
5.615234	0.045637	0.469581	i0.097186
5.615845	0.045683	0.469579	i0.097285
5.616455	0.045729	0.469577	i0.097384
5.617065	0.045775	0.469575	i0.097482
5.617676	0.045822	0.469573	i0.097581
5.618286	0.045868	0.469571	i0.097680
5.618896	0.045914	0.469569	i0.097779
5.619507	0.045960	0.469567	i0.097878
5.620117	0.046007	0.469565	i0.097977
5.620728	0.046053	0.469563	i0.098076
5.621338	0.046099	0.469561	i0.098175
5.621948	0.046145	0.469559	i0.098274
5.622559	0.046192	0.469557	i0.098373
5.623169	0.046238	0.469555	i0.098472
5.623779	0.046284	0.469553	i0.098571
5.624390	0.046330	0.469551	i0.098670
5.625000	0.046377	0.469549	i0.098769
5.625610	0.046423	0.469547	i0.098868
5.626221	0.046469	0.469545	i0.098967
5.626831	0.046516	0.469543	i0.099066
5.627441	0.046562	0.469541	i0.099165
5.628052	0.046608	0.469539	i0.099264
5.628662	0.046655	0.469537	i0.099363
5.629272	0.046701	0.469535	i0.099462
5.629883	0.046747	0.469533	i0.099561
5.630493	0.046793	0.469531	i0.099660
5.631104	0.046840	0.469529	i0.099759
5.631714	0.046886	0.469527	i0.099858
5.632324	0.046932	0.469525	i0.099957
5.632935	0.046979	0.469523	i0.100056
5.633545	0.047025	0.469521	i0.100155
5.634155	0.047071	0.469519	i0.100254
5.634766	0.047118	0.469517	i0.100354
5.635376	0.047164	0.469515	i0.100453
5.635986	0.047210	0.469513	i0.100552
5.636597	0.047257	0.469511	i0.100651
5.637207	0.047303	0.469509	i0.100750
5.637817	0.047349	0.469507	i0.100849
5.638428	0.047396	0.469505	i0.100948
5.639038	0.047442	0.469503	i0.101048
5.639648	0.047488	0.469501	i0.101147
5.640259	0.047535	0.469499	i0.101246
5.640869	0.047581	0.469497	i0.101345
5.641479	0.047628	0.469495	i0.101444
5.642090	0.047674	0.469493	i0.101543
5.642700	0.047720	0.469490	i0.101643
5.643311	0.047767	0.469488	i0.101742
5.643921	0.047813	0.469486	i0.101841
5.644531	0.047859	0.469484	i0.101940
5.645142	0.047906	0.469482	i0.102040
5.645752	0.047952	0.469480	i0.102139
5.646362	0.047999	0.469478	i0.102238
5.646973	0.048045	0.469476	i0.102337
5.647583	0.048091	0.469474	i0.102437
5.648193	0.048138	0.469472	i0.102536
5.648804	0.048184	0.469470	i0.102635
5.649414	0.048231	0.469468	i0.102735
5.650024	0.048277	0.469466	i0.102834
5.650635	0.048323	0.469463	i0.102933
5.651245	0.048370	0.469461	i0.103032
5.651855	0.048416	0.469459	i0.103132
5.652466	0.048463	0.469457	i0.103231
5.653076	0.048509	0.469455	i0.103330
5.653687	0.048555	0.469453	i0.103430
5.654297	0.048602	0.469451	i0.103529
5.654907	0.048648	0.469449	i0.103629
5.655518	0.048695	0.469447	i0.103728
5.656128	0.048741	0.469445	i0.103827
5.656738	0.048788	0.469442	i0.103927
5.657349	0.048834	0.469440	i0.104026
5.657959	0.048881	0.469438	i0.104126
5.658569	0.048927	0.469436	i0.104225
5.659180	0.048973	0.469434	i0.104324
5.659790	0.049020	0.469432	i0.104424
5.660400	0.049066	0.469430	i0.104523
5.661011	0.049113	0.469428	i0.104623
5.661621	0.049159	0.469425	i0.104722
5.662231	0.049206	0.469423	i0.104822
5.662842	0.049252	0.469421	i0.104921
5.663452	0.049299	0.469419	i0.105021
5.664063	0.049345	0.469417	i0.105120
5.664673	0.049392	0.469415	i0.105220
5.665283	0.049438	0.469413	i0.105319
5.665894	0.049485	0.469411	i0.105419
5.666504	0.049531	0.469408	i0.105518
5.667114	0.049578	0.469406	i0.105618
5.667725	0.049624	0.469404	i0.105717
5.668335	0.049671	0.469402	i0.105817
5.668945	0.049717	0.469400	i0.105916
5.669556	0.049764	0.469398	i0.106016
5.670166	0.049810	0.469395	i0.106115
5.670776	0.049857	0.469393	i0.106215
5.671387	0.049903	0.469391	i0.106315
5.671997	0.049950	0.469389	i0.106414
5.672607	0.049996	0.469387	i0.106514
5.673218	0.050043	0.469385	i0.106613
5.673828	0.050089	0.469382	i0.106713
5.674438	0.050136	0.469380	i0.106813
5.675049	0.050182	0.469378	i0.106912
5.675659	0.050229	0.469376	i0.107012
5.676270	0.050275	0.469374	i0.107112
5.676880	0.050322	0.469372	i0.107211
5.677490	0.050368	0.469369	i0.107311
5.678101	0.050415	0.469367	i0.107411
5.678711	0.050462	0.469365	i0.107510
5.679321	0.050508	0.469363	i0.107610
5.679932	0.050555	0.469361	i0.107710
5.680542	0.050601	0.469358	i0.107809
5.681152	0.050648	0.469356	i0.107909
5.681763	0.050694	0.469354	i0.108009
5.682373	0.050741	0.469352	i0.108109
5.682983	0.050788	0.469350	i0.108208
5.683594	0.050834	0.469347	i0.108308
5.684204	0.050881	0.469345	i0.108408
5.684814	0.050927	0.469343	i0.108508
5.685425	0.050974	0.469341	i0.108607
5.686035	0.051020	0.469338	i0.108707
5.686646	0.051067	0.469336	i0.108807
5.687256	0.051114	0.469334	i0.108907
5.687866	0.051160	0.469332	i0.109007
5.688477	0.051207	0.469330	i0.109106
5.689087	0.051254	0.469327	i0.109206
5.689697	0.051300	0.469325	i0.109306
5.690308	0.051347	0.469323	i0.109406
5.690918	0.051393	0.469321	i0.109506
5.691528	0.051440	0.469318	i0.109606
5.692139	0.051487	0.469316	i0.109706
5.692749	0.051533	0.469314	i0.109805
5.693359	0.051580	0.469312	i0.109905
5.693970	0.051627	0.469309	i0.110005
5.694580	0.051673	0.469307	i0.110105
5.695190	0.051720	0.469305	i0.110205
5.695801	0.051766	0.469303	i0.110305
5.696411	0.051813	0.469300	i0.110405
5.697021	0.051860	0.469298	i0.110505
5.697632	0.051906	0.469296	i0.110605
5.698242	0.051953	0.469294	i0.110705
5.698853	0.052000	0.469291	i0.110805
5.699463	0.052046	0.469289	i0.110905
5.700073	0.052093	0.469287	i0.111005
5.700684	0.052140	0.469285	i0.111105
5.701294	0.052186	0.469282	i0.111205
5.701904	0.052233	0.469280	i0.111305
5.702515	0.052280	0.469278	i0.111405
5.703125	0.052326	0.469275	i0.111505
5.703735	0.052373	0.469273	i0.111605
5.704346	0.052420	0.469271	i0.111705
5.704956	0.052467	0.469269	i0.111805
5.705566	0.052513	0.469266	i0.111905
5.706177	0.052560	0.469264	i0.112005
5.706787	0.052607	0.469262	i0.112105
5.707397	0.052653	0.469259	i0.112205
5.708008	0.052700	0.469257	i0.112305
5.708618	0.052747	0.469255	i0.112405
5.709229	0.052794	0.469253	i0.112506
5.709839	0.052840	0.469250	i0.112606
5.710449	0.052887	0.469248	i0.112706
5.711060	0.052934	0.469246	i0.112806
5.711670	0.052980	0.469243	i0.112906
5.712280	0.053027	0.469241	i0.113006
5.712891	0.053074	0.469239	i0.113106
5.713501	0.053121	0.469236	i0.113207
5.714111	0.053167	0.469234	i0.113307
5.714722	0.053214	0.469232	i0.113407
5.715332	0.053261	0.469229	i0.113507
5.715942	0.053308	0.469227	i0.113607
5.716553	0.053354	0.469225	i0.113708
5.717163	0.053401	0.469222	i0.113808
5.717773	0.053448	0.469220	i0.113908
5.718384	0.053495	0.469218	i0.114008
5.718994	0.053541	0.469215	i0.114109
5.719604	0.053588	0.469213	i0.114209
5.720215	0.053635	0.469211	i0.114309
5.720825	0.053682	0.469208	i0.114409
5.721436	0.053729	0.469206	i0.114510
5.722046	0.053775	0.469204	i0.114610
5.722656	0.053822	0.469201	i0.114710
5.723267	0.053869	0.469199	i0.114811
5.723877	0.053916	0.469197	i0.114911
5.724487	0.053963	0.469194	i0.115011
5.725098	0.054009	0.469192	i0.115112
5.725708	0.054056	0.469190	i0.115212
5.726318	0.054103	0.469187	i0.115312
5.726929	0.054150	0.469185	i0.115413
5.727539	0.054197	0.469182	i0.115513
5.728149	0.054244	0.469180	i0.115613
5.728760	0.054290	0.469178	i0.115714
5.729370	0.054337	0.469175	i0.115814
5.729980	0.054384	0.469173	i0.115915
5.730591	0.054431	0.469171	i0.116015
5.731201	0.054478	0.469168	i0.116116
5.731812	0.054525	0.469166	i0.116216
5.732422	0.054571	0.469163	i0.116316
5.733032	0.054618	0.469161	i0.116417
5.733643	0.054665	0.469159	i0.116517
5.734253	0.054712	0.469156	i0.116618
5.734863	0.054759	0.469154	i0.116718
5.735474	0.054806	0.469151	i0.116819
5.736084	0.054853	0.469149	i0.116919
5.736694	0.054899	0.469147	i0.117020
5.737305	0.054946	0.469144	i0.117120
5.737915	0.054993	0.469142	i0.117221
5.738525	0.055040	0.469139	i0.117321
5.739136	0.055087	0.469137	i0.117422
5.739746	0.055134	0.469135	i0.117523
5.740356	0.055181	0.469132	i0.117623
5.740967	0.055228	0.469130	i0.117724
5.741577	0.055275	0.469127	i0.117824
5.742188	0.055322	0.469125	i0.117925
5.742798	0.055368	0.469122	i0.118026
5.743408	0.055415	0.469120	i0.118126
5.744019	0.055462	0.469118	i0.118227
5.744629	0.055509	0.469115	i0.118327
5.745239	0.055556	0.469113	i0.118428
5.745850	0.055603	0.469110	i0.118529
5.746460	0.055650	0.469108	i0.118629
5.747070	0.055697	0.469105	i0.118730
5.747681	0.055744	0.469103	i0.118831
5.748291	0.055791	0.469100	i0.118931
5.748901	0.055838	0.469098	i0.119032
5.749512	0.055885	0.469096	i0.119133
5.750122	0.055932	0.469093	i0.119234
5.750732	0.055979	0.469091	i0.119334
5.751343	0.056026	0.469088	i0.119435
5.751953	0.056073	0.469086	i0.119536
5.752563	0.056119	0.469083	i0.119637
5.753174	0.056166	0.469081	i0.119737
5.753784	0.056213	0.469078	i0.119838
5.754395	0.056260	0.469076	i0.119939
5.755005	0.056307	0.469073	i0.120040
5.755615	0.056354	0.469071	i0.120140
5.756226	0.056401	0.469068	i0.120241
5.756836	0.056448	0.469066	i0.120342
5.757446	0.056495	0.469063	i0.120443
5.758057	0.056542	0.469061	i0.120544
5.758667	0.056589	0.469059	i0.120645
5.759277	0.056636	0.469056	i0.120745
5.759888	0.056683	0.469054	i0.120846
5.760498	0.056730	0.469051	i0.120947
5.761108	0.056777	0.469049	i0.121048
5.761719	0.056824	0.469046	i0.121149
5.762329	0.056871	0.469044	i0.121250
5.762939	0.056919	0.469041	i0.121351
5.763550	0.056966	0.469039	i0.121452
5.764160	0.057013	0.469036	i0.121553
5.764771	0.057060	0.469033	i0.121654
5.765381	0.057107	0.469031	i0.121755
5.765991	0.057154	0.469028	i0.121856
5.766602	0.057201	0.469026	i0.121957
5.767212	0.057248	0.469023	i0.122058
5.767822	0.057295	0.469021	i0.122159
5.768433	0.057342	0.469018	i0.122260
5.769043	0.057389	0.469016	i0.122361
5.769653	0.057436	0.469013	i0.122462
5.770264	0.057483	0.469011	i0.122563
5.770874	0.057530	0.469008	i0.122664
5.771484	0.057577	0.469006	i0.122765
5.772095	0.057624	0.469003	i0.122866
5.772705	0.057672	0.469001	i0.122967
5.773315	0.057719	0.468998	i0.123068
5.773926	0.057766	0.468996	i0.123169
5.774536	0.057813	0.468993	i0.123270
5.775146	0.057860	0.468990	i0.123371
5.775757	0.057907	0.468988	i0.123472
5.776367	0.057954	0.468985	i0.123573
5.776978	0.058001	0.468983	i0.123675
5.777588	0.058048	0.468980	i0.123776
5.778198	0.058095	0.468978	i0.123877
5.778809	0.058143	0.468975	i0.123978
5.779419	0.058190	0.468973	i0.124079
5.780029	0.058237	0.468970	i0.124180
5.780640	0.058284	0.468967	i0.124282
5.781250	0.058331	0.468965	i0.124383
5.781860	0.058378	0.468962	i0.124484
5.782471	0.058425	0.468960	i0.124585
5.783081	0.058473	0.468957	i0.124687
5.783691	0.058520	0.468955	i0.124788
5.784302	0.058567	0.468952	i0.124889
5.784912	0.058614	0.468949	i0.124990
5.785522	0.058661	0.468947	i0.125092
5.786133	0.058708	0.468944	i0.125193
5.786743	0.058756	0.468942	i0.125294
5.787354	0.058803	0.468939	i0.125395
5.787964	0.058850	0.468936	i0.125497
5.788574	0.058897	0.468934	i0.125598
5.789185	0.058944	0.468931	i0.125699
5.789795	0.058992	0.468929	i0.125801
5.790405	0.059039	0.468926	i0.125902
5.791016	0.059086	0.468923	i0.126003
5.791626	0.059133	0.468921	i0.126105
5.792236	0.059180	0.468918	i0.126206
5.792847	0.059228	0.468915	i0.126308
5.793457	0.059275	0.468913	i0.126409
5.794067	0.059322	0.468910	i0.126510
5.794678	0.059369	0.468908	i0.126612
5.795288	0.059416	0.468905	i0.126713
5.795898	0.059464	0.468902	i0.126815
5.796509	0.059511	0.468900	i0.126916
5.797119	0.059558	0.468897	i0.127018
5.797729	0.059605	0.468894	i0.127119
5.798340	0.059653	0.468892	i0.127221
5.798950	0.059700	0.468889	i0.127322
5.799561	0.059747	0.468887	i0.127424
5.800171	0.059794	0.468884	i0.127525
5.800781	0.059842	0.468881	i0.127627
5.801392	0.059889	0.468879	i0.127728
5.802002	0.059936	0.468876	i0.127830
5.802612	0.059984	0.468873	i0.127931
5.803223	0.060031	0.468871	i0.128033
5.803833	0.060078	0.468868	i0.128134
5.804443	0.060125	0.468865	i0.128236
5.805054	0.060173	0.468863	i0.128338
5.805664	0.060220	0.468860	i0.128439
5.806274	0.060267	0.468857	i0.128541
5.806885	0.060315	0.468855	i0.128642
5.807495	0.060362	0.468852	i0.128744
5.808105	0.060409	0.468849	i0.128846
5.808716	0.060457	0.468847	i0.128947
5.809326	0.060504	0.468844	i0.129049
5.809937	0.060551	0.468841	i0.129151
5.810547	0.060599	0.468839	i0.129252
5.811157	0.060646	0.468836	i0.129354
5.811768	0.060693	0.468833	i0.129456
5.812378	0.060741	0.468830	i0.129558
5.812988	0.060788	0.468828	i0.129659
5.813599	0.060835	0.468825	i0.129761
5.814209	0.060883	0.468822	i0.129863
5.814819	0.060930	0.468820	i0.129964
5.815430	0.060977	0.468817	i0.130066
5.816040	0.061025	0.468814	i0.130168
5.816650	0.061072	0.468812	i0.130270
5.817261	0.061119	0.468809	i0.130372
5.817871	0.061167	0.468806	i0.130473
5.818481	0.061214	0.468803	i0.130575
5.819092	0.061262	0.468801	i0.130677
5.819702	0.061309	0.468798	i0.130779
5.820313	0.061356	0.468795	i0.130881
5.820923	0.061404	0.468792	i0.130983
5.821533	0.061451	0.468790	i0.131085
5.822144	0.061498	0.468787	i0.131186
5.822754	0.061546	0.468784	i0.131288
5.823364	0.061593	0.468782	i0.131390
5.823975	0.061641	0.468779	i0.131492
5.824585	0.061688	0.468776	i0.131594
5.825195	0.061736	0.468773	i0.131696
5.825806	0.061783	0.468771	i0.131798
5.826416	0.061830	0.468768	i0.131900
5.827026	0.061878	0.468765	i0.132002
5.827637	0.061925	0.468762	i0.132104
5.828247	0.061973	0.468760	i0.132206
5.828857	0.062020	0.468757	i0.132308
5.829468	0.062068	0.468754	i0.132410
5.830078	0.062115	0.468751	i0.132512
5.830688	0.062163	0.468748	i0.132614
5.831299	0.062210	0.468746	i0.132716
5.831909	0.062257	0.468743	i0.132818
5.832520	0.062305	0.468740	i0.132920
5.833130	0.062352	0.468737	i0.133022
5.833740	0.062400	0.468735	i0.133124
5.834351	0.062447	0.468732	i0.133226
5.834961	0.062495	0.468729	i0.133328
5.835571	0.062542	0.468726	i0.133430
5.836182	0.062590	0.468723	i0.133533
5.836792	0.062637	0.468721	i0.133635
5.837402	0.062685	0.468718	i0.133737
5.838013	0.062732	0.468715	i0.133839
5.838623	0.062780	0.468712	i0.133941
5.839233	0.062827	0.468710	i0.134043
5.839844	0.062875	0.468707	i0.134146
5.840454	0.062922	0.468704	i0.134248
5.841064	0.062970	0.468701	i0.134350
5.841675	0.063017	0.468698	i0.134452
5.842285	0.063065	0.468695	i0.134554
5.842896	0.063113	0.468693	i0.134657
5.843506	0.063160	0.468690	i0.134759
5.844116	0.063208	0.468687	i0.134861
5.844727	0.063255	0.468684	i0.134963
5.845337	0.063303	0.468681	i0.135066
5.845947	0.063350	0.468679	i0.135168
5.846558	0.063398	0.468676	i0.135270
5.847168	0.063445	0.468673	i0.135373
5.847778	0.063493	0.468670	i0.135475
5.848389	0.063541	0.468667	i0.135577
5.848999	0.063588	0.468664	i0.135680
5.849609	0.063636	0.468662	i0.135782
5.850220	0.063683	0.468659	i0.135884
5.850830	0.063731	0.468656	i0.135987
5.851440	0.063779	0.468653	i0.136089
5.852051	0.063826	0.468650	i0.136191
5.852661	0.063874	0.468647	i0.136294
5.853271	0.063921	0.468644	i0.136396
5.853882	0.063969	0.468642	i0.136499
5.854492	0.064017	0.468639	i0.136601
5.855103	0.064064	0.468636	i0.136704
5.855713	0.064112	0.468633	i0.136806
5.856323	0.064159	0.468630	i0.136909
5.856934	0.064207	0.468627	i0.137011
5.857544	0.064255	0.468624	i0.137114
5.858154	0.064302	0.468621	i0.137216
5.858765	0.064350	0.468619	i0.137319
5.859375	0.064398	0.468616	i0.137421
5.859985	0.064445	0.468613	i0.137524
5.860596	0.064493	0.468610	i0.137626
5.861206	0.064541	0.468607	i0.137729
5.861816	0.064588	0.468604	i0.137831
5.862427	0.064636	0.468601	i0.137934
5.863037	0.064684	0.468598	i0.138037
5.863647	0.064731	0.468595	i0.138139
5.864258	0.064779	0.468593	i0.138242
5.864868	0.064827	0.468590	i0.138344
5.865479	0.064874	0.468587	i0.138447
5.866089	0.064922	0.468584	i0.138550
5.866699	0.064970	0.468581	i0.138652
5.867310	0.065018	0.468578	i0.138755
5.867920	0.065065	0.468575	i0.138858
5.868530	0.065113	0.468572	i0.138960
5.869141	0.065161	0.468569	i0.139063
5.869751	0.065208	0.468566	i0.139166
5.870361	0.065256	0.468563	i0.139269
5.870972	0.065304	0.468561	i0.139371
5.871582	0.065352	0.468558	i0.139474
5.872192	0.065399	0.468555	i0.139577
5.872803	0.065447	0.468552	i0.139680
5.873413	0.065495	0.468549	i0.139782
5.874023	0.065543	0.468546	i0.139885
5.874634	0.065590	0.468543	i0.139988
5.875244	0.065638	0.468540	i0.140091
5.875854	0.065686	0.468537	i0.140194
5.876465	0.065734	0.468534	i0.140297
5.877075	0.065781	0.468531	i0.140399
5.877686	0.065829	0.468528	i0.140502
5.878296	0.065877	0.468525	i0.140605
5.878906	0.065925	0.468522	i0.140708
5.879517	0.065973	0.468519	i0.140811
5.880127	0.066020	0.468516	i0.140914
5.880737	0.066068	0.468513	i0.141017
5.881348	0.066116	0.468510	i0.141120
5.881958	0.066164	0.468507	i0.141223
5.882568	0.066212	0.468504	i0.141326
5.883179	0.066259	0.468501	i0.141429
5.883789	0.066307	0.468498	i0.141531
5.884399	0.066355	0.468495	i0.141634
5.885010	0.066403	0.468492	i0.141737
5.885620	0.066451	0.468490	i0.141840
5.886230	0.066499	0.468487	i0.141943
5.886841	0.066546	0.468484	i0.142047
5.887451	0.066594	0.468481	i0.142150
5.888062	0.066642	0.468478	i0.142253
5.888672	0.066690	0.468475	i0.142356
5.889282	0.066738	0.468472	i0.142459
5.889893	0.066786	0.468469	i0.142562
5.890503	0.066834	0.468466	i0.142665
5.891113	0.066881	0.468463	i0.142768
5.891724	0.066929	0.468459	i0.142871
5.892334	0.066977	0.468456	i0.142974
5.892944	0.067025	0.468453	i0.143077
5.893555	0.067073	0.468450	i0.143181
5.894165	0.067121	0.468447	i0.143284
5.894775	0.067169	0.468444	i0.143387
5.895386	0.067217	0.468441	i0.143490
5.895996	0.067265	0.468438	i0.143593
5.896606	0.067313	0.468435	i0.143697
5.897217	0.067360	0.468432	i0.143800
5.897827	0.067408	0.468429	i0.143903
5.898438	0.067456	0.468426	i0.144006
5.899048	0.067504	0.468423	i0.144110
5.899658	0.067552	0.468420	i0.144213
5.900269	0.067600	0.468417	i0.144316
5.900879	0.067648	0.468414	i0.144419
5.901489	0.067696	0.468411	i0.144523
5.902100	0.067744	0.468408	i0.144626
5.902710	0.067792	0.468405	i0.144729
5.903320	0.067840	0.468402	i0.144833
5.903931	0.067888	0.468399	i0.144936
5.904541	0.067936	0.468396	i0.145039
5.905151	0.067984	0.468393	i0.145143
5.905762	0.068032	0.468390	i0.145246
5.906372	0.068080	0.468386	i0.145350
5.906982	0.068128	0.468383	i0.145453
5.907593	0.068176	0.468380	i0.145556
5.908203	0.068224	0.468377	i0.145660
5.908813	0.068272	0.468374	i0.145763
5.909424	0.068320	0.468371	i0.145867
5.910034	0.068368	0.468368	i0.145970
5.910645	0.068416	0.468365	i0.146074
5.911255	0.068464	0.468362	i0.146177
5.911865	0.068512	0.468359	i0.146281
5.912476	0.068560	0.468356	i0.146384
5.913086	0.068608	0.468352	i0.146488
5.913696	0.068656	0.468349	i0.146591
5.914307	0.068704	0.468346	i0.146695
5.914917	0.068752	0.468343	i0.146799
5.915527	0.068800	0.468340	i0.146902
5.916138	0.068848	0.468337	i0.147006
5.916748	0.068896	0.468334	i0.147109
5.917358	0.068944	0.468331	i0.147213
5.917969	0.068992	0.468328	i0.147317
5.918579	0.069040	0.468324	i0.147420
5.919189	0.069089	0.468321	i0.147524
5.919800	0.069137	0.468318	i0.147627
5.920410	0.069185	0.468315	i0.147731
5.921021	0.069233	0.468312	i0.147835
5.921631	0.069281	0.468309	i0.147939
5.922241	0.069329	0.468306	i0.148042
5.922852	0.069377	0.468303	i0.148146
5.923462	0.069425	0.468299	i0.148250
5.924072	0.069473	0.468296	i0.148353
5.924683	0.069521	0.468293	i0.148457
5.925293	0.069570	0.468290	i0.148561
5.925903	0.069618	0.468287	i0.148665
5.926514	0.069666	0.468284	i0.148769
5.927124	0.069714	0.468280	i0.148872
5.927734	0.069762	0.468277	i0.148976
5.928345	0.069810	0.468274	i0.149080
5.928955	0.069858	0.468271	i0.149184
5.929565	0.069907	0.468268	i0.149288
5.930176	0.069955	0.468265	i0.149392
5.930786	0.070003	0.468261	i0.149495
5.931396	0.070051	0.468258	i0.149599
5.932007	0.070099	0.468255	i0.149703
5.932617	0.070147	0.468252	i0.149807
5.933228	0.070196	0.468249	i0.149911
5.933838	0.070244	0.468246	i0.150015
5.934448	0.070292	0.468242	i0.150119
5.935059	0.070340	0.468239	i0.150223
5.935669	0.070388	0.468236	i0.150327
5.936279	0.070437	0.468233	i0.150431
5.936890	0.070485	0.468230	i0.150535
5.937500	0.070533	0.468226	i0.150639
5.938110	0.070581	0.468223	i0.150743
5.938721	0.070630	0.468220	i0.150847
5.939331	0.070678	0.468217	i0.150951
5.939941	0.070726	0.468213	i0.151055
5.940552	0.070774	0.468210	i0.151159
5.941162	0.070822	0.468207	i0.151263
5.941772	0.070871	0.468204	i0.151367
5.942383	0.070919	0.468201	i0.151471
5.942993	0.070967	0.468197	i0.151575
5.943604	0.071016	0.468194	i0.151680
5.944214	0.071064	0.468191	i0.151784
5.944824	0.071112	0.468188	i0.151888
5.945435	0.071160	0.468184	i0.151992
5.946045	0.071209	0.468181	i0.152096
5.946655	0.071257	0.468178	i0.152200
5.947266	0.071305	0.468175	i0.152305
5.947876	0.071353	0.468171	i0.152409
5.948486	0.071402	0.468168	i0.152513
5.949097	0.071450	0.468165	i0.152617
5.949707	0.071498	0.468162	i0.152722
5.950317	0.071547	0.468158	i0.152826
5.950928	0.071595	0.468155	i0.152930
5.951538	0.071643	0.468152	i0.153034
5.952148	0.071692	0.468149	i0.153139
5.952759	0.071740	0.468145	i0.153243
5.953369	0.071788	0.468142	i0.153347
5.953979	0.071837	0.468139	i0.153452
5.954590	0.071885	0.468136	i0.153556
5.955200	0.071933	0.468132	i0.153660
5.955811	0.071982	0.468129	i0.153765
5.956421	0.072030	0.468126	i0.153869
5.957031	0.072079	0.468122	i0.153974
5.957642	0.072127	0.468119	i0.154078
5.958252	0.072175	0.468116	i0.154182
5.958862	0.072224	0.468113	i0.154287
5.959473	0.072272	0.468109	i0.154391
5.960083	0.072320	0.468106	i0.154496
5.960693	0.072369	0.468103	i0.154600
5.961304	0.072417	0.468099	i0.154705
5.961914	0.072466	0.468096	i0.154809
5.962524	0.072514	0.468093	i0.154914
5.963135	0.072562	0.468089	i0.155018
5.963745	0.072611	0.468086	i0.155123
5.964355	0.072659	0.468083	i0.155227
5.964966	0.072708	0.468079	i0.155332
5.965576	0.072756	0.468076	i0.155437
5.966187	0.072805	0.468073	i0.155541
5.966797	0.072853	0.468069	i0.155646
5.967407	0.072901	0.468066	i0.155750
5.968018	0.072950	0.468063	i0.155855
5.968628	0.072998	0.468059	i0.155960
5.969238	0.073047	0.468056	i0.156064
5.969849	0.073095	0.468053	i0.156169
5.970459	0.073144	0.468049	i0.156274
5.971069	0.073192	0.468046	i0.156378
5.971680	0.073241	0.468043	i0.156483
5.972290	0.073289	0.468039	i0.156588
5.972900	0.073338	0.468036	i0.156693
5.973511	0.073386	0.468033	i0.156797
5.974121	0.073435	0.468029	i0.156902
5.974731	0.073483	0.468026	i0.157007
5.975342	0.073532	0.468023	i0.157112
5.975952	0.073580	0.468019	i0.157216
5.976563	0.073629	0.468016	i0.157321
5.977173	0.073677	0.468012	i0.157426
5.977783	0.073726	0.468009	i0.157531
5.978394	0.073774	0.468006	i0.157636
5.979004	0.073823	0.468002	i0.157741
5.979614	0.073871	0.467999	i0.157845
5.980225	0.073920	0.467996	i0.157950
5.980835	0.073969	0.467992	i0.158055
5.981445	0.074017	0.467989	i0.158160
5.982056	0.074066	0.467985	i0.158265
5.982666	0.074114	0.467982	i0.158370
5.983276	0.074163	0.467979	i0.158475
5.983887	0.074211	0.467975	i0.158580
5.984497	0.074260	0.467972	i0.158685
5.985107	0.074309	0.467968	i0.158790
5.985718	0.074357	0.467965	i0.158895
5.986328	0.074406	0.467962	i0.159000
5.986938	0.074454	0.467958	i0.159105
5.987549	0.074503	0.467955	i0.159210
5.988159	0.074552	0.467951	i0.159315
5.988770	0.074600	0.467948	i0.159420
5.989380	0.074649	0.467944	i0.159525
5.989990	0.074698	0.467941	i0.159630
5.990601	0.074746	0.467938	i0.159735
5.991211	0.074795	0.467934	i0.159840
5.991821	0.074843	0.467931	i0.159946
5.992432	0.074892	0.467927	i0.160051
5.993042	0.074941	0.467924	i0.160156
5.993652	0.074989	0.467920	i0.160261
5.994263	0.075038	0.467917	i0.160366
5.994873	0.075087	0.467913	i0.160471
5.995483	0.075135	0.467910	i0.160577
5.996094	0.075184	0.467907	i0.160682
5.996704	0.075233	0.467903	i0.160787
5.997314	0.075281	0.467900	i0.160892
5.997925	0.075330	0.467896	i0.160998
5.998535	0.075379	0.467893	i0.161103
5.999146	0.075428	0.467889	i0.161208
5.999756	0.075476	0.467886	i0.161314
6.000366	0.075525	0.467882	i0.161419
6.000977	0.075574	0.467879	i0.161524
6.001587	0.075622	0.467875	i0.161629
6.002197	0.075671	0.467872	i0.161735
6.002808	0.075720	0.467868	i0.161840
6.003418	0.075769	0.467865	i0.161946
6.004028	0.075817	0.467861	i0.162051
6.004639	0.075866	0.467858	i0.162156
6.005249	0.075915	0.467854	i0.162262
6.005859	0.075964	0.467851	i0.162367
6.006470	0.076012	0.467847	i0.162473
6.007080	0.076061	0.467844	i0.162578
6.007690	0.076110	0.467840	i0.162684
6.008301	0.076159	0.467837	i0.162789
6.008911	0.076208	0.467833	i0.162895
6.009521	0.076256	0.467830	i0.163000
6.010132	0.076305	0.467826	i0.163106
6.010742	0.076354	0.467823	i0.163211
6.011353	0.076403	0.467819	i0.163317
6.011963	0.076452	0.467816	i0.163422
6.012573	0.076500	0.467812	i0.163528
6.013184	0.076549	0.467809	i0.163634
6.013794	0.076598	0.467805	i0.163739
6.014404	0.076647	0.467802	i0.163845
6.015015	0.076696	0.467798	i0.163950
6.015625	0.076745	0.467794	i0.164056
6.016235	0.076793	0.467791	i0.164162
6.016846	0.076842	0.467787	i0.164267
6.017456	0.076891	0.467784	i0.164373
6.018066	0.076940	0.467780	i0.164479
6.018677	0.076989	0.467777	i0.164584
6.019287	0.077038	0.467773	i0.164690
6.019897	0.077087	0.467770	i0.164796
6.020508	0.077135	0.467766	i0.164902
6.021118	0.077184	0.467762	i0.165007
6.021729	0.077233	0.467759	i0.165113
6.022339	0.077282	0.467755	i0.165219
6.022949	0.077331	0.467752	i0.165325
6.023560	0.077380	0.467748	i0.165431
6.024170	0.077429	0.467745	i0.165537
6.024780	0.077478	0.467741	i0.165642
6.025391	0.077527	0.467737	i0.165748
6.026001	0.077576	0.467734	i0.165854
6.026611	0.077625	0.467730	i0.165960
6.027222	0.077673	0.467727	i0.166066
6.027832	0.077722	0.467723	i0.166172
6.028442	0.077771	0.467719	i0.166278
6.029053	0.077820	0.467716	i0.166384
6.029663	0.077869	0.467712	i0.166490
6.030273	0.077918	0.467709	i0.166596
6.030884	0.077967	0.467705	i0.166702
6.031494	0.078016	0.467701	i0.166808
6.032104	0.078065	0.467698	i0.166914
6.032715	0.078114	0.467694	i0.167020
6.033325	0.078163	0.467690	i0.167126
6.033936	0.078212	0.467687	i0.167232
6.034546	0.078261	0.467683	i0.167338
6.035156	0.078310	0.467680	i0.167444
6.035767	0.078359	0.467676	i0.167550
6.036377	0.078408	0.467672	i0.167656
6.036987	0.078457	0.467669	i0.167762
6.037598	0.078506	0.467665	i0.167868
6.038208	0.078555	0.467661	i0.167975
6.038818	0.078604	0.467658	i0.168081
6.039429	0.078653	0.467654	i0.168187
6.040039	0.078702	0.467650	i0.168293
6.040649	0.078751	0.467647	i0.168399
6.041260	0.078800	0.467643	i0.168506
6.041870	0.078850	0.467639	i0.168612
6.042480	0.078899	0.467636	i0.168718
6.043091	0.078948	0.467632	i0.168824
6.043701	0.078997	0.467628	i0.168931
6.044312	0.079046	0.467625	i0.169037
6.044922	0.079095	0.467621	i0.169143
6.045532	0.079144	0.467617	i0.169250
6.046143	0.079193	0.467614	i0.169356
6.046753	0.079242	0.467610	i0.169462
6.047363	0.079291	0.467606	i0.169569
6.047974	0.079340	0.467603	i0.169675
6.048584	0.079390	0.467599	i0.169781
6.049194	0.079439	0.467595	i0.169888
6.049805	0.079488	0.467592	i0.169994
6.050415	0.079537	0.467588	i0.170101
6.051025	0.079586	0.467584	i0.170207
6.051636	0.079635	0.467580	i0.170314
6.052246	0.079684	0.467577	i0.170420
6.052856	0.079734	0.467573	i0.170526
6.053467	0.079783	0.467569	i0.170633
6.054077	0.079832	0.467566	i0.170739
6.054688	0.079881	0.467562	i0.170846
6.055298	0.079930	0.467558	i0.170953
6.055908	0.079979	0.467554	i0.171059
6.056519	0.080029	0.467551	i0.171166
6.057129	0.080078	0.467547	i0.171272
6.057739	0.080127	0.467543	i0.171379
6.058350	0.080176	0.467540	i0.171486
6.058960	0.080225	0.467536	i0.171592
6.059570	0.080275	0.467532	i0.171699
6.060181	0.080324	0.467528	i0.171805
6.060791	0.080373	0.467525	i0.171912
6.061401	0.080422	0.467521	i0.172019
6.062012	0.080472	0.467517	i0.172126
6.062622	0.080521	0.467513	i0.172232
6.063232	0.080570	0.467509	i0.172339
6.063843	0.080619	0.467506	i0.172446
6.064453	0.080669	0.467502	i0.172552
6.065063	0.080718	0.467498	i0.172659
6.065674	0.080767	0.467494	i0.172766
6.066284	0.080816	0.467491	i0.172873
6.066895	0.080866	0.467487	i0.172980
6.067505	0.080915	0.467483	i0.173086
6.068115	0.080964	0.467479	i0.173193
6.068726	0.081014	0.467476	i0.173300
6.069336	0.081063	0.467472	i0.173407
6.069946	0.081112	0.467468	i0.173514
6.070557	0.081162	0.467464	i0.173621
6.071167	0.081211	0.467460	i0.173728
6.071777	0.081260	0.467457	i0.173835
6.072388	0.081309	0.467453	i0.173942
6.072998	0.081359	0.467449	i0.174049
6.073608	0.081408	0.467445	i0.174156
6.074219	0.081458	0.467441	i0.174263
6.074829	0.081507	0.467437	i0.174370
6.075439	0.081556	0.467434	i0.174477
6.076050	0.081606	0.467430	i0.174584
6.076660	0.081655	0.467426	i0.174691
6.077271	0.081704	0.467422	i0.174798
6.077881	0.081754	0.467418	i0.174905
6.078491	0.081803	0.467415	i0.175012
6.079102	0.081852	0.467411	i0.175119
6.079712	0.081902	0.467407	i0.175226
6.080322	0.081951	0.467403	i0.175333
6.080933	0.082001	0.467399	i0.175440
6.081543	0.082050	0.467395	i0.175548
6.082153	0.082100	0.467391	i0.175655
6.082764	0.082149	0.467388	i0.175762
6.083374	0.082198	0.467384	i0.175869
6.083984	0.082248	0.467380	i0.175976
6.084595	0.082297	0.467376	i0.176084
6.085205	0.082347	0.467372	i0.176191
6.085815	0.082396	0.467368	i0.176298
6.086426	0.082446	0.467364	i0.176405
6.087036	0.082495	0.467361	i0.176513
6.087646	0.082545	0.467357	i0.176620
6.088257	0.082594	0.467353	i0.176727
6.088867	0.082643	0.467349	i0.176835
6.089478	0.082693	0.467345	i0.176942
6.090088	0.082742	0.467341	i0.177049
6.090698	0.082792	0.467337	i0.177157
6.091309	0.082841	0.467333	i0.177264
6.091919	0.082891	0.467329	i0.177372
6.092529	0.082940	0.467326	i0.177479
6.093140	0.082990	0.467322	i0.177586
6.093750	0.083040	0.467318	i0.177694
6.094360	0.083089	0.467314	i0.177801
6.094971	0.083139	0.467310	i0.177909
6.095581	0.083188	0.467306	i0.178016
6.096191	0.083238	0.467302	i0.178124
6.096802	0.083287	0.467298	i0.178231
6.097412	0.083337	0.467294	i0.178339
6.098022	0.083386	0.467290	i0.178447
6.098633	0.083436	0.467286	i0.178554
6.099243	0.083485	0.467282	i0.178662
6.099854	0.083535	0.467279	i0.178769
6.100464	0.083585	0.467275	i0.178877
6.101074	0.083634	0.467271	i0.178985
6.101685	0.083684	0.467267	i0.179092
6.102295	0.083733	0.467263	i0.179200
6.102905	0.083783	0.467259	i0.179308
6.103516	0.083833	0.467255	i0.179415
6.104126	0.083882	0.467251	i0.179523
6.104736	0.083932	0.467247	i0.179631
6.105347	0.083982	0.467243	i0.179738
6.105957	0.084031	0.467239	i0.179846
6.106567	0.084081	0.467235	i0.179954
6.107178	0.084130	0.467231	i0.180062
6.107788	0.084180	0.467227	i0.180170
6.108398	0.084230	0.467223	i0.180277
6.109009	0.084279	0.467219	i0.180385
6.109619	0.084329	0.467215	i0.180493
6.110229	0.084379	0.467211	i0.180601
6.110840	0.084428	0.467207	i0.180709
6.111450	0.084478	0.467203	i0.180817
6.112061	0.084528	0.467199	i0.180925
6.112671	0.084578	0.467195	i0.181033
6.113281	0.084627	0.467191	i0.181140
6.113892	0.084677	0.467187	i0.181248
6.114502	0.084727	0.467183	i0.181356
6.115112	0.084776	0.467179	i0.181464
6.115723	0.084826	0.467175	i0.181572
6.116333	0.084876	0.467171	i0.181680
6.116943	0.084926	0.467167	i0.181788
6.117554	0.084975	0.467163	i0.181896
6.118164	0.085025	0.467159	i0.182005
6.118774	0.085075	0.467155	i0.182113
6.119385	0.085125	0.467151	i0.182221
6.119995	0.085174	0.467147	i0.182329
6.120605	0.085224	0.467143	i0.182437
6.121216	0.085274	0.467139	i0.182545
6.121826	0.085324	0.467135	i0.182653
6.122437	0.085373	0.467131	i0.182761
6.123047	0.085423	0.467127	i0.182870
6.123657	0.085473	0.467123	i0.182978
6.124268	0.085523	0.467119	i0.183086
6.124878	0.085573	0.467115	i0.183194
6.125488	0.085623	0.467111	i0.183302
6.126099	0.085672	0.467107	i0.183411
6.126709	0.085722	0.467103	i0.183519
6.127319	0.085772	0.467098	i0.183627
6.127930	0.085822	0.467094	i0.183736
6.128540	0.085872	0.467090	i0.183844
6.129150	0.085922	0.467086	i0.183952
6.129761	0.085971	0.467082	i0.184061
6.130371	0.086021	0.467078	i0.184169
6.130981	0.086071	0.467074	i0.184277
6.131592	0.086121	0.467070	i0.184386
6.132202	0.086171	0.467066	i0.184494
6.132813	0.086221	0.467062	i0.184603
6.133423	0.086271	0.467058	i0.184711
6.134033	0.086321	0.467054	i0.184820
6.134644	0.086371	0.467049	i0.184928
6.135254	0.086420	0.467045	i0.185036
6.135864	0.086470	0.467041	i0.185145
6.136475	0.086520	0.467037	i0.185254
6.137085	0.086570	0.467033	i0.185362
6.137695	0.086620	0.467029	i0.185471
6.138306	0.086670	0.467025	i0.185579
6.138916	0.086720	0.467021	i0.185688
6.139526	0.086770	0.467017	i0.185796
6.140137	0.086820	0.467012	i0.185905
6.140747	0.086870	0.467008	i0.186014
6.141357	0.086920	0.467004	i0.186122
6.141968	0.086970	0.467000	i0.186231
6.142578	0.087020	0.466996	i0.186340
6.143188	0.087070	0.466992	i0.186448
6.143799	0.087120	0.466988	i0.186557
6.144409	0.087170	0.466983	i0.186666
6.145020	0.087220	0.466979	i0.186774
6.145630	0.087270	0.466975	i0.186883
6.146240	0.087320	0.466971	i0.186992
6.146851	0.087370	0.466967	i0.187101
6.147461	0.087420	0.466963	i0.187210
6.148071	0.087470	0.466958	i0.187318
6.148682	0.087520	0.466954	i0.187427
6.149292	0.087570	0.466950	i0.187536
6.149902	0.087620	0.466946	i0.187645
6.150513	0.087670	0.466942	i0.187754
6.151123	0.087720	0.466938	i0.187863
6.151733	0.087770	0.466933	i0.187972
6.152344	0.087820	0.466929	i0.188081
6.152954	0.087870	0.466925	i0.188190
6.153564	0.087921	0.466921	i0.188299
6.154175	0.087971	0.466917	i0.188408
6.154785	0.088021	0.466912	i0.188517
6.155396	0.088071	0.466908	i0.188626
6.156006	0.088121	0.466904	i0.188735
6.156616	0.088171	0.466900	i0.188844
6.157227	0.088221	0.466896	i0.188953
6.157837	0.088271	0.466891	i0.189062
6.158447	0.088321	0.466887	i0.189171
6.159058	0.088372	0.466883	i0.189280
6.159668	0.088422	0.466879	i0.189389
6.160278	0.088472	0.466874	i0.189498
6.160889	0.088522	0.466870	i0.189607
6.161499	0.088572	0.466866	i0.189717
6.162109	0.088622	0.466862	i0.189826
6.162720	0.088673	0.466857	i0.189935
6.163330	0.088723	0.466853	i0.190044
6.163940	0.088773	0.466849	i0.190153
6.164551	0.088823	0.466845	i0.190263
6.165161	0.088873	0.466840	i0.190372
6.165771	0.088924	0.466836	i0.190481
6.166382	0.088974	0.466832	i0.190591
6.166992	0.089024	0.466828	i0.190700
6.167603	0.089074	0.466823	i0.190809
6.168213	0.089124	0.466819	i0.190919
6.168823	0.089175	0.466815	i0.191028
6.169434	0.089225	0.466811	i0.191137
6.170044	0.089275	0.466806	i0.191247
6.170654	0.089325	0.466802	i0.191356
6.171265	0.089376	0.466798	i0.191466
6.171875	0.089426	0.466793	i0.191575
6.172485	0.089476	0.466789	i0.191684
6.173096	0.089527	0.466785	i0.191794
6.173706	0.089577	0.466781	i0.191903
6.174316	0.089627	0.466776	i0.192013
6.174927	0.089677	0.466772	i0.192122
6.175537	0.089728	0.466768	i0.192232
6.176147	0.089778	0.466763	i0.192342
6.176758	0.089828	0.466759	i0.192451
6.177368	0.089879	0.466755	i0.192561
6.177979	0.089929	0.466750	i0.192670
6.178589	0.089979	0.466746	i0.192780
6.179199	0.090030	0.466742	i0.192890
6.179810	0.090080	0.466737	i0.192999
6.180420	0.090130	0.466733	i0.193109
6.181030	0.090181	0.466729	i0.193219
6.181641	0.090231	0.466724	i0.193328
6.182251	0.090281	0.466720	i0.193438
6.182861	0.090332	0.466716	i0.193548
6.183472	0.090382	0.466711	i0.193658
6.184082	0.090433	0.466707	i0.193767
6.184692	0.090483	0.466703	i0.193877
6.185303	0.090533	0.466698	i0.193987
6.185913	0.090584	0.466694	i0.194097
6.186523	0.090634	0.466690	i0.194207
6.187134	0.090685	0.466685	i0.194317
6.187744	0.090735	0.466681	i0.194426
6.188354	0.090786	0.466677	i0.194536
6.188965	0.090836	0.466672	i0.194646
6.189575	0.090886	0.466668	i0.194756
6.190186	0.090937	0.466663	i0.194866
6.190796	0.090987	0.466659	i0.194976
6.191406	0.091038	0.466655	i0.195086
6.192017	0.091088	0.466650	i0.195196
6.192627	0.091139	0.466646	i0.195306
6.193237	0.091189	0.466641	i0.195416
6.193848	0.091240	0.466637	i0.195526
6.194458	0.091290	0.466633	i0.195636
6.195068	0.091341	0.466628	i0.195746
6.195679	0.091391	0.466624	i0.195856
6.196289	0.091442	0.466619	i0.195966
6.196899	0.091492	0.466615	i0.196077
6.197510	0.091543	0.466611	i0.196187
6.198120	0.091593	0.466606	i0.196297
6.198730	0.091644	0.466602	i0.196407
6.199341	0.091694	0.466597	i0.196517
6.199951	0.091745	0.466593	i0.196627
6.200562	0.091796	0.466588	i0.196738
6.201172	0.091846	0.466584	i0.196848
6.201782	0.091897	0.466580	i0.196958
6.202393	0.091947	0.466575	i0.197068
6.203003	0.091998	0.466571	i0.197179
6.203613	0.092048	0.466566	i0.197289
6.204224	0.092099	0.466562	i0.197399
6.204834	0.092150	0.466557	i0.197510
6.205444	0.092200	0.466553	i0.197620
6.206055	0.092251	0.466548	i0.197730
6.206665	0.092301	0.466544	i0.197841
6.207275	0.092352	0.466539	i0.197951
6.207886	0.092403	0.466535	i0.198062
6.208496	0.092453	0.466530	i0.198172
6.209106	0.092504	0.466526	i0.198283
6.209717	0.092555	0.466521	i0.198393
6.210327	0.092605	0.466517	i0.198504
6.210938	0.092656	0.466513	i0.198614
6.211548	0.092707	0.466508	i0.198725
6.212158	0.092757	0.466504	i0.198835
6.212769	0.092808	0.466499	i0.198946
6.213379	0.092859	0.466495	i0.199056
6.213989	0.092909	0.466490	i0.199167
6.214600	0.092960	0.466486	i0.199278
6.215210	0.093011	0.466481	i0.199388
6.215820	0.093062	0.466476	i0.199499
6.216431	0.093112	0.466472	i0.199609
6.217041	0.093163	0.466467	i0.199720
6.217651	0.093214	0.466463	i0.199831
6.218262	0.093264	0.466458	i0.199942
6.218872	0.093315	0.466454	i0.200052
6.219482	0.093366	0.466449	i0.200163
6.220093	0.093417	0.466445	i0.200274
6.220703	0.093467	0.466440	i0.200385
6.221313	0.093518	0.466436	i0.200495
6.221924	0.093569	0.466431	i0.200606
6.222534	0.093620	0.466427	i0.200717
6.223145	0.093671	0.466422	i0.200828
6.223755	0.093721	0.466418	i0.200939
6.224365	0.093772	0.466413	i0.201050
6.224976	0.093823	0.466408	i0.201161
6.225586	0.093874	0.466404	i0.201272
6.226196	0.093925	0.466399	i0.201383
6.226807	0.093975	0.466395	i0.201494
6.227417	0.094026	0.466390	i0.201604
6.228027	0.094077	0.466386	i0.201715
6.228638	0.094128	0.466381	i0.201826
6.229248	0.094179	0.466376	i0.201938
6.229858	0.094230	0.466372	i0.202049
6.230469	0.094281	0.466367	i0.202160
6.231079	0.094331	0.466363	i0.202271
6.231689	0.094382	0.466358	i0.202382
6.232300	0.094433	0.466353	i0.202493
6.232910	0.094484	0.466349	i0.202604
6.233521	0.094535	0.466344	i0.202715
6.234131	0.094586	0.466340	i0.202826
6.234741	0.094637	0.466335	i0.202938
6.235352	0.094688	0.466330	i0.203049
6.235962	0.094739	0.466326	i0.203160
6.236572	0.094790	0.466321	i0.203271
6.237183	0.094841	0.466316	i0.203383
6.237793	0.094892	0.466312	i0.203494
6.238403	0.094943	0.466307	i0.203605
6.239014	0.094993	0.466303	i0.203716
6.239624	0.095044	0.466298	i0.203828
6.240234	0.095095	0.466293	i0.203939
6.240845	0.095146	0.466289	i0.204050
6.241455	0.095197	0.466284	i0.204162
6.242065	0.095248	0.466279	i0.204273
6.242676	0.095299	0.466275	i0.204385
6.243286	0.095350	0.466270	i0.204496
6.243896	0.095401	0.466265	i0.204608
6.244507	0.095452	0.466261	i0.204719
6.245117	0.095503	0.466256	i0.204831
6.245728	0.095554	0.466251	i0.204942
6.246338	0.095606	0.466247	i0.205054
6.246948	0.095657	0.466242	i0.205165
6.247559	0.095708	0.466237	i0.205277
6.248169	0.095759	0.466233	i0.205388
6.248779	0.095810	0.466228	i0.205500
6.249390	0.095861	0.466223	i0.205611
6.250000	0.095912	0.466218	i0.205723
6.250610	0.095963	0.466214	i0.205835
6.251221	0.096014	0.466209	i0.205946
6.251831	0.096065	0.466204	i0.206058
6.252441	0.096116	0.466200	i0.206170
6.253052	0.096167	0.466195	i0.206281
6.253662	0.096219	0.466190	i0.206393
6.254272	0.096270	0.466186	i0.206505
6.254883	0.096321	0.466181	i0.206617
6.255493	0.096372	0.466176	i0.206729
6.256104	0.096423	0.466171	i0.206840
6.256714	0.096474	0.466167	i0.206952
6.257324	0.096525	0.466162	i0.207064
6.257935	0.096577	0.466157	i0.207176
6.258545	0.096628	0.466152	i0.207288
6.259155	0.096679	0.466148	i0.207400
6.259766	0.096730	0.466143	i0.207512
6.260376	0.096781	0.466138	i0.207624
6.260986	0.096832	0.466133	i0.207735
6.261597	0.096884	0.466129	i0.207847
6.262207	0.096935	0.466124	i0.207959
6.262817	0.096986	0.466119	i0.208071
6.263428	0.097037	0.466114	i0.208183
6.264038	0.097089	0.466110	i0.208296
6.264648	0.097140	0.466105	i0.208408
6.265259	0.097191	0.466100	i0.208520
6.265869	0.097242	0.466095	i0.208632
6.266479	0.097294	0.466090	i0.208744
6.267090	0.097345	0.466086	i0.208856
6.267700	0.097396	0.466081	i0.208968
6.268311	0.097447	0.466076	i0.209080
6.268921	0.097499	0.466071	i0.209193
6.269531	0.097550	0.466066	i0.209305
6.270142	0.097601	0.466062	i0.209417
6.270752	0.097653	0.466057	i0.209529
6.271362	0.097704	0.466052	i0.209641
6.271973	0.097755	0.466047	i0.209754
6.272583	0.097806	0.466042	i0.209866
6.273193	0.097858	0.466038	i0.209978
6.273804	0.097909	0.466033	i0.210091
6.274414	0.097960	0.466028	i0.210203
6.275024	0.098012	0.466023	i0.210315
6.275635	0.098063	0.466018	i0.210428
6.276245	0.098115	0.466013	i0.210540
6.276855	0.098166	0.466009	i0.210653
6.277466	0.098217	0.466004	i0.210765
6.278076	0.098269	0.465999	i0.210878
6.278687	0.098320	0.465994	i0.210990
6.279297	0.098372	0.465989	i0.211103
6.279907	0.098423	0.465984	i0.211215
6.280518	0.098474	0.465979	i0.211328
6.281128	0.098526	0.465975	i0.211440
6.281738	0.098577	0.465970	i0.211553
6.282349	0.098629	0.465965	i0.211665
6.282959	0.098680	0.465960	i0.211778
6.283569	0.098731	0.465955	i0.211891
6.284180	0.098783	0.465950	i0.212003
6.284790	0.098834	0.465945	i0.212116
6.285400	0.098886	0.465940	i0.212229
6.286011	0.098937	0.465935	i0.212341
6.286621	0.098989	0.465931	i0.212454
6.287231	0.099040	0.465926	i0.212567
6.287842	0.099092	0.465921	i0.212680
6.288452	0.099143	0.465916	i0.212792
6.289063	0.099195	0.465911	i0.212905
6.289673	0.099246	0.465906	i0.213018
6.290283	0.099298	0.465901	i0.213131
6.290894	0.099349	0.465896	i0.213244
6.291504	0.099401	0.465891	i0.213357
6.292114	0.099452	0.465886	i0.213469
6.292725	0.099504	0.465881	i0.213582
6.293335	0.099556	0.465876	i0.213695
6.293945	0.099607	0.465872	i0.213808
6.294556	0.099659	0.465867	i0.213921
6.295166	0.099710	0.465862	i0.214034
6.295776	0.099762	0.465857	i0.214147
6.296387	0.099813	0.465852	i0.214260
6.296997	0.099865	0.465847	i0.214373
6.297607	0.099917	0.465842	i0.214486
6.298218	0.099968	0.465837	i0.214599
6.298828	0.100020	0.465832	i0.214712
6.299438	0.100072	0.465827	i0.214826
6.300049	0.100123	0.465822	i0.214939
6.300659	0.100175	0.465817	i0.215052
6.301270	0.100226	0.465812	i0.215165
6.301880	0.100278	0.465807	i0.215278
6.302490	0.100330	0.465802	i0.215391
6.303101	0.100381	0.465797	i0.215505
6.303711	0.100433	0.465792	i0.215618
6.304321	0.100485	0.465787	i0.215731
6.304932	0.100536	0.465782	i0.215844
6.305542	0.100588	0.465777	i0.215958
6.306152	0.100640	0.465772	i0.216071
6.306763	0.100692	0.465767	i0.216184
6.307373	0.100743	0.465762	i0.216298
6.307983	0.100795	0.465757	i0.216411
6.308594	0.100847	0.465752	i0.216525
6.309204	0.100898	0.465747	i0.216638
6.309814	0.100950	0.465742	i0.216751
6.310425	0.101002	0.465737	i0.216865
6.311035	0.101054	0.465732	i0.216978
6.311646	0.101106	0.465727	i0.217092
6.312256	0.101157	0.465722	i0.217205
6.312866	0.101209	0.465717	i0.217319
6.313477	0.101261	0.465712	i0.217433
6.314087	0.101313	0.465707	i0.217546
6.314697	0.101364	0.465702	i0.217660
6.315308	0.101416	0.465696	i0.217773
6.315918	0.101468	0.465691	i0.217887
6.316528	0.101520	0.465686	i0.218001
6.317139	0.101572	0.465681	i0.218114
6.317749	0.101624	0.465676	i0.218228
6.318359	0.101675	0.465671	i0.218342
6.318970	0.101727	0.465666	i0.218455
6.319580	0.101779	0.465661	i0.218569
6.320190	0.101831	0.465656	i0.218683
6.320801	0.101883	0.465651	i0.218797
6.321411	0.101935	0.465646	i0.218911
6.322021	0.101987	0.465641	i0.219024
6.322632	0.102039	0.465635	i0.219138
6.323242	0.102090	0.465630	i0.219252
6.323853	0.102142	0.465625	i0.219366
6.324463	0.102194	0.465620	i0.219480
6.325073	0.102246	0.465615	i0.219594
6.325684	0.102298	0.465610	i0.219708
6.326294	0.102350	0.465605	i0.219822
6.326904	0.102402	0.465600	i0.219936
6.327515	0.102454	0.465594	i0.220050
6.328125	0.102506	0.465589	i0.220164
6.328735	0.102558	0.465584	i0.220278
6.329346	0.102610	0.465579	i0.220392
6.329956	0.102662	0.465574	i0.220506
6.330566	0.102714	0.465569	i0.220620
6.331177	0.102766	0.465564	i0.220734
6.331787	0.102818	0.465558	i0.220848
6.332397	0.102870	0.465553	i0.220962
6.333008	0.102922	0.465548	i0.221077
6.333618	0.102974	0.465543	i0.221191
6.334229	0.103026	0.465538	i0.221305
6.334839	0.103078	0.465533	i0.221419
6.335449	0.103130	0.465527	i0.221533
6.336060	0.103182	0.465522	i0.221648
6.336670	0.103234	0.465517	i0.221762
6.337280	0.103286	0.465512	i0.221876
6.337891	0.103338	0.465507	i0.221991
6.338501	0.103390	0.465502	i0.222105
6.339111	0.103442	0.465496	i0.222219
6.339722	0.103494	0.465491	i0.222334
6.340332	0.103546	0.465486	i0.222448
6.340942	0.103599	0.465481	i0.222563
6.341553	0.103651	0.465475	i0.222677
6.342163	0.103703	0.465470	i0.222792
6.342773	0.103755	0.465465	i0.222906
6.343384	0.103807	0.465460	i0.223021
6.343994	0.103859	0.465455	i0.223135
6.344604	0.103911	0.465449	i0.223250
6.345215	0.103964	0.465444	i0.223364
6.345825	0.104016	0.465439	i0.223479
6.346436	0.104068	0.465434	i0.223593
6.347046	0.104120	0.465428	i0.223708
6.347656	0.104172	0.465423	i0.223823
6.348267	0.104224	0.465418	i0.223937
6.348877	0.104277	0.465413	i0.224052
6.349487	0.104329	0.465407	i0.224167
6.350098	0.104381	0.465402	i0.224281
6.350708	0.104433	0.465397	i0.224396
6.351318	0.104486	0.465392	i0.224511
6.351929	0.104538	0.465386	i0.224626
6.352539	0.104590	0.465381	i0.224741
6.353149	0.104642	0.465376	i0.224855
6.353760	0.104695	0.465370	i0.224970
6.354370	0.104747	0.465365	i0.225085
6.354980	0.104799	0.465360	i0.225200
6.355591	0.104851	0.465355	i0.225315
6.356201	0.104904	0.465349	i0.225430
6.356812	0.104956	0.465344	i0.225545
6.357422	0.105008	0.465339	i0.225660
6.358032	0.105061	0.465333	i0.225775
6.358643	0.105113	0.465328	i0.225890
6.359253	0.105165	0.465323	i0.226005
6.359863	0.105218	0.465317	i0.226120
6.360474	0.105270	0.465312	i0.226235
6.361084	0.105322	0.465307	i0.226350
6.361694	0.105375	0.465301	i0.226465
6.362305	0.105427	0.465296	i0.226580
6.362915	0.105479	0.465291	i0.226695
6.363525	0.105532	0.465285	i0.226811
6.364136	0.105584	0.465280	i0.226926
6.364746	0.105636	0.465275	i0.227041
6.365356	0.105689	0.465269	i0.227156
6.365967	0.105741	0.465264	i0.227272
6.366577	0.105794	0.465259	i0.227387
6.367188	0.105846	0.465253	i0.227502
6.367798	0.105899	0.465248	i0.227617
6.368408	0.105951	0.465243	i0.227733
6.369019	0.106003	0.465237	i0.227848
6.369629	0.106056	0.465232	i0.227963
6.370239	0.106108	0.465226	i0.228079
6.370850	0.106161	0.465221	i0.228194
6.371460	0.106213	0.465216	i0.228310
6.372070	0.106266	0.465210	i0.228425
6.372681	0.106318	0.465205	i0.228541
6.373291	0.106371	0.465199	i0.228656
6.373901	0.106423	0.465194	i0.228772
6.374512	0.106476	0.465189	i0.228887
6.375122	0.106528	0.465183	i0.229003
6.375732	0.106581	0.465178	i0.229118
6.376343	0.106633	0.465172	i0.229234
6.376953	0.106686	0.465167	i0.229350
6.377563	0.106738	0.465161	i0.229465
6.378174	0.106791	0.465156	i0.229581
6.378784	0.106844	0.465151	i0.229697
6.379395	0.106896	0.465145	i0.229812
6.380005	0.106949	0.465140	i0.229928
6.380615	0.107001	0.465134	i0.230044
6.381226	0.107054	0.465129	i0.230160
6.381836	0.107106	0.465123	i0.230275
6.382446	0.107159	0.465118	i0.230391
6.383057	0.107212	0.465112	i0.230507
6.383667	0.107264	0.465107	i0.230623
6.384277	0.107317	0.465102	i0.230739
6.384888	0.107370	0.465096	i0.230855
6.385498	0.107422	0.465091	i0.230970
6.386108	0.107475	0.465085	i0.231086
6.386719	0.107528	0.465080	i0.231202
6.387329	0.107580	0.465074	i0.231318
6.387939	0.107633	0.465069	i0.231434
6.388550	0.107686	0.465063	i0.231550
6.389160	0.107738	0.465058	i0.231666
6.389771	0.107791	0.465052	i0.231782
6.390381	0.107844	0.465047	i0.231899
6.390991	0.107896	0.465041	i0.232015
6.391602	0.107949	0.465036	i0.232131
6.392212	0.108002	0.465030	i0.232247
6.392822	0.108055	0.465025	i0.232363
6.393433	0.108107	0.465019	i0.232479
6.394043	0.108160	0.465014	i0.232595
6.394653	0.108213	0.465008	i0.232712
6.395264	0.108266	0.465002	i0.232828
6.395874	0.108318	0.464997	i0.232944
6.396484	0.108371	0.464991	i0.233061
6.397095	0.108424	0.464986	i0.233177
6.397705	0.108477	0.464980	i0.233293
6.398315	0.108530	0.464975	i0.233409
6.398926	0.108582	0.464969	i0.233526
6.399536	0.108635	0.464964	i0.233642
6.400146	0.108688	0.464958	i0.233759
6.400757	0.108741	0.464952	i0.233875
6.401367	0.108794	0.464947	i0.233992
6.401978	0.108847	0.464941	i0.234108
6.402588	0.108899	0.464936	i0.234225
6.403198	0.108952	0.464930	i0.234341
6.403809	0.109005	0.464925	i0.234458
6.404419	0.109058	0.464919	i0.234574
6.405029	0.109111	0.464913	i0.234691
6.405640	0.109164	0.464908	i0.234807
6.406250	0.109217	0.464902	i0.234924
6.406860	0.109270	0.464897	i0.235041
6.407471	0.109323	0.464891	i0.235157
6.408081	0.109375	0.464885	i0.235274
6.408691	0.109428	0.464880	i0.235391
6.409302	0.109481	0.464874	i0.235507
6.409912	0.109534	0.464868	i0.235624
6.410522	0.109587	0.464863	i0.235741
6.411133	0.109640	0.464857	i0.235858
6.411743	0.109693	0.464852	i0.235975
6.412354	0.109746	0.464846	i0.236091
6.412964	0.109799	0.464840	i0.236208
6.413574	0.109852	0.464835	i0.236325
6.414185	0.109905	0.464829	i0.236442
6.414795	0.109958	0.464823	i0.236559
6.415405	0.110011	0.464818	i0.236676
6.416016	0.110064	0.464812	i0.236793
6.416626	0.110117	0.464806	i0.236910
6.417236	0.110170	0.464801	i0.237027
6.417847	0.110223	0.464795	i0.237144
6.418457	0.110276	0.464789	i0.237261
6.419067	0.110329	0.464784	i0.237378
6.419678	0.110383	0.464778	i0.237495
6.420288	0.110436	0.464772	i0.237612
6.420898	0.110489	0.464766	i0.237730
6.421509	0.110542	0.464761	i0.237847
6.422119	0.110595	0.464755	i0.237964
6.422729	0.110648	0.464749	i0.238081
6.423340	0.110701	0.464744	i0.238198
6.423950	0.110754	0.464738	i0.238316
6.424561	0.110807	0.464732	i0.238433
6.425171	0.110861	0.464727	i0.238550
6.425781	0.110914	0.464721	i0.238667
6.426392	0.110967	0.464715	i0.238785
6.427002	0.111020	0.464709	i0.238902
6.427612	0.111073	0.464704	i0.239020
6.428223	0.111126	0.464698	i0.239137
6.428833	0.111180	0.464692	i0.239254
6.429443	0.111233	0.464686	i0.239372
6.430054	0.111286	0.464681	i0.239489
6.430664	0.111339	0.464675	i0.239607
6.431274	0.111392	0.464669	i0.239724
6.431885	0.111446	0.464663	i0.239842
6.432495	0.111499	0.464658	i0.239959
6.433105	0.111552	0.464652	i0.240077
6.433716	0.111605	0.464646	i0.240195
6.434326	0.111659	0.464640	i0.240312
6.434937	0.111712	0.464634	i0.240430
6.435547	0.111765	0.464629	i0.240547
6.436157	0.111819	0.464623	i0.240665
6.436768	0.111872	0.464617	i0.240783
6.437378	0.111925	0.464611	i0.240901
6.437988	0.111978	0.464605	i0.241018
6.438599	0.112032	0.464600	i0.241136
6.439209	0.112085	0.464594	i0.241254
6.439819	0.112138	0.464588	i0.241372
6.440430	0.112192	0.464582	i0.241490
6.441040	0.112245	0.464576	i0.241607
6.441650	0.112298	0.464570	i0.241725
6.442261	0.112352	0.464565	i0.241843
6.442871	0.112405	0.464559	i0.241961
6.443481	0.112459	0.464553	i0.242079
6.444092	0.112512	0.464547	i0.242197
6.444702	0.112565	0.464541	i0.242315
6.445313	0.112619	0.464535	i0.242433
6.445923	0.112672	0.464530	i0.242551
6.446533	0.112726	0.464524	i0.242669
6.447144	0.112779	0.464518	i0.242787
6.447754	0.112833	0.464512	i0.242905
6.448364	0.112886	0.464506	i0.243024
6.448975	0.112939	0.464500	i0.243142
6.449585	0.112993	0.464494	i0.243260
6.450195	0.113046	0.464488	i0.243378
6.450806	0.113100	0.464483	i0.243496
6.451416	0.113153	0.464477	i0.243615
6.452026	0.113207	0.464471	i0.243733
6.452637	0.113260	0.464465	i0.243851
6.453247	0.113314	0.464459	i0.243969
6.453857	0.113367	0.464453	i0.244088
6.454468	0.113421	0.464447	i0.244206
6.455078	0.113474	0.464441	i0.244325
6.455688	0.113528	0.464435	i0.244443
6.456299	0.113581	0.464429	i0.244561
6.456909	0.113635	0.464423	i0.244680
6.457520	0.113689	0.464418	i0.244798
6.458130	0.113742	0.464412	i0.244917
6.458740	0.113796	0.464406	i0.245035
6.459351	0.113849	0.464400	i0.245154
6.459961	0.113903	0.464394	i0.245272
6.460571	0.113957	0.464388	i0.245391
6.461182	0.114010	0.464382	i0.245510
6.461792	0.114064	0.464376	i0.245628
6.462402	0.114117	0.464370	i0.245747
6.463013	0.114171	0.464364	i0.245866
6.463623	0.114225	0.464358	i0.245984
6.464233	0.114278	0.464352	i0.246103
6.464844	0.114332	0.464346	i0.246222
6.465454	0.114386	0.464340	i0.246340
6.466064	0.114439	0.464334	i0.246459
6.466675	0.114493	0.464328	i0.246578
6.467285	0.114547	0.464322	i0.246697
6.467896	0.114600	0.464316	i0.246816
6.468506	0.114654	0.464310	i0.246935
6.469116	0.114708	0.464304	i0.247053
6.469727	0.114762	0.464298	i0.247172
6.470337	0.114815	0.464292	i0.247291
6.470947	0.114869	0.464286	i0.247410
6.471558	0.114923	0.464280	i0.247529
6.472168	0.114977	0.464274	i0.247648
6.472778	0.115030	0.464268	i0.247767
6.473389	0.115084	0.464262	i0.247886
6.473999	0.115138	0.464256	i0.248006
6.474609	0.115192	0.464250	i0.248125
6.475220	0.115246	0.464244	i0.248244
6.475830	0.115299	0.464238	i0.248363
6.476440	0.115353	0.464232	i0.248482
6.477051	0.115407	0.464226	i0.248601
6.477661	0.115461	0.464219	i0.248720
6.478271	0.115515	0.464213	i0.248840
6.478882	0.115569	0.464207	i0.248959
6.479492	0.115622	0.464201	i0.249078
6.480103	0.115676	0.464195	i0.249198
6.480713	0.115730	0.464189	i0.249317
6.481323	0.115784	0.464183	i0.249436
6.481934	0.115838	0.464177	i0.249556
6.482544	0.115892	0.464171	i0.249675
6.483154	0.115946	0.464165	i0.249795
6.483765	0.116000	0.464159	i0.249914
6.484375	0.116054	0.464152	i0.250033
6.484985	0.116108	0.464146	i0.250153
6.485596	0.116162	0.464140	i0.250272
6.486206	0.116215	0.464134	i0.250392
6.486816	0.116269	0.464128	i0.250512
6.487427	0.116323	0.464122	i0.250631
6.488037	0.116377	0.464116	i0.250751
6.488647	0.116431	0.464110	i0.250870
6.489258	0.116485	0.464103	i0.250990
6.489868	0.116539	0.464097	i0.251110
6.490479	0.116593	0.464091	i0.251229
6.491089	0.116647	0.464085	i0.251349
6.491699	0.116701	0.464079	i0.251469
6.492310	0.116755	0.464073	i0.251589
6.492920	0.116809	0.464066	i0.251709
6.493530	0.116864	0.464060	i0.251828
6.494141	0.116918	0.464054	i0.251948
6.494751	0.116972	0.464048	i0.252068
6.495361	0.117026	0.464042	i0.252188
6.495972	0.117080	0.464036	i0.252308
6.496582	0.117134	0.464029	i0.252428
6.497192	0.117188	0.464023	i0.252548
6.497803	0.117242	0.464017	i0.252668
6.498413	0.117296	0.464011	i0.252788
6.499023	0.117350	0.464005	i0.252908
6.499634	0.117405	0.463998	i0.253028
6.500244	0.117459	0.463992	i0.253148
6.500854	0.117513	0.463986	i0.253268
6.501465	0.117567	0.463980	i0.253388
6.502075	0.117621	0.463973	i0.253508
6.502686	0.117675	0.463967	i0.253629
6.503296	0.117730	0.463961	i0.253749
6.503906	0.117784	0.463955	i0.253869
6.504517	0.117838	0.463948	i0.253989
6.505127	0.117892	0.463942	i0.254109
6.505737	0.117946	0.463936	i0.254230
6.506348	0.118001	0.463930	i0.254350
6.506958	0.118055	0.463923	i0.254470
6.507568	0.118109	0.463917	i0.254591
6.508179	0.118163	0.463911	i0.254711
6.508789	0.118218	0.463905	i0.254832
6.509399	0.118272	0.463898	i0.254952
6.510010	0.118326	0.463892	i0.255073
6.510620	0.118380	0.463886	i0.255193
6.511230	0.118435	0.463879	i0.255314
6.511841	0.118489	0.463873	i0.255434
6.512451	0.118543	0.463867	i0.255555
6.513062	0.118598	0.463861	i0.255675
6.513672	0.118652	0.463854	i0.255796
6.514282	0.118706	0.463848	i0.255916
6.514893	0.118761	0.463842	i0.256037
6.515503	0.118815	0.463835	i0.256158
6.516113	0.118869	0.463829	i0.256278
6.516724	0.118924	0.463823	i0.256399
6.517334	0.118978	0.463816	i0.256520
6.517944	0.119033	0.463810	i0.256641
6.518555	0.119087	0.463804	i0.256762
6.519165	0.119141	0.463797	i0.256882
6.519775	0.119196	0.463791	i0.257003
6.520386	0.119250	0.463785	i0.257124
6.520996	0.119305	0.463778	i0.257245
6.521606	0.119359	0.463772	i0.257366
6.522217	0.119414	0.463765	i0.257487
6.522827	0.119468	0.463759	i0.257608
6.523438	0.119522	0.463753	i0.257729
6.524048	0.119577	0.463746	i0.257850
6.524658	0.119631	0.463740	i0.257971
6.525269	0.119686	0.463734	i0.258092
6.525879	0.119740	0.463727	i0.258213
6.526489	0.119795	0.463721	i0.258334
6.527100	0.119849	0.463714	i0.258455
6.527710	0.119904	0.463708	i0.258576
6.528320	0.119958	0.463702	i0.258698
6.528931	0.120013	0.463695	i0.258819
6.529541	0.120068	0.463689	i0.258940
6.530151	0.120122	0.463682	i0.259061
6.530762	0.120177	0.463676	i0.259183
6.531372	0.120231	0.463669	i0.259304
6.531982	0.120286	0.463663	i0.259425
6.532593	0.120340	0.463656	i0.259547
6.533203	0.120395	0.463650	i0.259668
6.533813	0.120450	0.463644	i0.259789
6.534424	0.120504	0.463637	i0.259911
6.535034	0.120559	0.463631	i0.260032
6.535645	0.120614	0.463624	i0.260154
6.536255	0.120668	0.463618	i0.260275
6.536865	0.120723	0.463611	i0.260397
6.537476	0.120778	0.463605	i0.260518
6.538086	0.120832	0.463598	i0.260640
6.538696	0.120887	0.463592	i0.260762
6.539307	0.120942	0.463585	i0.260883
6.539917	0.120996	0.463579	i0.261005
6.540527	0.121051	0.463572	i0.261126
6.541138	0.121106	0.463566	i0.261248
6.541748	0.121160	0.463559	i0.261370
6.542358	0.121215	0.463553	i0.261492
6.542969	0.121270	0.463546	i0.261613
6.543579	0.121325	0.463540	i0.261735
6.544189	0.121379	0.463533	i0.261857
6.544800	0.121434	0.463527	i0.261979
6.545410	0.121489	0.463520	i0.262101
6.546021	0.121544	0.463514	i0.262223
6.546631	0.121599	0.463507	i0.262345
6.547241	0.121653	0.463501	i0.262467
6.547852	0.121708	0.463494	i0.262589
6.548462	0.121763	0.463487	i0.262711
6.549072	0.121818	0.463481	i0.262833
6.549683	0.121873	0.463474	i0.262955
6.550293	0.121928	0.463468	i0.263077
6.550903	0.121982	0.463461	i0.263199
6.551514	0.122037	0.463455	i0.263321
6.552124	0.122092	0.463448	i0.263443
6.552734	0.122147	0.463441	i0.263565
6.553345	0.122202	0.463435	i0.263687
6.553955	0.122257	0.463428	i0.263810
6.554565	0.122312	0.463422	i0.263932
6.555176	0.122367	0.463415	i0.264054
6.555786	0.122422	0.463408	i0.264177
6.556396	0.122477	0.463402	i0.264299
6.557007	0.122531	0.463395	i0.264421
6.557617	0.122586	0.463389	i0.264544
6.558228	0.122641	0.463382	i0.264666
6.558838	0.122696	0.463375	i0.264788
6.559448	0.122751	0.463369	i0.264911
6.560059	0.122806	0.463362	i0.265033
6.560669	0.122861	0.463355	i0.265156
6.561279	0.122916	0.463349	i0.265278
6.561890	0.122971	0.463342	i0.265401
6.562500	0.123026	0.463335	i0.265523
6.563110	0.123081	0.463329	i0.265646
6.563721	0.123136	0.463322	i0.265769
6.564331	0.123192	0.463315	i0.265891
6.564941	0.123247	0.463309	i0.266014
6.565552	0.123302	0.463302	i0.266137
6.566162	0.123357	0.463295	i0.266259
6.566772	0.123412	0.463289	i0.266382
6.567383	0.123467	0.463282	i0.266505
6.567993	0.123522	0.463275	i0.266628
6.568604	0.123577	0.463269	i0.266751
6.569214	0.123632	0.463262	i0.266873
6.569824	0.123687	0.463255	i0.266996
6.570435	0.123743	0.463248	i0.267119
6.571045	0.123798	0.463242	i0.267242
6.571655	0.123853	0.463235	i0.267365
6.572266	0.123908	0.463228	i0.267488
6.572876	0.123963	0.463221	i0.267611
6.573486	0.124018	0.463215	i0.267734
6.574097	0.124074	0.463208	i0.267857
6.574707	0.124129	0.463201	i0.267980
6.575317	0.124184	0.463195	i0.268103
6.575928	0.124239	0.463188	i0.268227
6.576538	0.124295	0.463181	i0.268350
6.577148	0.124350	0.463174	i0.268473
6.577759	0.124405	0.463167	i0.268596
6.578369	0.124460	0.463161	i0.268719
6.578979	0.124516	0.463154	i0.268843
6.579590	0.124571	0.463147	i0.268966
6.580200	0.124626	0.463140	i0.269089
6.580811	0.124681	0.463134	i0.269213
6.581421	0.124737	0.463127	i0.269336
6.582031	0.124792	0.463120	i0.269459
6.582642	0.124847	0.463113	i0.269583
6.583252	0.124903	0.463106	i0.269706
6.583862	0.124958	0.463099	i0.269830
6.584473	0.125013	0.463093	i0.269953
6.585083	0.125069	0.463086	i0.270077
6.585693	0.125124	0.463079	i0.270200
6.586304	0.125179	0.463072	i0.270324
6.586914	0.125235	0.463065	i0.270447
6.587524	0.125290	0.463058	i0.270571
6.588135	0.125346	0.463052	i0.270695
6.588745	0.125401	0.463045	i0.270818
6.589355	0.125456	0.463038	i0.270942
6.589966	0.125512	0.463031	i0.271066
6.590576	0.125567	0.463024	i0.271190
6.591187	0.125623	0.463017	i0.271313
6.591797	0.125678	0.463010	i0.271437
6.592407	0.125734	0.463004	i0.271561
6.593018	0.125789	0.462997	i0.271685
6.593628	0.125845	0.462990	i0.271809
6.594238	0.125900	0.462983	i0.271933
6.594849	0.125956	0.462976	i0.272057
6.595459	0.126011	0.462969	i0.272181
6.596069	0.126067	0.462962	i0.272305
6.596680	0.126122	0.462955	i0.272429
6.597290	0.126178	0.462948	i0.272553
6.597900	0.126233	0.462941	i0.272677
6.598511	0.126289	0.462935	i0.272801
6.599121	0.126345	0.462928	i0.272925
6.599731	0.126400	0.462921	i0.273049
6.600342	0.126456	0.462914	i0.273173
6.600952	0.126511	0.462907	i0.273298
6.601563	0.126567	0.462900	i0.273422
6.602173	0.126623	0.462893	i0.273546
6.602783	0.126678	0.462886	i0.273670
6.603394	0.126734	0.462879	i0.273795
6.604004	0.126789	0.462872	i0.273919
6.604614	0.126845	0.462865	i0.274043
6.605225	0.126901	0.462858	i0.274168
6.605835	0.126956	0.462851	i0.274292
6.606445	0.127012	0.462844	i0.274417
6.607056	0.127068	0.462837	i0.274541
6.607666	0.127123	0.462830	i0.274666
6.608276	0.127179	0.462823	i0.274790
6.608887	0.127235	0.462816	i0.274915
6.609497	0.127291	0.462809	i0.275039
6.610107	0.127346	0.462802	i0.275164
6.610718	0.127402	0.462795	i0.275288
6.611328	0.127458	0.462788	i0.275413
6.611938	0.127514	0.462781	i0.275538
6.612549	0.127569	0.462774	i0.275662
6.613159	0.127625	0.462767	i0.275787
6.613770	0.127681	0.462760	i0.275912
6.614380	0.127737	0.462753	i0.276037
6.614990	0.127793	0.462746	i0.276162
6.615601	0.127848	0.462739	i0.276286
6.616211	0.127904	0.462732	i0.276411
6.616821	0.127960	0.462725	i0.276536
6.617432	0.128016	0.462717	i0.276661
6.618042	0.128072	0.462710	i0.276786
6.618652	0.128128	0.462703	i0.276911
6.619263	0.128184	0.462696	i0.277036
6.619873	0.128239	0.462689	i0.277161
6.620483	0.128295	0.462682	i0.277286
6.621094	0.128351	0.462675	i0.277411
6.621704	0.128407	0.462668	i0.277536
6.622314	0.128463	0.462661	i0.277661
6.622925	0.128519	0.462654	i0.277787
6.623535	0.128575	0.462647	i0.277912
6.624146	0.128631	0.462639	i0.278037
6.624756	0.128687	0.462632	i0.278162
6.625366	0.128743	0.462625	i0.278288
6.625977	0.128799	0.462618	i0.278413
6.626587	0.128855	0.462611	i0.278538
6.627197	0.128911	0.462604	i0.278664
6.627808	0.128967	0.462597	i0.278789
6.628418	0.129023	0.462589	i0.278914
6.629028	0.129079	0.462582	i0.279040
6.629639	0.129135	0.462575	i0.279165
6.630249	0.129191	0.462568	i0.279291
6.630859	0.129247	0.462561	i0.279416
6.631470	0.129303	0.462554	i0.279542
6.632080	0.129359	0.462546	i0.279667
6.632690	0.129415	0.462539	i0.279793
6.633301	0.129471	0.462532	i0.279919
6.633911	0.129527	0.462525	i0.280044
6.634521	0.129584	0.462518	i0.280170
6.635132	0.129640	0.462510	i0.280296
6.635742	0.129696	0.462503	i0.280421
6.636353	0.129752	0.462496	i0.280547
6.636963	0.129808	0.462489	i0.280673
6.637573	0.129864	0.462481	i0.280799
6.638184	0.129920	0.462474	i0.280925
6.638794	0.129977	0.462467	i0.281050
6.639404	0.130033	0.462460	i0.281176
6.640015	0.130089	0.462452	i0.281302
6.640625	0.130145	0.462445	i0.281428
6.641235	0.130201	0.462438	i0.281554
6.641846	0.130258	0.462431	i0.281680
6.642456	0.130314	0.462423	i0.281806
6.643066	0.130370	0.462416	i0.281932
6.643677	0.130426	0.462409	i0.282058
6.644287	0.130483	0.462402	i0.282185
6.644897	0.130539	0.462394	i0.282311
6.645508	0.130595	0.462387	i0.282437
6.646118	0.130651	0.462380	i0.282563
6.646729	0.130708	0.462372	i0.282689
6.647339	0.130764	0.462365	i0.282816
6.647949	0.130820	0.462358	i0.282942
6.648560	0.130877	0.462351	i0.283068
6.649170	0.130933	0.462343	i0.283195
6.649780	0.130989	0.462336	i0.283321
6.650391	0.131046	0.462329	i0.283447
6.651001	0.131102	0.462321	i0.283574
6.651611	0.131159	0.462314	i0.283700
6.652222	0.131215	0.462306	i0.283827
6.652832	0.131271	0.462299	i0.283953
6.653442	0.131328	0.462292	i0.284080
6.654053	0.131384	0.462284	i0.284206
6.654663	0.131441	0.462277	i0.284333
6.655273	0.131497	0.462270	i0.284460
6.655884	0.131553	0.462262	i0.284586
6.656494	0.131610	0.462255	i0.284713
6.657104	0.131666	0.462248	i0.284840
6.657715	0.131723	0.462240	i0.284966
6.658325	0.131779	0.462233	i0.285093
6.658936	0.131836	0.462225	i0.285220
6.659546	0.131892	0.462218	i0.285347
6.660156	0.131949	0.462211	i0.285474
6.660767	0.132005	0.462203	i0.285600
6.661377	0.132062	0.462196	i0.285727
6.661987	0.132118	0.462188	i0.285854
6.662598	0.132175	0.462181	i0.285981
6.663208	0.132232	0.462173	i0.286108
6.663818	0.132288	0.462166	i0.286235
6.664429	0.132345	0.462159	i0.286362
6.665039	0.132401	0.462151	i0.286489
6.665649	0.132458	0.462144	i0.286616
6.666260	0.132515	0.462136	i0.286744
6.666870	0.132571	0.462129	i0.286871
6.667480	0.132628	0.462121	i0.286998
6.668091	0.132684	0.462114	i0.287125
6.668701	0.132741	0.462106	i0.287252
6.669312	0.132798	0.462099	i0.287380
6.669922	0.132854	0.462091	i0.287507
6.670532	0.132911	0.462084	i0.287634
6.671143	0.132968	0.462076	i0.287762
6.671753	0.133025	0.462069	i0.287889
6.672363	0.133081	0.462061	i0.288016
6.672974	0.133138	0.462054	i0.288144
6.673584	0.133195	0.462046	i0.288271
6.674194	0.133251	0.462039	i0.288399
6.674805	0.133308	0.462031	i0.288526
6.675415	0.133365	0.462024	i0.288654
6.676025	0.133422	0.462016	i0.288782
6.676636	0.133479	0.462009	i0.288909
6.677246	0.133535	0.462001	i0.289037
6.677856	0.133592	0.461994	i0.289164
6.678467	0.133649	0.461986	i0.289292
6.679077	0.133706	0.461978	i0.289420
6.679688	0.133763	0.461971	i0.289548
6.680298	0.133819	0.461963	i0.289675
6.680908	0.133876	0.461956	i0.289803
6.681519	0.133933	0.461948	i0.289931
6.682129	0.133990	0.461940	i0.290059
6.682739	0.134047	0.461933	i0.290187
6.683350	0.134104	0.461925	i0.290315
6.683960	0.134161	0.461918	i0.290443
6.684570	0.134218	0.461910	i0.290571
6.685181	0.134274	0.461902	i0.290699
6.685791	0.134331	0.461895	i0.290827
6.686401	0.134388	0.461887	i0.290955
6.687012	0.134445	0.461880	i0.291083
6.687622	0.134502	0.461872	i0.291211
6.688232	0.134559	0.461864	i0.291339
6.688843	0.134616	0.461857	i0.291467
6.689453	0.134673	0.461849	i0.291596
6.690063	0.134730	0.461841	i0.291724
6.690674	0.134787	0.461834	i0.291852
6.691284	0.134844	0.461826	i0.291981
6.691895	0.134901	0.461818	i0.292109
6.692505	0.134958	0.461811	i0.292237
6.693115	0.135015	0.461803	i0.292366
6.693726	0.135072	0.461795	i0.292494
6.694336	0.135129	0.461788	i0.292623
6.694946	0.135187	0.461780	i0.292751
6.695557	0.135244	0.461772	i0.292880
6.696167	0.135301	0.461765	i0.293008
6.696777	0.135358	0.461757	i0.293137
6.697388	0.135415	0.461749	i0.293265
6.697998	0.135472	0.461741	i0.293394
6.698608	0.135529	0.461734	i0.293523
6.699219	0.135586	0.461726	i0.293651
6.699829	0.135644	0.461718	i0.293780
6.700439	0.135701	0.461710	i0.293909
6.701050	0.135758	0.461703	i0.294037
6.701660	0.135815	0.461695	i0.294166
6.702271	0.135872	0.461687	i0.294295
6.702881	0.135929	0.461679	i0.294424
6.703491	0.135987	0.461672	i0.294553
6.704102	0.136044	0.461664	i0.294682
6.704712	0.136101	0.461656	i0.294811
6.705322	0.136158	0.461648	i0.294940
6.705933	0.136216	0.461641	i0.295069
6.706543	0.136273	0.461633	i0.295198
6.707153	0.136330	0.461625	i0.295327
6.707764	0.136388	0.461617	i0.295456
6.708374	0.136445	0.461609	i0.295585
6.708984	0.136502	0.461601	i0.295714
6.709595	0.136559	0.461594	i0.295843
6.710205	0.136617	0.461586	i0.295973
6.710815	0.136674	0.461578	i0.296102
6.711426	0.136731	0.461570	i0.296231
6.712036	0.136789	0.461562	i0.296360
6.712646	0.136846	0.461554	i0.296490
6.713257	0.136904	0.461547	i0.296619
6.713867	0.136961	0.461539	i0.296749
6.714478	0.137018	0.461531	i0.296878
6.715088	0.137076	0.461523	i0.297007
6.715698	0.137133	0.461515	i0.297137
6.716309	0.137191	0.461507	i0.297266
6.716919	0.137248	0.461499	i0.297396
6.717529	0.137306	0.461492	i0.297526
6.718140	0.137363	0.461484	i0.297655
6.718750	0.137420	0.461476	i0.297785
6.719360	0.137478	0.461468	i0.297915
6.719971	0.137535	0.461460	i0.298044
6.720581	0.137593	0.461452	i0.298174
6.721191	0.137650	0.461444	i0.298304
6.721802	0.137708	0.461436	i0.298433
6.722412	0.137766	0.461428	i0.298563
6.723022	0.137823	0.461420	i0.298693
6.723633	0.137881	0.461412	i0.298823
6.724243	0.137938	0.461404	i0.298953
6.724854	0.137996	0.461396	i0.299083
6.725464	0.138053	0.461388	i0.299213
6.726074	0.138111	0.461381	i0.299343
6.726685	0.138169	0.461373	i0.299473
6.727295	0.138226	0.461365	i0.299603
6.727905	0.138284	0.461357	i0.299733
6.728516	0.138341	0.461349	i0.299863
6.729126	0.138399	0.461341	i0.299993
6.729736	0.138457	0.461333	i0.300123
6.730347	0.138514	0.461325	i0.300254
6.730957	0.138572	0.461317	i0.300384
6.731567	0.138630	0.461309	i0.300514
6.732178	0.138687	0.461301	i0.300645
6.732788	0.138745	0.461293	i0.300775
6.733398	0.138803	0.461285	i0.300905
6.734009	0.138861	0.461277	i0.301036
6.734619	0.138918	0.461268	i0.301166
6.735229	0.138976	0.461260	i0.301296
6.735840	0.139034	0.461252	i0.301427
6.736450	0.139092	0.461244	i0.301557
6.737061	0.139149	0.461236	i0.301688
6.737671	0.139207	0.461228	i0.301819
6.738281	0.139265	0.461220	i0.301949
6.738892	0.139323	0.461212	i0.302080
6.739502	0.139381	0.461204	i0.302211
6.740112	0.139439	0.461196	i0.302341
6.740723	0.139496	0.461188	i0.302472
6.741333	0.139554	0.461180	i0.302603
6.741943	0.139612	0.461172	i0.302734
6.742554	0.139670	0.461163	i0.302864
6.743164	0.139728	0.461155	i0.302995
6.743774	0.139786	0.461147	i0.303126
6.744385	0.139844	0.461139	i0.303257
6.744995	0.139902	0.461131	i0.303388
6.745605	0.139960	0.461123	i0.303519
6.746216	0.140017	0.461115	i0.303650
6.746826	0.140075	0.461107	i0.303781
6.747437	0.140133	0.461098	i0.303912
6.748047	0.140191	0.461090	i0.304043
6.748657	0.140249	0.461082	i0.304174
6.749268	0.140307	0.461074	i0.304305
6.749878	0.140365	0.461066	i0.304437
6.750488	0.140423	0.461058	i0.304568
6.751099	0.140481	0.461049	i0.304699
6.751709	0.140539	0.461041	i0.304830
6.752319	0.140597	0.461033	i0.304962
6.752930	0.140655	0.461025	i0.305093
6.753540	0.140714	0.461017	i0.305224
6.754150	0.140772	0.461008	i0.305356
6.754761	0.140830	0.461000	i0.305487
6.755371	0.140888	0.460992	i0.305619
6.755981	0.140946	0.460984	i0.305750
6.756592	0.141004	0.460975	i0.305882
6.757202	0.141062	0.460967	i0.306013
6.757813	0.141120	0.460959	i0.306145
6.758423	0.141178	0.460951	i0.306277
6.759033	0.141237	0.460942	i0.306408
6.759644	0.141295	0.460934	i0.306540
6.760254	0.141353	0.460926	i0.306672
6.760864	0.141411	0.460918	i0.306803
6.761475	0.141469	0.460909	i0.306935
6.762085	0.141528	0.460901	i0.307067
6.762695	0.141586	0.460893	i0.307199
6.763306	0.141644	0.460885	i0.307331
6.763916	0.141702	0.460876	i0.307463
6.764526	0.141761	0.460868	i0.307595
6.765137	0.141819	0.460860	i0.307727
6.765747	0.141877	0.460851	i0.307859
6.766357	0.141935	0.460843	i0.307991
6.766968	0.141994	0.460835	i0.308123
6.767578	0.142052	0.460826	i0.308255
6.768188	0.142110	0.460818	i0.308387
6.768799	0.142169	0.460810	i0.308519
6.769409	0.142227	0.460801	i0.308651
6.770020	0.142285	0.460793	i0.308784
6.770630	0.142344	0.460785	i0.308916
6.771240	0.142402	0.460776	i0.309048
6.771851	0.142460	0.460768	i0.309181
6.772461	0.142519	0.460759	i0.309313
6.773071	0.142577	0.460751	i0.309445
6.773682	0.142636	0.460743	i0.309578
6.774292	0.142694	0.460734	i0.309710
6.774902	0.142753	0.460726	i0.309843
6.775513	0.142811	0.460717	i0.309975
6.776123	0.142869	0.460709	i0.310108
6.776733	0.142928	0.460701	i0.310240
6.777344	0.142986	0.460692	i0.310373
6.777954	0.143045	0.460684	i0.310506
6.778564	0.143103	0.460675	i0.310638
6.779175	0.143162	0.460667	i0.310771
6.779785	0.143220	0.460658	i0.310904
6.780396	0.143279	0.460650	i0.311036
6.781006	0.143337	0.460642	i0.311169
6.781616	0.143396	0.460633	i0.311302
6.782227	0.143455	0.460625	i0.311435
6.782837	0.143513	0.460616	i0.311568
6.783447	0.143572	0.460608	i0.311701
6.784058	0.143630	0.460599	i0.311834
6.784668	0.143689	0.460591	i0.311967
6.785278	0.143748	0.460582	i0.312100
6.785889	0.143806	0.460574	i0.312233
6.786499	0.143865	0.460565	i0.312366
6.787109	0.143924	0.460557	i0.312499
6.787720	0.143982	0.460548	i0.312632
6.788330	0.144041	0.460540	i0.312765
6.788940	0.144100	0.460531	i0.312899
6.789551	0.144158	0.460523	i0.313032
6.790161	0.144217	0.460514	i0.313165
6.790771	0.144276	0.460505	i0.313299
6.791382	0.144334	0.460497	i0.313432
6.791992	0.144393	0.460488	i0.313565
6.792603	0.144452	0.460480	i0.313699
6.793213	0.144511	0.460471	i0.313832
6.793823	0.144569	0.460463	i0.313966
6.794434	0.144628	0.460454	i0.314099
6.795044	0.144687	0.460445	i0.314233
6.795654	0.144746	0.460437	i0.314366
6.796265	0.144805	0.460428	i0.314500
6.796875	0.144863	0.460420	i0.314634
6.797485	0.144922	0.460411	i0.314767
6.798096	0.144981	0.460402	i0.314901
6.798706	0.145040	0.460394	i0.315035
6.799316	0.145099	0.460385	i0.315168
6.799927	0.145158	0.460377	i0.315302
6.800537	0.145217	0.460368	i0.315436
6.801147	0.145276	0.460359	i0.315570
6.801758	0.145334	0.460351	i0.315704
6.802368	0.145393	0.460342	i0.315838
6.802979	0.145452	0.460333	i0.315972
6.803589	0.145511	0.460325	i0.316106
6.804199	0.145570	0.460316	i0.316240
6.804810	0.145629	0.460307	i0.316374
6.805420	0.145688	0.460299	i0.316508
6.806030	0.145747	0.460290	i0.316642
6.806641	0.145806	0.460281	i0.316776
6.807251	0.145865	0.460273	i0.316911
6.807861	0.145924	0.460264	i0.317045
6.808472	0.145983	0.460255	i0.317179
6.809082	0.146042	0.460246	i0.317313
6.809692	0.146101	0.460238	i0.317448
6.810303	0.146160	0.460229	i0.317582
6.810913	0.146220	0.460220	i0.317717
6.811523	0.146279	0.460211	i0.317851
6.812134	0.146338	0.460203	i0.317985
6.812744	0.146397	0.460194	i0.318120
6.813354	0.146456	0.460185	i0.318254
6.813965	0.146515	0.460176	i0.318389
6.814575	0.146574	0.460168	i0.318524
6.815186	0.146633	0.460159	i0.318658
6.815796	0.146693	0.460150	i0.318793
6.816406	0.146752	0.460141	i0.318928
6.817017	0.146811	0.460132	i0.319062
6.817627	0.146870	0.460124	i0.319197
6.818237	0.146929	0.460115	i0.319332
6.818848	0.146989	0.460106	i0.319467
6.819458	0.147048	0.460097	i0.319602
6.820068	0.147107	0.460088	i0.319737
6.820679	0.147166	0.460080	i0.319872
6.821289	0.147226	0.460071	i0.320007
6.821899	0.147285	0.460062	i0.320142
6.822510	0.147344	0.460053	i0.320277
6.823120	0.147403	0.460044	i0.320412
6.823730	0.147463	0.460035	i0.320547
6.824341	0.147522	0.460026	i0.320682
6.824951	0.147581	0.460018	i0.320817
6.825562	0.147641	0.460009	i0.320952
6.826172	0.147700	0.460000	i0.321088
6.826782	0.147760	0.459991	i0.321223
6.827393	0.147819	0.459982	i0.321358
6.828003	0.147878	0.459973	i0.321493
6.828613	0.147938	0.459964	i0.321629
6.829224	0.147997	0.459955	i0.321764
6.829834	0.148057	0.459946	i0.321900
6.830444	0.148116	0.459937	i0.322035
6.831055	0.148175	0.459928	i0.322171
6.831665	0.148235	0.459919	i0.322306
6.832275	0.148294	0.459911	i0.322442
6.832886	0.148354	0.459902	i0.322577
6.833496	0.148413	0.459893	i0.322713
6.834106	0.148473	0.459884	i0.322849
6.834717	0.148532	0.459875	i0.322984
6.835327	0.148592	0.459866	i0.323120
6.835938	0.148651	0.459857	i0.323256
6.836548	0.148711	0.459848	i0.323392
6.837158	0.148771	0.459839	i0.323528
6.837769	0.148830	0.459830	i0.323664
6.838379	0.148890	0.459821	i0.323799
6.838989	0.148949	0.459812	i0.323935
6.839600	0.149009	0.459803	i0.324071
6.840210	0.149069	0.459794	i0.324207
6.840820	0.149128	0.459785	i0.324344
6.841431	0.149188	0.459776	i0.324480
6.842041	0.149247	0.459767	i0.324616
6.842651	0.149307	0.459758	i0.324752
6.843262	0.149367	0.459748	i0.324888
6.843872	0.149426	0.459739	i0.325024
6.844482	0.149486	0.459730	i0.325161
6.845093	0.149546	0.459721	i0.325297
6.845703	0.149606	0.459712	i0.325433
6.846313	0.149665	0.459703	i0.325570
6.846924	0.149725	0.459694	i0.325706
6.847534	0.149785	0.459685	i0.325842
6.848145	0.149845	0.459676	i0.325979
6.848755	0.149904	0.459667	i0.326115
6.849365	0.149964	0.459658	i0.326252
6.849976	0.150024	0.459648	i0.326389
6.850586	0.150084	0.459639	i0.326525
6.851196	0.150144	0.459630	i0.326662
6.851807	0.150203	0.459621	i0.326798
6.852417	0.150263	0.459612	i0.326935
6.853027	0.150323	0.459603	i0.327072
6.853638	0.150383	0.459594	i0.327209
6.854248	0.150443	0.459584	i0.327346
6.854858	0.150503	0.459575	i0.327482
6.855469	0.150563	0.459566	i0.327619
6.856079	0.150623	0.459557	i0.327756
6.856689	0.150683	0.459548	i0.327893
6.857300	0.150742	0.459538	i0.328030
6.857910	0.150802	0.459529	i0.328167
6.858521	0.150862	0.459520	i0.328304
6.859131	0.150922	0.459511	i0.328441
6.859741	0.150982	0.459502	i0.328579
6.860352	0.151042	0.459492	i0.328716
6.860962	0.151102	0.459483	i0.328853
6.861572	0.151162	0.459474	i0.328990
6.862183	0.151222	0.459465	i0.329127
6.862793	0.151282	0.459455	i0.329265
6.863403	0.151343	0.459446	i0.329402
6.864014	0.151403	0.459437	i0.329539
6.864624	0.151463	0.459428	i0.329677
6.865234	0.151523	0.459418	i0.329814
6.865845	0.151583	0.459409	i0.329952
6.866455	0.151643	0.459400	i0.330089
6.867065	0.151703	0.459390	i0.330227
6.867676	0.151763	0.459381	i0.330364
6.868286	0.151823	0.459372	i0.330502
6.868896	0.151884	0.459363	i0.330640
6.869507	0.151944	0.459353	i0.330777
6.870117	0.152004	0.459344	i0.330915
6.870728	0.152064	0.459335	i0.331053
6.871338	0.152124	0.459325	i0.331191
6.871948	0.152184	0.459316	i0.331329
6.872559	0.152245	0.459307	i0.331466
6.873169	0.152305	0.459297	i0.331604
6.873779	0.152365	0.459288	i0.331742
6.874390	0.152425	0.459278	i0.331880
6.875000	0.152486	0.459269	i0.332018
6.875610	0.152546	0.459260	i0.332156
6.876221	0.152606	0.459250	i0.332294
6.876831	0.152667	0.459241	i0.332433
6.877441	0.152727	0.459231	i0.332571
6.878052	0.152787	0.459222	i0.332709
6.878662	0.152848	0.459213	i0.332847
6.879272	0.152908	0.459203	i0.332985
6.879883	0.152968	0.459194	i0.333124
6.880493	0.153029	0.459184	i0.333262
6.881104	0.153089	0.459175	i0.333400
6.881714	0.153150	0.459165	i0.333539
6.882324	0.153210	0.459156	i0.333677
6.882935	0.153270	0.459147	i0.333816
6.883545	0.153331	0.459137	i0.333954
6.884155	0.153391	0.459128	i0.334093
6.884766	0.153452	0.459118	i0.334231
6.885376	0.153512	0.459109	i0.334370
6.885986	0.153573	0.459099	i0.334509
6.886597	0.153633	0.459090	i0.334647
6.887207	0.153694	0.459080	i0.334786
6.887817	0.153754	0.459071	i0.334925
6.888428	0.153815	0.459061	i0.335064
6.889038	0.153875	0.459052	i0.335203
6.889648	0.153936	0.459042	i0.335342
6.890259	0.153996	0.459032	i0.335480
6.890869	0.154057	0.459023	i0.335619
6.891479	0.154118	0.459013	i0.335758
6.892090	0.154178	0.459004	i0.335897
6.892700	0.154239	0.458994	i0.336036
6.893311	0.154299	0.458985	i0.336176
6.893921	0.154360	0.458975	i0.336315
6.894531	0.154421	0.458966	i0.336454
6.895142	0.154481	0.458956	i0.336593
6.895752	0.154542	0.458946	i0.336732
6.896362	0.154603	0.458937	i0.336872
6.896973	0.154663	0.458927	i0.337011
6.897583	0.154724	0.458918	i0.337150
6.898193	0.154785	0.458908	i0.337290
6.898804	0.154846	0.458898	i0.337429
6.899414	0.154906	0.458889	i0.337569
6.900024	0.154967	0.458879	i0.337708
6.900635	0.155028	0.458869	i0.337848
6.901245	0.155089	0.458860	i0.337987
6.901855	0.155149	0.458850	i0.338127
6.902466	0.155210	0.458840	i0.338266
6.903076	0.155271	0.458831	i0.338406
6.903687	0.155332	0.458821	i0.338546
6.904297	0.155393	0.458811	i0.338686
6.904907	0.155454	0.458802	i0.338825
6.905518	0.155514	0.458792	i0.338965
6.906128	0.155575	0.458782	i0.339105
6.906738	0.155636	0.458772	i0.339245
6.907349	0.155697	0.458763	i0.339385
6.907959	0.155758	0.458753	i0.339525
6.908569	0.155819	0.458743	i0.339665
6.909180	0.155880	0.458734	i0.339805
6.909790	0.155941	0.458724	i0.339945
6.910400	0.156002	0.458714	i0.340085
6.911011	0.156063	0.458704	i0.340225
6.911621	0.156124	0.458695	i0.340366
6.912231	0.156185	0.458685	i0.340506
6.912842	0.156246	0.458675	i0.340646
6.913452	0.156307	0.458665	i0.340786
6.914063	0.156368	0.458655	i0.340927
6.914673	0.156429	0.458646	i0.341067
6.915283	0.156490	0.458636	i0.341207
6.915894	0.156551	0.458626	i0.341348
6.916504	0.156612	0.458616	i0.341488
6.917114	0.156673	0.458606	i0.341629
6.917725	0.156734	0.458596	i0.341770
6.918335	0.156795	0.458587	i0.341910
6.918945	0.156857	0.458577	i0.342051
6.919556	0.156918	0.458567	i0.342191
6.920166	0.156979	0.458557	i0.342332
6.920776	0.157040	0.458547	i0.342473
6.921387	0.157101	0.458537	i0.342614
6.921997	0.157162	0.458527	i0.342755
6.922607	0.157224	0.458518	i0.342895
6.923218	0.157285	0.458508	i0.343036
6.923828	0.157346	0.458498	i0.343177
6.924438	0.157407	0.458488	i0.343318
6.925049	0.157469	0.458478	i0.343459
6.925659	0.157530	0.458468	i0.343600
6.926270	0.157591	0.458458	i0.343741
6.926880	0.157652	0.458448	i0.343883
6.927490	0.157714	0.458438	i0.344024
6.928101	0.157775	0.458428	i0.344165
6.928711	0.157836	0.458418	i0.344306
6.929321	0.157898	0.458408	i0.344448
6.929932	0.157959	0.458398	i0.344589
6.930542	0.158020	0.458388	i0.344730
6.931152	0.158082	0.458378	i0.344872
6.931763	0.158143	0.458368	i0.345013
6.932373	0.158205	0.458358	i0.345155
6.932983	0.158266	0.458348	i0.345296
6.933594	0.158327	0.458338	i0.345438
6.934204	0.158389	0.458328	i0.345579
6.934814	0.158450	0.458318	i0.345721
6.935425	0.158512	0.458308	i0.345863
6.936035	0.158573	0.458298	i0.346004
6.936646	0.158635	0.458288	i0.346146
6.937256	0.158696	0.458278	i0.346288
6.937866	0.158758	0.458268	i0.346430
6.938477	0.158819	0.458258	i0.346571
6.939087	0.158881	0.458248	i0.346713
6.939697	0.158942	0.458238	i0.346855
6.940308	0.159004	0.458228	i0.346997
6.940918	0.159065	0.458218	i0.347139
6.941528	0.159127	0.458208	i0.347281
6.942139	0.159189	0.458198	i0.347423
6.942749	0.159250	0.458187	i0.347565
6.943359	0.159312	0.458177	i0.347708
6.943970	0.159373	0.458167	i0.347850
6.944580	0.159435	0.458157	i0.347992
6.945190	0.159497	0.458147	i0.348134
6.945801	0.159558	0.458137	i0.348277
6.946411	0.159620	0.458127	i0.348419
6.947021	0.159682	0.458117	i0.348561
6.947632	0.159743	0.458106	i0.348704
6.948242	0.159805	0.458096	i0.348846
6.948853	0.159867	0.458086	i0.348989
6.949463	0.159929	0.458076	i0.349131
6.950073	0.159990	0.458066	i0.349274
6.950684	0.160052	0.458055	i0.349417
6.951294	0.160114	0.458045	i0.349559
6.951904	0.160176	0.458035	i0.349702
6.952515	0.160238	0.458025	i0.349845
6.953125	0.160299	0.458015	i0.349988
6.953735	0.160361	0.458004	i0.350130
6.954346	0.160423	0.457994	i0.350273
6.954956	0.160485	0.457984	i0.350416
6.955566	0.160547	0.457974	i0.350559
6.956177	0.160609	0.457963	i0.350702
6.956787	0.160671	0.457953	i0.350845
6.957397	0.160732	0.457943	i0.350988
6.958008	0.160794	0.457932	i0.351131
6.958618	0.160856	0.457922	i0.351274
6.959229	0.160918	0.457912	i0.351417
6.959839	0.160980	0.457902	i0.351561
6.960449	0.161042	0.457891	i0.351704
6.961060	0.161104	0.457881	i0.351847
6.961670	0.161166	0.457871	i0.351991
6.962280	0.161228	0.457860	i0.352134
6.962891	0.161290	0.457850	i0.352277
6.963501	0.161352	0.457840	i0.352421
6.964111	0.161414	0.457829	i0.352564
6.964722	0.161476	0.457819	i0.352708
6.965332	0.161538	0.457808	i0.352851
6.965942	0.161600	0.457798	i0.352995
6.966553	0.161663	0.457788	i0.353139
6.967163	0.161725	0.457777	i0.353282
6.967773	0.161787	0.457767	i0.353426
6.968384	0.161849	0.457757	i0.353570
6.968994	0.161911	0.457746	i0.353714
6.969604	0.161973	0.457736	i0.353857
6.970215	0.162035	0.457725	i0.354001
6.970825	0.162098	0.457715	i0.354145
6.971436	0.162160	0.457704	i0.354289
6.972046	0.162222	0.457694	i0.354433
6.972656	0.162284	0.457683	i0.354577
6.973267	0.162346	0.457673	i0.354721
6.973877	0.162409	0.457663	i0.354865
6.974487	0.162471	0.457652	i0.355010
6.975098	0.162533	0.457642	i0.355154
6.975708	0.162595	0.457631	i0.355298
6.976318	0.162658	0.457621	i0.355442
6.976929	0.162720	0.457610	i0.355587
6.977539	0.162782	0.457600	i0.355731
6.978149	0.162845	0.457589	i0.355875
6.978760	0.162907	0.457579	i0.356020
6.979370	0.162969	0.457568	i0.356164
6.979980	0.163032	0.457557	i0.356309
6.980591	0.163094	0.457547	i0.356453
6.981201	0.163157	0.457536	i0.356598
6.981812	0.163219	0.457526	i0.356743
6.982422	0.163281	0.457515	i0.356887
6.983032	0.163344	0.457505	i0.357032
6.983643	0.163406	0.457494	i0.357177
6.984253	0.163469	0.457483	i0.357322
6.984863	0.163531	0.457473	i0.357466
6.985474	0.163594	0.457462	i0.357611
6.986084	0.163656	0.457452	i0.357756
6.986694	0.163719	0.457441	i0.357901
6.987305	0.163781	0.457430	i0.358046
6.987915	0.163844	0.457420	i0.358191
6.988525	0.163906	0.457409	i0.358336
6.989136	0.163969	0.457398	i0.358481
6.989746	0.164031	0.457388	i0.358627
6.990356	0.164094	0.457377	i0.358772
6.990967	0.164157	0.457366	i0.358917
6.991577	0.164219	0.457356	i0.359062
6.992188	0.164282	0.457345	i0.359208
6.992798	0.164344	0.457334	i0.359353
6.993408	0.164407	0.457324	i0.359498
6.994019	0.164470	0.457313	i0.359644
6.994629	0.164532	0.457302	i0.359789
6.995239	0.164595	0.457292	i0.359935
6.995850	0.164658	0.457281	i0.360080
6.996460	0.164721	0.457270	i0.360226
6.997070	0.164783	0.457259	i0.360372
6.997681	0.164846	0.457249	i0.360517
6.998291	0.164909	0.457238	i0.360663
6.998901	0.164972	0.457227	i0.360809
6.999512	0.165034	0.457216	i0.360955
7.000122	0.165097	0.457206	i0.361101
7.000732	0.165160	0.457195	i0.361246
7.001343	0.165223	0.457184	i0.361392
7.001953	0.165286	0.457173	i0.361538
7.002563	0.165348	0.457162	i0.361684
7.003174	0.165411	0.457152	i0.361830
7.003784	0.165474	0.457141	i0.361977
7.004395	0.165537	0.457130	i0.362123
7.005005	0.165600	0.457119	i0.362269
7.005615	0.165663	0.457108	i0.362415
7.006226	0.165726	0.457097	i0.362561
7.006836	0.165789	0.457086	i0.362708
7.007446	0.165852	0.457076	i0.362854
7.008057	0.165915	0.457065	i0.363000
7.008667	0.165978	0.457054	i0.363147
7.009277	0.166041	0.457043	i0.363293
7.009888	0.166104	0.457032	i0.363440
7.010498	0.166167	0.457021	i0.363586
7.011108	0.166230	0.457010	i0.363733
7.011719	0.166293	0.456999	i0.363880
7.012329	0.166356	0.456988	i0.364026
7.012939	0.166419	0.456977	i0.364173
7.013550	0.166482	0.456966	i0.364320
7.014160	0.166545	0.456955	i0.364467
7.014771	0.166608	0.456945	i0.364613
7.015381	0.166671	0.456934	i0.364760
7.015991	0.166734	0.456923	i0.364907
7.016602	0.166797	0.456912	i0.365054
7.017212	0.166861	0.456901	i0.365201
7.017822	0.166924	0.456890	i0.365348
7.018433	0.166987	0.456879	i0.365495
7.019043	0.167050	0.456868	i0.365642
7.019653	0.167113	0.456857	i0.365790
7.020264	0.167177	0.456846	i0.365937
7.020874	0.167240	0.456835	i0.366084
7.021484	0.167303	0.456823	i0.366231
7.022095	0.167366	0.456812	i0.366379
7.022705	0.167430	0.456801	i0.366526
7.023315	0.167493	0.456790	i0.366674
7.023926	0.167556	0.456779	i0.366821
7.024536	0.167620	0.456768	i0.366969
7.025146	0.167683	0.456757	i0.367116
7.025757	0.167746	0.456746	i0.367264
7.026367	0.167810	0.456735	i0.367411
7.026978	0.167873	0.456724	i0.367559
7.027588	0.167936	0.456713	i0.367707
7.028198	0.168000	0.456701	i0.367855
7.028809	0.168063	0.456690	i0.368002
7.029419	0.168127	0.456679	i0.368150
7.030029	0.168190	0.456668	i0.368298
7.030640	0.168253	0.456657	i0.368446
7.031250	0.168317	0.456646	i0.368594
7.031860	0.168380	0.456635	i0.368742
7.032471	0.168444	0.456623	i0.368890
7.033081	0.168507	0.456612	i0.369038
7.033691	0.168571	0.456601	i0.369186
7.034302	0.168634	0.456590	i0.369335
7.034912	0.168698	0.456579	i0.369483
7.035522	0.168761	0.456567	i0.369631
7.036133	0.168825	0.456556	i0.369779
7.036743	0.168889	0.456545	i0.369928
7.037354	0.168952	0.456534	i0.370076
7.037964	0.169016	0.456522	i0.370225
7.038574	0.169079	0.456511	i0.370373
7.039185	0.169143	0.456500	i0.370522
7.039795	0.169207	0.456489	i0.370670
7.040405	0.169270	0.456477	i0.370819
7.041016	0.169334	0.456466	i0.370968
7.041626	0.169398	0.456455	i0.371116
7.042236	0.169461	0.456443	i0.371265
7.042847	0.169525	0.456432	i0.371414
7.043457	0.169589	0.456421	i0.371563
7.044067	0.169653	0.456409	i0.371712
7.044678	0.169716	0.456398	i0.371860
7.045288	0.169780	0.456387	i0.372009
7.045898	0.169844	0.456375	i0.372158
7.046509	0.169908	0.456364	i0.372307
7.047119	0.169972	0.456353	i0.372457
7.047729	0.170035	0.456341	i0.372606
7.048340	0.170099	0.456330	i0.372755
7.048950	0.170163	0.456318	i0.372904
7.049561	0.170227	0.456307	i0.373053
7.050171	0.170291	0.456296	i0.373203
7.050781	0.170355	0.456284	i0.373352
7.051392	0.170419	0.456273	i0.373501
7.052002	0.170482	0.456261	i0.373651
7.052612	0.170546	0.456250	i0.373800
7.053223	0.170610	0.456239	i0.373950
7.053833	0.170674	0.456227	i0.374099
7.054443	0.170738	0.456216	i0.374249
7.055054	0.170802	0.456204	i0.374399
7.055664	0.170866	0.456193	i0.374548
7.056274	0.170930	0.456181	i0.374698
7.056885	0.170994	0.456170	i0.374848
7.057495	0.171058	0.456158	i0.374998
7.058105	0.171122	0.456147	i0.375148
7.058716	0.171186	0.456135	i0.375298
7.059326	0.171250	0.456124	i0.375448
7.059937	0.171315	0.456112	i0.375598
7.060547	0.171379	0.456101	i0.375748
7.061157	0.171443	0.456089	i0.375898
7.061768	0.171507	0.456077	i0.376048
7.062378	0.171571	0.456066	i0.376198
7.062988	0.171635	0.456054	i0.376348
7.063599	0.171699	0.456043	i0.376499
7.064209	0.171764	0.456031	i0.376649
7.064819	0.171828	0.456020	i0.376799
7.065430	0.171892	0.456008	i0.376950
7.066040	0.171956	0.455996	i0.377100
7.066650	0.172020	0.455985	i0.377251
7.067261	0.172085	0.455973	i0.377401
7.067871	0.172149	0.455961	i0.377552
7.068481	0.172213	0.455950	i0.377702
7.069092	0.172278	0.455938	i0.377853
7.069702	0.172342	0.455926	i0.378004
7.070313	0.172406	0.455915	i0.378154
7.070923	0.172471	0.455903	i0.378305
7.071533	0.172535	0.455891	i0.378456
7.072144	0.172599	0.455880	i0.378607
7.072754	0.172664	0.455868	i0.378758
7.073364	0.172728	0.455856	i0.378909
7.073975	0.172792	0.455845	i0.379060
7.074585	0.172857	0.455833	i0.379211
7.075195	0.172921	0.455821	i0.379362
7.075806	0.172986	0.455809	i0.379513
7.076416	0.173050	0.455798	i0.379664
7.077026	0.173115	0.455786	i0.379816
7.077637	0.173179	0.455774	i0.379967
7.078247	0.173244	0.455762	i0.380118
7.078857	0.173308	0.455750	i0.380270
7.079468	0.173373	0.455739	i0.380421
7.080078	0.173437	0.455727	i0.380573
7.080688	0.173502	0.455715	i0.380724
7.081299	0.173566	0.455703	i0.380876
7.081909	0.173631	0.455691	i0.381027
7.082520	0.173695	0.455680	i0.381179
7.083130	0.173760	0.455668	i0.381331
7.083740	0.173825	0.455656	i0.381482
7.084351	0.173889	0.455644	i0.381634
7.084961	0.173954	0.455632	i0.381786
7.085571	0.174019	0.455620	i0.381938
7.086182	0.174083	0.455608	i0.382090
7.086792	0.174148	0.455597	i0.382242
7.087402	0.174213	0.455585	i0.382394
7.088013	0.174277	0.455573	i0.382546
7.088623	0.174342	0.455561	i0.382698
7.089233	0.174407	0.455549	i0.382850
7.089844	0.174472	0.455537	i0.383002
7.090454	0.174536	0.455525	i0.383154
7.091064	0.174601	0.455513	i0.383307
7.091675	0.174666	0.455501	i0.383459
7.092285	0.174731	0.455489	i0.383611
7.092896	0.174796	0.455477	i0.383764
7.093506	0.174860	0.455465	i0.383916
7.094116	0.174925	0.455453	i0.384069
7.094727	0.174990	0.455441	i0.384221
7.095337	0.175055	0.455429	i0.384374
7.095947	0.175120	0.455417	i0.384527
7.096558	0.175185	0.455405	i0.384679
7.097168	0.175250	0.455393	i0.384832
7.097778	0.175315	0.455381	i0.384985
7.098389	0.175380	0.455369	i0.385138
7.098999	0.175445	0.455357	i0.385291
7.099609	0.175510	0.455345	i0.385443
7.100220	0.175575	0.455333	i0.385596
7.100830	0.175640	0.455321	i0.385749
7.101440	0.175705	0.455309	i0.385903
7.102051	0.175770	0.455296	i0.386056
7.102661	0.175835	0.455284	i0.386209
7.103271	0.175900	0.455272	i0.386362
7.103882	0.175965	0.455260	i0.386515
7.104492	0.176030	0.455248	i0.386669
7.105103	0.176095	0.455236	i0.386822
7.105713	0.176160	0.455224	i0.386975
7.106323	0.176225	0.455212	i0.387129
7.106934	0.176291	0.455199	i0.387282
7.107544	0.176356	0.455187	i0.387436
7.108154	0.176421	0.455175	i0.387589
7.108765	0.176486	0.455163	i0.387743
7.109375	0.176551	0.455151	i0.387896
7.109985	0.176617	0.455138	i0.388050
7.110596	0.176682	0.455126	i0.388204
7.111206	0.176747	0.455114	i0.388358
7.111816	0.176812	0.455102	i0.388512
7.112427	0.176878	0.455089	i0.388665
7.113037	0.176943	0.455077	i0.388819
7.113647	0.177008	0.455065	i0.388973
7.114258	0.177073	0.455053	i0.389127
7.114868	0.177139	0.455040	i0.389282
7.115479	0.177204	0.455028	i0.389436
7.116089	0.177270	0.455016	i0.389590
7.116699	0.177335	0.455003	i0.389744
7.117310	0.177400	0.454991	i0.389898
7.117920	0.177466	0.454979	i0.390053
7.118530	0.177531	0.454966	i0.390207
7.119141	0.177597	0.454954	i0.390361
7.119751	0.177662	0.454942	i0.390516
7.120361	0.177727	0.454929	i0.390670
7.120972	0.177793	0.454917	i0.390825
7.121582	0.177858	0.454905	i0.390979
7.122192	0.177924	0.454892	i0.391134
7.122803	0.177989	0.454880	i0.391289
7.123413	0.178055	0.454868	i0.391444
7.124023	0.178120	0.454855	i0.391598
7.124634	0.178186	0.454843	i0.391753
7.125244	0.178252	0.454830	i0.391908
7.125854	0.178317	0.454818	i0.392063
7.126465	0.178383	0.454805	i0.392218
7.127075	0.178448	0.454793	i0.392373
7.127686	0.178514	0.454780	i0.392528
7.128296	0.178580	0.454768	i0.392683
7.128906	0.178645	0.454755	i0.392838
7.129517	0.178711	0.454743	i0.392993
7.130127	0.178777	0.454731	i0.393149
7.130737	0.178842	0.454718	i0.393304
7.131348	0.178908	0.454705	i0.393459
7.131958	0.178974	0.454693	i0.393615
7.132568	0.179040	0.454680	i0.393770
7.133179	0.179105	0.454668	i0.393926
7.133789	0.179171	0.454655	i0.394081
7.134399	0.179237	0.454643	i0.394237
7.135010	0.179303	0.454630	i0.394392
7.135620	0.179369	0.454618	i0.394548
7.136230	0.179434	0.454605	i0.394704
7.136841	0.179500	0.454592	i0.394860
7.137451	0.179566	0.454580	i0.395015
7.138062	0.179632	0.454567	i0.395171
7.138672	0.179698	0.454555	i0.395327
7.139282	0.179764	0.454542	i0.395483
7.139893	0.179830	0.454529	i0.395639
7.140503	0.179896	0.454517	i0.395795
7.141113	0.179962	0.454504	i0.395951
7.141724	0.180027	0.454491	i0.396108
7.142334	0.180093	0.454479	i0.396264
7.142944	0.180159	0.454466	i0.396420
7.143555	0.180225	0.454453	i0.396576
7.144165	0.180291	0.454441	i0.396733
7.144775	0.180358	0.454428	i0.396889
7.145386	0.180424	0.454415	i0.397046
7.145996	0.180490	0.454402	i0.397202
7.146606	0.180556	0.454390	i0.397359
7.147217	0.180622	0.454377	i0.397515
7.147827	0.180688	0.454364	i0.397672
7.148438	0.180754	0.454351	i0.397829
7.149048	0.180820	0.454339	i0.397985
7.149658	0.180886	0.454326	i0.398142
7.150269	0.180952	0.454313	i0.398299
7.150879	0.181019	0.454300	i0.398456
7.151489	0.181085	0.454287	i0.398613
7.152100	0.181151	0.454275	i0.398770
7.152710	0.181217	0.454262	i0.398927
7.153320	0.181283	0.454249	i0.399084
7.153931	0.181350	0.454236	i0.399241
7.154541	0.181416	0.454223	i0.399398
7.155151	0.181482	0.454210	i0.399555
7.155762	0.181549	0.454198	i0.399713
7.156372	0.181615	0.454185	i0.399870
7.156982	0.181681	0.454172	i0.400027
7.157593	0.181748	0.454159	i0.400185
7.158203	0.181814	0.454146	i0.400342
7.158813	0.181880	0.454133	i0.400500
7.159424	0.181947	0.454120	i0.400657
7.160034	0.182013	0.454107	i0.400815
7.160645	0.182079	0.454094	i0.400973
7.161255	0.182146	0.454081	i0.401130
7.161865	0.182212	0.454068	i0.401288
7.162476	0.182279	0.454055	i0.401446
7.163086	0.182345	0.454042	i0.401604
7.163696	0.182412	0.454029	i0.401762
7.164307	0.182478	0.454016	i0.401920
7.164917	0.182545	0.454003	i0.402078
7.165527	0.182611	0.453990	i0.402236
7.166138	0.182678	0.453977	i0.402394
7.166748	0.182744	0.453964	i0.402552
7.167358	0.182811	0.453951	i0.402710
7.167969	0.182877	0.453938	i0.402869
7.168579	0.182944	0.453925	i0.403027
7.169189	0.183011	0.453912	i0.403185
7.169800	0.183077	0.453899	i0.403344
7.170410	0.183144	0.453886	i0.403502
7.171021	0.183211	0.453873	i0.403661
7.171631	0.183277	0.453860	i0.403819
7.172241	0.183344	0.453847	i0.403978
7.172852	0.183411	0.453833	i0.404137
7.173462	0.183477	0.453820	i0.404295
7.174072	0.183544	0.453807	i0.404454
7.174683	0.183611	0.453794	i0.404613
7.175293	0.183678	0.453781	i0.404772
7.175903	0.183744	0.453768	i0.404931
7.176514	0.183811	0.453754	i0.405090
7.177124	0.183878	0.453741	i0.405249
7.177734	0.183945	0.453728	i0.405408
7.178345	0.184012	0.453715	i0.405567
7.178955	0.184078	0.453702	i0.405726
7.179565	0.184145	0.453688	i0.405885
7.180176	0.184212	0.453675	i0.406044
7.180786	0.184279	0.453662	i0.406204
7.181396	0.184346	0.453649	i0.406363
7.182007	0.184413	0.453635	i0.406523
7.182617	0.184480	0.453622	i0.406682
7.183228	0.184547	0.453609	i0.406841
7.183838	0.184614	0.453595	i0.407001
7.184448	0.184681	0.453582	i0.407161
7.185059	0.184748	0.453569	i0.407320
7.185669	0.184815	0.453555	i0.407480
7.186279	0.184882	0.453542	i0.407640
7.186890	0.184949	0.453529	i0.407800
7.187500	0.185016	0.453515	i0.407960
7.188110	0.185083	0.453502	i0.408119
7.188721	0.185150	0.453489	i0.408279
7.189331	0.185217	0.453475	i0.408439
7.189941	0.185284	0.453462	i0.408600
7.190552	0.185351	0.453449	i0.408760
7.191162	0.185419	0.453435	i0.408920
7.191772	0.185486	0.453422	i0.409080
7.192383	0.185553	0.453408	i0.409240
7.192993	0.185620	0.453395	i0.409401
7.193604	0.185687	0.453381	i0.409561
7.194214	0.185755	0.453368	i0.409721
7.194824	0.185822	0.453354	i0.409882
7.195435	0.185889	0.453341	i0.410042
7.196045	0.185956	0.453327	i0.410203
7.196655	0.186024	0.453314	i0.410364
7.197266	0.186091	0.453300	i0.410524
7.197876	0.186158	0.453287	i0.410685
7.198486	0.186226	0.453273	i0.410846
7.199097	0.186293	0.453260	i0.411007
7.199707	0.186360	0.453246	i0.411168
7.200317	0.186428	0.453233	i0.411329
7.200928	0.186495	0.453219	i0.411490
7.201538	0.186562	0.453206	i0.411651
7.202148	0.186630	0.453192	i0.411812
7.202759	0.186697	0.453178	i0.411973
7.203369	0.186765	0.453165	i0.412134
7.203979	0.186832	0.453151	i0.412295
7.204590	0.186900	0.453138	i0.412457
7.205200	0.186967	0.453124	i0.412618
7.205811	0.187035	0.453110	i0.412779
7.206421	0.187102	0.453097	i0.412941
7.207031	0.187170	0.453083	i0.413102
7.207642	0.187237	0.453069	i0.413264
7.208252	0.187305	0.453056	i0.413426
7.208862	0.187372	0.453042	i0.413587
7.209473	0.187440	0.453028	i0.413749
7.210083	0.187508	0.453014	i0.413911
7.210693	0.187575	0.453001	i0.414073
7.211304	0.187643	0.452987	i0.414234
7.211914	0.187710	0.452973	i0.414396
7.212524	0.187778	0.452960	i0.414558
7.213135	0.187846	0.452946	i0.414720
7.213745	0.187914	0.452932	i0.414882
7.214355	0.187981	0.452918	i0.415045
7.214966	0.188049	0.452904	i0.415207
7.215576	0.188117	0.452891	i0.415369
7.216187	0.188185	0.452877	i0.415531
7.216797	0.188252	0.452863	i0.415694
7.217407	0.188320	0.452849	i0.415856
7.218018	0.188388	0.452835	i0.416019
7.218628	0.188456	0.452821	i0.416181
7.219238	0.188524	0.452808	i0.416344
7.219849	0.188591	0.452794	i0.416506
7.220459	0.188659	0.452780	i0.416669
7.221069	0.188727	0.452766	i0.416832
7.221680	0.188795	0.452752	i0.416994
7.222290	0.188863	0.452738	i0.417157
7.222900	0.188931	0.452724	i0.417320
7.223511	0.188999	0.452710	i0.417483
7.224121	0.189067	0.452696	i0.417646
7.224731	0.189135	0.452682	i0.417809
7.225342	0.189203	0.452668	i0.417972
7.225952	0.189271	0.452654	i0.418135
7.226563	0.189339	0.452641	i0.418298
7.227173	0.189407	0.452627	i0.418462
7.227783	0.189475	0.452613	i0.418625
7.228394	0.189543	0.452599	i0.418788
7.229004	0.189611	0.452584	i0.418952
7.229614	0.189679	0.452570	i0.419115
7.230225	0.189747	0.452556	i0.419279
7.230835	0.189815	0.452542	i0.419442
7.231445	0.189884	0.452528	i0.419606
7.232056	0.189952	0.452514	i0.419770
7.232666	0.190020	0.452500	i0.419933
7.233276	0.190088	0.452486	i0.420097
7.233887	0.190156	0.452472	i0.420261
7.234497	0.190224	0.452458	i0.420425
7.235107	0.190293	0.452444	i0.420589
7.235718	0.190361	0.452430	i0.420753
7.236328	0.190429	0.452415	i0.420917
7.236938	0.190498	0.452401	i0.421081
7.237549	0.190566	0.452387	i0.421245
7.238159	0.190634	0.452373	i0.421409
7.238770	0.190702	0.452359	i0.421574
7.239380	0.190771	0.452345	i0.421738
7.239990	0.190839	0.452330	i0.421902
7.240601	0.190908	0.452316	i0.422067
7.241211	0.190976	0.452302	i0.422231
7.241821	0.191044	0.452288	i0.422396
7.242432	0.191113	0.452273	i0.422560
7.243042	0.191181	0.452259	i0.422725
7.243652	0.191250	0.452245	i0.422890
7.244263	0.191318	0.452231	i0.423054
7.244873	0.191387	0.452216	i0.423219
7.245483	0.191455	0.452202	i0.423384
7.246094	0.191524	0.452188	i0.423549
7.246704	0.191592	0.452173	i0.423714
7.247314	0.191661	0.452159	i0.423879
7.247925	0.191729	0.452145	i0.424044
7.248535	0.191798	0.452130	i0.424209
7.249146	0.191866	0.452116	i0.424374
7.249756	0.191935	0.452102	i0.424540
7.250366	0.192004	0.452087	i0.424705
7.250977	0.192072	0.452073	i0.424870
7.251587	0.192141	0.452059	i0.425036
7.252197	0.192210	0.452044	i0.425201
7.252808	0.192278	0.452030	i0.425367
7.253418	0.192347	0.452015	i0.425532
7.254028	0.192416	0.452001	i0.425698
7.254639	0.192484	0.451986	i0.425863
7.255249	0.192553	0.451972	i0.426029
7.255859	0.192622	0.451957	i0.426195
7.256470	0.192691	0.451943	i0.426361
7.257080	0.192760	0.451929	i0.426527
7.257690	0.192828	0.451914	i0.426693
7.258301	0.192897	0.451899	i0.426859
7.258911	0.192966	0.451885	i0.427025
7.259521	0.193035	0.451870	i0.427191
7.260132	0.193104	0.451856	i0.427357
7.260742	0.193173	0.451841	i0.427523
7.261353	0.193242	0.451827	i0.427690
7.261963	0.193310	0.451812	i0.427856
7.262573	0.193379	0.451798	i0.428022
7.263184	0.193448	0.451783	i0.428189
7.263794	0.193517	0.451768	i0.428355
7.264404	0.193586	0.451754	i0.428522
7.265015	0.193655	0.451739	i0.428688
7.265625	0.193724	0.451724	i0.428855
7.266235	0.193793	0.451710	i0.429022
7.266846	0.193862	0.451695	i0.429189
7.267456	0.193931	0.451681	i0.429355
7.268066	0.194001	0.451666	i0.429522
7.268677	0.194070	0.451651	i0.429689
7.269287	0.194139	0.451636	i0.429856
7.269897	0.194208	0.451622	i0.430023
7.270508	0.194277	0.451607	i0.430190
7.271118	0.194346	0.451592	i0.430358
7.271729	0.194415	0.451578	i0.430525
7.272339	0.194485	0.451563	i0.430692
7.272949	0.194554	0.451548	i0.430860
7.273560	0.194623	0.451533	i0.431027
7.274170	0.194692	0.451518	i0.431194
7.274780	0.194761	0.451504	i0.431362
7.275391	0.194831	0.451489	i0.431529
7.276001	0.194900	0.451474	i0.431697
7.276611	0.194969	0.451459	i0.431865
7.277222	0.195039	0.451444	i0.432032
7.277832	0.195108	0.451429	i0.432200
7.278442	0.195177	0.451415	i0.432368
7.279053	0.195247	0.451400	i0.432536
7.279663	0.195316	0.451385	i0.432704
7.280273	0.195385	0.451370	i0.432872
7.280884	0.195455	0.451355	i0.433040
7.281494	0.195524	0.451340	i0.433208
7.282104	0.195594	0.451325	i0.433376
7.282715	0.195663	0.451310	i0.433545
7.283325	0.195733	0.451295	i0.433713
7.283936	0.195802	0.451280	i0.433881
7.284546	0.195872	0.451265	i0.434050
7.285156	0.195941	0.451250	i0.434218
7.285767	0.196011	0.451235	i0.434387
7.286377	0.196080	0.451220	i0.434555
7.286987	0.196150	0.451205	i0.434724
7.287598	0.196219	0.451190	i0.434893
7.288208	0.196289	0.451175	i0.435061
7.288818	0.196359	0.451160	i0.435230
7.289429	0.196428	0.451145	i0.435399
7.290039	0.196498	0.451130	i0.435568
7.290649	0.196568	0.451115	i0.435737
7.291260	0.196637	0.451100	i0.435906
7.291870	0.196707	0.451085	i0.436075
7.292480	0.196777	0.451070	i0.436244
7.293091	0.196846	0.451055	i0.436414
7.293701	0.196916	0.451039	i0.436583
7.294312	0.196986	0.451024	i0.436752
7.294922	0.197056	0.451009	i0.436922
7.295532	0.197125	0.450994	i0.437091
7.296143	0.197195	0.450979	i0.437261
7.296753	0.197265	0.450964	i0.437430
7.297363	0.197335	0.450948	i0.437600
7.297974	0.197405	0.450933	i0.437769
7.298584	0.197475	0.450918	i0.437939
7.299194	0.197545	0.450903	i0.438109
7.299805	0.197614	0.450887	i0.438279
7.300415	0.197684	0.450872	i0.438449
7.301025	0.197754	0.450857	i0.438619
7.301636	0.197824	0.450842	i0.438789
7.302246	0.197894	0.450826	i0.438959
7.302856	0.197964	0.450811	i0.439129
7.303467	0.198034	0.450796	i0.439299
7.304077	0.198104	0.450780	i0.439469
7.304688	0.198174	0.450765	i0.439640
7.305298	0.198244	0.450750	i0.439810
7.305908	0.198314	0.450734	i0.439981
7.306519	0.198384	0.450719	i0.440151
7.307129	0.198455	0.450704	i0.440322
7.307739	0.198525	0.450688	i0.440492
7.308350	0.198595	0.450673	i0.440663
7.308960	0.198665	0.450657	i0.440834
7.309570	0.198735	0.450642	i0.441004
7.310181	0.198805	0.450626	i0.441175
7.310791	0.198875	0.450611	i0.441346
7.311401	0.198946	0.450596	i0.441517
7.312012	0.199016	0.450580	i0.441688
7.312622	0.199086	0.450565	i0.441859
7.313232	0.199156	0.450549	i0.442030
7.313843	0.199227	0.450534	i0.442202
7.314453	0.199297	0.450518	i0.442373
7.315063	0.199367	0.450503	i0.442544
7.315674	0.199438	0.450487	i0.442715
7.316284	0.199508	0.450471	i0.442887
7.316895	0.199578	0.450456	i0.443058
7.317505	0.199649	0.450440	i0.443230
7.318115	0.199719	0.450425	i0.443402
7.318726	0.199789	0.450409	i0.443573
7.319336	0.199860	0.450394	i0.443745
7.319946	0.199930	0.450378	i0.443917
7.320557	0.200001	0.450362	i0.444089
7.321167	0.200071	0.450347	i0.444261
7.321777	0.200142	0.450331	i0.444432
7.322388	0.200212	0.450315	i0.444605
7.322998	0.200283	0.450300	i0.444777
7.323608	0.200353	0.450284	i0.444949
7.324219	0.200424	0.450268	i0.445121
7.324829	0.200494	0.450253	i0.445293
7.325439	0.200565	0.450237	i0.445466
7.326050	0.200636	0.450221	i0.445638
7.326660	0.200706	0.450205	i0.445810
7.327271	0.200777	0.450190	i0.445983
7.327881	0.200847	0.450174	i0.446155
7.328491	0.200918	0.450158	i0.446328
7.329102	0.200989	0.450142	i0.446501
7.329712	0.201060	0.450126	i0.446674
7.330322	0.201130	0.450111	i0.446846
7.330933	0.201201	0.450095	i0.447019
7.331543	0.201272	0.450079	i0.447192
7.332153	0.201342	0.450063	i0.447365
7.332764	0.201413	0.450047	i0.447538
7.333374	0.201484	0.450031	i0.447711
7.333984	0.201555	0.450015	i0.447884
7.334595	0.201626	0.450000	i0.448058
7.335205	0.201697	0.449984	i0.448231
7.335815	0.201767	0.449968	i0.448404
7.336426	0.201838	0.449952	i0.448578
7.337036	0.201909	0.449936	i0.448751
7.337646	0.201980	0.449920	i0.448925
7.338257	0.202051	0.449904	i0.449098
7.338867	0.202122	0.449888	i0.449272
7.339478	0.202193	0.449872	i0.449446
7.340088	0.202264	0.449856	i0.449619
7.340698	0.202335	0.449840	i0.449793
7.341309	0.202406	0.449824	i0.449967
7.341919	0.202477	0.449808	i0.450141
7.342529	0.202548	0.449792	i0.450315
7.343140	0.202619	0.449776	i0.450489
7.343750	0.202690	0.449760	i0.450663
7.344360	0.202761	0.449744	i0.450838
7.344971	0.202832	0.449727	i0.451012
7.345581	0.202903	0.449711	i0.451186
7.346191	0.202975	0.449695	i0.451360
7.346802	0.203046	0.449679	i0.451535
7.347412	0.203117	0.449663	i0.451709
7.348022	0.203188	0.449647	i0.451884
7.348633	0.203259	0.449631	i0.452059
7.349243	0.203331	0.449614	i0.452233
7.349854	0.203402	0.449598	i0.452408
7.350464	0.203473	0.449582	i0.452583
7.351074	0.203544	0.449566	i0.452758
7.351685	0.203616	0.449550	i0.452933
7.352295	0.203687	0.449533	i0.453108
7.352905	0.203758	0.449517	i0.453283
7.353516	0.203830	0.449501	i0.453458
7.354126	0.203901	0.449484	i0.453633
7.354736	0.203972	0.449468	i0.453808
7.355347	0.204044	0.449452	i0.453984
7.355957	0.204115	0.449436	i0.454159
7.356567	0.204187	0.449419	i0.454334
7.357178	0.204258	0.449403	i0.454510
7.357788	0.204330	0.449387	i0.454685
7.358398	0.204401	0.449370	i0.454861
7.359009	0.204472	0.449354	i0.455037
7.359619	0.204544	0.449337	i0.455212
7.360229	0.204616	0.449321	i0.455388
7.360840	0.204687	0.449305	i0.455564
7.361450	0.204759	0.449288	i0.455740
7.362061	0.204830	0.449272	i0.455916
7.362671	0.204902	0.449255	i0.456092
7.363281	0.204973	0.449239	i0.456268
7.363892	0.205045	0.449222	i0.456444
7.364502	0.205117	0.449206	i0.456621
7.365112	0.205188	0.449189	i0.456797
7.365723	0.205260	0.449173	i0.456973
7.366333	0.205332	0.449156	i0.457150
7.366943	0.205403	0.449140	i0.457326
7.367554	0.205475	0.449123	i0.457503
7.368164	0.205547	0.449107	i0.457679
7.368774	0.205619	0.449090	i0.457856
7.369385	0.205690	0.449074	i0.458033
7.369995	0.205762	0.449057	i0.458210
7.370605	0.205834	0.449040	i0.458387
7.371216	0.205906	0.449024	i0.458563
7.371826	0.205978	0.449007	i0.458740
7.372437	0.206050	0.448990	i0.458918
7.373047	0.206121	0.448974	i0.459095
7.373657	0.206193	0.448957	i0.459272
7.374268	0.206265	0.448940	i0.459449
7.374878	0.206337	0.448924	i0.459626
7.375488	0.206409	0.448907	i0.459804
7.376099	0.206481	0.448890	i0.459981
7.376709	0.206553	0.448874	i0.460159
7.377319	0.206625	0.448857	i0.460336
7.377930	0.206697	0.448840	i0.460514
7.378540	0.206769	0.448823	i0.460692
7.379150	0.206841	0.448806	i0.460869
7.379761	0.206913	0.448790	i0.461047
7.380371	0.206985	0.448773	i0.461225
7.380981	0.207057	0.448756	i0.461403
7.381592	0.207130	0.448739	i0.461581
7.382202	0.207202	0.448722	i0.461759
7.382813	0.207274	0.448705	i0.461937
7.383423	0.207346	0.448689	i0.462116
7.384033	0.207418	0.448672	i0.462294
7.384644	0.207490	0.448655	i0.462472
7.385254	0.207563	0.448638	i0.462651
7.385864	0.207635	0.448621	i0.462829
7.386475	0.207707	0.448604	i0.463008
7.387085	0.207779	0.448587	i0.463186
7.387695	0.207852	0.448570	i0.463365
7.388306	0.207924	0.448553	i0.463543
7.388916	0.207996	0.448536	i0.463722
7.389526	0.208069	0.448519	i0.463901
7.390137	0.208141	0.448502	i0.464080
7.390747	0.208213	0.448485	i0.464259
7.391357	0.208286	0.448468	i0.464438
7.391968	0.208358	0.448451	i0.464617
7.392578	0.208430	0.448434	i0.464796
7.393188	0.208503	0.448417	i0.464976
7.393799	0.208575	0.448400	i0.465155
7.394409	0.208648	0.448383	i0.465334
7.395020	0.208720	0.448366	i0.465514
7.395630	0.208793	0.448349	i0.465693
7.396240	0.208865	0.448331	i0.465873
7.396851	0.208938	0.448314	i0.466052
7.397461	0.209010	0.448297	i0.466232
7.398071	0.209083	0.448280	i0.466412
7.398682	0.209156	0.448263	i0.466592
7.399292	0.209228	0.448245	i0.466772
7.399902	0.209301	0.448228	i0.466952
7.400513	0.209374	0.448211	i0.467132
7.401123	0.209446	0.448194	i0.467312
7.401733	0.209519	0.448177	i0.467492
7.402344	0.209592	0.448159	i0.467672
7.402954	0.209664	0.448142	i0.467852
7.403564	0.209737	0.448125	i0.468033
7.404175	0.209810	0.448107	i0.468213
7.404785	0.209882	0.448090	i0.468394
7.405396	0.209955	0.448073	i0.468574
7.406006	0.210028	0.448055	i0.468755
7.406616	0.210101	0.448038	i0.468935
7.407227	0.210174	0.448021	i0.469116
7.407837	0.210247	0.448003	i0.469297
7.408447	0.210319	0.447986	i0.469478
7.409058	0.210392	0.447968	i0.469659
7.409668	0.210465	0.447951	i0.469840
7.410278	0.210538	0.447934	i0.470021
7.410889	0.210611	0.447916	i0.470202
7.411499	0.210684	0.447899	i0.470383
7.412109	0.210757	0.447881	i0.470564
7.412720	0.210830	0.447864	i0.470746
7.413330	0.210903	0.447846	i0.470927
7.413940	0.210976	0.447829	i0.471109
7.414551	0.211049	0.447811	i0.471290
7.415161	0.211122	0.447794	i0.471472
7.415771	0.211195	0.447776	i0.471653
7.416382	0.211268	0.447758	i0.471835
7.416992	0.211341	0.447741	i0.472017
7.417603	0.211414	0.447723	i0.472199
7.418213	0.211488	0.447706	i0.472381
7.418823	0.211561	0.447688	i0.472563
7.419434	0.211634	0.447670	i0.472745
7.420044	0.211707	0.447653	i0.472927
7.420654	0.211780	0.447635	i0.473109
7.421265	0.211854	0.447617	i0.473292
7.421875	0.211927	0.447600	i0.473474
7.422485	0.212000	0.447582	i0.473656
7.423096	0.212073	0.447564	i0.473839
7.423706	0.212147	0.447547	i0.474021
7.424316	0.212220	0.447529	i0.474204
7.424927	0.212293	0.447511	i0.474387
7.425537	0.212367	0.447493	i0.474569
7.426147	0.212440	0.447476	i0.474752
7.426758	0.212513	0.447458	i0.474935
7.427368	0.212587	0.447440	i0.475118
7.427979	0.212660	0.447422	i0.475301
7.428589	0.212734	0.447404	i0.475484
7.429199	0.212807	0.447386	i0.475667
7.429810	0.212881	0.447369	i0.475851
7.430420	0.212954	0.447351	i0.476034
7.431030	0.213028	0.447333	i0.476217
7.431641	0.213101	0.447315	i0.476401
7.432251	0.213175	0.447297	i0.476584
7.432861	0.213248	0.447279	i0.476768
7.433472	0.213322	0.447261	i0.476951
7.434082	0.213395	0.447243	i0.477135
7.434692	0.213469	0.447225	i0.477319
7.435303	0.213543	0.447207	i0.477503
7.435913	0.213616	0.447189	i0.477687
7.436523	0.213690	0.447171	i0.477870
7.437134	0.213764	0.447153	i0.478055
7.437744	0.213837	0.447135	i0.478239
7.438354	0.213911	0.447117	i0.478423
7.438965	0.213985	0.447099	i0.478607
7.439575	0.214058	0.447081	i0.478791
7.440186	0.214132	0.447063	i0.478976
7.440796	0.214206	0.447045	i0.479160
7.441406	0.214280	0.447027	i0.479345
7.442017	0.214354	0.447008	i0.479529
7.442627	0.214427	0.446990	i0.479714
7.443237	0.214501	0.446972	i0.479899
7.443848	0.214575	0.446954	i0.480084
7.444458	0.214649	0.446936	i0.480268
7.445068	0.214723	0.446918	i0.480453
7.445679	0.214797	0.446899	i0.480638
7.446289	0.214871	0.446881	i0.480823
7.446899	0.214945	0.446863	i0.481009
7.447510	0.215019	0.446845	i0.481194
7.448120	0.215093	0.446826	i0.481379
7.448730	0.215167	0.446808	i0.481564
7.449341	0.215241	0.446790	i0.481750
7.449951	0.215315	0.446771	i0.481935
7.450562	0.215389	0.446753	i0.482121
7.451172	0.215463	0.446735	i0.482306
7.451782	0.215537	0.446716	i0.482492
7.452393	0.215611	0.446698	i0.482678
7.453003	0.215685	0.446680	i0.482864
7.453613	0.215760	0.446661	i0.483050
7.454224	0.215834	0.446643	i0.483236
7.454834	0.215908	0.446624	i0.483422
7.455444	0.215982	0.446606	i0.483608
7.456055	0.216056	0.446587	i0.483794
7.456665	0.216131	0.446569	i0.483980
7.457275	0.216205	0.446550	i0.484167
7.457886	0.216279	0.446532	i0.484353
7.458496	0.216353	0.446513	i0.484540
7.459106	0.216428	0.446495	i0.484726
7.459717	0.216502	0.446476	i0.484913
7.460327	0.216576	0.446458	i0.485099
7.460938	0.216651	0.446439	i0.485286
7.461548	0.216725	0.446421	i0.485473
7.462158	0.216800	0.446402	i0.485660
7.462769	0.216874	0.446383	i0.485847
7.463379	0.216948	0.446365	i0.486034
7.463989	0.217023	0.446346	i0.486221
7.464600	0.217097	0.446327	i0.486408
7.465210	0.217172	0.446309	i0.486595
7.465820	0.217246	0.446290	i0.486783
7.466431	0.217321	0.446271	i0.486970
7.467041	0.217395	0.446253	i0.487158
7.467651	0.217470	0.446234	i0.487345
7.468262	0.217545	0.446215	i0.487533
7.468872	0.217619	0.446196	i0.487720
7.469482	0.217694	0.446178	i0.487908
7.470093	0.217768	0.446159	i0.488096
7.470703	0.217843	0.446140	i0.488284
7.471313	0.217918	0.446121	i0.488472
7.471924	0.217992	0.446102	i0.488660
7.472534	0.218067	0.446084	i0.488848
7.473145	0.218142	0.446065	i0.489036
7.473755	0.218217	0.446046	i0.489224
7.474365	0.218291	0.446027	i0.489413
7.474976	0.218366	0.446008	i0.489601
7.475586	0.218441	0.445989	i0.489790
7.476196	0.218516	0.445970	i0.489978
7.476807	0.218590	0.445951	i0.490167
7.477417	0.218665	0.445932	i0.490355
7.478027	0.218740	0.445913	i0.490544
7.478638	0.218815	0.445894	i0.490733
7.479248	0.218890	0.445875	i0.490922
7.479858	0.218965	0.445856	i0.491111
7.480469	0.219040	0.445837	i0.491300
7.481079	0.219115	0.445818	i0.491489
7.481689	0.219190	0.445799	i0.491678
7.482300	0.219265	0.445780	i0.491867
7.482910	0.219340	0.445761	i0.492057
7.483521	0.219415	0.445742	i0.492246
7.484131	0.219490	0.445723	i0.492436
7.484741	0.219565	0.445704	i0.492625
7.485352	0.219640	0.445685	i0.492815
7.485962	0.219715	0.445665	i0.493004
7.486572	0.219790	0.445646	i0.493194
7.487183	0.219865	0.445627	i0.493384
7.487793	0.219940	0.445608	i0.493574
7.488403	0.220016	0.445589	i0.493764
7.489014	0.220091	0.445569	i0.493954
7.489624	0.220166	0.445550	i0.494144
7.490234	0.220241	0.445531	i0.494334
7.490845	0.220316	0.445512	i0.494525
7.491455	0.220392	0.445492	i0.494715
7.492065	0.220467	0.445473	i0.494905
7.492676	0.220542	0.445454	i0.495096
7.493286	0.220618	0.445434	i0.495286
7.493896	0.220693	0.445415	i0.495477
7.494507	0.220768	0.445395	i0.495668
7.495117	0.220844	0.445376	i0.495859
7.495728	0.220919	0.445357	i0.496050
7.496338	0.220994	0.445337	i0.496240
7.496948	0.221070	0.445318	i0.496431
7.497559	0.221145	0.445298	i0.496623
7.498169	0.221221	0.445279	i0.496814
7.498779	0.221296	0.445259	i0.497005
7.499390	0.221372	0.445240	i0.497196
7.500000	0.221447	0.445220	i0.497388
7.500610	0.221523	0.445201	i0.497579
7.501221	0.221598	0.445181	i0.497771
7.501831	0.221674	0.445162	i0.497962
7.502441	0.221749	0.445142	i0.498154
7.503052	0.221825	0.445123	i0.498346
7.503662	0.221901	0.445103	i0.498538
7.504272	0.221976	0.445083	i0.498729
7.504883	0.222052	0.445064	i0.498921
7.505493	0.222128	0.445044	i0.499113
7.506104	0.222203	0.445025	i0.499306
7.506714	0.222279	0.445005	i0.499498
7.507324	0.222355	0.444985	i0.499690
7.507935	0.222430	0.444965	i0.499882
7.508545	0.222506	0.444946	i0.500075
7.509155	0.222582	0.444926	i0.500267
7.509766	0.222658	0.444906	i0.500460
7.510376	0.222734	0.444886	i0.500653
7.510986	0.222809	0.444867	i0.500845
7.511597	0.222885	0.444847	i0.501038
7.512207	0.222961	0.444827	i0.501231
7.512817	0.223037	0.444807	i0.501424
7.513428	0.223113	0.444787	i0.501617
7.514038	0.223189	0.444768	i0.501810
7.514648	0.223265	0.444748	i0.502003
7.515259	0.223341	0.444728	i0.502197
7.515869	0.223417	0.444708	i0.502390
7.516479	0.223493	0.444688	i0.502583
7.517090	0.223569	0.444668	i0.502777
7.517700	0.223645	0.444648	i0.502970
7.518311	0.223721	0.444628	i0.503164
7.518921	0.223797	0.444608	i0.503358
7.519531	0.223873	0.444588	i0.503551
7.520142	0.223949	0.444568	i0.503745
7.520752	0.224025	0.444548	i0.503939
7.521362	0.224101	0.444528	i0.504133
7.521973	0.224178	0.444508	i0.504327
7.522583	0.224254	0.444488	i0.504522
7.523193	0.224330	0.444468	i0.504716
7.523804	0.224406	0.444448	i0.504910
7.524414	0.224482	0.444428	i0.505105
7.525024	0.224559	0.444407	i0.505299
7.525635	0.224635	0.444387	i0.505494
7.526245	0.224711	0.444367	i0.505688
7.526855	0.224787	0.444347	i0.505883
7.527466	0.224864	0.444327	i0.506078
7.528076	0.224940	0.444306	i0.506273
7.528687	0.225017	0.444286	i0.506467
7.529297	0.225093	0.444266	i0.506662
7.529907	0.225169	0.444246	i0.506858
7.530518	0.225246	0.444225	i0.507053
7.531128	0.225322	0.444205	i0.507248
7.531738	0.225399	0.444185	i0.507443
7.532349	0.225475	0.444164	i0.507639
7.532959	0.225552	0.444144	i0.507834
7.533569	0.225628	0.444124	i0.508030
7.534180	0.225705	0.444103	i0.508225
7.534790	0.225781	0.444083	i0.508421
7.535400	0.225858	0.444063	i0.508617
7.536011	0.225934	0.444042	i0.508813
7.536621	0.226011	0.444022	i0.509009
7.537231	0.226087	0.444001	i0.509205
7.537842	0.226164	0.443981	i0.509401
7.538452	0.226241	0.443960	i0.509597
7.539063	0.226317	0.443940	i0.509793
7.539673	0.226394	0.443919	i0.509990
7.540283	0.226471	0.443899	i0.510186
7.540894	0.226548	0.443878	i0.510382
7.541504	0.226624	0.443858	i0.510579
7.542114	0.226701	0.443837	i0.510776
7.542725	0.226778	0.443816	i0.510972
7.543335	0.226855	0.443796	i0.511169
7.543945	0.226932	0.443775	i0.511366
7.544556	0.227008	0.443754	i0.511563
7.545166	0.227085	0.443734	i0.511760
7.545776	0.227162	0.443713	i0.511957
7.546387	0.227239	0.443692	i0.512154
7.546997	0.227316	0.443672	i0.512352
7.547607	0.227393	0.443651	i0.512549
7.548218	0.227470	0.443630	i0.512746
7.548828	0.227547	0.443609	i0.512944
7.549438	0.227624	0.443589	i0.513141
7.550049	0.227701	0.443568	i0.513339
7.550659	0.227778	0.443547	i0.513537
7.551270	0.227855	0.443526	i0.513735
7.551880	0.227932	0.443505	i0.513933
7.552490	0.228009	0.443485	i0.514131
7.553101	0.228086	0.443464	i0.514329
7.553711	0.228163	0.443443	i0.514527
7.554321	0.228240	0.443422	i0.514725
7.554932	0.228317	0.443401	i0.514923
7.555542	0.228395	0.443380	i0.515122
7.556152	0.228472	0.443359	i0.515320
7.556763	0.228549	0.443338	i0.515519
7.557373	0.228626	0.443317	i0.515717
7.557983	0.228703	0.443296	i0.515916
7.558594	0.228781	0.443275	i0.516115
7.559204	0.228858	0.443254	i0.516314
7.559814	0.228935	0.443233	i0.516513
7.560425	0.229013	0.443212	i0.516712
7.561035	0.229090	0.443191	i0.516911
7.561646	0.229167	0.443170	i0.517110
7.562256	0.229245	0.443148	i0.517309
7.562866	0.229322	0.443127	i0.517508
7.563477	0.229400	0.443106	i0.517708
7.564087	0.229477	0.443085	i0.517907
7.564697	0.229554	0.443064	i0.518107
7.565308	0.229632	0.443043	i0.518307
7.565918	0.229709	0.443021	i0.518506
7.566528	0.229787	0.443000	i0.518706
7.567139	0.229864	0.442979	i0.518906
7.567749	0.229942	0.442958	i0.519106
7.568359	0.230019	0.442936	i0.519306
7.568970	0.230097	0.442915	i0.519506
7.569580	0.230175	0.442894	i0.519706
7.570190	0.230252	0.442872	i0.519907
7.570801	0.230330	0.442851	i0.520107
7.571411	0.230408	0.442829	i0.520308
7.572021	0.230485	0.442808	i0.520508
7.572632	0.230563	0.442787	i0.520709
7.573242	0.230641	0.442765	i0.520910
7.573853	0.230718	0.442744	i0.521110
7.574463	0.230796	0.442722	i0.521311
7.575073	0.230874	0.442701	i0.521512
7.575684	0.230952	0.442679	i0.521713
7.576294	0.231029	0.442658	i0.521914
7.576904	0.231107	0.442636	i0.522116
7.577515	0.231185	0.442615	i0.522317
7.578125	0.231263	0.442593	i0.522518
7.578735	0.231341	0.442572	i0.522720
7.579346	0.231419	0.442550	i0.522921
7.579956	0.231497	0.442528	i0.523123
7.580566	0.231575	0.442507	i0.523325
7.581177	0.231653	0.442485	i0.523526
7.581787	0.231731	0.442463	i0.523728
7.582397	0.231809	0.442442	i0.523930
7.583008	0.231887	0.442420	i0.524132
7.583618	0.231965	0.442398	i0.524334
7.584229	0.232043	0.442377	i0.524536
7.584839	0.232121	0.442355	i0.524739
7.585449	0.232199	0.442333	i0.524941
7.586060	0.232277	0.442311	i0.525144
7.586670	0.232355	0.442289	i0.525346
7.587280	0.232433	0.442268	i0.525549
7.587891	0.232511	0.442246	i0.525751
7.588501	0.232589	0.442224	i0.525954
7.589111	0.232668	0.442202	i0.526157
7.589722	0.232746	0.442180	i0.526360
7.590332	0.232824	0.442158	i0.526563
7.590942	0.232902	0.442136	i0.526766
7.591553	0.232981	0.442114	i0.526969
7.592163	0.233059	0.442092	i0.527172
7.592773	0.233137	0.442070	i0.527376
7.593384	0.233216	0.442048	i0.527579
7.593994	0.233294	0.442026	i0.527783
7.594604	0.233372	0.442004	i0.527986
7.595215	0.233451	0.441982	i0.528190
7.595825	0.233529	0.441960	i0.528394
7.596436	0.233607	0.441938	i0.528598
7.597046	0.233686	0.441916	i0.528802
7.597656	0.233764	0.441894	i0.529006
7.598267	0.233843	0.441872	i0.529210
7.598877	0.233921	0.441849	i0.529414
7.599487	0.234000	0.441827	i0.529618
7.600098	0.234078	0.441805	i0.529823
7.600708	0.234157	0.441783	i0.530027
7.601318	0.234235	0.441761	i0.530232
7.601929	0.234314	0.441738	i0.530436
7.602539	0.234393	0.441716	i0.530641
7.603149	0.234471	0.441694	i0.530846
7.603760	0.234550	0.441672	i0.531051
7.604370	0.234629	0.441649	i0.531256
7.604980	0.234707	0.441627	i0.531461
7.605591	0.234786	0.441605	i0.531666
7.606201	0.234865	0.441582	i0.531871
7.606812	0.234943	0.441560	i0.532076
7.607422	0.235022	0.441537	i0.532282
7.608032	0.235101	0.441515	i0.532487
7.608643	0.235180	0.441492	i0.532693
7.609253	0.235259	0.441470	i0.532898
7.609863	0.235337	0.441448	i0.533104
7.610474	0.235416	0.441425	i0.533310
7.611084	0.235495	0.441402	i0.533516
7.611694	0.235574	0.441380	i0.533722
7.612305	0.235653	0.441357	i0.533928
7.612915	0.235732	0.441335	i0.534134
7.613525	0.235811	0.441312	i0.534340
7.614136	0.235890	0.441290	i0.534546
7.614746	0.235969	0.441267	i0.534753
7.615356	0.236048	0.441244	i0.534959
7.615967	0.236127	0.441222	i0.535166
7.616577	0.236206	0.441199	i0.535373
7.617188	0.236285	0.441176	i0.535579
7.617798	0.236364	0.441154	i0.535786
7.618408	0.236443	0.441131	i0.535993
7.619019	0.236522	0.441108	i0.536200
7.619629	0.236601	0.441085	i0.536407
7.620239	0.236681	0.441062	i0.536614
7.620850	0.236760	0.441040	i0.536822
7.621460	0.236839	0.441017	i0.537029
7.622070	0.236918	0.440994	i0.537237
7.622681	0.236997	0.440971	i0.537444
7.623291	0.237077	0.440948	i0.537652
7.623901	0.237156	0.440925	i0.537859
7.624512	0.237235	0.440902	i0.538067
7.625122	0.237314	0.440879	i0.538275
7.625732	0.237394	0.440857	i0.538483
7.626343	0.237473	0.440834	i0.538691
7.626953	0.237552	0.440811	i0.538899
7.627563	0.237632	0.440788	i0.539107
7.628174	0.237711	0.440764	i0.539316
7.628784	0.237791	0.440741	i0.539524
7.629395	0.237870	0.440718	i0.539733
7.630005	0.237950	0.440695	i0.539941
7.630615	0.238029	0.440672	i0.540150
7.631226	0.238109	0.440649	i0.540359
7.631836	0.238188	0.440626	i0.540568
7.632446	0.238268	0.440603	i0.540776
7.633057	0.238347	0.440580	i0.540985
7.633667	0.238427	0.440556	i0.541195
7.634277	0.238506	0.440533	i0.541404
7.634888	0.238586	0.440510	i0.541613
7.635498	0.238666	0.440487	i0.541822
7.636108	0.238745	0.440463	i0.542032
7.636719	0.238825	0.440440	i0.542241
7.637329	0.238905	0.440417	i0.542451
7.637939	0.238984	0.440393	i0.542661
7.638550	0.239064	0.440370	i0.542871
7.639160	0.239144	0.440347	i0.543081
7.639771	0.239223	0.440323	i0.543291
7.640381	0.239303	0.440300	i0.543501
7.640991	0.239383	0.440276	i0.543711
7.641602	0.239463	0.440253	i0.543921
7.642212	0.239543	0.440229	i0.544131
7.642822	0.239623	0.440206	i0.544342
7.643433	0.239702	0.440183	i0.544552
7.644043	0.239782	0.440159	i0.544763
7.644653	0.239862	0.440135	i0.544974
7.645264	0.239942	0.440112	i0.545185
7.645874	0.240022	0.440088	i0.545395
7.646484	0.240102	0.440065	i0.545606
7.647095	0.240182	0.440041	i0.545817
7.647705	0.240262	0.440017	i0.546029
7.648315	0.240342	0.439994	i0.546240
7.648926	0.240422	0.439970	i0.546451
7.649536	0.240502	0.439946	i0.546663
7.650146	0.240582	0.439923	i0.546874
7.650757	0.240662	0.439899	i0.547086
7.651367	0.240743	0.439875	i0.547297
7.651978	0.240823	0.439851	i0.547509
7.652588	0.240903	0.439828	i0.547721
7.653198	0.240983	0.439804	i0.547933
7.653809	0.241063	0.439780	i0.548145
7.654419	0.241143	0.439756	i0.548357
7.655029	0.241224	0.439732	i0.548570
7.655640	0.241304	0.439708	i0.548782
7.656250	0.241384	0.439684	i0.548994
7.656860	0.241465	0.439660	i0.549207
7.657471	0.241545	0.439637	i0.549419
7.658081	0.241625	0.439613	i0.549632
7.658691	0.241706	0.439589	i0.549845
7.659302	0.241786	0.439565	i0.550058
7.659912	0.241866	0.439541	i0.550271
7.660522	0.241947	0.439516	i0.550484
7.661133	0.242027	0.439492	i0.550697
7.661743	0.242108	0.439468	i0.550910
7.662354	0.242188	0.439444	i0.551124
7.662964	0.242269	0.439420	i0.551337
7.663574	0.242349	0.439396	i0.551551
7.664185	0.242430	0.439372	i0.551764
7.664795	0.242510	0.439348	i0.551978
7.665405	0.242591	0.439323	i0.552192
7.666016	0.242671	0.439299	i0.552406
7.666626	0.242752	0.439275	i0.552620
7.667236	0.242832	0.439251	i0.552834
7.667847	0.242913	0.439226	i0.553048
7.668457	0.242994	0.439202	i0.553262
7.669067	0.243074	0.439178	i0.553476
7.669678	0.243155	0.439153	i0.553691
7.670288	0.243236	0.439129	i0.553905
7.670898	0.243317	0.439105	i0.554120
7.671509	0.243397	0.439080	i0.554335
7.672119	0.243478	0.439056	i0.554550
7.672729	0.243559	0.439031	i0.554764
7.673340	0.243640	0.439007	i0.554979
7.673950	0.243721	0.438982	i0.555195
7.674561	0.243801	0.438958	i0.555410
7.675171	0.243882	0.438933	i0.555625
7.675781	0.243963	0.438909	i0.555840
7.676392	0.244044	0.438884	i0.556056
7.677002	0.244125	0.438860	i0.556271
7.677612	0.244206	0.438835	i0.556487
7.678223	0.244287	0.438810	i0.556703
7.678833	0.244368	0.438786	i0.556919
7.679443	0.244449	0.438761	i0.557135
7.680054	0.244530	0.438736	i0.557351
7.680664	0.244611	0.438712	i0.557567
7.681274	0.244692	0.438687	i0.557783
7.681885	0.244773	0.438662	i0.557999
7.682495	0.244854	0.438637	i0.558216
7.683105	0.244935	0.438613	i0.558432
7.683716	0.245017	0.438588	i0.558649
7.684326	0.245098	0.438563	i0.558865
7.684937	0.245179	0.438538	i0.559082
7.685547	0.245260	0.438513	i0.559299
7.686157	0.245341	0.438488	i0.559516
7.686768	0.245422	0.438463	i0.559733
7.687378	0.245504	0.438438	i0.559950
7.687988	0.245585	0.438414	i0.560168
7.688599	0.245666	0.438389	i0.560385
7.689209	0.245748	0.438364	i0.560602
7.689819	0.245829	0.438339	i0.560820
7.690430	0.245910	0.438313	i0.561037
7.691040	0.245992	0.438288	i0.561255
7.691650	0.246073	0.438263	i0.561473
7.692261	0.246154	0.438238	i0.561691
7.692871	0.246236	0.438213	i0.561909
7.693481	0.246317	0.438188	i0.562127
7.694092	0.246399	0.438163	i0.562345
7.694702	0.246480	0.438138	i0.562564
7.695313	0.246562	0.438112	i0.562782
7.695923	0.246643	0.438087	i0.563000
7.696533	0.246725	0.438062	i0.563219
7.697144	0.246806	0.438037	i0.563438
7.697754	0.246888	0.438011	i0.563657
7.698364	0.246970	0.437986	i0.563875
7.698975	0.247051	0.437961	i0.564094
7.699585	0.247133	0.437935	i0.564313
7.700195	0.247214	0.437910	i0.564533
7.700806	0.247296	0.437885	i0.564752
7.701416	0.247378	0.437859	i0.564971
7.702026	0.247460	0.437834	i0.565191
7.702637	0.247541	0.437808	i0.565410
7.703247	0.247623	0.437783	i0.565630
7.703857	0.247705	0.437757	i0.565850
7.704468	0.247787	0.437732	i0.566070
7.705078	0.247868	0.437706	i0.566289
7.705688	0.247950	0.437681	i0.566510
7.706299	0.248032	0.437655	i0.566730
7.706909	0.248114	0.437629	i0.566950
7.707520	0.248196	0.437604	i0.567170
7.708130	0.248278	0.437578	i0.567391
7.708740	0.248360	0.437553	i0.567611
7.709351	0.248442	0.437527	i0.567832
7.709961	0.248524	0.437501	i0.568053
7.710571	0.248606	0.437475	i0.568273
7.711182	0.248688	0.437450	i0.568494
7.711792	0.248770	0.437424	i0.568715
7.712402	0.248852	0.437398	i0.568936
7.713013	0.248934	0.437372	i0.569158
7.713623	0.249016	0.437346	i0.569379
7.714233	0.249098	0.437321	i0.569600
7.714844	0.249180	0.437295	i0.569822
7.715454	0.249262	0.437269	i0.570043
7.716064	0.249344	0.437243	i0.570265
7.716675	0.249427	0.437217	i0.570487
7.717285	0.249509	0.437191	i0.570709
7.717896	0.249591	0.437165	i0.570931
7.718506	0.249673	0.437139	i0.571153
7.719116	0.249755	0.437113	i0.571375
7.719727	0.249838	0.437087	i0.571597
7.720337	0.249920	0.437061	i0.571820
7.720947	0.250002	0.437035	i0.572042
7.721558	0.250085	0.437008	i0.572265
7.722168	0.250167	0.436982	i0.572488
7.722778	0.250249	0.436956	i0.572710
7.723389	0.250332	0.436930	i0.572933
7.723999	0.250414	0.436904	i0.573156
7.724609	0.250497	0.436877	i0.573379
7.725220	0.250579	0.436851	i0.573603
7.725830	0.250661	0.436825	i0.573826
7.726440	0.250744	0.436799	i0.574049
7.727051	0.250826	0.436772	i0.574273
7.727661	0.250909	0.436746	i0.574496
7.728271	0.250992	0.436720	i0.574720
7.728882	0.251074	0.436693	i0.574944
7.729492	0.251157	0.436667	i0.575168
7.730103	0.251239	0.436640	i0.575392
7.730713	0.251322	0.436614	i0.575616
7.731323	0.251405	0.436587	i0.575840
7.731934	0.251487	0.436561	i0.576064
7.732544	0.251570	0.436534	i0.576289
7.733154	0.251653	0.436508	i0.576513
7.733765	0.251735	0.436481	i0.576738
7.734375	0.251818	0.436455	i0.576963
7.734985	0.251901	0.436428	i0.577187
7.735596	0.251984	0.436401	i0.577412
7.736206	0.252066	0.436375	i0.577637
7.736816	0.252149	0.436348	i0.577862
7.737427	0.252232	0.436321	i0.578088
7.738037	0.252315	0.436295	i0.578313
7.738647	0.252398	0.436268	i0.578538
7.739258	0.252481	0.436241	i0.578764
7.739868	0.252563	0.436214	i0.578989
7.740479	0.252646	0.436188	i0.579215
7.741089	0.252729	0.436161	i0.579441
7.741699	0.252812	0.436134	i0.579667
7.742310	0.252895	0.436107	i0.579893
7.742920	0.252978	0.436080	i0.580119
7.743530	0.253061	0.436053	i0.580345
7.744141	0.253144	0.436026	i0.580572
7.744751	0.253227	0.435999	i0.580798
7.745361	0.253311	0.435972	i0.581025
7.745972	0.253394	0.435945	i0.581251
7.746582	0.253477	0.435918	i0.581478
7.747192	0.253560	0.435891	i0.581705
7.747803	0.253643	0.435864	i0.581932
7.748413	0.253726	0.435837	i0.582159
7.749023	0.253809	0.435810	i0.582386
7.749634	0.253893	0.435783	i0.582613
7.750244	0.253976	0.435755	i0.582841
7.750854	0.254059	0.435728	i0.583068
7.751465	0.254142	0.435701	i0.583296
7.752075	0.254226	0.435674	i0.583523
7.752686	0.254309	0.435646	i0.583751
7.753296	0.254392	0.435619	i0.583979
7.753906	0.254476	0.435592	i0.584207
7.754517	0.254559	0.435564	i0.584435
7.755127	0.254642	0.435537	i0.584663
7.755737	0.254726	0.435510	i0.584891
7.756348	0.254809	0.435482	i0.585120
7.756958	0.254893	0.435455	i0.585348
7.757568	0.254976	0.435427	i0.585577
7.758179	0.255060	0.435400	i0.585806
7.758789	0.255143	0.435372	i0.586034
7.759399	0.255227	0.435345	i0.586263
7.760010	0.255310	0.435317	i0.586492
7.760620	0.255394	0.435290	i0.586722
7.761230	0.255477	0.435262	i0.586951
7.761841	0.255561	0.435235	i0.587180
7.762451	0.255645	0.435207	i0.587410
7.763062	0.255728	0.435179	i0.587639
7.763672	0.255812	0.435151	i0.587869
7.764282	0.255896	0.435124	i0.588099
7.764893	0.255979	0.435096	i0.588328
7.765503	0.256063	0.435068	i0.588558
7.766113	0.256147	0.435040	i0.588788
7.766724	0.256231	0.435013	i0.589019
7.767334	0.256314	0.434985	i0.589249
7.767944	0.256398	0.434957	i0.589479
7.768555	0.256482	0.434929	i0.589710
7.769165	0.256566	0.434901	i0.589940
7.769775	0.256650	0.434873	i0.590171
7.770386	0.256734	0.434845	i0.590402
7.770996	0.256817	0.434817	i0.590633
7.771606	0.256901	0.434789	i0.590864
7.772217	0.256985	0.434761	i0.591095
7.772827	0.257069	0.434733	i0.591326
7.773438	0.257153	0.434705	i0.591558
7.774048	0.257237	0.434677	i0.591789
7.774658	0.257321	0.434649	i0.592021
7.775269	0.257405	0.434621	i0.592252
7.775879	0.257489	0.434593	i0.592484
7.776489	0.257573	0.434564	i0.592716
7.777100	0.257657	0.434536	i0.592948
7.777710	0.257741	0.434508	i0.593180
7.778320	0.257826	0.434480	i0.593412
7.778931	0.257910	0.434451	i0.593645
7.779541	0.257994	0.434423	i0.593877
7.780151	0.258078	0.434395	i0.594110
7.780762	0.258162	0.434366	i0.594342
7.781372	0.258246	0.434338	i0.594575
7.781982	0.258331	0.434310	i0.594808
7.782593	0.258415	0.434281	i0.595041
7.783203	0.258499	0.434253	i0.595274
7.783813	0.258584	0.434224	i0.595507
7.784424	0.258668	0.434196	i0.595740
7.785034	0.258752	0.434167	i0.595974
7.785645	0.258837	0.434139	i0.596207
7.786255	0.258921	0.434110	i0.596441
7.786865	0.259005	0.434081	i0.596675
7.787476	0.259090	0.434053	i0.596908
7.788086	0.259174	0.434024	i0.597142
7.788696	0.259259	0.433995	i0.597376
7.789307	0.259343	0.433967	i0.597611
7.789917	0.259428	0.433938	i0.597845
7.790527	0.259512	0.433909	i0.598079
7.791138	0.259597	0.433880	i0.598314
7.791748	0.259681	0.433852	i0.598548
7.792358	0.259766	0.433823	i0.598783
7.792969	0.259850	0.433794	i0.599018
7.793579	0.259935	0.433765	i0.599253
7.794189	0.260019	0.433736	i0.599488
7.794800	0.260104	0.433707	i0.599723
7.795410	0.260189	0.433678	i0.599958
7.796021	0.260273	0.433649	i0.600194
7.796631	0.260358	0.433620	i0.600429
7.797241	0.260443	0.433591	i0.600665
7.797852	0.260528	0.433562	i0.600900
7.798462	0.260612	0.433533	i0.601136
7.799072	0.260697	0.433504	i0.601372
7.799683	0.260782	0.433475	i0.601608
7.800293	0.260867	0.433446	i0.601844
7.800903	0.260952	0.433416	i0.602080
7.801514	0.261036	0.433387	i0.602317
7.802124	0.261121	0.433358	i0.602553
7.802734	0.261206	0.433329	i0.602790
7.803345	0.261291	0.433299	i0.603027
7.803955	0.261376	0.433270	i0.603263
7.804565	0.261461	0.433241	i0.603500
7.805176	0.261546	0.433211	i0.603737
7.805786	0.261631	0.433182	i0.603974
7.806396	0.261716	0.433153	i0.604212
7.807007	0.261801	0.433123	i0.604449
7.807617	0.261886	0.433094	i0.604687
7.808228	0.261971	0.433064	i0.604924
7.808838	0.262056	0.433035	i0.605162
7.809448	0.262141	0.433005	i0.605400
7.810059	0.262226	0.432976	i0.605638
7.810669	0.262311	0.432946	i0.605876
7.811279	0.262397	0.432916	i0.606114
7.811890	0.262482	0.432887	i0.606352
7.812500	0.262567	0.432857	i0.606590
7.813110	0.262652	0.432827	i0.606829
7.813721	0.262737	0.432798	i0.607068
7.814331	0.262823	0.432768	i0.607306
7.814941	0.262908	0.432738	i0.607545
7.815552	0.262993	0.432708	i0.607784
7.816162	0.263079	0.432679	i0.608023
7.816772	0.263164	0.432649	i0.608262
7.817383	0.263249	0.432619	i0.608502
7.817993	0.263335	0.432589	i0.608741
7.818604	0.263420	0.432559	i0.608980
7.819214	0.263505	0.432529	i0.609220
7.819824	0.263591	0.432499	i0.609460
7.820435	0.263676	0.432469	i0.609700
7.821045	0.263762	0.432439	i0.609940
7.821655	0.263847	0.432409	i0.610180
7.822266	0.263933	0.432379	i0.610420
7.822876	0.264018	0.432349	i0.610660
7.823486	0.264104	0.432319	i0.610901
7.824097	0.264189	0.432289	i0.611141
7.824707	0.264275	0.432258	i0.611382
7.825317	0.264360	0.432228	i0.611623
7.825928	0.264446	0.432198	i0.611863
7.826538	0.264532	0.432168	i0.612104
7.827148	0.264617	0.432137	i0.612346
7.827759	0.264703	0.432107	i0.612587
7.828369	0.264789	0.432077	i0.612828
7.828979	0.264874	0.432046	i0.613070
7.829590	0.264960	0.432016	i0.613311
7.830200	0.265046	0.431985	i0.613553
7.830811	0.265132	0.431955	i0.613795
7.831421	0.265217	0.431924	i0.614037
7.832031	0.265303	0.431894	i0.614279
7.832642	0.265389	0.431863	i0.614521
7.833252	0.265475	0.431833	i0.614763
7.833862	0.265561	0.431802	i0.615005
7.834473	0.265647	0.431772	i0.615248
7.835083	0.265733	0.431741	i0.615491
7.835693	0.265818	0.431710	i0.615733
7.836304	0.265904	0.431680	i0.615976
7.836914	0.265990	0.431649	i0.616219
7.837524	0.266076	0.431618	i0.616462
7.838135	0.266162	0.431587	i0.616705
7.838745	0.266248	0.431557	i0.616949
7.839355	0.266334	0.431526	i0.617192
7.839966	0.266420	0.431495	i0.617436
7.840576	0.266506	0.431464	i0.617679
7.841187	0.266593	0.431433	i0.617923
7.841797	0.266679	0.431402	i0.618167
7.842407	0.266765	0.431371	i0.618411
7.843018	0.266851	0.431340	i0.618655
7.843628	0.266937	0.431309	i0.618900
7.844238	0.267023	0.431278	i0.619144
7.844849	0.267109	0.431247	i0.619388
7.845459	0.267196	0.431216	i0.619633
7.846069	0.267282	0.431185	i0.619878
7.846680	0.267368	0.431154	i0.620123
7.847290	0.267454	0.431122	i0.620368
7.847900	0.267541	0.431091	i0.620613
7.848511	0.267627	0.431060	i0.620858
7.849121	0.267713	0.431029	i0.621103
7.849731	0.267800	0.430997	i0.621349
7.850342	0.267886	0.430966	i0.621594
7.850952	0.267972	0.430935	i0.621840
7.851563	0.268059	0.430903	i0.622086
7.852173	0.268145	0.430872	i0.622332
7.852783	0.268232	0.430841	i0.622578
7.853394	0.268318	0.430809	i0.622824
7.854004	0.268405	0.430778	i0.623070
7.854614	0.268491	0.430746	i0.623317
7.855225	0.268578	0.430715	i0.623563
7.855835	0.268664	0.430683	i0.623810
7.856445	0.268751	0.430651	i0.624057
7.857056	0.268837	0.430620	i0.624303
7.857666	0.268924	0.430588	i0.624550
7.858276	0.269011	0.430556	i0.624798
7.858887	0.269097	0.430525	i0.625045
7.859497	0.269184	0.430493	i0.625292
7.860107	0.269271	0.430461	i0.625540
7.860718	0.269357	0.430429	i0.625787
7.861328	0.269444	0.430398	i0.626035
7.861938	0.269531	0.430366	i0.626283
7.862549	0.269617	0.430334	i0.626531
7.863159	0.269704	0.430302	i0.626779
7.863770	0.269791	0.430270	i0.627027
7.864380	0.269878	0.430238	i0.627275
7.864990	0.269965	0.430206	i0.627524
7.865601	0.270051	0.430174	i0.627773
7.866211	0.270138	0.430142	i0.628021
7.866821	0.270225	0.430110	i0.628270
7.867432	0.270312	0.430078	i0.628519
7.868042	0.270399	0.430046	i0.628768
7.868652	0.270486	0.430013	i0.629017
7.869263	0.270573	0.429981	i0.629267
7.869873	0.270660	0.429949	i0.629516
7.870483	0.270747	0.429917	i0.629766
7.871094	0.270834	0.429884	i0.630015
7.871704	0.270921	0.429852	i0.630265
7.872314	0.271008	0.429820	i0.630515
7.872925	0.271095	0.429787	i0.630765
7.873535	0.271182	0.429755	i0.631015
7.874146	0.271269	0.429723	i0.631265
7.874756	0.271356	0.429690	i0.631516
7.875366	0.271443	0.429658	i0.631766
7.875977	0.271530	0.429625	i0.632017
7.876587	0.271618	0.429593	i0.632268
7.877197	0.271705	0.429560	i0.632519
7.877808	0.271792	0.429527	i0.632770
7.878418	0.271879	0.429495	i0.633021
7.879028	0.271966	0.429462	i0.633272
7.879639	0.272054	0.429429	i0.633524
7.880249	0.272141	0.429397	i0.633775
7.880859	0.272228	0.429364	i0.634027
7.881470	0.272316	0.429331	i0.634279
7.882080	0.272403	0.429298	i0.634531
7.882690	0.272490	0.429266	i0.634783
7.883301	0.272578	0.429233	i0.635035
7.883911	0.272665	0.429200	i0.635287
7.884521	0.272752	0.429167	i0.635539
7.885132	0.272840	0.429134	i0.635792
7.885742	0.272927	0.429101	i0.636045
7.886353	0.273015	0.429068	i0.636297
7.886963	0.273102	0.429035	i0.636550
7.887573	0.273190	0.429002	i0.636803
7.888184	0.273277	0.428969	i0.637057
7.888794	0.273365	0.428936	i0.637310
7.889404	0.273452	0.428902	i0.637563
7.890015	0.273540	0.428869	i0.637817
7.890625	0.273628	0.428836	i0.638070
7.891235	0.273715	0.428803	i0.638324
7.891846	0.273803	0.428769	i0.638578
7.892456	0.273890	0.428736	i0.638832
7.893066	0.273978	0.428703	i0.639086
7.893677	0.274066	0.428669	i0.639341
7.894287	0.274153	0.428636	i0.639595
7.894897	0.274241	0.428603	i0.639850
7.895508	0.274329	0.428569	i0.640104
7.896118	0.274417	0.428536	i0.640359
7.896729	0.274504	0.428502	i0.640614
7.897339	0.274592	0.428469	i0.640869
7.897949	0.274680	0.428435	i0.641124
7.898560	0.274768	0.428401	i0.641380
7.899170	0.274856	0.428368	i0.641635
7.899780	0.274944	0.428334	i0.641891
7.900391	0.275032	0.428300	i0.642146
7.901001	0.275119	0.428267	i0.642402
7.901611	0.275207	0.428233	i0.642658
7.902222	0.275295	0.428199	i0.642914
7.902832	0.275383	0.428165	i0.643171
7.903442	0.275471	0.428131	i0.643427
7.904053	0.275559	0.428097	i0.643683
7.904663	0.275647	0.428064	i0.643940
7.905273	0.275735	0.428030	i0.644197
7.905884	0.275823	0.427996	i0.644454
7.906494	0.275911	0.427962	i0.644711
7.907104	0.275999	0.427928	i0.644968
7.907715	0.276088	0.427893	i0.645225
7.908325	0.276176	0.427859	i0.645482
7.908936	0.276264	0.427825	i0.645740
7.909546	0.276352	0.427791	i0.645997
7.910156	0.276440	0.427757	i0.646255
7.910767	0.276528	0.427723	i0.646513
7.911377	0.276617	0.427688	i0.646771
7.911987	0.276705	0.427654	i0.647029
7.912598	0.276793	0.427620	i0.647288
7.913208	0.276881	0.427585	i0.647546
7.913818	0.276970	0.427551	i0.647805
7.914429	0.277058	0.427517	i0.648063
7.915039	0.277146	0.427482	i0.648322
7.915649	0.277234	0.427448	i0.648581
7.916260	0.277323	0.427413	i0.648840
7.916870	0.277411	0.427379	i0.649099
7.917480	0.277500	0.427344	i0.649359
7.918091	0.277588	0.427309	i0.649618
7.918701	0.277676	0.427275	i0.649878
7.919312	0.277765	0.427240	i0.650137
7.919922	0.277853	0.427205	i0.650397
7.920532	0.277942	0.427171	i0.650657
7.921143	0.278030	0.427136	i0.650917
7.921753	0.278119	0.427101	i0.651178
7.922363	0.278207	0.427066	i0.651438
7.922974	0.278296	0.427032	i0.651699
7.923584	0.278384	0.426997	i0.651959
7.924194	0.278473	0.426962	i0.652220
7.924805	0.278562	0.426927	i0.652481
7.925415	0.278650	0.426892	i0.652742
7.926025	0.278739	0.426857	i0.653003
7.926636	0.278828	0.426822	i0.653265
7.927246	0.278916	0.426787	i0.653526
7.927856	0.279005	0.426752	i0.653788
7.928467	0.279094	0.426716	i0.654049
7.929077	0.279182	0.426681	i0.654311
7.929688	0.279271	0.426646	i0.654573
7.930298	0.279360	0.426611	i0.654835
7.930908	0.279449	0.426576	i0.655098
7.931519	0.279537	0.426540	i0.655360
7.932129	0.279626	0.426505	i0.655623
7.932739	0.279715	0.426469	i0.655885
7.933350	0.279804	0.426434	i0.656148
7.933960	0.279893	0.426399	i0.656411
7.934570	0.279982	0.426363	i0.656674
7.935181	0.280071	0.426328	i0.656937
7.935791	0.280159	0.426292	i0.657201
7.936401	0.280248	0.426257	i0.657464
7.937012	0.280337	0.426221	i0.657728
7.937622	0.280426	0.426185	i0.657991
7.938232	0.280515	0.426150	i0.658255
7.938843	0.280604	0.426114	i0.658519
7.939453	0.280693	0.426078	i0.658784
7.940063	0.280782	0.426043	i0.659048
7.940674	0.280871	0.426007	i0.659312
7.941284	0.280961	0.425971	i0.659577
7.941895	0.281050	0.425935	i0.659842
7.942505	0.281139	0.425899	i0.660106
7.943115	0.281228	0.425863	i0.660371
7.943726	0.281317	0.425827	i0.660636
7.944336	0.281406	0.425791	i0.660902
7.944946	0.281495	0.425755	i0.661167
7.945557	0.281585	0.425719	i0.661433
7.946167	0.281674	0.425683	i0.661698
7.946777	0.281763	0.425647	i0.661964
7.947388	0.281852	0.425611	i0.662230
7.947998	0.281942	0.425575	i0.662496
7.948608	0.282031	0.425538	i0.662762
7.949219	0.282120	0.425502	i0.663029
7.949829	0.282209	0.425466	i0.663295
7.950439	0.282299	0.425430	i0.663562
7.951050	0.282388	0.425393	i0.663828
7.951660	0.282477	0.425357	i0.664095
7.952271	0.282567	0.425320	i0.664362
7.952881	0.282656	0.425284	i0.664630
7.953491	0.282746	0.425247	i0.664897
7.954102	0.282835	0.425211	i0.665164
7.954712	0.282925	0.425174	i0.665432
7.955322	0.283014	0.425138	i0.665700
7.955933	0.283104	0.425101	i0.665968
7.956543	0.283193	0.425064	i0.666236
7.957153	0.283283	0.425028	i0.666504
7.957764	0.283372	0.424991	i0.666772
7.958374	0.283462	0.424954	i0.667040
7.958984	0.283551	0.424917	i0.667309
7.959595	0.283641	0.424881	i0.667578
7.960205	0.283730	0.424844	i0.667847
7.960815	0.283820	0.424807	i0.668116
7.961426	0.283910	0.424770	i0.668385
7.962036	0.283999	0.424733	i0.668654
7.962646	0.284089	0.424696	i0.668923
7.963257	0.284179	0.424659	i0.669193
7.963867	0.284268	0.424622	i0.669463
7.964478	0.284358	0.424585	i0.669732
7.965088	0.284448	0.424548	i0.670002
7.965698	0.284538	0.424510	i0.670273
7.966309	0.284627	0.424473	i0.670543
7.966919	0.284717	0.424436	i0.670813
7.967529	0.284807	0.424399	i0.671084
7.968140	0.284897	0.424361	i0.671354
7.968750	0.284987	0.424324	i0.671625
7.969360	0.285077	0.424287	i0.671896
7.969971	0.285166	0.424249	i0.672167
7.970581	0.285256	0.424212	i0.672439
7.971191	0.285346	0.424174	i0.672710
7.971802	0.285436	0.424137	i0.672982
7.972412	0.285526	0.424099	i0.673253
7.973022	0.285616	0.424062	i0.673525
7.973633	0.285706	0.424024	i0.673797
7.974243	0.285796	0.423986	i0.674069
7.974854	0.285886	0.423949	i0.674341
7.975464	0.285976	0.423911	i0.674614
7.976074	0.286066	0.423873	i0.674886
7.976685	0.286156	0.423835	i0.675159
7.977295	0.286246	0.423797	i0.675432
7.977905	0.286336	0.423760	i0.675705
7.978516	0.286426	0.423722	i0.675978
7.979126	0.286517	0.423684	i0.676251
7.979736	0.286607	0.423646	i0.676525
7.980347	0.286697	0.423608	i0.676798
7.980957	0.286787	0.423570	i0.677072
7.981567	0.286877	0.423532	i0.677346
7.982178	0.286967	0.423493	i0.677620
7.982788	0.287058	0.423455	i0.677894
7.983398	0.287148	0.423417	i0.678168
7.984009	0.287238	0.423379	i0.678442
7.984619	0.287328	0.423341	i0.678717
7.985229	0.287419	0.423302	i0.678992
7.985840	0.287509	0.423264	i0.679267
7.986450	0.287599	0.423226	i0.679542
7.987061	0.287690	0.423187	i0.679817
7.987671	0.287780	0.423149	i0.680092
7.988281	0.287870	0.423110	i0.680368
7.988892	0.287961	0.423072	i0.680643
7.989502	0.288051	0.423033	i0.680919
7.990112	0.288142	0.422994	i0.681195
7.990723	0.288232	0.422956	i0.681471
7.991333	0.288322	0.422917	i0.681747
7.991943	0.288413	0.422878	i0.682023
7.992554	0.288503	0.422840	i0.682300
7.993164	0.288594	0.422801	i0.682576
7.993774	0.288684	0.422762	i0.682853
7.994385	0.288775	0.422723	i0.683130
7.994995	0.288866	0.422684	i0.683407
7.995605	0.288956	0.422646	i0.683684
7.996216	0.289047	0.422607	i0.683962
7.996826	0.289137	0.422568	i0.684239
7.997437	0.289228	0.422529	i0.684517
7.998047	0.289319	0.422489	i0.684795
7.998657	0.289409	0.422450	i0.685073
7.999268	0.289500	0.422411	i0.685351
7.999878	0.289590	0.422372	i0.685629
8.000488	0.289681	0.422333	i0.685907
8.001099	0.289772	0.422294	i0.686186
8.001709	0.289863	0.422254	i0.686465
8.002319	0.289953	0.422215	i0.686743
8.002930	0.290044	0.422176	i0.687022
8.003540	0.290135	0.422136	i0.687302
8.004150	0.290226	0.422097	i0.687581
8.004761	0.290316	0.422057	i0.687860
8.005371	0.290407	0.422018	i0.688140
8.005981	0.290498	0.421978	i0.688420
8.006592	0.290589	0.421939	i0.688700
8.007202	0.290680	0.421899	i0.688980
8.007813	0.290771	0.421859	i0.689260
8.008423	0.290862	0.421820	i0.689540
8.009033	0.290952	0.421780	i0.689821
8.009644	0.291043	0.421740	i0.690101
8.010254	0.291134	0.421700	i0.690382
8.010864	0.291225	0.421660	i0.690663
8.011475	0.291316	0.421620	i0.690944
8.012085	0.291407	0.421581	i0.691225
8.012695	0.291498	0.421541	i0.691507
8.013306	0.291589	0.421501	i0.691788
8.013916	0.291680	0.421461	i0.692070
8.014526	0.291771	0.421420	i0.692352
8.015137	0.291862	0.421380	i0.692634
8.015747	0.291953	0.421340	i0.692916
8.016357	0.292045	0.421300	i0.693199
8.016968	0.292136	0.421260	i0.693481
8.017578	0.292227	0.421219	i0.693764
8.018188	0.292318	0.421179	i0.694046
8.018799	0.292409	0.421139	i0.694329
8.019409	0.292500	0.421098	i0.694613
8.020020	0.292591	0.421058	i0.694896
8.020630	0.292683	0.421017	i0.695179
8.021240	0.292774	0.420977	i0.695463
8.021851	0.292865	0.420936	i0.695746
8.022461	0.292956	0.420896	i0.696030
8.023071	0.293048	0.420855	i0.696314
8.023682	0.293139	0.420815	i0.696599
8.024292	0.293230	0.420774	i0.696883
8.024902	0.293321	0.420733	i0.697167
8.025513	0.293413	0.420692	i0.697452
8.026123	0.293504	0.420652	i0.697737
8.026733	0.293595	0.420611	i0.698022
8.027344	0.293687	0.420570	i0.698307
8.027954	0.293778	0.420529	i0.698592
8.028564	0.293870	0.420488	i0.698878
8.029175	0.293961	0.420447	i0.699163
8.029785	0.294052	0.420406	i0.699449
8.030396	0.294144	0.420365	i0.699735
8.031006	0.294235	0.420324	i0.700021
8.031616	0.294327	0.420282	i0.700307
8.032227	0.294418	0.420241	i0.700593
8.032837	0.294510	0.420200	i0.700880
8.033447	0.294601	0.420159	i0.701166
8.034058	0.294693	0.420117	i0.701453
8.034668	0.294784	0.420076	i0.701740
8.035278	0.294876	0.420035	i0.702027
8.035889	0.294967	0.419993	i0.702315
8.036499	0.295059	0.419952	i0.702602
8.037109	0.295151	0.419910	i0.702890
8.037720	0.295242	0.419869	i0.703178
8.038330	0.295334	0.419827	i0.703466
8.038940	0.295425	0.419785	i0.703754
8.039551	0.295517	0.419744	i0.704042
8.040161	0.295609	0.419702	i0.704330
8.040771	0.295700	0.419660	i0.704619
8.041382	0.295792	0.419618	i0.704908
8.041992	0.295884	0.419576	i0.705196
8.042603	0.295976	0.419535	i0.705486
8.043213	0.296067	0.419493	i0.705775
8.043823	0.296159	0.419451	i0.706064
8.044434	0.296251	0.419409	i0.706354
8.045044	0.296343	0.419367	i0.706643
8.045654	0.296434	0.419324	i0.706933
8.046265	0.296526	0.419282	i0.707223
8.046875	0.296618	0.419240	i0.707513
8.047485	0.296710	0.419198	i0.707804
8.048096	0.296802	0.419156	i0.708094
8.048706	0.296894	0.419113	i0.708385
8.049316	0.296985	0.419071	i0.708676
8.049927	0.297077	0.419029	i0.708967
8.050537	0.297169	0.418986	i0.709258
8.051147	0.297261	0.418944	i0.709549
8.051758	0.297353	0.418901	i0.709840
8.052368	0.297445	0.418859	i0.710132
8.052979	0.297537	0.418816	i0.710424
8.053589	0.297629	0.418774	i0.710716
8.054199	0.297721	0.418731	i0.711008
8.054810	0.297813	0.418688	i0.711300
8.055420	0.297905	0.418645	i0.711593
8.056030	0.297997	0.418603	i0.711885
8.056641	0.298089	0.418560	i0.712178
8.057251	0.298181	0.418517	i0.712471
8.057861	0.298273	0.418474	i0.712764
8.058472	0.298365	0.418431	i0.713057
8.059082	0.298457	0.418388	i0.713351
8.059692	0.298549	0.418345	i0.713644
8.060303	0.298642	0.418302	i0.713938
8.060913	0.298734	0.418259	i0.714232
8.061523	0.298826	0.418216	i0.714526
8.062134	0.298918	0.418172	i0.714820
8.062744	0.299010	0.418129	i0.715114
8.063354	0.299102	0.418086	i0.715409
8.063965	0.299195	0.418042	i0.715704
8.064575	0.299287	0.417999	i0.715999
8.065186	0.299379	0.417956	i0.716294
8.065796	0.299471	0.417912	i0.716589
8.066406	0.299563	0.417869	i0.716884
8.067017	0.299656	0.417825	i0.717180
8.067627	0.299748	0.417782	i0.717476
8.068237	0.299840	0.417738	i0.717771
8.068848	0.299933	0.417694	i0.718067
8.069458	0.300025	0.417651	i0.718364
8.070068	0.300117	0.417607	i0.718660
8.070679	0.300210	0.417563	i0.718957
8.071289	0.300302	0.417519	i0.719253
8.071899	0.300394	0.417475	i0.719550
8.072510	0.300487	0.417431	i0.719847
8.073120	0.300579	0.417387	i0.720144
8.073730	0.300672	0.417343	i0.720442
8.074341	0.300764	0.417299	i0.720739
8.074951	0.300856	0.417255	i0.721037
8.075562	0.300949	0.417211	i0.721335
8.076172	0.301041	0.417167	i0.721633
8.076782	0.301134	0.417123	i0.721931
8.077393	0.301226	0.417078	i0.722230
8.078003	0.301319	0.417034	i0.722528
8.078613	0.301411	0.416990	i0.722827
8.079224	0.301504	0.416945	i0.723126
8.079834	0.301596	0.416901	i0.723425
8.080444	0.301689	0.416856	i0.723724
8.081055	0.301781	0.416812	i0.724024
8.081665	0.301874	0.416767	i0.724323
8.082275	0.301967	0.416722	i0.724623
8.082886	0.302059	0.416678	i0.724923
8.083496	0.302152	0.416633	i0.725223
8.084106	0.302244	0.416588	i0.725523
8.084717	0.302337	0.416543	i0.725824
8.085327	0.302430	0.416499	i0.726124
8.085938	0.302522	0.416454	i0.726425
8.086548	0.302615	0.416409	i0.726726
8.087158	0.302708	0.416364	i0.727027
8.087769	0.302800	0.416319	i0.727328
8.088379	0.302893	0.416274	i0.727630
8.088989	0.302986	0.416229	i0.727931
8.089600	0.303079	0.416183	i0.728233
8.090210	0.303171	0.416138	i0.728535
8.090820	0.303264	0.416093	i0.728837
8.091431	0.303357	0.416048	i0.729139
8.092041	0.303450	0.416002	i0.729442
8.092651	0.303542	0.415957	i0.729745
8.093262	0.303635	0.415911	i0.730047
8.093872	0.303728	0.415866	i0.730350
8.094482	0.303821	0.415820	i0.730654
8.095093	0.303914	0.415775	i0.730957
8.095703	0.304006	0.415729	i0.731261
8.096313	0.304099	0.415684	i0.731564
8.096924	0.304192	0.415638	i0.731868
8.097534	0.304285	0.415592	i0.732172
8.098145	0.304378	0.415546	i0.732476
8.098755	0.304471	0.415501	i0.732781
8.099365	0.304564	0.415455	i0.733085
8.099976	0.304657	0.415409	i0.733390
8.100586	0.304750	0.415363	i0.733695
8.101196	0.304843	0.415317	i0.734000
8.101807	0.304935	0.415271	i0.734305
8.102417	0.305028	0.415225	i0.734611
8.103027	0.305121	0.415178	i0.734916
8.103638	0.305214	0.415132	i0.735222
8.104248	0.305307	0.415086	i0.735528
8.104858	0.305400	0.415040	i0.735834
8.105469	0.305493	0.414993	i0.736141
8.106079	0.305586	0.414947	i0.736447
8.106689	0.305680	0.414900	i0.736754
8.107300	0.305773	0.414854	i0.737061
8.107910	0.305866	0.414807	i0.737368
8.108521	0.305959	0.414761	i0.737675
8.109131	0.306052	0.414714	i0.737982
8.109741	0.306145	0.414668	i0.738290
8.110352	0.306238	0.414621	i0.738598
8.110962	0.306331	0.414574	i0.738905
8.111572	0.306424	0.414527	i0.739214
8.112183	0.306517	0.414480	i0.739522
8.112793	0.306611	0.414434	i0.739830
8.113403	0.306704	0.414387	i0.740139
8.114014	0.306797	0.414340	i0.740448
8.114624	0.306890	0.414293	i0.740757
8.115234	0.306983	0.414245	i0.741066
8.115845	0.307076	0.414198	i0.741375
8.116455	0.307170	0.414151	i0.741685
8.117065	0.307263	0.414104	i0.741994
8.117676	0.307356	0.414057	i0.742304
8.118286	0.307449	0.414009	i0.742614
8.118896	0.307543	0.413962	i0.742925
8.119507	0.307636	0.413915	i0.743235
8.120117	0.307729	0.413867	i0.743546
8.120728	0.307822	0.413820	i0.743857
8.121338	0.307916	0.413772	i0.744167
8.121948	0.308009	0.413724	i0.744479
8.122559	0.308102	0.413677	i0.744790
8.123169	0.308196	0.413629	i0.745101
8.123779	0.308289	0.413581	i0.745413
8.124390	0.308382	0.413533	i0.745725
8.125000	0.308476	0.413486	i0.746037
8.125610	0.308569	0.413438	i0.746349
8.126221	0.308662	0.413390	i0.746662
8.126831	0.308756	0.413342	i0.746974
8.127441	0.308849	0.413294	i0.747287
8.128052	0.308942	0.413246	i0.747600
8.128662	0.309036	0.413197	i0.747913
8.129272	0.309129	0.413149	i0.748227
8.129883	0.309223	0.413101	i0.748540
8.130493	0.309316	0.413053	i0.748854
8.131104	0.309410	0.413004	i0.749168
8.131714	0.309503	0.412956	i0.749482
8.132324	0.309596	0.412908	i0.749796
8.132935	0.309690	0.412859	i0.750111
8.133545	0.309783	0.412811	i0.750425
8.134155	0.309877	0.412762	i0.750740
8.134766	0.309970	0.412713	i0.751055
8.135376	0.310064	0.412665	i0.751370
8.135986	0.310157	0.412616	i0.751686
8.136597	0.310251	0.412567	i0.752001
8.137207	0.310344	0.412518	i0.752317
8.137817	0.310438	0.412469	i0.752633
8.138428	0.310532	0.412421	i0.752949
8.139038	0.310625	0.412372	i0.753265
8.139648	0.310719	0.412323	i0.753582
8.140259	0.310812	0.412273	i0.753898
8.140869	0.310906	0.412224	i0.754215
8.141479	0.310999	0.412175	i0.754532
8.142090	0.311093	0.412126	i0.754849
8.142700	0.311187	0.412077	i0.755167
8.143311	0.311280	0.412027	i0.755485
8.143921	0.311374	0.411978	i0.755802
8.144531	0.311468	0.411929	i0.756120
8.145142	0.311561	0.411879	i0.756438
8.145752	0.311655	0.411830	i0.756757
8.146362	0.311748	0.411780	i0.757075
8.146973	0.311842	0.411730	i0.757394
8.147583	0.311936	0.411681	i0.757713
8.148193	0.312029	0.411631	i0.758032
8.148804	0.312123	0.411581	i0.758351
8.149414	0.312217	0.411531	i0.758671
8.150024	0.312311	0.411481	i0.758991
8.150635	0.312404	0.411431	i0.759311
8.151245	0.312498	0.411381	i0.759631
8.151855	0.312592	0.411331	i0.759951
8.152466	0.312685	0.411281	i0.760271
8.153076	0.312779	0.411231	i0.760592
8.153687	0.312873	0.411181	i0.760913
8.154297	0.312967	0.411131	i0.761234
8.154907	0.313060	0.411080	i0.761555
8.155518	0.313154	0.411030	i0.761876
8.156128	0.313248	0.410980	i0.762198
8.156738	0.313342	0.410929	i0.762520
8.157349	0.313436	0.410879	i0.762842
8.157959	0.313529	0.410828	i0.763164
8.158569	0.313623	0.410778	i0.763486
8.159180	0.313717	0.410727	i0.763809
8.159790	0.313811	0.410676	i0.764132
8.160400	0.313905	0.410626	i0.764455
8.161011	0.313998	0.410575	i0.764778
8.161621	0.314092	0.410524	i0.765101
8.162231	0.314186	0.410473	i0.765425
8.162842	0.314280	0.410422	i0.765748
8.163452	0.314374	0.410371	i0.766072
8.164063	0.314468	0.410320	i0.766396
8.164673	0.314562	0.410269	i0.766721
8.165283	0.314655	0.410218	i0.767045
8.165894	0.314749	0.410166	i0.767370
8.166504	0.314843	0.410115	i0.767695
8.167114	0.314937	0.410064	i0.768020
8.167725	0.315031	0.410012	i0.768345
8.168335	0.315125	0.409961	i0.768671
8.168945	0.315219	0.409909	i0.768996
8.169556	0.315313	0.409858	i0.769322
8.170166	0.315407	0.409806	i0.769648
8.170776	0.315501	0.409755	i0.769974
8.171387	0.315595	0.409703	i0.770301
8.171997	0.315688	0.409651	i0.770627
8.172607	0.315782	0.409599	i0.770954
8.173218	0.315876	0.409547	i0.771281
8.173828	0.315970	0.409496	i0.771609
8.174438	0.316064	0.409444	i0.771936
8.175049	0.316158	0.409392	i0.772264
8.175659	0.316252	0.409339	i0.772592
8.176270	0.316346	0.409287	i0.772920
8.176880	0.316440	0.409235	i0.773248
8.177490	0.316534	0.409183	i0.773576
8.178101	0.316628	0.409131	i0.773905
8.178711	0.316722	0.409078	i0.774234
8.179321	0.316816	0.409026	i0.774563
8.179932	0.316910	0.408973	i0.774892
8.180542	0.317004	0.408921	i0.775221
8.181152	0.317098	0.408868	i0.775551
8.181763	0.317192	0.408816	i0.775881
8.182373	0.317286	0.408763	i0.776211
8.182983	0.317380	0.408710	i0.776541
8.183594	0.317474	0.408658	i0.776872
8.184204	0.317568	0.408605	i0.777202
8.184814	0.317662	0.408552	i0.777533
8.185425	0.317757	0.408499	i0.777864
8.186035	0.317851	0.408446	i0.778195
8.186646	0.317945	0.408393	i0.778527
8.187256	0.318039	0.408340	i0.778858
8.187866	0.318133	0.408286	i0.779190
8.188477	0.318227	0.408233	i0.779522
8.189087	0.318321	0.408180	i0.779855
8.189697	0.318415	0.408127	i0.780187
8.190308	0.318509	0.408073	i0.780520
8.190918	0.318603	0.408020	i0.780853
8.191528	0.318697	0.407966	i0.781186
8.192139	0.318791	0.407913	i0.781519
8.192749	0.318886	0.407859	i0.781852
8.193359	0.318980	0.407805	i0.782186
8.193970	0.319074	0.407752	i0.782520
8.194580	0.319168	0.407698	i0.782854
8.195190	0.319262	0.407644	i0.783188
8.195801	0.319356	0.407590	i0.783523
8.196411	0.319450	0.407536	i0.783857
8.197021	0.319544	0.407482	i0.784192
8.197632	0.319639	0.407428	i0.784527
8.198242	0.319733	0.407374	i0.784863
8.198853	0.319827	0.407320	i0.785198
8.199463	0.319921	0.407266	i0.785534
8.200073	0.320015	0.407211	i0.785870
8.200684	0.320109	0.407157	i0.786206
8.201294	0.320203	0.407102	i0.786543
8.201904	0.320298	0.407048	i0.786879
8.202515	0.320392	0.406993	i0.787216
8.203125	0.320486	0.406939	i0.787553
8.203735	0.320580	0.406884	i0.787890
8.204346	0.320674	0.406830	i0.788227
8.204956	0.320768	0.406775	i0.788565
8.205566	0.320863	0.406720	i0.788903
8.206177	0.320957	0.406665	i0.789241
8.206787	0.321051	0.406610	i0.789579
8.207397	0.321145	0.406555	i0.789917
8.208008	0.321239	0.406500	i0.790256
8.208618	0.321333	0.406445	i0.790595
8.209229	0.321428	0.406390	i0.790934
8.209839	0.321522	0.406335	i0.791273
8.210449	0.321616	0.406279	i0.791613
8.211060	0.321710	0.406224	i0.791953
8.211670	0.321804	0.406169	i0.792292
8.212280	0.321899	0.406113	i0.792633
8.212891	0.321993	0.406058	i0.792973
8.213501	0.322087	0.406002	i0.793313
8.214111	0.322181	0.405947	i0.793654
8.214722	0.322275	0.405891	i0.793995
8.215332	0.322370	0.405835	i0.794336
8.215942	0.322464	0.405779	i0.794678
8.216553	0.322558	0.405723	i0.795019
8.217163	0.322652	0.405668	i0.795361
8.217773	0.322746	0.405612	i0.795703
8.218384	0.322841	0.405556	i0.796045
8.218994	0.322935	0.405499	i0.796388
8.219604	0.323029	0.405443	i0.796731
8.220215	0.323123	0.405387	i0.797073
8.220825	0.323217	0.405331	i0.797416
8.221436	0.323312	0.405274	i0.797760
8.222046	0.323406	0.405218	i0.798103
8.222656	0.323500	0.405162	i0.798447
8.223267	0.323594	0.405105	i0.798791
8.223877	0.323688	0.405048	i0.799135
8.224487	0.323783	0.404992	i0.799480
8.225098	0.323877	0.404935	i0.799824
8.225708	0.323971	0.404878	i0.800169
8.226318	0.324065	0.404822	i0.800514
8.226929	0.324160	0.404765	i0.800859
8.227539	0.324254	0.404708	i0.801205
8.228149	0.324348	0.404651	i0.801550
8.228760	0.324442	0.404594	i0.801896
8.229370	0.324536	0.404537	i0.802242
8.229980	0.324631	0.404479	i0.802589
8.230591	0.324725	0.404422	i0.802935
8.231201	0.324819	0.404365	i0.803282
8.231812	0.324913	0.404307	i0.803629
8.232422	0.325007	0.404250	i0.803976
8.233032	0.325102	0.404193	i0.804324
8.233643	0.325196	0.404135	i0.804671
8.234253	0.325290	0.404077	i0.805019
8.234863	0.325384	0.404020	i0.805367
8.235474	0.325479	0.403962	i0.805716
8.236084	0.325573	0.403904	i0.806064
8.236694	0.325667	0.403846	i0.806413
8.237305	0.325761	0.403788	i0.806762
8.237915	0.325855	0.403730	i0.807111
8.238525	0.325950	0.403672	i0.807461
8.239136	0.326044	0.403614	i0.807810
8.239746	0.326138	0.403556	i0.808160
8.240356	0.326232	0.403498	i0.808510
8.240967	0.326326	0.403440	i0.808860
8.241577	0.326421	0.403381	i0.809211
8.242188	0.326515	0.403323	i0.809562
8.242798	0.326609	0.403264	i0.809913
8.243408	0.326703	0.403206	i0.810264
8.244019	0.326797	0.403147	i0.810615
8.244629	0.326891	0.403089	i0.810967
8.245239	0.326986	0.403030	i0.811319
8.245850	0.327080	0.402971	i0.811671
8.246460	0.327174	0.402912	i0.812023
8.247070	0.327268	0.402853	i0.812376
8.247681	0.327362	0.402794	i0.812728
8.248291	0.327456	0.402735	i0.813081
8.248901	0.327551	0.402676	i0.813435
8.249512	0.327645	0.402617	i0.813788
8.250122	0.327739	0.402558	i0.814142
8.250732	0.327833	0.402498	i0.814495
8.251343	0.327927	0.402439	i0.814850
8.251953	0.328021	0.402380	i0.815204
8.252563	0.328116	0.402320	i0.815558
8.253174	0.328210	0.402260	i0.815913
8.253784	0.328304	0.402201	i0.816268
8.254395	0.328398	0.402141	i0.816624
8.255005	0.328492	0.402081	i0.816979
8.255615	0.328586	0.402022	i0.817335
8.256226	0.328680	0.401962	i0.817691
8.256836	0.328774	0.401902	i0.818047
8.257446	0.328869	0.401842	i0.818403
8.258057	0.328963	0.401782	i0.818760
8.258667	0.329057	0.401722	i0.819117
8.259277	0.329151	0.401661	i0.819474
8.259888	0.329245	0.401601	i0.819831
8.260498	0.329339	0.401541	i0.820188
8.261108	0.329433	0.401480	i0.820546
8.261719	0.329527	0.401420	i0.820904
8.262329	0.329621	0.401359	i0.821262
8.262939	0.329715	0.401299	i0.821621
8.263550	0.329809	0.401238	i0.821980
8.264160	0.329904	0.401177	i0.822338
8.264771	0.329998	0.401116	i0.822698
8.265381	0.330092	0.401056	i0.823057
8.265991	0.330186	0.400995	i0.823417
8.266602	0.330280	0.400934	i0.823776
8.267212	0.330374	0.400873	i0.824137
8.267822	0.330468	0.400811	i0.824497
8.268433	0.330562	0.400750	i0.824857
8.269043	0.330656	0.400689	i0.825218
8.269653	0.330750	0.400628	i0.825579
8.270264	0.330844	0.400566	i0.825940
8.270874	0.330938	0.400505	i0.826302
8.271484	0.331032	0.400443	i0.826664
8.272095	0.331126	0.400382	i0.827025
8.272705	0.331220	0.400320	i0.827388
8.273315	0.331314	0.400258	i0.827750
8.273926	0.331408	0.400196	i0.828113
8.274536	0.331502	0.400135	i0.828476
8.275146	0.331596	0.400073	i0.828839
8.275757	0.331690	0.400011	i0.829202
8.276367	0.331784	0.399949	i0.829566
8.276978	0.331878	0.399886	i0.829929
8.277588	0.331971	0.399824	i0.830294
8.278198	0.332065	0.399762	i0.830658
8.278809	0.332159	0.399700	i0.831022
8.279419	0.332253	0.399637	i0.831387
8.280029	0.332347	0.399575	i0.831752
8.280640	0.332441	0.399512	i0.832117
8.281250	0.332535	0.399450	i0.832483
8.281860	0.332629	0.399387	i0.832849
8.282471	0.332723	0.399324	i0.833215
8.283081	0.332817	0.399261	i0.833581
8.283691	0.332910	0.399198	i0.833947
8.284302	0.333004	0.399135	i0.834314
8.284912	0.333098	0.399072	i0.834681
8.285522	0.333192	0.399009	i0.835048
8.286133	0.333286	0.398946	i0.835415
8.286743	0.333380	0.398883	i0.835783
8.287354	0.333473	0.398820	i0.836151
8.287964	0.333567	0.398756	i0.836519
8.288574	0.333661	0.398693	i0.836887
8.289185	0.333755	0.398629	i0.837256
8.289795	0.333848	0.398566	i0.837625
8.290405	0.333942	0.398502	i0.837994
8.291016	0.334036	0.398438	i0.838363
8.291626	0.334130	0.398374	i0.838733
8.292236	0.334223	0.398311	i0.839103
8.292847	0.334317	0.398247	i0.839473
8.293457	0.334411	0.398183	i0.839843
8.294067	0.334505	0.398118	i0.840214
8.294678	0.334598	0.398054	i0.840584
8.295288	0.334692	0.397990	i0.840955
8.295898	0.334786	0.397926	i0.841327
8.296509	0.334879	0.397861	i0.841698
8.297119	0.334973	0.397797	i0.842070
8.297729	0.335067	0.397732	i0.842442
8.298340	0.335160	0.397668	i0.842814
8.298950	0.335254	0.397603	i0.843187
8.299561	0.335347	0.397539	i0.843560
8.300171	0.335441	0.397474	i0.843933
8.300781	0.335535	0.397409	i0.844306
8.301392	0.335628	0.397344	i0.844679
8.302002	0.335722	0.397279	i0.845053
8.302612	0.335815	0.397214	i0.845427
8.303223	0.335909	0.397149	i0.845801
8.303833	0.336002	0.397083	i0.846176
8.304443	0.336096	0.397018	i0.846551
8.305054	0.336189	0.396953	i0.846926
8.305664	0.336283	0.396887	i0.847301
8.306274	0.336376	0.396822	i0.847676
8.306885	0.336470	0.396756	i0.848052
8.307495	0.336563	0.396690	i0.848428
8.308105	0.336657	0.396625	i0.848804
8.308716	0.336750	0.396559	i0.849181
8.309326	0.336844	0.396493	i0.849558
8.309937	0.336937	0.396427	i0.849935
8.310547	0.337030	0.396361	i0.850312
8.311157	0.337124	0.396295	i0.850689
8.311768	0.337217	0.396229	i0.851067
8.312378	0.337311	0.396162	i0.851445
8.312988	0.337404	0.396096	i0.851823
8.313599	0.337497	0.396030	i0.852202
8.314209	0.337591	0.395963	i0.852581
8.314819	0.337684	0.395897	i0.852960
8.315430	0.337777	0.395830	i0.853339
8.316040	0.337870	0.395763	i0.853719
8.316650	0.337964	0.395697	i0.854098
8.317261	0.338057	0.395630	i0.854478
8.317871	0.338150	0.395563	i0.854859
8.318481	0.338243	0.395496	i0.855239
8.319092	0.338337	0.395429	i0.855620
8.319702	0.338430	0.395362	i0.856001
8.320313	0.338523	0.395294	i0.856382
8.320923	0.338616	0.395227	i0.856764
8.321533	0.338709	0.395160	i0.857146
8.322144	0.338802	0.395092	i0.857528
8.322754	0.338896	0.395025	i0.857910
8.323364	0.338989	0.394957	i0.858293
8.323975	0.339082	0.394889	i0.858676
8.324585	0.339175	0.394822	i0.859059
8.325195	0.339268	0.394754	i0.859442
8.325806	0.339361	0.394686	i0.859826
8.326416	0.339454	0.394618	i0.860210
8.327026	0.339547	0.394550	i0.860594
8.327637	0.339640	0.394482	i0.860978
8.328247	0.339733	0.394413	i0.861363
8.328857	0.339826	0.394345	i0.861748
8.329468	0.339919	0.394277	i0.862133
8.330078	0.340012	0.394208	i0.862518
8.330688	0.340105	0.394140	i0.862904
8.331299	0.340198	0.394071	i0.863290
8.331909	0.340290	0.394002	i0.863676
8.332520	0.340383	0.393934	i0.864063
8.333130	0.340476	0.393865	i0.864450
8.333740	0.340569	0.393796	i0.864837
8.334351	0.340662	0.393727	i0.865224
8.334961	0.340755	0.393658	i0.865611
8.335571	0.340847	0.393589	i0.865999
8.336182	0.340940	0.393519	i0.866387
8.336792	0.341033	0.393450	i0.866776
8.337402	0.341126	0.393381	i0.867164
8.338013	0.341218	0.393311	i0.867553
8.338623	0.341311	0.393242	i0.867942
8.339233	0.341404	0.393172	i0.868332
8.339844	0.341496	0.393102	i0.868721
8.340454	0.341589	0.393032	i0.869111
8.341064	0.341682	0.392963	i0.869501
8.341675	0.341774	0.392893	i0.869892
8.342285	0.341867	0.392823	i0.870283
8.342896	0.341959	0.392753	i0.870674
8.343506	0.342052	0.392682	i0.871065
8.344116	0.342144	0.392612	i0.871456
8.344727	0.342237	0.392542	i0.871848
8.345337	0.342329	0.392471	i0.872240
8.345947	0.342422	0.392401	i0.872632
8.346558	0.342514	0.392330	i0.873025
8.347168	0.342607	0.392260	i0.873418
8.347778	0.342699	0.392189	i0.873811
8.348389	0.342791	0.392118	i0.874205
8.348999	0.342884	0.392047	i0.874598
8.349609	0.342976	0.391976	i0.874992
8.350220	0.343068	0.391905	i0.875386
8.350830	0.343161	0.391834	i0.875781
8.351440	0.343253	0.391763	i0.876176
8.352051	0.343345	0.391691	i0.876571
8.352661	0.343437	0.391620	i0.876966
8.353271	0.343530	0.391548	i0.877362
8.353882	0.343622	0.391477	i0.877757
8.354492	0.343714	0.391405	i0.878154
8.355103	0.343806	0.391333	i0.878550
8.355713	0.343898	0.391262	i0.878947
8.356323	0.343990	0.391190	i0.879344
8.356934	0.344082	0.391118	i0.879741
8.357544	0.344174	0.391046	i0.880138
8.358154	0.344266	0.390974	i0.880536
8.358765	0.344358	0.390901	i0.880934
8.359375	0.344450	0.390829	i0.881332
8.359985	0.344542	0.390757	i0.881731
8.360596	0.344634	0.390684	i0.882130
8.361206	0.344726	0.390612	i0.882529
8.361816	0.344818	0.390539	i0.882928
8.362427	0.344910	0.390466	i0.883328
8.363037	0.345002	0.390393	i0.883728
8.363647	0.345093	0.390321	i0.884128
8.364258	0.345185	0.390248	i0.884529
8.364868	0.345277	0.390175	i0.884930
8.365479	0.345369	0.390101	i0.885331
8.366089	0.345460	0.390028	i0.885732
8.366699	0.345552	0.389955	i0.886134
8.367310	0.345644	0.389881	i0.886536
8.367920	0.345735	0.389808	i0.886938
8.368530	0.345827	0.389734	i0.887340
8.369141	0.345919	0.389661	i0.887743
8.369751	0.346010	0.389587	i0.888146
8.370361	0.346102	0.389513	i0.888550
8.370972	0.346193	0.389439	i0.888953
8.371582	0.346285	0.389365	i0.889357
8.372192	0.346376	0.389291	i0.889761
8.372803	0.346468	0.389217	i0.890166
8.373413	0.346559	0.389143	i0.890570
8.374023	0.346650	0.389068	i0.890975
8.374634	0.346742	0.388994	i0.891381
8.375244	0.346833	0.388919	i0.891786
8.375854	0.346924	0.388845	i0.892192
8.376465	0.347016	0.388770	i0.892598
8.377075	0.347107	0.388695	i0.893005
8.377686	0.347198	0.388621	i0.893412
8.378296	0.347289	0.388546	i0.893819
8.378906	0.347380	0.388471	i0.894226
8.379517	0.347472	0.388395	i0.894633
8.380127	0.347563	0.388320	i0.895041
8.380737	0.347654	0.388245	i0.895450
8.381348	0.347745	0.388170	i0.895858
8.381958	0.347836	0.388094	i0.896267
8.382568	0.347927	0.388019	i0.896676
8.383179	0.348018	0.387943	i0.897085
8.383789	0.348109	0.387867	i0.897495
8.384399	0.348200	0.387791	i0.897905
8.385010	0.348290	0.387715	i0.898315
8.385620	0.348381	0.387639	i0.898725
8.386230	0.348472	0.387563	i0.899136
8.386841	0.348563	0.387487	i0.899547
8.387451	0.348654	0.387411	i0.899958
8.388062	0.348744	0.387334	i0.900370
8.388672	0.348835	0.387258	i0.900782
8.389282	0.348926	0.387181	i0.901194
8.389893	0.349016	0.387105	i0.901607
8.390503	0.349107	0.387028	i0.902019
8.391113	0.349197	0.386951	i0.902432
8.391724	0.349288	0.386874	i0.902846
8.392334	0.349378	0.386797	i0.903260
8.392944	0.349469	0.386720	i0.903674
8.393555	0.349559	0.386643	i0.904088
8.394165	0.349650	0.386566	i0.904502
8.394775	0.349740	0.386489	i0.904917
8.395386	0.349830	0.386411	i0.905332
8.395996	0.349921	0.386334	i0.905748
8.396606	0.350011	0.386256	i0.906164
8.397217	0.350101	0.386178	i0.906580
8.397827	0.350191	0.386100	i0.906996
8.398438	0.350282	0.386022	i0.907413
8.399048	0.350372	0.385944	i0.907829
8.399658	0.350462	0.385866	i0.908247
8.400269	0.350552	0.385788	i0.908664
8.400879	0.350642	0.385710	i0.909082
8.401489	0.350732	0.385632	i0.909500
8.402100	0.350822	0.385553	i0.909919
8.402710	0.350912	0.385475	i0.910337
8.403320	0.351002	0.385396	i0.910756
8.403931	0.351092	0.385317	i0.911176
8.404541	0.351181	0.385238	i0.911595
8.405151	0.351271	0.385159	i0.912015
8.405762	0.351361	0.385080	i0.912435
8.406372	0.351451	0.385001	i0.912856
8.406982	0.351540	0.384922	i0.913277
8.407593	0.351630	0.384843	i0.913698
8.408203	0.351720	0.384763	i0.914119
8.408813	0.351809	0.384684	i0.914541
8.409424	0.351899	0.384604	i0.914963
8.410034	0.351988	0.384525	i0.915385
8.410645	0.352078	0.384445	i0.915808
8.411255	0.352167	0.384365	i0.916231
8.411865	0.352257	0.384285	i0.916654
8.412476	0.352346	0.384205	i0.917078
8.413086	0.352435	0.384125	i0.917502
8.413696	0.352524	0.384045	i0.917926
8.414307	0.352614	0.383964	i0.918350
8.414917	0.352703	0.383884	i0.918775
8.415527	0.352792	0.383803	i0.919200
8.416138	0.352881	0.383723	i0.919625
8.416748	0.352970	0.383642	i0.920051
8.417358	0.353059	0.383561	i0.920477
8.417969	0.353148	0.383480	i0.920903
8.418579	0.353237	0.383399	i0.921330
8.419189	0.353326	0.383318	i0.921757
8.419800	0.353415	0.383237	i0.922184
8.420410	0.353504	0.383156	i0.922612
8.421021	0.353593	0.383074	i0.923040
8.421631	0.353681	0.382993	i0.923468
8.422241	0.353770	0.382911	i0.923896
8.422852	0.353859	0.382829	i0.924325
8.423462	0.353947	0.382748	i0.924754
8.424072	0.354036	0.382666	i0.925184
8.424683	0.354125	0.382584	i0.925613
8.425293	0.354213	0.382502	i0.926043
8.425903	0.354302	0.382419	i0.926474
8.426514	0.354390	0.382337	i0.926905
8.427124	0.354478	0.382255	i0.927335
8.427734	0.354567	0.382172	i0.927767
8.428345	0.354655	0.382090	i0.928198
8.428955	0.354743	0.382007	i0.928630
8.429565	0.354831	0.381924	i0.929063
8.430176	0.354920	0.381841	i0.929495
8.430786	0.355008	0.381758	i0.929928
8.431396	0.355096	0.381675	i0.930361
8.432007	0.355184	0.381592	i0.930795
8.432617	0.355272	0.381509	i0.931229
8.433228	0.355360	0.381425	i0.931663
8.433838	0.355448	0.381342	i0.932097
8.434448	0.355536	0.381258	i0.932532
8.435059	0.355623	0.381175	i0.932967
8.435669	0.355711	0.381091	i0.933402
8.436279	0.355799	0.381007	i0.933838
8.436890	0.355887	0.380923	i0.934274
8.437500	0.355974	0.380839	i0.934711
8.438110	0.356062	0.380755	i0.935147
8.438721	0.356149	0.380670	i0.935584
8.439331	0.356237	0.380586	i0.936022
8.439941	0.356324	0.380501	i0.936459
8.440552	0.356412	0.380417	i0.936897
8.441162	0.356499	0.380332	i0.937336
8.441772	0.356586	0.380247	i0.937774
8.442383	0.356673	0.380162	i0.938213
8.442993	0.356761	0.380077	i0.938653
8.443604	0.356848	0.379992	i0.939092
8.444214	0.356935	0.379907	i0.939532
8.444824	0.357022	0.379822	i0.939972
8.445435	0.357109	0.379736	i0.940413
8.446045	0.357196	0.379651	i0.940854
8.446655	0.357283	0.379565	i0.941295
8.447266	0.357370	0.379479	i0.941737
8.447876	0.357456	0.379394	i0.942179
8.448486	0.357543	0.379308	i0.942621
8.449097	0.357630	0.379222	i0.943063
8.449707	0.357717	0.379135	i0.943506
8.450317	0.357803	0.379049	i0.943949
8.450928	0.357890	0.378963	i0.944393
8.451538	0.357976	0.378876	i0.944837
8.452148	0.358063	0.378790	i0.945281
8.452759	0.358149	0.378703	i0.945725
8.453369	0.358235	0.378616	i0.946170
8.453979	0.358322	0.378529	i0.946615
8.454590	0.358408	0.378442	i0.947061
8.455200	0.358494	0.378355	i0.947507
8.455811	0.358580	0.378268	i0.947953
8.456421	0.358666	0.378181	i0.948400
8.457031	0.358752	0.378093	i0.948846
8.457642	0.358838	0.378006	i0.949294
8.458252	0.358924	0.377918	i0.949741
8.458862	0.359010	0.377830	i0.950189
8.459473	0.359096	0.377742	i0.950637
8.460083	0.359182	0.377654	i0.951086
8.460693	0.359267	0.377566	i0.951534
8.461304	0.359353	0.377478	i0.951984
8.461914	0.359439	0.377390	i0.952433
8.462524	0.359524	0.377302	i0.952883
8.463135	0.359610	0.377213	i0.953333
8.463745	0.359695	0.377124	i0.953784
8.464355	0.359780	0.377036	i0.954235
8.464966	0.359866	0.376947	i0.954686
8.465576	0.359951	0.376858	i0.955137
8.466187	0.360036	0.376769	i0.955589
8.466797	0.360121	0.376680	i0.956042
8.467407	0.360206	0.376590	i0.956494
8.468018	0.360291	0.376501	i0.956947
8.468628	0.360376	0.376411	i0.957400
8.469238	0.360461	0.376322	i0.957854
8.469849	0.360546	0.376232	i0.958308
8.470459	0.360631	0.376142	i0.958762
8.471069	0.360716	0.376052	i0.959217
8.471680	0.360800	0.375962	i0.959672
8.472290	0.360885	0.375872	i0.960127
8.472900	0.360970	0.375782	i0.960583
8.473511	0.361054	0.375691	i0.961039
8.474121	0.361138	0.375601	i0.961495
8.474731	0.361223	0.375510	i0.961952
8.475342	0.361307	0.375420	i0.962409
8.475952	0.361391	0.375329	i0.962866
8.476563	0.361476	0.375238	i0.963324
8.477173	0.361560	0.375147	i0.963782
8.477783	0.361644	0.375056	i0.964240
8.478394	0.361728	0.374964	i0.964699
8.479004	0.361812	0.374873	i0.965158
8.479614	0.361895	0.374781	i0.965618
8.480225	0.361979	0.374690	i0.966078
8.480835	0.362063	0.374598	i0.966538
8.481445	0.362147	0.374506	i0.966998
8.482056	0.362230	0.374414	i0.967459
8.482666	0.362314	0.374322	i0.967920
8.483276	0.362397	0.374230	i0.968382
8.483887	0.362481	0.374138	i0.968844
8.484497	0.362564	0.374045	i0.969306
8.485107	0.362647	0.373953	i0.969769
8.485718	0.362731	0.373860	i0.970232
8.486328	0.362814	0.373767	i0.970695
8.486938	0.362897	0.373674	i0.971159
8.487549	0.362980	0.373581	i0.971623
8.488159	0.363063	0.373488	i0.972087
8.488770	0.363146	0.373395	i0.972552
8.489380	0.363229	0.373301	i0.973017
8.489990	0.363311	0.373208	i0.973482
8.490601	0.363394	0.373114	i0.973948
8.491211	0.363477	0.373021	i0.974414
8.491821	0.363559	0.372927	i0.974881
8.492432	0.363642	0.372833	i0.975348
8.493042	0.363724	0.372739	i0.975815
8.493652	0.363806	0.372645	i0.976283
8.494263	0.363889	0.372550	i0.976751
8.494873	0.363971	0.372456	i0.977219
8.495483	0.364053	0.372361	i0.977688
8.496094	0.364135	0.372267	i0.978157
8.496704	0.364217	0.372172	i0.978626
8.497314	0.364299	0.372077	i0.979096
8.497925	0.364381	0.371982	i0.979566
8.498535	0.364463	0.371887	i0.980037
8.499146	0.364544	0.371791	i0.980508
8.499756	0.364626	0.371696	i0.980979
8.500366	0.364708	0.371601	i0.981450
8.500977	0.364789	0.371505	i0.981922
8.501587	0.364870	0.371409	i0.982395
8.502197	0.364952	0.371313	i0.982867
8.502808	0.365033	0.371217	i0.983340
8.503418	0.365114	0.371121	i0.983814
8.504028	0.365195	0.371025	i0.984288
8.504639	0.365276	0.370929	i0.984762
8.505249	0.365357	0.370832	i0.985236
8.505859	0.365438	0.370736	i0.985711
8.506470	0.365519	0.370639	i0.986186
8.507080	0.365600	0.370542	i0.986662
8.507690	0.365680	0.370445	i0.987138
8.508301	0.365761	0.370348	i0.987614
8.508911	0.365842	0.370251	i0.988091
8.509521	0.365922	0.370153	i0.988568
8.510132	0.366002	0.370056	i0.989046
8.510742	0.366083	0.369958	i0.989524
8.511353	0.366163	0.369861	i0.990002
8.511963	0.366243	0.369763	i0.990480
8.512573	0.366323	0.369665	i0.990959
8.513184	0.366403	0.369567	i0.991439
8.513794	0.366483	0.369469	i0.991918
8.514404	0.366563	0.369370	i0.992399
8.515015	0.366642	0.369272	i0.992879
8.515625	0.366722	0.369173	i0.993360
8.516235	0.366801	0.369075	i0.993841
8.516846	0.366881	0.368976	i0.994323
8.517456	0.366960	0.368877	i0.994805
8.518066	0.367040	0.368778	i0.995287
8.518677	0.367119	0.368678	i0.995770
8.519287	0.367198	0.368579	i0.996253
8.519897	0.367277	0.368480	i0.996736
8.520508	0.367356	0.368380	i0.997220
8.521118	0.367435	0.368280	i0.997704
8.521729	0.367514	0.368180	i0.998189
8.522339	0.367592	0.368081	i0.998674
8.522949	0.367671	0.367980	i0.999160
8.523560	0.367750	0.367880	i0.999645
8.524170	0.367828	0.367780	i1.000131
8.524780	0.367907	0.367679	i1.000618
8.525391	0.367985	0.367579	i1.001105
8.526001	0.368063	0.367478	i1.001592
8.526611	0.368141	0.367377	i1.002080
8.527222	0.368219	0.367276	i1.002568
8.527832	0.368297	0.367175	i1.003057
8.528442	0.368375	0.367074	i1.003545
8.529053	0.368453	0.366972	i1.004035
8.529663	0.368531	0.366871	i1.004524
8.530273	0.368608	0.366769	i1.005014
8.530884	0.368686	0.366667	i1.005505
8.531494	0.368763	0.366565	i1.005995
8.532104	0.368840	0.366463	i1.006487
8.532715	0.368918	0.366361	i1.006978
8.533325	0.368995	0.366259	i1.007470
8.533936	0.369072	0.366156	i1.007963
8.534546	0.369149	0.366054	i1.008455
8.535156	0.369226	0.365951	i1.008948
8.535767	0.369302	0.365848	i1.009442
8.536377	0.369379	0.365745	i1.009936
8.536987	0.369456	0.365642	i1.010430
8.537598	0.369532	0.365539	i1.010925
8.538208	0.369609	0.365435	i1.011420
8.538818	0.369685	0.365332	i1.011915
8.539429	0.369761	0.365228	i1.012411
8.540039	0.369837	0.365124	i1.012908
8.540649	0.369913	0.365021	i1.013404
8.541260	0.369989	0.364916	i1.013901
8.541870	0.370065	0.364812	i1.014399
8.542480	0.370141	0.364708	i1.014897
8.543091	0.370217	0.364604	i1.015395
8.543701	0.370292	0.364499	i1.015894
8.544312	0.370368	0.364394	i1.016393
8.544922	0.370443	0.364289	i1.016892
8.545532	0.370518	0.364184	i1.017392
8.546143	0.370593	0.364079	i1.017892
8.546753	0.370668	0.363974	i1.018393
8.547363	0.370743	0.363868	i1.018894
8.547974	0.370818	0.363763	i1.019396
8.548584	0.370893	0.363657	i1.019898
8.549194	0.370968	0.363551	i1.020400
8.549805	0.371042	0.363445	i1.020902
8.550415	0.371117	0.363339	i1.021406
8.551025	0.371191	0.363233	i1.021909
8.551636	0.371265	0.363127	i1.022413
8.552246	0.371340	0.363020	i1.022917
8.552856	0.371414	0.362913	i1.023422
8.553467	0.371488	0.362807	i1.023927
8.554077	0.371561	0.362700	i1.024433
8.554688	0.371635	0.362593	i1.024939
8.555298	0.371709	0.362485	i1.025445
8.555908	0.371782	0.362378	i1.025952
8.556519	0.371856	0.362270	i1.026459
8.557129	0.371929	0.362163	i1.026966
8.557739	0.372002	0.362055	i1.027474
8.558350	0.372075	0.361947	i1.027983
8.558960	0.372148	0.361839	i1.028492
8.559570	0.372221	0.361731	i1.029001
8.560181	0.372294	0.361622	i1.029511
8.560791	0.372367	0.361514	i1.030021
8.561401	0.372439	0.361405	i1.030531
8.562012	0.372512	0.361296	i1.031042
8.562622	0.372584	0.361188	i1.031553
8.563232	0.372656	0.361078	i1.032065
8.563843	0.372729	0.360969	i1.032577
8.564453	0.372801	0.360860	i1.033090
8.565063	0.372873	0.360750	i1.033603
8.565674	0.372944	0.360641	i1.034116
8.566284	0.373016	0.360531	i1.034630
8.566895	0.373088	0.360421	i1.035144
8.567505	0.373159	0.360311	i1.035659
8.568115	0.373230	0.360201	i1.036174
8.568726	0.373302	0.360090	i1.036689
8.569336	0.373373	0.359980	i1.037205
8.569946	0.373444	0.359869	i1.037722
8.570557	0.373515	0.359758	i1.038238
8.571167	0.373586	0.359647	i1.038755
8.571777	0.373656	0.359536	i1.039273
8.572388	0.373727	0.359425	i1.039791
8.572998	0.373797	0.359313	i1.040310
8.573608	0.373867	0.359202	i1.040828
8.574219	0.373938	0.359090	i1.041348
8.574829	0.374008	0.358978	i1.041867
8.575439	0.374078	0.358866	i1.042388
8.576050	0.374148	0.358754	i1.042908
8.576660	0.374217	0.358642	i1.043429
8.577271	0.374287	0.358529	i1.043951
8.577881	0.374356	0.358417	i1.044473
8.578491	0.374426	0.358304	i1.044995
8.579102	0.374495	0.358191	i1.045518
8.579712	0.374564	0.358078	i1.046041
8.580322	0.374633	0.357965	i1.046564
8.580933	0.374702	0.357851	i1.047088
8.581543	0.374771	0.357738	i1.047613
8.582153	0.374839	0.357624	i1.048138
8.582764	0.374908	0.357510	i1.048663
8.583374	0.374976	0.357396	i1.049189
8.583984	0.375045	0.357282	i1.049715
8.584595	0.375113	0.357168	i1.050242
8.585205	0.375181	0.357054	i1.050769
8.585815	0.375249	0.356939	i1.051296
8.586426	0.375316	0.356824	i1.051824
8.587036	0.375384	0.356709	i1.052353
8.587646	0.375452	0.356594	i1.052881
8.588257	0.375519	0.356479	i1.053411
8.588867	0.375586	0.356364	i1.053940
8.589478	0.375653	0.356248	i1.054470
8.590088	0.375720	0.356133	i1.055001
8.590698	0.375787	0.356017	i1.055532
8.591309	0.375854	0.355901	i1.056064
8.591919	0.375920	0.355785	i1.056595
8.592529	0.375987	0.355668	i1.057128
8.593140	0.376053	0.355552	i1.057661
8.593750	0.376119	0.355435	i1.058194
8.594360	0.376186	0.355319	i1.058728
8.594971	0.376251	0.355202	i1.059262
8.595581	0.376317	0.355085	i1.059796
8.596191	0.376383	0.354967	i1.060331
8.596802	0.376448	0.354850	i1.060867
8.597412	0.376514	0.354732	i1.061403
8.598022	0.376579	0.354615	i1.061939
8.598633	0.376644	0.354497	i1.062476
8.599243	0.376709	0.354379	i1.063013
8.599854	0.376774	0.354261	i1.063551
8.600464	0.376839	0.354142	i1.064089
8.601074	0.376903	0.354024	i1.064628
8.601685	0.376968	0.353905	i1.065167
8.602295	0.377032	0.353786	i1.065706
8.602905	0.377096	0.353667	i1.066246
8.603516	0.377160	0.353548	i1.066787
8.604126	0.377224	0.353429	i1.067328
8.604736	0.377288	0.353309	i1.067869
8.605347	0.377352	0.353190	i1.068411
8.605957	0.377415	0.353070	i1.068953
8.606567	0.377478	0.352950	i1.069496
8.607178	0.377541	0.352830	i1.070039
8.607788	0.377604	0.352709	i1.070583
8.608398	0.377667	0.352589	i1.071127
8.609009	0.377730	0.352468	i1.071671
8.609619	0.377793	0.352347	i1.072216
8.610229	0.377855	0.352226	i1.072762
8.610840	0.377917	0.352105	i1.073308
8.611450	0.377980	0.351984	i1.073854
8.612061	0.378042	0.351863	i1.074401
8.612671	0.378103	0.351741	i1.074948
8.613281	0.378165	0.351619	i1.075496
8.613892	0.378227	0.351497	i1.076044
8.614502	0.378288	0.351375	i1.076593
8.615112	0.378349	0.351253	i1.077142
8.615723	0.378410	0.351130	i1.077692
8.616333	0.378471	0.351008	i1.078242
8.616943	0.378532	0.350885	i1.078793
8.617554	0.378593	0.350762	i1.079344
8.618164	0.378653	0.350639	i1.079895
8.618774	0.378714	0.350515	i1.080447
8.619385	0.378774	0.350392	i1.081000
8.619995	0.378834	0.350268	i1.081553
8.620605	0.378894	0.350145	i1.082106
8.621216	0.378953	0.350021	i1.082660
8.621826	0.379013	0.349896	i1.083215
8.622437	0.379072	0.349772	i1.083770
8.623047	0.379132	0.349648	i1.084325
8.623657	0.379191	0.349523	i1.084881
8.624268	0.379250	0.349398	i1.085437
8.624878	0.379308	0.349273	i1.085994
8.625488	0.379367	0.349148	i1.086551
8.626099	0.379425	0.349022	i1.087109
8.626709	0.379484	0.348897	i1.087667
8.627319	0.379542	0.348771	i1.088226
8.627930	0.379600	0.348645	i1.088785
8.628540	0.379657	0.348519	i1.089344
8.629150	0.379715	0.348393	i1.089904
8.629761	0.379773	0.348267	i1.090465
8.630371	0.379830	0.348140	i1.091026
8.630981	0.379887	0.348013	i1.091588
8.631592	0.379944	0.347886	i1.092150
8.632202	0.380001	0.347759	i1.092712
8.632813	0.380057	0.347632	i1.093275
8.633423	0.380114	0.347504	i1.093839
8.634033	0.380170	0.347377	i1.094403
8.634644	0.380226	0.347249	i1.094967
8.635254	0.380282	0.347121	i1.095532
8.635864	0.380338	0.346993	i1.096098
8.636475	0.380394	0.346864	i1.096664
8.637085	0.380449	0.346736	i1.097230
8.637695	0.380504	0.346607	i1.097797
8.638306	0.380559	0.346478	i1.098364
8.638916	0.380614	0.346349	i1.098932
8.639526	0.380669	0.346220	i1.099501
8.640137	0.380724	0.346090	i1.100070
8.640747	0.380778	0.345961	i1.100639
8.641357	0.380832	0.345831	i1.101209
8.641968	0.380886	0.345701	i1.101779
8.642578	0.380940	0.345571	i1.102350
8.643188	0.380994	0.345441	i1.102922
8.643799	0.381047	0.345310	i1.103494
8.644409	0.381101	0.345179	i1.104066
8.645020	0.381154	0.345048	i1.104639
8.645630	0.381207	0.344917	i1.105212
8.646240	0.381260	0.344786	i1.105786
8.646851	0.381312	0.344655	i1.106360
8.647461	0.381365	0.344523	i1.106935
8.648071	0.381417	0.344391	i1.107511
8.648682	0.381469	0.344259	i1.108087
8.649292	0.381521	0.344127	i1.108663
8.649902	0.381573	0.343995	i1.109240
8.650513	0.381624	0.343862	i1.109817
8.651123	0.381675	0.343729	i1.110395
8.651733	0.381726	0.343596	i1.110974
8.652344	0.381777	0.343463	i1.111553
8.652954	0.381828	0.343330	i1.112132
8.653564	0.381879	0.343196	i1.112712
8.654175	0.381929	0.343063	i1.113292
8.654785	0.381979	0.342929	i1.113873
8.655396	0.382029	0.342795	i1.114455
8.656006	0.382079	0.342660	i1.115037
8.656616	0.382129	0.342526	i1.115619
8.657227	0.382178	0.342391	i1.116202
8.657837	0.382227	0.342257	i1.116786
8.658447	0.382276	0.342121	i1.117370
8.659058	0.382325	0.341986	i1.117955
8.659668	0.382374	0.341851	i1.118540
8.660278	0.382422	0.341715	i1.119125
8.660889	0.382470	0.341579	i1.119711
8.661499	0.382518	0.341443	i1.120298
8.662109	0.382566	0.341307	i1.120885
8.662720	0.382614	0.341171	i1.121473
8.663330	0.382661	0.341034	i1.122061
8.663940	0.382709	0.340898	i1.122650
8.664551	0.382756	0.340761	i1.123239
8.665161	0.382802	0.340623	i1.123829
8.665771	0.382849	0.340486	i1.124419
8.666382	0.382896	0.340349	i1.125010
8.666992	0.382942	0.340211	i1.125601
8.667603	0.382988	0.340073	i1.126193
8.668213	0.383034	0.339935	i1.126786
8.668823	0.383079	0.339796	i1.127379
8.669434	0.383125	0.339658	i1.127972
8.670044	0.383170	0.339519	i1.128566
8.670654	0.383215	0.339380	i1.129161
8.671265	0.383260	0.339241	i1.129756
8.671875	0.383304	0.339102	i1.130351
8.672485	0.383348	0.338962	i1.130947
8.673096	0.383393	0.338822	i1.131544
8.673706	0.383436	0.338683	i1.132141
8.674316	0.383480	0.338542	i1.132739
8.674927	0.383524	0.338402	i1.133337
8.675537	0.383567	0.338262	i1.133936
8.676147	0.383610	0.338121	i1.134535
8.676758	0.383653	0.337980	i1.135135
8.677368	0.383695	0.337839	i1.135736
8.677979	0.383738	0.337697	i1.136336
8.678589	0.383780	0.337556	i1.136938
8.679199	0.383822	0.337414	i1.137540
8.679810	0.383864	0.337272	i1.138143
8.680420	0.383905	0.337130	i1.138746
8.681030	0.383947	0.336988	i1.139349
8.681641	0.383988	0.336845	i1.139954
8.682251	0.384028	0.336702	i1.140558
8.682861	0.384069	0.336559	i1.141164
8.683472	0.384110	0.336416	i1.141769
8.684082	0.384150	0.336273	i1.142376
8.684692	0.384190	0.336129	i1.142983
8.685303	0.384229	0.335985	i1.143590
8.685913	0.384269	0.335841	i1.144198
8.686523	0.384308	0.335697	i1.144807
8.687134	0.384347	0.335552	i1.145416
8.687744	0.384386	0.335408	i1.146026
8.688354	0.384425	0.335263	i1.146636
8.688965	0.384463	0.335118	i1.147247
8.689575	0.384501	0.334973	i1.147858
8.690186	0.384539	0.334827	i1.148470
8.690796	0.384576	0.334681	i1.149082
8.691406	0.384614	0.334535	i1.149695
8.692017	0.384651	0.334389	i1.150309
8.692627	0.384688	0.334243	i1.150923
8.693237	0.384725	0.334096	i1.151538
8.693848	0.384761	0.333950	i1.152153
8.694458	0.384797	0.333803	i1.152769
8.695068	0.384833	0.333655	i1.153385
8.695679	0.384869	0.333508	i1.154002
8.696289	0.384904	0.333360	i1.154620
8.696899	0.384940	0.333212	i1.155238
8.697510	0.384975	0.333064	i1.155856
8.698120	0.385009	0.332916	i1.156476
8.698730	0.385044	0.332768	i1.157095
8.699341	0.385078	0.332619	i1.157716
8.699951	0.385112	0.332470	i1.158337
8.700562	0.385146	0.332321	i1.158958
8.701172	0.385179	0.332171	i1.159580
8.701782	0.385213	0.332022	i1.160203
8.702393	0.385246	0.331872	i1.160826
8.703003	0.385278	0.331722	i1.161450
8.703613	0.385311	0.331572	i1.162074
8.704224	0.385343	0.331421	i1.162699
8.704834	0.385375	0.331271	i1.163325
8.705444	0.385407	0.331120	i1.163951
8.706055	0.385438	0.330968	i1.164577
8.706665	0.385470	0.330817	i1.165204
8.707275	0.385500	0.330665	i1.165832
8.707886	0.385531	0.330514	i1.166461
8.708496	0.385562	0.330362	i1.167090
8.709106	0.385592	0.330209	i1.167719
8.709717	0.385622	0.330057	i1.168349
8.710327	0.385651	0.329904	i1.168980
8.710938	0.385681	0.329751	i1.169611
8.711548	0.385710	0.329598	i1.170243
8.712158	0.385739	0.329445	i1.170876
8.712769	0.385767	0.329291	i1.171509
8.713379	0.385796	0.329137	i1.172142
8.713989	0.385824	0.328983	i1.172776
8.714600	0.385851	0.328829	i1.173411
8.715210	0.385879	0.328674	i1.174047
8.715820	0.385906	0.328519	i1.174683
8.716431	0.385933	0.328364	i1.175319
8.717041	0.385960	0.328209	i1.175956
8.717651	0.385986	0.328054	i1.176594
8.718262	0.386012	0.327898	i1.177233
8.718872	0.386038	0.327742	i1.177872
8.719482	0.386064	0.327586	i1.178511
8.720093	0.386089	0.327430	i1.179151
8.720703	0.386114	0.327273	i1.179792
8.721313	0.386139	0.327116	i1.180433
8.721924	0.386163	0.326959	i1.181075
8.722534	0.386187	0.326802	i1.181718
8.723145	0.386211	0.326644	i1.182361
8.723755	0.386235	0.326486	i1.183005
8.724365	0.386258	0.326328	i1.183649
8.724976	0.386281	0.326170	i1.184294
8.725586	0.386304	0.326011	i1.184940
8.726196	0.386326	0.325853	i1.185586
8.726807	0.386349	0.325694	i1.186233
8.727417	0.386370	0.325534	i1.186880
8.728027	0.386392	0.325375	i1.187528
8.728638	0.386413	0.325215	i1.188177
8.729248	0.386434	0.325055	i1.188826
8.729858	0.386455	0.324895	i1.189476
8.730469	0.386475	0.324735	i1.190126
8.731079	0.386495	0.324574	i1.190777
8.731689	0.386515	0.324413	i1.191429
8.732300	0.386535	0.324252	i1.192081
8.732910	0.386554	0.324091	i1.192734
8.733521	0.386573	0.323929	i1.193388
8.734131	0.386591	0.323767	i1.194042
8.734741	0.386610	0.323605	i1.194697
8.735352	0.386628	0.323443	i1.195352
8.735962	0.386645	0.323280	i1.196008
8.736572	0.386663	0.323117	i1.196665
8.737183	0.386680	0.322954	i1.197322
8.737793	0.386697	0.322791	i1.197980
8.738403	0.386713	0.322627	i1.198638
8.739014	0.386729	0.322463	i1.199298
8.739624	0.386745	0.322299	i1.199957
8.740234	0.386761	0.322135	i1.200618
8.740845	0.386776	0.321970	i1.201279
8.741455	0.386791	0.321805	i1.201940
8.742065	0.386805	0.321640	i1.202603
8.742676	0.386820	0.321475	i1.203266
8.743286	0.386833	0.321309	i1.203929
8.743896	0.386847	0.321143	i1.204593
8.744507	0.386860	0.320977	i1.205258
8.745117	0.386873	0.320811	i1.205924
8.745728	0.386886	0.320644	i1.206590
8.746338	0.386898	0.320477	i1.207256
8.746948	0.386910	0.320310	i1.207924
8.747559	0.386922	0.320143	i1.208592
8.748169	0.386933	0.319975	i1.209260
8.748779	0.386944	0.319807	i1.209930
8.749390	0.386955	0.319639	i1.210600
8.750000	0.386965	0.319471	i1.211270
8.750610	0.386975	0.319302	i1.211941
8.751221	0.386985	0.319133	i1.212613
8.751831	0.386994	0.318964	i1.213286
8.752441	0.387003	0.318795	i1.213959
8.753052	0.387012	0.318625	i1.214633
8.753662	0.387020	0.318455	i1.215307
8.754272	0.387028	0.318285	i1.215982
8.754883	0.387036	0.318114	i1.216658
8.755493	0.387043	0.317943	i1.217334
8.756104	0.387050	0.317772	i1.218011
8.756714	0.387057	0.317601	i1.218689
8.757324	0.387063	0.317430	i1.219368
8.757935	0.387069	0.317258	i1.220047
8.758545	0.387075	0.317086	i1.220726
8.759155	0.387080	0.316913	i1.221407
8.759766	0.387085	0.316741	i1.222088
8.760376	0.387089	0.316568	i1.222769
8.760986	0.387094	0.316395	i1.223452
8.761597	0.387097	0.316221	i1.224135
8.762207	0.387101	0.316048	i1.224818
8.762817	0.387104	0.315874	i1.225503
8.763428	0.387107	0.315700	i1.226188
8.764038	0.387109	0.315525	i1.226873
8.764648	0.387111	0.315350	i1.227560
8.765259	0.387113	0.315175	i1.228247
8.765869	0.387114	0.315000	i1.228934
8.766479	0.387115	0.314824	i1.229622
8.767090	0.387116	0.314649	i1.230311
8.767700	0.387116	0.314472	i1.231001
8.768311	0.387116	0.314296	i1.231691
8.768921	0.387115	0.314119	i1.232383
8.769531	0.387114	0.313942	i1.233074
8.770142	0.387113	0.313765	i1.233767
8.770752	0.387111	0.313588	i1.234460
8.771362	0.387109	0.313410	i1.235153
8.771973	0.387107	0.313232	i1.235848
8.772583	0.387104	0.313054	i1.236543
8.773193	0.387101	0.312875	i1.237239
8.773804	0.387098	0.312696	i1.237935
8.774414	0.387094	0.312517	i1.238632
8.775024	0.387089	0.312338	i1.239330
8.775635	0.387085	0.312158	i1.240029
8.776245	0.387080	0.311978	i1.240728
8.776855	0.387074	0.311798	i1.241428
8.777466	0.387068	0.311617	i1.242128
8.778076	0.387062	0.311436	i1.242830
8.778687	0.387056	0.311255	i1.243532
8.779297	0.387049	0.311074	i1.244234
8.779907	0.387041	0.310892	i1.244938
8.780518	0.387033	0.310710	i1.245642
8.781128	0.387025	0.310528	i1.246346
8.781738	0.387017	0.310345	i1.247052
8.782349	0.387008	0.310162	i1.247758
8.782959	0.386998	0.309979	i1.248465
8.783569	0.386988	0.309796	i1.249172
8.784180	0.386978	0.309612	i1.249881
8.784790	0.386967	0.309428	i1.250590
8.785400	0.386956	0.309244	i1.251299
8.786011	0.386945	0.309059	i1.252010
8.786621	0.386933	0.308874	i1.252721
8.787231	0.386921	0.308689	i1.253432
8.787842	0.386908	0.308504	i1.254145
8.788452	0.386895	0.308318	i1.254858
8.789063	0.386882	0.308132	i1.255572
8.789673	0.386868	0.307946	i1.256287
8.790283	0.386854	0.307759	i1.257002
8.790894	0.386839	0.307572	i1.257718
8.791504	0.386824	0.307385	i1.258435
8.792114	0.386808	0.307197	i1.259152
8.792725	0.386792	0.307009	i1.259871
8.793335	0.386776	0.306821	i1.260589
8.793945	0.386759	0.306633	i1.261309
8.794556	0.386741	0.306444	i1.262029
8.795166	0.386724	0.306255	i1.262751
8.795776	0.386706	0.306066	i1.263472
8.796387	0.386687	0.305876	i1.264195
8.796997	0.386668	0.305686	i1.264918
8.797607	0.386649	0.305496	i1.265642
8.798218	0.386629	0.305305	i1.266367
8.798828	0.386608	0.305115	i1.267092
8.799438	0.386588	0.304923	i1.267819
8.800049	0.386566	0.304732	i1.268545
8.800659	0.386545	0.304540	i1.269273
8.801270	0.386523	0.304348	i1.270001
8.801880	0.386500	0.304156	i1.270731
8.802490	0.386477	0.303963	i1.271460
8.803101	0.386454	0.303770	i1.272191
8.803711	0.386430	0.303577	i1.272922
8.804321	0.386405	0.303383	i1.273654
8.804932	0.386380	0.303189	i1.274387
8.805542	0.386355	0.302995	i1.275121
8.806152	0.386329	0.302800	i1.275855
8.806763	0.386303	0.302606	i1.276590
8.807373	0.386277	0.302410	i1.277326
8.807983	0.386250	0.302215	i1.278062
8.808594	0.386222	0.302019	i1.278800
8.809204	0.386194	0.301823	i1.279538
8.809814	0.386165	0.301627	i1.280277
8.810425	0.386136	0.301430	i1.281016
8.811035	0.386107	0.301233	i1.281756
8.811646	0.386077	0.301035	i1.282497
8.812256	0.386047	0.300838	i1.283239
8.812866	0.386016	0.300640	i1.283982
8.813477	0.385984	0.300441	i1.284725
8.814087	0.385953	0.300243	i1.285469
8.814697	0.385920	0.300044	i1.286214
8.815308	0.385887	0.299844	i1.286960
8.815918	0.385854	0.299645	i1.287706
8.816528	0.385820	0.299445	i1.288453
8.817139	0.385786	0.299244	i1.289201
8.817749	0.385751	0.299044	i1.289950
8.818359	0.385716	0.298843	i1.290699
8.818970	0.385680	0.298642	i1.291449
8.819580	0.385644	0.298440	i1.292200
8.820190	0.385607	0.298238	i1.292952
8.820801	0.385570	0.298036	i1.293705
8.821411	0.385532	0.297833	i1.294458
8.822021	0.385494	0.297630	i1.295212
8.822632	0.385456	0.297427	i1.295967
8.823242	0.385416	0.297223	i1.296722
8.823853	0.385377	0.297020	i1.297479
8.824463	0.385336	0.296815	i1.298236
8.825073	0.385295	0.296611	i1.298994
8.825684	0.385254	0.296406	i1.299753
8.826294	0.385212	0.296201	i1.300512
8.826904	0.385170	0.295995	i1.301273
8.827515	0.385127	0.295789	i1.302034
8.828125	0.385084	0.295583	i1.302796
8.828735	0.385040	0.295376	i1.303558
8.829346	0.384996	0.295169	i1.304322
8.829956	0.384951	0.294962	i1.305086
8.830566	0.384905	0.294754	i1.305851
8.831177	0.384859	0.294546	i1.306617
8.831787	0.384813	0.294338	i1.307384
8.832397	0.384766	0.294129	i1.308151
8.833008	0.384718	0.293920	i1.308919
8.833618	0.384670	0.293711	i1.309689
8.834229	0.384621	0.293501	i1.310458
8.834839	0.384572	0.293291	i1.311229
8.835449	0.384522	0.293081	i1.312001
8.836060	0.384472	0.292870	i1.312773
8.836670	0.384421	0.292659	i1.313546
8.837280	0.384370	0.292448	i1.314320
8.837891	0.384318	0.292236	i1.315095
8.838501	0.384265	0.292024	i1.315870
8.839111	0.384212	0.291811	i1.316646
8.839722	0.384159	0.291598	i1.317424
8.840332	0.384105	0.291385	i1.318201
8.840942	0.384050	0.291172	i1.318980
8.841553	0.383994	0.290958	i1.319760
8.842163	0.383939	0.290744	i1.320540
8.842773	0.383882	0.290529	i1.321322
8.843384	0.383825	0.290314	i1.322104
8.843994	0.383768	0.290099	i1.322886
8.844604	0.383710	0.289883	i1.323670
8.845215	0.383651	0.289667	i1.324455
8.845825	0.383592	0.289451	i1.325240
8.846436	0.383532	0.289234	i1.326026
8.847046	0.383471	0.289017	i1.326813
8.847656	0.383410	0.288799	i1.327601
8.848267	0.383349	0.288581	i1.328390
8.848877	0.383286	0.288363	i1.329179
8.849487	0.383224	0.288145	i1.329970
8.850098	0.383160	0.287926	i1.330761
8.850708	0.383096	0.287706	i1.331553
8.851318	0.383032	0.287487	i1.332346
8.851929	0.382966	0.287267	i1.333140
8.852539	0.382901	0.287046	i1.333934
8.853149	0.382834	0.286825	i1.334730
8.853760	0.382767	0.286604	i1.335526
8.854370	0.382700	0.286383	i1.336323
8.854980	0.382631	0.286161	i1.337121
8.855591	0.382563	0.285938	i1.337920
8.856201	0.382493	0.285716	i1.338719
8.856812	0.382423	0.285493	i1.339520
8.857422	0.382353	0.285269	i1.340321
8.858032	0.382281	0.285046	i1.341124
8.858643	0.382209	0.284821	i1.341927
8.859253	0.382137	0.284597	i1.342731
8.859863	0.382064	0.284372	i1.343535
8.860474	0.381990	0.284147	i1.344341
8.861084	0.381915	0.283921	i1.345148
8.861694	0.381840	0.283695	i1.345955
8.862305	0.381765	0.283468	i1.346763
8.862915	0.381688	0.283242	i1.347572
8.863525	0.381611	0.283014	i1.348382
8.864136	0.381534	0.282787	i1.349193
8.864746	0.381456	0.282559	i1.350005
8.865356	0.381377	0.282330	i1.350818
8.865967	0.381297	0.282102	i1.351631
8.866577	0.381217	0.281872	i1.352445
8.867188	0.381136	0.281643	i1.353261
8.867798	0.381055	0.281413	i1.354077
8.868408	0.380972	0.281183	i1.354894
8.869019	0.380890	0.280952	i1.355712
8.869629	0.380806	0.280721	i1.356531
8.870239	0.380722	0.280489	i1.357350
8.870850	0.380637	0.280257	i1.358171
8.871460	0.380552	0.280025	i1.358992
8.872070	0.380466	0.279792	i1.359815
8.872681	0.380379	0.279559	i1.360638
8.873291	0.380291	0.279326	i1.361462
8.873901	0.380203	0.279092	i1.362287
8.874512	0.380114	0.278857	i1.363113
8.875122	0.380025	0.278623	i1.363940
8.875732	0.379934	0.278388	i1.364767
8.876343	0.379843	0.278152	i1.365596
8.876953	0.379752	0.277916	i1.366425
8.877563	0.379659	0.277680	i1.367256
8.878174	0.379566	0.277443	i1.368087
8.878784	0.379473	0.277206	i1.368919
8.879395	0.379378	0.276968	i1.369753
8.880005	0.379283	0.276730	i1.370587
8.880615	0.379187	0.276492	i1.371422
8.881226	0.379091	0.276253	i1.372258
8.881836	0.378993	0.276014	i1.373094
8.882446	0.378895	0.275774	i1.373932
8.883057	0.378797	0.275534	i1.374771
8.883667	0.378697	0.275294	i1.375610
8.884277	0.378597	0.275053	i1.376451
8.884888	0.378496	0.274812	i1.377292
8.885498	0.378395	0.274570	i1.378134
8.886108	0.378292	0.274328	i1.378978
8.886719	0.378189	0.274085	i1.379822
8.887329	0.378085	0.273842	i1.380667
8.887939	0.377981	0.273599	i1.381513
8.888550	0.377875	0.273355	i1.382360
8.889160	0.377769	0.273111	i1.383208
8.889771	0.377663	0.272866	i1.384057
8.890381	0.377555	0.272621	i1.384907
8.890991	0.377447	0.272376	i1.385757
8.891602	0.377338	0.272130	i1.386609
8.892212	0.377228	0.271884	i1.387462
8.892822	0.377117	0.271637	i1.388315
8.893433	0.377006	0.271390	i1.389170
8.894043	0.376894	0.271142	i1.390025
8.894653	0.376781	0.270894	i1.390882
8.895264	0.376667	0.270645	i1.391739
8.895874	0.376553	0.270396	i1.392597
8.896484	0.376438	0.270147	i1.393457
8.897095	0.376322	0.269897	i1.394317
8.897705	0.376205	0.269647	i1.395178
8.898315	0.376088	0.269396	i1.396040
8.898926	0.375969	0.269145	i1.396903
8.899536	0.375850	0.268893	i1.397767
8.900146	0.375730	0.268641	i1.398632
8.900757	0.375610	0.268389	i1.399498
8.901367	0.375488	0.268136	i1.400365
8.901978	0.375366	0.267882	i1.401233
8.902588	0.375243	0.267629	i1.402102
8.903198	0.375119	0.267374	i1.402972
8.903809	0.374994	0.267120	i1.403843
8.904419	0.374868	0.266864	i1.404715
8.905029	0.374742	0.266609	i1.405588
8.905640	0.374615	0.266353	i1.406461
8.906250	0.374487	0.266096	i1.407336
8.906860	0.374358	0.265839	i1.408212
8.907471	0.374228	0.265582	i1.409089
8.908081	0.374098	0.265324	i1.409966
8.908691	0.373966	0.265065	i1.410845
8.909302	0.373834	0.264807	i1.411725
8.909912	0.373701	0.264547	i1.412606
8.910522	0.373567	0.264288	i1.413487
8.911133	0.373433	0.264027	i1.414370
8.911743	0.373297	0.263767	i1.415254
8.912354	0.373161	0.263506	i1.416138
8.912964	0.373023	0.263244	i1.417024
8.913574	0.372885	0.262982	i1.417911
8.914185	0.372746	0.262719	i1.418799
8.914795	0.372606	0.262457	i1.419687
8.915405	0.372465	0.262193	i1.420577
8.916016	0.372324	0.261929	i1.421468
8.916626	0.372181	0.261665	i1.422360
8.917236	0.372038	0.261400	i1.423252
8.917847	0.371894	0.261134	i1.424146
8.918457	0.371748	0.260869	i1.425041
8.919067	0.371602	0.260602	i1.425937
8.919678	0.371455	0.260336	i1.426834
8.920288	0.371308	0.260068	i1.427731
8.920898	0.371159	0.259800	i1.428630
8.921509	0.371009	0.259532	i1.429530
8.922119	0.370859	0.259264	i1.430431
8.922729	0.370707	0.258994	i1.431333
8.923340	0.370555	0.258725	i1.432236
8.923950	0.370402	0.258454	i1.433140
8.924561	0.370247	0.258184	i1.434045
8.925171	0.370092	0.257913	i1.434952
8.925781	0.369936	0.257641	i1.435859
8.926392	0.369779	0.257369	i1.436767
8.927002	0.369621	0.257096	i1.437676
8.927612	0.369462	0.256823	i1.438587
8.928223	0.369303	0.256550	i1.439498
8.928833	0.369142	0.256275	i1.440410
8.929443	0.368980	0.256001	i1.441324
8.930054	0.368817	0.255726	i1.442238
8.930664	0.368654	0.255450	i1.443154
8.931274	0.368489	0.255174	i1.444071
8.931885	0.368324	0.254897	i1.444988
8.932495	0.368157	0.254620	i1.445907
8.933105	0.367990	0.254343	i1.446827
8.933716	0.367821	0.254065	i1.447748
8.934326	0.367652	0.253786	i1.448670
8.934937	0.367482	0.253507	i1.449593
8.935547	0.367310	0.253227	i1.450517
8.936157	0.367138	0.252947	i1.451442
8.936768	0.366965	0.252666	i1.452368
8.937378	0.366790	0.252385	i1.453296
8.937988	0.366615	0.252104	i1.454224
8.938599	0.366439	0.251821	i1.455153
8.939209	0.366261	0.251539	i1.456084
8.939819	0.366083	0.251255	i1.457016
8.940430	0.365904	0.250972	i1.457948
8.941040	0.365723	0.250687	i1.458882
8.941650	0.365542	0.250402	i1.459817
8.942261	0.365359	0.250117	i1.460753
8.942871	0.365176	0.249831	i1.461690
8.943481	0.364991	0.249545	i1.462629
8.944092	0.364806	0.249258	i1.463568
8.944702	0.364619	0.248971	i1.464508
8.945313	0.364432	0.248683	i1.465450
8.945923	0.364243	0.248394	i1.466392
8.946533	0.364053	0.248105	i1.467336
8.947144	0.363863	0.247815	i1.468281
8.947754	0.363671	0.247525	i1.469227
8.948364	0.363478	0.247235	i1.470174
8.948975	0.363284	0.246944	i1.471122
8.949585	0.363089	0.246652	i1.472072
8.950195	0.362893	0.246360	i1.473022
8.950806	0.362696	0.246067	i1.473974
8.951416	0.362498	0.245773	i1.474926
8.952026	0.362298	0.245480	i1.475880
8.952637	0.362098	0.245185	i1.476835
8.953247	0.361896	0.244890	i1.477791
8.953857	0.361694	0.244595	i1.478748
8.954468	0.361490	0.244298	i1.479707
8.955078	0.361285	0.244002	i1.480666
8.955688	0.361079	0.243705	i1.481627
8.956299	0.360872	0.243407	i1.482588
8.956909	0.360664	0.243109	i1.483551
8.957520	0.360455	0.242810	i1.484515
8.958130	0.360244	0.242510	i1.485480
8.958740	0.360033	0.242210	i1.486447
8.959351	0.359820	0.241910	i1.487414
8.959961	0.359606	0.241609	i1.488383
8.960571	0.359391	0.241307	i1.489353
8.961182	0.359175	0.241005	i1.490324
8.961792	0.358958	0.240702	i1.491296
8.962402	0.358739	0.240399	i1.492269
8.963013	0.358520	0.240095	i1.493244
8.963623	0.358299	0.239790	i1.494219
8.964233	0.358077	0.239485	i1.495196
8.964844	0.357854	0.239179	i1.496174
8.965454	0.357630	0.238873	i1.497153
8.966064	0.357404	0.238566	i1.498133
8.966675	0.357178	0.238259	i1.499115
8.967285	0.356950	0.237951	i1.500098
8.967896	0.356721	0.237642	i1.501081
8.968506	0.356490	0.237333	i1.502066
8.969116	0.356259	0.237024	i1.503053
8.969727	0.356026	0.236713	i1.504040
8.970337	0.355792	0.236402	i1.505029
8.970947	0.355557	0.236091	i1.506018
8.971558	0.355321	0.235779	i1.507009
8.972168	0.355083	0.235466	i1.508002
8.972778	0.354845	0.235153	i1.508995
8.973389	0.354605	0.234839	i1.509990
8.973999	0.354363	0.234525	i1.510986
8.974609	0.354121	0.234210	i1.511983
8.975220	0.353877	0.233894	i1.512981
8.975830	0.353632	0.233578	i1.513980
8.976440	0.353386	0.233261	i1.514981
8.977051	0.353138	0.232943	i1.515983
8.977661	0.352889	0.232625	i1.516986
8.978271	0.352639	0.232307	i1.517990
8.978882	0.352388	0.231987	i1.518996
8.979492	0.352135	0.231667	i1.520003
8.980103	0.351881	0.231347	i1.521011
8.980713	0.351626	0.231026	i1.522020
8.981323	0.351369	0.230704	i1.523030
8.981934	0.351111	0.230382	i1.524042
8.982544	0.350852	0.230059	i1.525055
8.983154	0.350591	0.229735	i1.526069
8.983765	0.350330	0.229411	i1.527085
8.984375	0.350066	0.229086	i1.528101
8.984985	0.349802	0.228760	i1.529119
8.985596	0.349536	0.228434	i1.530138
8.986206	0.349269	0.228108	i1.531159
8.986816	0.349000	0.227780	i1.532181
8.987427	0.348731	0.227452	i1.533203
8.988037	0.348459	0.227124	i1.534228
8.988647	0.348187	0.226794	i1.535253
8.989258	0.347913	0.226464	i1.536280
8.989868	0.347637	0.226134	i1.537308
8.990479	0.347361	0.225803	i1.538337
8.991089	0.347083	0.225471	i1.539368
8.991699	0.346803	0.225138	i1.540400
8.992310	0.346522	0.224805	i1.541433
8.992920	0.346240	0.224472	i1.542467
8.993530	0.345956	0.224137	i1.543503
8.994141	0.345671	0.223802	i1.544540
8.994751	0.345385	0.223466	i1.545578
8.995361	0.345097	0.223130	i1.546618
8.995972	0.344807	0.222793	i1.547658
8.996582	0.344517	0.222455	i1.548700
8.997192	0.344224	0.222117	i1.549744
8.997803	0.343931	0.221778	i1.550789
8.998413	0.343636	0.221438	i1.551835
8.999023	0.343339	0.221098	i1.552882
8.999634	0.343041	0.220757	i1.553931
9.000244	0.342742	0.220415	i1.554981
9.000854	0.342441	0.220073	i1.556032
9.001465	0.342138	0.219730	i1.557085
9.002075	0.341834	0.219386	i1.558138
9.002686	0.341529	0.219042	i1.559194
9.003296	0.341222	0.218697	i1.560250
9.003906	0.340914	0.218351	i1.561308
9.004517	0.340604	0.218005	i1.562367
9.005127	0.340292	0.217658	i1.563428
9.005737	0.339979	0.217310	i1.564490
9.006348	0.339665	0.216962	i1.565553
9.006958	0.339349	0.216612	i1.566618
9.007568	0.339031	0.216263	i1.567683
9.008179	0.338712	0.215912	i1.568751
9.008789	0.338392	0.215561	i1.569819
9.009399	0.338070	0.215209	i1.570889
9.010010	0.337746	0.214856	i1.571961
9.010620	0.337421	0.214503	i1.573033
9.011230	0.337094	0.214149	i1.574107
9.011841	0.336765	0.213794	i1.575183
9.012451	0.336435	0.213439	i1.576259
9.013062	0.336104	0.213083	i1.577338
9.013672	0.335770	0.212726	i1.578417
9.014282	0.335436	0.212369	i1.579498
9.014893	0.335099	0.212010	i1.580580
9.015503	0.334761	0.211651	i1.581664
9.016113	0.334422	0.211292	i1.582749
9.016724	0.334080	0.210931	i1.583835
9.017334	0.333737	0.210570	i1.584923
9.017944	0.333393	0.210208	i1.586012
9.018555	0.333047	0.209846	i1.587103
9.019165	0.332699	0.209483	i1.588194
9.019775	0.332349	0.209118	i1.589288
9.020386	0.331998	0.208754	i1.590383
9.020996	0.331646	0.208388	i1.591479
9.021606	0.331291	0.208022	i1.592576
9.022217	0.330935	0.207655	i1.593675
9.022827	0.330577	0.207287	i1.594776
9.023438	0.330217	0.206919	i1.595877
9.024048	0.329856	0.206550	i1.596981
9.024658	0.329493	0.206180	i1.598085
9.025269	0.329128	0.205809	i1.599191
9.025879	0.328762	0.205438	i1.600299
9.026489	0.328394	0.205066	i1.601408
9.027100	0.328024	0.204693	i1.602518
9.027710	0.327652	0.204319	i1.603630
9.028320	0.327279	0.203945	i1.604743
9.028931	0.326904	0.203570	i1.605858
9.029541	0.326527	0.203194	i1.606974
9.030151	0.326148	0.202817	i1.608091
9.030762	0.325768	0.202440	i1.609210
9.031372	0.325385	0.202061	i1.610331
9.031982	0.325001	0.201682	i1.611453
9.032593	0.324616	0.201303	i1.612576
9.033203	0.324228	0.200922	i1.613701
9.033813	0.323839	0.200541	i1.614827
9.034424	0.323447	0.200159	i1.615955
9.035034	0.323054	0.199776	i1.617084
9.035645	0.322659	0.199392	i1.618215
9.036255	0.322262	0.199008	i1.619347
9.036865	0.321864	0.198622	i1.620481
9.037476	0.321463	0.198236	i1.621616
9.038086	0.321061	0.197850	i1.622753
9.038696	0.320657	0.197462	i1.623891
9.039307	0.320251	0.197074	i1.625030
9.039917	0.319843	0.196684	i1.626171
9.040527	0.319433	0.196294	i1.627314
9.041138	0.319021	0.195904	i1.628458
9.041748	0.318607	0.195512	i1.629604
9.042358	0.318191	0.195120	i1.630751
9.042969	0.317774	0.194726	i1.631899
9.043579	0.317354	0.194332	i1.633050
9.044189	0.316933	0.193938	i1.634201
9.044800	0.316510	0.193542	i1.635354
9.045410	0.316084	0.193145	i1.636509
9.046021	0.315657	0.192748	i1.637665
9.046631	0.315228	0.192350	i1.638823
9.047241	0.314797	0.191951	i1.639983
9.047852	0.314363	0.191551	i1.641143
9.048462	0.313928	0.191151	i1.642306
9.049072	0.313491	0.190749	i1.643470
9.049683	0.313052	0.190347	i1.644635
9.050293	0.312610	0.189944	i1.645802
9.050903	0.312167	0.189540	i1.646971
9.051514	0.311722	0.189135	i1.648141
9.052124	0.311274	0.188730	i1.649313
9.052734	0.310825	0.188323	i1.650486
9.053345	0.310374	0.187916	i1.651661
9.053955	0.309920	0.187508	i1.652837
9.054565	0.309464	0.187099	i1.654015
9.055176	0.309007	0.186689	i1.655195
9.055786	0.308547	0.186278	i1.656376
9.056396	0.308085	0.185867	i1.657558
9.057007	0.307621	0.185454	i1.658743
9.057617	0.307155	0.185041	i1.659928
9.058228	0.306687	0.184627	i1.661116
9.058838	0.306216	0.184212	i1.662305
9.059448	0.305744	0.183796	i1.663496
9.060059	0.305269	0.183379	i1.664688
9.060669	0.304792	0.182961	i1.665882
9.061279	0.304313	0.182543	i1.667077
9.061890	0.303832	0.182123	i1.668274
9.062500	0.303349	0.181703	i1.669473
9.063110	0.302863	0.181282	i1.670673
9.063721	0.302375	0.180860	i1.671875
9.064331	0.301885	0.180437	i1.673079
9.064941	0.301393	0.180013	i1.674284
9.065552	0.300899	0.179588	i1.675491
9.066162	0.300402	0.179163	i1.676699
9.066772	0.299903	0.178736	i1.677910
9.067383	0.299402	0.178309	i1.679121
9.067993	0.298898	0.177880	i1.680335
9.068604	0.298392	0.177451	i1.681550
9.069214	0.297884	0.177021	i1.682767
9.069824	0.297374	0.176590	i1.683985
9.070435	0.296861	0.176157	i1.685205
9.071045	0.296347	0.175725	i1.686427
9.071655	0.295829	0.175291	i1.687650
9.072266	0.295310	0.174856	i1.688875
9.072876	0.294788	0.174420	i1.690102
9.073486	0.294263	0.173983	i1.691330
9.074097	0.293737	0.173546	i1.692560
9.074707	0.293208	0.173107	i1.693792
9.075317	0.292676	0.172668	i1.695026
9.075928	0.292142	0.172227	i1.696261
9.076538	0.291606	0.171786	i1.697498
9.077148	0.291068	0.171344	i1.698736
9.077759	0.290527	0.170900	i1.699976
9.078369	0.289983	0.170456	i1.701218
9.078979	0.289437	0.170011	i1.702462
9.079590	0.288889	0.169565	i1.703707
9.080200	0.288338	0.169118	i1.704955
9.080811	0.287785	0.168670	i1.706203
9.081421	0.287229	0.168221	i1.707454
9.082031	0.286671	0.167771	i1.708706
9.082642	0.286110	0.167320	i1.709960
9.083252	0.285547	0.166868	i1.711216
9.083862	0.284981	0.166415	i1.712474
9.084473	0.284412	0.165961	i1.713733
9.085083	0.283842	0.165506	i1.714994
9.085693	0.283268	0.165050	i1.716257
9.086304	0.282692	0.164593	i1.717521
9.086914	0.282114	0.164135	i1.718788
9.087524	0.281532	0.163676	i1.720056
9.088135	0.280949	0.163216	i1.721325
9.088745	0.280362	0.162756	i1.722597
9.089355	0.279773	0.162294	i1.723870
9.089966	0.279182	0.161831	i1.725146
9.090576	0.278587	0.161367	i1.726423
9.091187	0.277991	0.160902	i1.727701
9.091797	0.277391	0.160436	i1.728982
9.092407	0.276789	0.159969	i1.730264
9.093018	0.276184	0.159501	i1.731548
9.093628	0.275576	0.159032	i1.732834
9.094238	0.274966	0.158562	i1.734122
9.094849	0.274353	0.158091	i1.735412
9.095459	0.273737	0.157619	i1.736703
9.096069	0.273119	0.157146	i1.737996
9.096680	0.272497	0.156672	i1.739291
9.097290	0.271873	0.156196	i1.740588
9.097900	0.271247	0.155720	i1.741887
9.098511	0.270617	0.155243	i1.743187
9.099121	0.269985	0.154764	i1.744490
9.099731	0.269350	0.154285	i1.745794
9.100342	0.268712	0.153804	i1.747100
9.100952	0.268071	0.153323	i1.748408
9.101563	0.267427	0.152840	i1.749718
9.102173	0.266781	0.152356	i1.751029
9.102783	0.266131	0.151872	i1.752343
9.103394	0.265479	0.151386	i1.753658
9.104004	0.264824	0.150899	i1.754975
9.104614	0.264166	0.150411	i1.756295
9.105225	0.263505	0.149922	i1.757616
9.105835	0.262841	0.149432	i1.758939
9.106445	0.262174	0.148940	i1.760263
9.107056	0.261504	0.148448	i1.761590
9.107666	0.260832	0.147954	i1.762919
9.108276	0.260156	0.147460	i1.764249
9.108887	0.259477	0.146964	i1.765582
9.109497	0.258795	0.146467	i1.766916
9.110107	0.258111	0.145969	i1.768252
9.110718	0.257423	0.145470	i1.769590
9.111328	0.256732	0.144970	i1.770930
9.111938	0.256038	0.144469	i1.772272
9.112549	0.255341	0.143966	i1.773616
9.113159	0.254641	0.143463	i1.774962
9.113770	0.253938	0.142958	i1.776310
9.114380	0.253232	0.142452	i1.777660
9.114990	0.252523	0.141945	i1.779012
9.115601	0.251810	0.141437	i1.780365
9.116211	0.251094	0.140928	i1.781721
9.116821	0.250376	0.140418	i1.783079
9.117432	0.249654	0.139906	i1.784438
9.118042	0.248929	0.139393	i1.785800
9.118652	0.248200	0.138879	i1.787164
9.119263	0.247469	0.138364	i1.788529
9.119873	0.246734	0.137848	i1.789897
9.120483	0.245996	0.137331	i1.791266
9.121094	0.245255	0.136812	i1.792638
9.121704	0.244510	0.136293	i1.794011
9.122314	0.243762	0.135772	i1.795387
9.122925	0.243011	0.135249	i1.796764
9.123535	0.242257	0.134726	i1.798144
9.124146	0.241499	0.134202	i1.799526
9.124756	0.240738	0.133676	i1.800909
9.125366	0.239974	0.133149	i1.802295
9.125977	0.239206	0.132621	i1.803682
9.126587	0.238435	0.132092	i1.805072
9.127197	0.237660	0.131561	i1.806464
9.127808	0.236882	0.131029	i1.807858
9.128418	0.236101	0.130496	i1.809254
9.129028	0.235316	0.129962	i1.810652
9.129639	0.234528	0.129427	i1.812052
9.130249	0.233736	0.128890	i1.813454
9.130859	0.232941	0.128352	i1.814858
9.131470	0.232142	0.127813	i1.816264
9.132080	0.231340	0.127272	i1.817672
9.132690	0.230534	0.126731	i1.819083
9.133301	0.229725	0.126188	i1.820495
9.133911	0.228912	0.125644	i1.821910
9.134521	0.228095	0.125098	i1.823327
9.135132	0.227275	0.124552	i1.824745
9.135742	0.226451	0.124004	i1.826166
9.136353	0.225624	0.123455	i1.827589
9.136963	0.224793	0.122904	i1.829014
9.137573	0.223959	0.122352	i1.830442
9.138184	0.223120	0.121799	i1.831871
9.138794	0.222278	0.121245	i1.833303
9.139404	0.221433	0.120689	i1.834736
9.140015	0.220584	0.120132	i1.836172
9.140625	0.219730	0.119574	i1.837610
9.141235	0.218874	0.119014	i1.839050
9.141846	0.218013	0.118454	i1.840493
9.142456	0.217149	0.117891	i1.841937
9.143066	0.216280	0.117328	i1.843384
9.143677	0.215408	0.116763	i1.844833
9.144287	0.214533	0.116197	i1.846284
9.144897	0.213653	0.115630	i1.847737
9.145508	0.212769	0.115061	i1.849192
9.146118	0.211882	0.114491	i1.850650
9.146729	0.210991	0.113919	i1.852110
9.147339	0.210095	0.113346	i1.853572
9.147949	0.209196	0.112772	i1.855036
9.148560	0.208293	0.112196	i1.856502
9.149170	0.207386	0.111620	i1.857971
9.149780	0.206475	0.111041	i1.859442
9.150391	0.205560	0.110462	i1.860915
9.151001	0.204641	0.109881	i1.862391
9.151611	0.203718	0.109298	i1.863868
9.152222	0.202790	0.108714	i1.865348
9.152832	0.201859	0.108129	i1.866830
9.153442	0.200924	0.107543	i1.868315
9.154053	0.199984	0.106955	i1.869801
9.154663	0.199041	0.106365	i1.871290
9.155273	0.198093	0.105775	i1.872782
9.155884	0.197141	0.105183	i1.874275
9.156494	0.196185	0.104589	i1.875771
9.157104	0.195225	0.103994	i1.877269
9.157715	0.194260	0.103397	i1.878769
9.158325	0.193291	0.102800	i1.880272
9.158936	0.192318	0.102200	i1.881777
9.159546	0.191341	0.101600	i1.883285
9.160156	0.190359	0.100997	i1.884794
9.160767	0.189373	0.100394	i1.886306
9.161377	0.188383	0.099789	i1.887821
9.161987	0.187389	0.099182	i1.889337
9.162598	0.186390	0.098574	i1.890856
9.163208	0.185386	0.097965	i1.892378
9.163818	0.184379	0.097354	i1.893901
9.164429	0.183366	0.096741	i1.895428
9.165039	0.182350	0.096128	i1.896956
9.165649	0.181329	0.095512	i1.898487
9.166260	0.180303	0.094895	i1.900020
9.166870	0.179273	0.094277	i1.901556
9.167480	0.178238	0.093657	i1.903094
9.168091	0.177199	0.093036	i1.904634
9.168701	0.176155	0.092413	i1.906177
9.169312	0.175107	0.091788	i1.907722
9.169922	0.174054	0.091162	i1.909270
9.170532	0.172996	0.090535	i1.910820
9.171143	0.171934	0.089906	i1.912373
9.171753	0.170867	0.089276	i1.913927
9.172363	0.169795	0.088643	i1.915485
9.172974	0.168719	0.088010	i1.917045
9.173584	0.167638	0.087375	i1.918607
9.174194	0.166552	0.086738	i1.920172
9.174805	0.165461	0.086100	i1.921739
9.175415	0.164366	0.085460	i1.923309
9.176025	0.163265	0.084818	i1.924881
9.176636	0.162160	0.084175	i1.926455
9.177246	0.161050	0.083531	i1.928033
9.177856	0.159935	0.082885	i1.929612
9.178467	0.158816	0.082237	i1.931194
9.179077	0.157691	0.081588	i1.932779
9.179688	0.156561	0.080937	i1.934366
9.180298	0.155426	0.080284	i1.935956
9.180908	0.154287	0.079630	i1.937548
9.181519	0.153142	0.078974	i1.939143
9.182129	0.151992	0.078317	i1.940740
9.182739	0.150837	0.077658	i1.942340
9.183350	0.149678	0.076997	i1.943942
9.183960	0.148512	0.076335	i1.945547
9.184570	0.147342	0.075671	i1.947155
9.185181	0.146167	0.075005	i1.948765
9.185791	0.144986	0.074338	i1.950378
9.186401	0.143801	0.073669	i1.951993
9.187012	0.142610	0.072998	i1.953611
9.187622	0.141413	0.072326	i1.955231
9.188232	0.140212	0.071652	i1.956854
9.188843	0.139005	0.070976	i1.958480
9.189453	0.137793	0.070299	i1.960108
9.190063	0.136575	0.069619	i1.961739
9.190674	0.135352	0.068939	i1.963373
9.191284	0.134124	0.068256	i1.965009
9.191895	0.132890	0.067572	i1.966648
9.192505	0.131651	0.066886	i1.968289
9.193115	0.130406	0.066198	i1.969933
9.193726	0.129156	0.065509	i1.971580
9.194336	0.127900	0.064818	i1.973229
9.194946	0.126639	0.064125	i1.974882
9.195557	0.125372	0.063430	i1.976536
9.196167	0.124099	0.062734	i1.978194
9.196777	0.122821	0.062035	i1.979854
9.197388	0.121537	0.061336	i1.981517
9.197998	0.120248	0.060634	i1.983183
9.198608	0.118953	0.059930	i1.984851
9.199219	0.117652	0.059225	i1.986522
9.199829	0.116345	0.058518	i1.988196
9.200439	0.115032	0.057809	i1.989873
9.201050	0.113714	0.057098	i1.991552
9.201660	0.112390	0.056386	i1.993234
9.202271	0.111060	0.055671	i1.994919
9.202881	0.109724	0.054955	i1.996607
9.203491	0.108382	0.054237	i1.998297
9.204102	0.107034	0.053517	i1.999990
9.204712	0.105680	0.052796	i2.001686
9.205322	0.104320	0.052072	i2.003385
9.205933	0.102954	0.051347	i2.005087
9.206543	0.101582	0.050619	i2.006791
9.207153	0.100204	0.049890	i2.008498
9.207764	0.098820	0.049159	i2.010208
9.208374	0.097429	0.048426	i2.011921
9.208984	0.096033	0.047691	i2.013637
9.209595	0.094630	0.046954	i2.015356
9.210205	0.093221	0.046216	i2.017077
9.210815	0.091806	0.045475	i2.018801
9.211426	0.090384	0.044733	i2.020528
9.212036	0.088956	0.043988	i2.022259
9.212646	0.087522	0.043242	i2.023991
9.213257	0.086081	0.042494	i2.025727
9.213867	0.084634	0.041744	i2.027466
9.214478	0.083180	0.040991	i2.029208
9.215088	0.081720	0.040237	i2.030952
9.215698	0.080253	0.039481	i2.032700
9.216309	0.078780	0.038723	i2.034450
9.216919	0.077300	0.037963	i2.036204
9.217529	0.075814	0.037201	i2.037960
9.218140	0.074321	0.036437	i2.039719
9.218750	0.072821	0.035671	i2.041482
9.219360	0.071315	0.034903	i2.043247
9.219971	0.069801	0.034133	i2.045015
9.220581	0.068282	0.033360	i2.046786
9.221191	0.066755	0.032586	i2.048561
9.221802	0.065221	0.031810	i2.050338
9.222412	0.063681	0.031032	i2.052118
9.223022	0.062133	0.030251	i2.053901
9.223633	0.060579	0.029469	i2.055688
9.224243	0.059018	0.028685	i2.057477
9.224854	0.057450	0.027898	i2.059269
9.225464	0.055874	0.027109	i2.061065
9.226074	0.054292	0.026319	i2.062863
9.226685	0.052703	0.025526	i2.064665
9.227295	0.051106	0.024731	i2.066470
9.227905	0.049502	0.023934	i2.068277
9.228516	0.047891	0.023135	i2.070088
9.229126	0.046273	0.022334	i2.071902
9.229736	0.044647	0.021530	i2.073719
9.230347	0.043015	0.020725	i2.075539
9.230957	0.041374	0.019917	i2.077363
9.231567	0.039727	0.019107	i2.079189
9.232178	0.038072	0.018295	i2.081019
9.232788	0.036409	0.017481	i2.082851
9.233398	0.034739	0.016664	i2.084687
9.234009	0.033062	0.015845	i2.086526
9.234619	0.031377	0.015025	i2.088369
9.235229	0.029684	0.014202	i2.090214
9.235840	0.027984	0.013376	i2.092063
9.236450	0.026276	0.012549	i2.093915
9.237061	0.024560	0.011719	i2.095770
9.237671	0.022837	0.010887	i2.097628
9.238281	0.021106	0.010053	i2.099490
9.238892	0.019367	0.009216	i2.101355
9.239502	0.017620	0.008378	i2.103223
9.240112	0.015865	0.007537	i2.105094
9.240723	0.014102	0.006693	i2.106968
9.241333	0.012332	0.005848	i2.108846
9.241943	0.010553	0.005000	i2.110727
9.242554	0.008766	0.004149	i2.112612
9.243164	0.006971	0.003297	i2.114500
9.243774	0.005168	0.002442	i2.116391
9.244385	0.003357	0.001585	i2.118285
9.244995	0.001537	0.000725	i2.120183
9.245605	0.000290	-0.000137	i2.122084
9.246216	0.002127	-0.001001	i2.123988
9.246826	0.003971	-0.001868	i2.125896
9.247437	0.005824	-0.002737	i2.127807
9.248047	0.007685	-0.003608	i2.129722
9.248657	0.009555	-0.004482	i2.131640
9.249268	0.011433	-0.005359	i2.133561
9.249878	0.013320	-0.006237	i2.135486
9.250488	0.015215	-0.007118	i2.137414
9.251099	0.017119	-0.008002	i2.139346
9.251709	0.019032	-0.008888	i2.141281
9.252319	0.020953	-0.009776	i2.143219
9.252930	0.022883	-0.010667	i2.145161
9.253540	0.024822	-0.011561	i2.147107
9.254150	0.026770	-0.012457	i2.149055
9.254761	0.028727	-0.013355	i2.151008
9.255371	0.030693	-0.014256	i2.152964
9.255981	0.032667	-0.015159	i2.154923
9.256592	0.034651	-0.016065	i2.156886
9.257202	0.036644	-0.016974	i2.158852
9.257813	0.038646	-0.017885	i2.160822
9.258423	0.040657	-0.018798	i2.162796
9.259033	0.042677	-0.019714	i2.164773
9.259644	0.044707	-0.020633	i2.166754
9.260254	0.046746	-0.021554	i2.168738
9.260864	0.048794	-0.022478	i2.170726
9.261475	0.050852	-0.023405	i2.172717
9.262085	0.052919	-0.024334	i2.174712
9.262695	0.054996	-0.025266	i2.176711
9.263306	0.057082	-0.026200	i2.178713
9.263916	0.059178	-0.027137	i2.180719
9.264526	0.061284	-0.028077	i2.182728
9.265137	0.063399	-0.029019	i2.184742
9.265747	0.065524	-0.029964	i2.186758
9.266357	0.067659	-0.030912	i2.188779
9.266968	0.069803	-0.031862	i2.190803
9.267578	0.071958	-0.032815	i2.192831
9.268188	0.074122	-0.033771	i2.194863
9.268799	0.076297	-0.034729	i2.196898
9.269409	0.078481	-0.035691	i2.198937
9.270020	0.080676	-0.036655	i2.200980
9.270630	0.082881	-0.037621	i2.203027
9.271240	0.085096	-0.038591	i2.205077
9.271851	0.087321	-0.039563	i2.207132
9.272461	0.089557	-0.040538	i2.209190
9.273071	0.091803	-0.041516	i2.211251
9.273682	0.094059	-0.042497	i2.213317
9.274292	0.096326	-0.043480	i2.215386
9.274902	0.098603	-0.044467	i2.217460
9.275513	0.100891	-0.045456	i2.219537
9.276123	0.103190	-0.046448	i2.221618
9.276733	0.105499	-0.047443	i2.223702
9.277344	0.107819	-0.048441	i2.225791
9.277954	0.110150	-0.049442	i2.227884
9.278564	0.112492	-0.050445	i2.229980
9.279175	0.114845	-0.051452	i2.232081
9.279785	0.117208	-0.052461	i2.234185
9.280396	0.119583	-0.053474	i2.236293
9.281006	0.121969	-0.054489	i2.238406
9.281616	0.124366	-0.055508	i2.240522
9.282227	0.126774	-0.056529	i2.242642
9.282837	0.129193	-0.057553	i2.244766
9.283447	0.131624	-0.058580	i2.246894
9.284058	0.134066	-0.059611	i2.249026
9.284668	0.136520	-0.060644	i2.251163
9.285278	0.138985	-0.061680	i2.253303
9.285889	0.141461	-0.062720	i2.255447
9.286499	0.143950	-0.063762	i2.257595
9.287109	0.146450	-0.064808	i2.259748
9.287720	0.148961	-0.065857	i2.261904
9.288330	0.151485	-0.066908	i2.264065
9.288940	0.154020	-0.067963	i2.266229
9.289551	0.156568	-0.069021	i2.268398
9.290161	0.159127	-0.070082	i2.270571
9.290771	0.161698	-0.071147	i2.272748
9.291382	0.164282	-0.072214	i2.274929
9.291992	0.166878	-0.073285	i2.277115
9.292603	0.169486	-0.074358	i2.279304
9.293213	0.172106	-0.075436	i2.281498
9.293823	0.174739	-0.076516	i2.283696
9.294434	0.177384	-0.077599	i2.285898
9.295044	0.180041	-0.078686	i2.288105
9.295654	0.182712	-0.079776	i2.290315
9.296265	0.185395	-0.080869	i2.292530
9.296875	0.188090	-0.081966	i2.294750
9.297485	0.190799	-0.083065	i2.296973
9.298096	0.193520	-0.084168	i2.299201
9.298706	0.196254	-0.085275	i2.301433
9.299316	0.199002	-0.086385	i2.303669
9.299927	0.201762	-0.087498	i2.305910
9.300537	0.204535	-0.088614	i2.308155
9.301147	0.207322	-0.089734	i2.310405
9.301758	0.210122	-0.090857	i2.312659
9.302368	0.212935	-0.091984	i2.314917
9.302979	0.215762	-0.093114	i2.317179
9.303589	0.218602	-0.094248	i2.319446
9.304199	0.221456	-0.095384	i2.321718
9.304810	0.224323	-0.096525	i2.323994
9.305420	0.227204	-0.097669	i2.326274
9.306030	0.230099	-0.098816	i2.328559
9.306641	0.233008	-0.099967	i2.330849
9.307251	0.235931	-0.101122	i2.333142
9.307861	0.238868	-0.102280	i2.335441
9.308472	0.241819	-0.103441	i2.337744
9.309082	0.244784	-0.104606	i2.340051
9.309692	0.247763	-0.105775	i2.342363
9.310303	0.250757	-0.106947	i2.344680
9.310913	0.253765	-0.108123	i2.347001
9.311523	0.256787	-0.109303	i2.349327
9.312134	0.259824	-0.110486	i2.351657
9.312744	0.262876	-0.111673	i2.353992
9.313354	0.265943	-0.112863	i2.356332
9.313965	0.269024	-0.114057	i2.358676
9.314575	0.272120	-0.115255	i2.361025
9.315186	0.275231	-0.116457	i2.363379
9.315796	0.278358	-0.117662	i2.365737
9.316406	0.281499	-0.118871	i2.368100
9.317017	0.284656	-0.120084	i2.370468
9.317627	0.287828	-0.121301	i2.372841
9.318237	0.291015	-0.122521	i2.375218
9.318848	0.294218	-0.123746	i2.377600
9.319458	0.297436	-0.124974	i2.379987
9.320068	0.300670	-0.126206	i2.382379
9.320679	0.303920	-0.127442	i2.384776
9.321289	0.307185	-0.128681	i2.387177
9.321899	0.310467	-0.129925	i2.389583
9.322510	0.313764	-0.131173	i2.391994
9.323120	0.317078	-0.132424	i2.394410
9.323730	0.320408	-0.133680	i2.396831
9.324341	0.323754	-0.134939	i2.399257
9.324951	0.327116	-0.136203	i2.401688
9.325562	0.330495	-0.137470	i2.404124
9.326172	0.333891	-0.138742	i2.406564
9.326782	0.337303	-0.140017	i2.409010
9.327393	0.340732	-0.141297	i2.411461
9.328003	0.344177	-0.142581	i2.413917
9.328613	0.347640	-0.143868	i2.416377
9.329224	0.351120	-0.145160	i2.418843
9.329834	0.354617	-0.146456	i2.421314
9.330444	0.358131	-0.147756	i2.423790
9.331055	0.361662	-0.149061	i2.426271
9.331665	0.365211	-0.150369	i2.428757
9.332275	0.368777	-0.151682	i2.431248
9.332886	0.372361	-0.152999	i2.433745
9.333496	0.375962	-0.154320	i2.436246
9.334106	0.379582	-0.155646	i2.438753
9.334717	0.383219	-0.156976	i2.441265
9.335327	0.386874	-0.158310	i2.443782
9.335938	0.390548	-0.159648	i2.446305
9.336548	0.394240	-0.160991	i2.448833
9.337158	0.397950	-0.162338	i2.451366
9.337769	0.401678	-0.163689	i2.453904
9.338379	0.405425	-0.165045	i2.456447
9.338989	0.409191	-0.166406	i2.458996
9.339600	0.412975	-0.167770	i2.461550
9.340210	0.416779	-0.169140	i2.464110
9.340820	0.420601	-0.170513	i2.466675
9.341431	0.424443	-0.171892	i2.469245
9.342041	0.428303	-0.173274	i2.471821
9.342651	0.432183	-0.174662	i2.474402
9.343262	0.436082	-0.176053	i2.476989
9.343872	0.440001	-0.177450	i2.479581
9.344482	0.443940	-0.178851	i2.482179
9.345093	0.447898	-0.180257	i2.484782
9.345703	0.451876	-0.181667	i2.487390
9.346313	0.455875	-0.183082	i2.490005
9.346924	0.459893	-0.184501	i2.492624
9.347534	0.463931	-0.185926	i2.495250
9.348145	0.467990	-0.187355	i2.497881
9.348755	0.472070	-0.188789	i2.500517
9.349365	0.476170	-0.190228	i2.503159
9.349976	0.480290	-0.191671	i2.505807
9.350586	0.484432	-0.193119	i2.508460
9.351196	0.488594	-0.194572	i2.511120
9.351807	0.492778	-0.196030	i2.513785
9.352417	0.496983	-0.197493	i2.516455
9.353027	0.501209	-0.198961	i2.519132
9.353638	0.505457	-0.200434	i2.521814
9.354248	0.509726	-0.201911	i2.524502
9.354858	0.514017	-0.203394	i2.527195
9.355469	0.518329	-0.204882	i2.529895
9.356079	0.522664	-0.206374	i2.532601
9.356689	0.527021	-0.207872	i2.535312
9.357300	0.531400	-0.209375	i2.538029
9.357910	0.535801	-0.210883	i2.540752
9.358521	0.540225	-0.212396	i2.543481
9.359131	0.544672	-0.213914	i2.546216
9.359741	0.549141	-0.215438	i2.548957
9.360352	0.553634	-0.216966	i2.551704
9.360962	0.558149	-0.218500	i2.554457
9.361572	0.562688	-0.220039	i2.557216
9.362183	0.567249	-0.221583	i2.559981
9.362793	0.571835	-0.223133	i2.562753
9.363403	0.576444	-0.224688	i2.565530
9.364014	0.581076	-0.226248	i2.568313
9.364624	0.585733	-0.227814	i2.571103
9.365234	0.590414	-0.229385	i2.573899
9.365845	0.595119	-0.230962	i2.576701
9.366455	0.599848	-0.232543	i2.579509
9.367065	0.604602	-0.234131	i2.582323
9.367676	0.609380	-0.235724	i2.585144
9.368286	0.614183	-0.237322	i2.587971
9.368896	0.619011	-0.238926	i2.590804
9.369507	0.623864	-0.240536	i2.593643
9.370117	0.628743	-0.242151	i2.596489
9.370728	0.633647	-0.243772	i2.599342
9.371338	0.638576	-0.245399	i2.602200
9.371948	0.643531	-0.247031	i2.605065
9.372559	0.648512	-0.248669	i2.607937
9.373169	0.653519	-0.250312	i2.610815
9.373779	0.658552	-0.251962	i2.613699
9.374390	0.663612	-0.253617	i2.616590
9.375000	0.668698	-0.255278	i2.619488
9.375610	0.673811	-0.256945	i2.622392
9.376221	0.678951	-0.258618	i2.625302
9.376831	0.684117	-0.260297	i2.628219
9.377441	0.689311	-0.261982	i2.631143
9.378052	0.694532	-0.263672	i2.634074
9.378662	0.699781	-0.265369	i2.637011
9.379272	0.705058	-0.267072	i2.639955
9.379883	0.710362	-0.268781	i2.642905
9.380493	0.715694	-0.270496	i2.645863
9.381104	0.721055	-0.272217	i2.648827
9.381714	0.726444	-0.273944	i2.651798
9.382324	0.731862	-0.275677	i2.654776
9.382935	0.737308	-0.277417	i2.657760
9.383545	0.742783	-0.279163	i2.660752
9.384155	0.748288	-0.280915	i2.663750
9.384766	0.753822	-0.282674	i2.666755
9.385376	0.759385	-0.284439	i2.669767
9.385986	0.764978	-0.286210	i2.672787
9.386597	0.770601	-0.287988	i2.675813
9.387207	0.776254	-0.289772	i2.678846
9.387817	0.781937	-0.291562	i2.681886
9.388428	0.787650	-0.293359	i2.684934
9.389038	0.793395	-0.295163	i2.687988
9.389648	0.799170	-0.296973	i2.691050
9.390259	0.804976	-0.298790	i2.694119
9.390869	0.810813	-0.300614	i2.697195
9.391479	0.816682	-0.302444	i2.700278
9.392090	0.822582	-0.304281	i2.703368
9.392700	0.828515	-0.306124	i2.706466
9.393311	0.834479	-0.307975	i2.709571
9.393921	0.840476	-0.309832	i2.712683
9.394531	0.846505	-0.311696	i2.715803
9.395142	0.852566	-0.313567	i2.718930
9.395752	0.858661	-0.315445	i2.722064
9.396362	0.864789	-0.317330	i2.725206
9.396973	0.870950	-0.319221	i2.728356
9.397583	0.877144	-0.321120	i2.731512
9.398193	0.883373	-0.323026	i2.734677
9.398804	0.889635	-0.324939	i2.737849
9.399414	0.895931	-0.326860	i2.741028
9.400024	0.902262	-0.328787	i2.744215
9.400635	0.908628	-0.330722	i2.747410
9.401245	0.915028	-0.332663	i2.750613
9.401855	0.921464	-0.334613	i2.753823
9.402466	0.927935	-0.336569	i2.757041
9.403076	0.934441	-0.338533	i2.760266
9.403687	0.940983	-0.340504	i2.763500
9.404297	0.947561	-0.342483	i2.766741
9.404907	0.954176	-0.344469	i2.769990
9.405518	0.960827	-0.346463	i2.773247
9.406128	0.967515	-0.348464	i2.776512
9.406738	0.974239	-0.350473	i2.779784
9.407349	0.981002	-0.352490	i2.783065
9.407959	0.987801	-0.354514	i2.786354
9.408569	0.994638	-0.356546	i2.789651
9.409180	1.001514	-0.358586	i2.792956
9.409790	1.008427	-0.360633	i2.796269
9.410400	1.015379	-0.362689	i2.799590
9.411011	1.022370	-0.364752	i2.802919
9.411621	1.029400	-0.366823	i2.806256
9.412231	1.036469	-0.368902	i2.809602
9.412842	1.043578	-0.370990	i2.812956
9.413452	1.050726	-0.373085	i2.816318
9.414063	1.057915	-0.375189	i2.819689
9.414673	1.065144	-0.377300	i2.823068
9.415283	1.072414	-0.379420	i2.826455
9.415894	1.079724	-0.381548	i2.829851
9.416504	1.087076	-0.383684	i2.833255
9.417114	1.094469	-0.385829	i2.836668
9.417725	1.101904	-0.387982	i2.840089
9.418335	1.109381	-0.390144	i2.843519
9.418945	1.116901	-0.392314	i2.846957
9.419556	1.124463	-0.394492	i2.850404
9.420166	1.132068	-0.396679	i2.853860
9.420776	1.139716	-0.398875	i2.857324
9.421387	1.147408	-0.401080	i2.860798
9.421997	1.155143	-0.403293	i2.864279
9.422607	1.162923	-0.405515	i2.867770
9.423218	1.170747	-0.407745	i2.871270
9.423828	1.178615	-0.409985	i2.874778
9.424438	1.186529	-0.412233	i2.878296
9.425049	1.194488	-0.414491	i2.881822
9.425659	1.202493	-0.416757	i2.885357
9.426270	1.210544	-0.419033	i2.888902
9.426880	1.218641	-0.421317	i2.892455
9.427490	1.226785	-0.423611	i2.896018
9.428101	1.234975	-0.425914	i2.899589
9.428711	1.243213	-0.428226	i2.903170
9.429321	1.251499	-0.430548	i2.906760
9.429932	1.259833	-0.432879	i2.910360
9.430542	1.268214	-0.435219	i2.913968
9.431152	1.276645	-0.437569	i2.917586
9.431763	1.285124	-0.439928	i2.921214
9.432373	1.293653	-0.442297	i2.924851
9.432983	1.302232	-0.444676	i2.928497
9.433594	1.310860	-0.447064	i2.932153
9.434204	1.319539	-0.449462	i2.935818
9.434814	1.328269	-0.451870	i2.939493
9.435425	1.337049	-0.454288	i2.943177
9.436035	1.345882	-0.456715	i2.946871
9.436646	1.354766	-0.459153	i2.950575
9.437256	1.363702	-0.461601	i2.954289
9.437866	1.372691	-0.464059	i2.958012
9.438477	1.381733	-0.466527	i2.961745
9.439087	1.390828	-0.469005	i2.965488
9.439697	1.399977	-0.471493	i2.969241
9.440308	1.409180	-0.473992	i2.973004
9.440918	1.418438	-0.476501	i2.976777
9.441528	1.427750	-0.479021	i2.980560
9.442139	1.437118	-0.481551	i2.984353
9.442749	1.446541	-0.484092	i2.988156
9.443359	1.456021	-0.486643	i2.991969
9.443970	1.465557	-0.489205	i2.995793
9.444580	1.475150	-0.491778	i2.999627
9.445190	1.484801	-0.494362	i3.003471
9.445801	1.494509	-0.496956	i3.007325
9.446411	1.504275	-0.499562	i3.011190
9.447021	1.514101	-0.502178	i3.015065
9.447632	1.523985	-0.504806	i3.018951
9.448242	1.533928	-0.507445	i3.022847
9.448853	1.543932	-0.510095	i3.026754
9.449463	1.553996	-0.512756	i3.030671
9.450073	1.564121	-0.515429	i3.034600
9.450684	1.574307	-0.518113	i3.038538
9.451294	1.584555	-0.520809	i3.042488
9.451904	1.594865	-0.523516	i3.046448
9.452515	1.605238	-0.526235	i3.050420
9.453125	1.615674	-0.528966	i3.054402
9.453735	1.626173	-0.531708	i3.058395
9.454346	1.636737	-0.534462	i3.062399
9.454956	1.647365	-0.537228	i3.066415
9.455566	1.658058	-0.540007	i3.070441
9.456177	1.668817	-0.542797	i3.074478
9.456787	1.679642	-0.545599	i3.078527
9.457397	1.690534	-0.548414	i3.082587
9.458008	1.701492	-0.551241	i3.086658
9.458618	1.712518	-0.554080	i3.090741
9.459229	1.723613	-0.556932	i3.094835
9.459839	1.734775	-0.559796	i3.098941
9.460449	1.746007	-0.562673	i3.103058
9.461060	1.757309	-0.565563	i3.107186
9.461670	1.768681	-0.568465	i3.111327
9.462280	1.780123	-0.571380	i3.115479
9.462891	1.791637	-0.574309	i3.119642
9.463501	1.803223	-0.577250	i3.123818
9.464111	1.814881	-0.580204	i3.128005
9.464722	1.826612	-0.583171	i3.132204
9.465332	1.838416	-0.586152	i3.136415
9.465942	1.850295	-0.589146	i3.140639
9.466553	1.862248	-0.592154	i3.144874
9.467163	1.874277	-0.595175	i3.149121
9.467773	1.886381	-0.598209	i3.153381
9.468384	1.898562	-0.601257	i3.157653
9.468994	1.910820	-0.604319	i3.161937
9.469604	1.923155	-0.607395	i3.166233
9.470215	1.935569	-0.610485	i3.170542
9.470825	1.948061	-0.613589	i3.174863
9.471436	1.960633	-0.616707	i3.179197
9.472046	1.973286	-0.619839	i3.183544
9.472656	1.986019	-0.622986	i3.187903
9.473267	1.998833	-0.626147	i3.192274
9.473877	2.011729	-0.629322	i3.196659
9.474487	2.024708	-0.632512	i3.201056
9.475098	2.037771	-0.635717	i3.205467
9.475708	2.050917	-0.638937	i3.209890
9.476318	2.064148	-0.642171	i3.214326
9.476929	2.077465	-0.645421	i3.218776
9.477539	2.090867	-0.648685	i3.223238
9.478149	2.104356	-0.651965	i3.227714
9.478760	2.117933	-0.655260	i3.232203
9.479370	2.131598	-0.658570	i3.236705
9.479980	2.145352	-0.661896	i3.241221
9.480591	2.159195	-0.665238	i3.245750
9.481201	2.173129	-0.668595	i3.250293
9.481812	2.187154	-0.671968	i3.254849
9.482422	2.201271	-0.675357	i3.259419
9.483032	2.215480	-0.678762	i3.264003
9.483643	2.229783	-0.682183	i3.268601
9.484253	2.244179	-0.685620	i3.273212
9.484863	2.258671	-0.689073	i3.277838
9.485474	2.273258	-0.692543	i3.282477
9.486084	2.287942	-0.696030	i3.287130
9.486694	2.302723	-0.699533	i3.291798
9.487305	2.317602	-0.703053	i3.296480
9.487915	2.332579	-0.706590	i3.301176
9.488525	2.347657	-0.710144	i3.305887
9.489136	2.362835	-0.713716	i3.310612
9.489746	2.378115	-0.717304	i3.315351
9.490356	2.393496	-0.720910	i3.320105
9.490967	2.408981	-0.724533	i3.324874
9.491577	2.424570	-0.728174	i3.329658
9.492188	2.440263	-0.731832	i3.334456
9.492798	2.456063	-0.735509	i3.339269
9.493408	2.471968	-0.739203	i3.344098
9.494019	2.487982	-0.742916	i3.348941
9.494629	2.504104	-0.746647	i3.353799
9.495239	2.520335	-0.750396	i3.358673
9.495850	2.536676	-0.754164	i3.363562
9.496460	2.553129	-0.757950	i3.368466
9.497070	2.569694	-0.761755	i3.373386
9.497681	2.586372	-0.765579	i3.378321
9.498291	2.603164	-0.769422	i3.383272
9.498901	2.620072	-0.773284	i3.388238
9.499512	2.637095	-0.777166	i3.393221
9.500122	2.654236	-0.781067	i3.398219
9.500732	2.671494	-0.784987	i3.403233
9.501343	2.688872	-0.788928	i3.408263
9.501953	2.706370	-0.792888	i3.413309
9.502563	2.723990	-0.796868	i3.418371
9.503174	2.741731	-0.800868	i3.423450
9.503784	2.759597	-0.804888	i3.428545
9.504395	2.777586	-0.808929	i3.433657
9.505005	2.795701	-0.812991	i3.438785
9.505615	2.813943	-0.817073	i3.443929
9.506226	2.832313	-0.821177	i3.449091
9.506836	2.850811	-0.825301	i3.454269
9.507446	2.869440	-0.829446	i3.459464
9.508057	2.888200	-0.833613	i3.464676
9.508667	2.907092	-0.837802	i3.469906
9.509277	2.926118	-0.842012	i3.475152
9.509888	2.945279	-0.846244	i3.480416
9.510498	2.964576	-0.850497	i3.485697
9.511108	2.984010	-0.854773	i3.490995
9.511719	3.003583	-0.859072	i3.496311
9.512329	3.023295	-0.863393	i3.501645
9.512939	3.043149	-0.867736	i3.506997
9.513550	3.063144	-0.872103	i3.512366
9.514160	3.083283	-0.876492	i3.517754
9.514771	3.103568	-0.880905	i3.523159
9.515381	3.123998	-0.885341	i3.528583
9.515991	3.144576	-0.889800	i3.534024
9.516602	3.165303	-0.894284	i3.539485
9.517212	3.186180	-0.898791	i3.544963
9.517822	3.207209	-0.903322	i3.550461
9.518433	3.228391	-0.907878	i3.555977
9.519043	3.249728	-0.912458	i3.561511
9.519653	3.271221	-0.917062	i3.567065
9.520264	3.292871	-0.921692	i3.572638
9.520874	3.314680	-0.926346	i3.578230
9.521484	3.336649	-0.931026	i3.583841
9.522095	3.358780	-0.935731	i3.589471
9.522705	3.381075	-0.940462	i3.595121
9.523315	3.403535	-0.945219	i3.600790
9.523926	3.426161	-0.950001	i3.606479
9.524536	3.448955	-0.954810	i3.612188
9.525146	3.471919	-0.959646	i3.617917
9.525757	3.495054	-0.964508	i3.623666
9.526367	3.518362	-0.969397	i3.629435
9.526978	3.541845	-0.974313	i3.635224
9.527588	3.565504	-0.979256	i3.641034
9.528198	3.589342	-0.984227	i3.646864
9.528809	3.613358	-0.989225	i3.652715
9.529419	3.637557	-0.994252	i3.658586
9.530029	3.661938	-0.999307	i3.664479
9.530640	3.686505	-1.004390	i3.670392
9.531250	3.711258	-1.009502	i3.676327
9.531860	3.736200	-1.014642	i3.682283
9.532471	3.761332	-1.019812	i3.688260
9.533081	3.786657	-1.025011	i3.694259
9.533691	3.812176	-1.030240	i3.700279
9.534302	3.837891	-1.035499	i3.706321
9.534912	3.863804	-1.040788	i3.712385
9.535522	3.889918	-1.046107	i3.718472
9.536133	3.916233	-1.051456	i3.724580
9.536743	3.942752	-1.056837	i3.730711
9.537354	3.969478	-1.062248	i3.736864
9.537964	3.996411	-1.067691	i3.743040
9.538574	4.023555	-1.073166	i3.749238
9.539185	4.050911	-1.078673	i3.755459
9.539795	4.078482	-1.084211	i3.761704
9.540405	4.106269	-1.089782	i3.767971
9.541016	4.134276	-1.095386	i3.774262
9.541626	4.162503	-1.101023	i3.780577
9.542236	4.190954	-1.106693	i3.786915
9.542847	4.219630	-1.112397	i3.793277
9.543457	4.248535	-1.118135	i3.799663
9.544067	4.277669	-1.123906	i3.806072
9.544678	4.307037	-1.129713	i3.812506
9.545288	4.336639	-1.135554	i3.818965
9.545898	4.366479	-1.141429	i3.825448
9.546509	4.396559	-1.147341	i3.831956
9.547119	4.426882	-1.153288	i3.838488
9.547729	4.457449	-1.159271	i3.845046
9.548340	4.488264	-1.165290	i3.851629
9.548950	4.519330	-1.171346	i3.858237
9.549561	4.550648	-1.177439	i3.864871
9.550171	4.582222	-1.183569	i3.871530
9.550781	4.614054	-1.189736	i3.878216
9.551392	4.646147	-1.195942	i3.884927
9.552002	4.678503	-1.202186	i3.891665
9.552612	4.711126	-1.208468	i3.898429
9.553223	4.744019	-1.214789	i3.905219
9.553833	4.777184	-1.221150	i3.912037
9.554443	4.810625	-1.227551	i3.918881
9.555054	4.844343	-1.233991	i3.925752
9.555664	4.878343	-1.240472	i3.932651
9.556274	4.912627	-1.246993	i3.939577
9.556885	4.947199	-1.253556	i3.946531
9.557495	4.982061	-1.260160	i3.953513
9.558105	5.017217	-1.266807	i3.960523
9.558716	5.052669	-1.273495	i3.967561
9.559326	5.088422	-1.280226	i3.974628
9.559937	5.124479	-1.287000	i3.981723
9.560547	5.160843	-1.293818	i3.988847
9.561157	5.197517	-1.300680	i3.996000
9.561768	5.234504	-1.307586	i4.003183
9.562378	5.271810	-1.314536	i4.010395
9.562988	5.309436	-1.321532	i4.017636
9.563599	5.347386	-1.328574	i4.024908
9.564209	5.385665	-1.335661	i4.032209
9.564819	5.424275	-1.342795	i4.039541
9.565430	5.463222	-1.349976	i4.046904
9.566040	5.502508	-1.357204	i4.054297
9.566650	5.542137	-1.364480	i4.061721
9.567261	5.582113	-1.371804	i4.069177
9.567871	5.622441	-1.379177	i4.076664
9.568481	5.663124	-1.386599	i4.084183
9.569092	5.704167	-1.394071	i4.091733
9.569702	5.745573	-1.401593	i4.099316
9.570313	5.787348	-1.409166	i4.106931
9.570923	5.829494	-1.416790	i4.114579
9.571533	5.872017	-1.424466	i4.122259
9.572144	5.914921	-1.432194	i4.129973
9.572754	5.958211	-1.439974	i4.137720
9.573364	6.001890	-1.447808	i4.145501
9.573975	6.045964	-1.455696	i4.153315
9.574585	6.090438	-1.463638	i4.161164
9.575195	6.135316	-1.471635	i4.169047
9.575806	6.180603	-1.479687	i4.176965
9.576416	6.226304	-1.487796	i4.184918
9.577026	6.272423	-1.495961	i4.192906
9.577637	6.318967	-1.504183	i4.200929
9.578247	6.365940	-1.512463	i4.208988
9.578857	6.413347	-1.520801	i4.217084
9.579468	6.461194	-1.529199	i4.225215
9.580078	6.509486	-1.537656	i4.233383
9.580688	6.558229	-1.546173	i4.241588
9.581299	6.607428	-1.554751	i4.249831
9.581909	6.657088	-1.563390	i4.258110
9.582520	6.707216	-1.572092	i4.266428
9.583130	6.757818	-1.580856	i4.274784
9.583740	6.808899	-1.589684	i4.283178
9.584351	6.860465	-1.598576	i4.291610
9.584961	6.912523	-1.607533	i4.300082
9.585571	6.965078	-1.616555	i4.308593
9.586182	7.018137	-1.625644	i4.317144
9.586792	7.071707	-1.634799	i4.325735
9.587402	7.125794	-1.644022	i4.334366
9.588013	7.180405	-1.653314	i4.343038
9.588623	7.235545	-1.662675	i4.351751
9.589233	7.291223	-1.672105	i4.360505
9.589844	7.347446	-1.681607	i4.369301
9.590454	7.404219	-1.691180	i4.378139
9.591064	7.461551	-1.700825	i4.387019
9.591675	7.519449	-1.710543	i4.395942
9.592285	7.577920	-1.720335	i4.404908
9.592896	7.636972	-1.730202	i4.413918
9.593506	7.696612	-1.740145	i4.422972
9.594116	7.756849	-1.750164	i4.432070
9.594727	7.817690	-1.760260	i4.441213
9.595337	7.879144	-1.770435	i4.450400
9.595947	7.941218	-1.780689	i4.459633
9.596558	8.003922	-1.791022	i4.468913
9.597168	8.067263	-1.801437	i4.478238
9.597778	8.131251	-1.811934	i4.487610
9.598389	8.195893	-1.822513	i4.497029
9.598999	8.261200	-1.833176	i4.506496
9.599609	8.327180	-1.843924	i4.516010
9.600220	8.393843	-1.854758	i4.525573
9.600830	8.461198	-1.865679	i4.535185
9.601440	8.529255	-1.876687	i4.544846
9.602051	8.598023	-1.887785	i4.554557
9.602661	8.667513	-1.898972	i4.564318
9.603271	8.737735	-1.910251	i4.574130
9.603882	8.808699	-1.921622	i4.583992
9.604492	8.880416	-1.933086	i4.593907
9.605103	8.952896	-1.944644	i4.603874
9.605713	9.026150	-1.956298	i4.613893
9.606323	9.100191	-1.968049	i4.623965
9.606934	9.175028	-1.979898	i4.634091
9.607544	9.250673	-1.991846	i4.644271
9.608154	9.327139	-2.003895	i4.654506
9.608765	9.404438	-2.016045	i4.664796
9.609375	9.482580	-2.028298	i4.675142
9.609985	9.561580	-2.040655	i4.685544
9.610596	9.641450	-2.053119	i4.696003
9.611206	9.722202	-2.065689	i4.706519
9.611816	9.803850	-2.078367	i4.717093
9.612427	9.886408	-2.091155	i4.727726
9.613037	9.969889	-2.104054	i4.738418
9.613647	10.054306	-2.117066	i4.749170
9.614258	10.139675	-2.130192	i4.759982
9.614868	10.226010	-2.143433	i4.770855
9.615479	10.313326	-2.156792	i4.781790
9.616089	10.401638	-2.170269	i4.792787
9.616699	10.490961	-2.183867	i4.803847
9.617310	10.581311	-2.197586	i4.814970
9.617920	10.672704	-2.211428	i4.826158
9.618530	10.765156	-2.225396	i4.837411
9.619141	10.858685	-2.239491	i4.848729
9.619751	10.953307	-2.253714	i4.860114
9.620361	11.049039	-2.268067	i4.871566
9.620972	11.145900	-2.282553	i4.883085
9.621582	11.243908	-2.297172	i4.894673
9.622192	11.343080	-2.311927	i4.906331
9.622803	11.443437	-2.326820	i4.918058
9.623413	11.544997	-2.341853	i4.929856
9.624023	11.647780	-2.357027	i4.941726
9.624634	11.751806	-2.372345	i4.953668
9.625244	11.857096	-2.387808	i4.965683
9.625854	11.963671	-2.403419	i4.977772
9.626465	12.071551	-2.419179	i4.989936
9.627075	12.180760	-2.435092	i5.002176
9.627686	12.291320	-2.451159	i5.014493
9.628296	12.403253	-2.467382	i5.026887
9.628906	12.516582	-2.483765	i5.039359
9.629517	12.631333	-2.500308	i5.051911
9.630127	12.747529	-2.517014	i5.064543
9.630737	12.865194	-2.533887	i5.077257
9.631348	12.984356	-2.550928	i5.090052
9.631958	13.105040	-2.568140	i5.102931
9.632568	13.227272	-2.585525	i5.115894
9.633179	13.351080	-2.603086	i5.128942
9.633789	13.476493	-2.620827	i5.142077
9.634399	13.603537	-2.638749	i5.155299
9.635010	13.732244	-2.656855	i5.168609
9.635620	13.862643	-2.675148	i5.182009
9.636230	13.994765	-2.693632	i5.195500
9.636841	14.128640	-2.712309	i5.209082
9.637451	14.264302	-2.731182	i5.222758
9.638062	14.401783	-2.750254	i5.236527
9.638672	14.541117	-2.769529	i5.250392
9.639282	14.682338	-2.789010	i5.264354
9.639893	14.825482	-2.808700	i5.278414
9.640503	14.970585	-2.828602	i5.292573
9.641113	15.117684	-2.848721	i5.306832
9.641724	15.266818	-2.869059	i5.321194
9.642334	15.418024	-2.889620	i5.335659
9.642944	15.571345	-2.910408	i5.350228
9.643555	15.726819	-2.931426	i5.364903
9.644165	15.884490	-2.952679	i5.379687
9.644775	16.044400	-2.974171	i5.394579
9.645386	16.206594	-2.995905	i5.409581
9.645996	16.371117	-3.017886	i5.424696
9.646606	16.538016	-3.040118	i5.439925
9.647217	16.707338	-3.062606	i5.455269
9.647827	16.879132	-3.085353	i5.470730
9.648438	17.053449	-3.108364	i5.486310
9.649048	17.230341	-3.131645	i5.502010
9.649658	17.409860	-3.155199	i5.517832
9.650269	17.592061	-3.179032	i5.533779
9.650879	17.777000	-3.203149	i5.549851
9.651489	17.964734	-3.227555	i5.566051
9.652100	18.155323	-3.252254	i5.582381
9.652710	18.348827	-3.277254	i5.598842
9.653320	18.545309	-3.302558	i5.615438
9.653931	18.744832	-3.328173	i5.632169
9.654541	18.947464	-3.354105	i5.649038
9.655151	19.153271	-3.380359	i5.666047
9.655762	19.362323	-3.406942	i5.683198
9.656372	19.574693	-3.433859	i5.700494
9.656982	19.790454	-3.461118	i5.717937
9.657593	20.009682	-3.488725	i5.735529
9.658203	20.232456	-3.516686	i5.753273
9.658813	20.458855	-3.545009	i5.771171
9.659424	20.688965	-3.573701	i5.789226
9.660034	20.922869	-3.602769	i5.807441
9.660645	21.160656	-3.632221	i5.825817
9.661255	21.402416	-3.662064	i5.844359
9.661865	21.648244	-3.692306	i5.863068
9.662476	21.898236	-3.722956	i5.881949
9.663086	22.152492	-3.754022	i5.901002
9.663696	22.411113	-3.785512	i5.920233
9.664307	22.674207	-3.817436	i5.939644
9.664917	22.941882	-3.849802	i5.959237
9.665527	23.214251	-3.882619	i5.979018
9.666138	23.491430	-3.915899	i5.998988
9.666748	23.773541	-3.949650	i6.019152
9.667358	24.060707	-3.983882	i6.039512
9.667969	24.353056	-4.018607	i6.060074
9.668579	24.650721	-4.053835	i6.080840
9.669189	24.953839	-4.089577	i6.101814
9.669800	25.262553	-4.125845	i6.123001
9.670410	25.577008	-4.162650	i6.144405
9.671021	25.897356	-4.200005	i6.166030
9.671631	26.223755	-4.237923	i6.187880
9.672241	26.556367	-4.276415	i6.209960
9.672852	26.895359	-4.315497	i6.232274
9.673462	27.240907	-4.355181	i6.254828
9.674072	27.593190	-4.395482	i6.277626
9.674683	27.952396	-4.436414	i6.300673
9.675293	28.318719	-4.477993	i6.323975
9.675903	28.692360	-4.520235	i6.347537
9.676514	29.073527	-4.563155	i6.371365
9.677124	29.462437	-4.606771	i6.395464
9.677734	29.859315	-4.651099	i6.419841
9.678345	30.264392	-4.696157	i6.444502
9.678955	30.677913	-4.741965	i6.469452
9.679565	31.100128	-4.788541	i6.494698
9.680176	31.531300	-4.835905	i6.520249
9.680786	31.971699	-4.884077	i6.546109
9.681396	32.421609	-4.933079	i6.572287
9.682007	32.881324	-4.982932	i6.598790
9.682617	33.351150	-5.033661	i6.625626
9.683228	33.831407	-5.085287	i6.652802
9.683838	34.322426	-5.137835	i6.680328
9.684448	34.824554	-5.191332	i6.708212
9.685059	35.338152	-5.245802	i6.736463
9.685669	35.863596	-5.301275	i6.765089
9.686279	36.401278	-5.357777	i6.794101
9.686890	36.951609	-5.415338	i6.823509
9.687500	37.515016	-5.473989	i6.853323
9.688110	38.091947	-5.533762	i6.883554
9.688721	38.682868	-5.594689	i6.914212
9.689331	39.288270	-5.656806	i6.945310
9.689941	39.908662	-5.720148	i6.976859
9.690552	40.544580	-5.784751	i7.008872
9.691162	41.196584	-5.850655	i7.041362
9.691772	41.865261	-5.917901	i7.074343
9.692383	42.551227	-5.986530	i7.107828
9.692993	43.255126	-6.056586	i7.141833
9.693604	43.977636	-6.128115	i7.176373
9.694214	44.719467	-6.201165	i7.211463
9.694824	45.481367	-6.275785	i7.247120
9.695435	46.264120	-6.352028	i7.283363
9.696045	47.068552	-6.429948	i7.320208
9.696655	47.895531	-6.509602	i7.357675
9.697266	48.745973	-6.591049	i7.395783
9.697876	49.620840	-6.674353	i7.434554
9.698486	50.521148	-6.759578	i7.474010
9.699097	51.447971	-6.846792	i7.514172
9.699707	52.402438	-6.936068	i7.555065
9.700317	53.385746	-7.027480	i7.596713
9.700928	54.399157	-7.121107	i7.639143
9.701538	55.444010	-7.217033	i7.682383
9.702148	56.521719	-7.315345	i7.726460
9.702759	57.633784	-7.416133	i7.771406
9.703369	58.781794	-7.519496	i7.817252
9.703979	59.967437	-7.625533	i7.864032
9.704590	61.192504	-7.734352	i7.911781
9.705200	62.458901	-7.846067	i7.960537
9.705811	63.768653	-7.960795	i8.010337
9.706421	65.123918	-8.078662	i8.061225
9.707031	66.526996	-8.199802	i8.113244
9.707642	67.980339	-8.324355	i8.166439
9.708252	69.486566	-8.452469	i8.220861
9.708862	71.048477	-8.584301	i8.276559
9.709473	72.669068	-8.720019	i8.333590
9.710083	74.351547	-8.859800	i8.392012
9.710693	76.099354	-9.003831	i8.451886
9.711304	77.916183	-9.152314	i8.513277
9.711914	79.806002	-9.305459	i8.576256
9.712524	81.773082	-9.463494	i8.640897
9.713135	83.822024	-9.626661	i8.707279
9.713745	85.957790	-9.795216	i8.775487
9.714355	88.185741	-9.969437	i8.845609
9.714966	90.511676	-10.149616	i8.917744
9.715576	92.941873	-10.336069	i8.991994
9.716187	95.483145	-10.529136	i9.068469
9.716797	98.142892	-10.729178	i9.147289
9.717407	100.929165	-10.936586	i9.228581
9.718018	103.850739	-11.151780	i9.312481
9.718628	106.917194	-11.375212	i9.399139
9.719238	110.139005	-11.607371	i9.488712
9.719849	113.527650	-11.848785	i9.581375
9.720459	117.095726	-12.100026	i9.677312
9.721069	120.857089	-12.361713	i9.776726
9.721680	124.827010	-12.634520	i9.879838
9.722290	129.022355	-12.919179	i9.986885
9.722900	133.461793	-13.216489	i10.098128
9.723511	138.166039	-13.527321	i10.213851
9.724121	143.158134	-13.852631	i10.334364
9.724731	148.463770	-14.193463	i10.460010
9.725342	154.111674	-14.550970	i10.591162
9.725952	160.134058	-14.926416	i10.728232
9.726563	166.567146	-15.321201	i10.871677
9.727173	173.451800	-15.736873	i11.021999
9.727783	180.834272	-16.175150	i11.179759
9.728394	188.767084	-16.637944	i11.345577
9.729004	197.310109	-17.127391	i11.520150
9.729614	206.531853	-17.645879	i11.704254
9.730225	216.511022	-18.196095	i11.898763
9.730835	227.338437	-18.781065	i12.104661
9.731445	239.119379	-19.404216	i12.323063
9.732056	251.976487	-20.069438	i12.555234
9.732666	266.053370	-20.781172	i12.802616
9.733276	281.519132	-21.544504	i13.066865
9.733887	298.574094	-22.365293	i13.349885
9.734497	317.457077	-23.250319	i13.653880
9.735107	338.454783	-24.207476	i13.981416
9.735718	361.913965	-25.246003	i14.335496
9.736328	388.257409	-26.376793	i14.719659
9.736938	418.005152	-27.612773	i15.138109
9.737549	451.803000	-28.969403	i15.595868
9.738159	490.461396	-30.465335	i16.098999
9.738770	535.009177	-32.123270	i16.654879
9.739380	586.769160	-33.971132	i17.272582
9.739990	647.466359	-36.043654	i17.963394
9.740601	719.386070	-38.384590	i18.741533
9.741211	805.610099	-41.049847	i19.625167
9.741821	910.378799	-44.112023	i20.637884
9.742432	1039.662199	-47.667131	i21.810882
9.743042	1202.091254	-51.844877	i23.186307
9.743652	1410.535506	-56.824849	i24.822512
9.744263	1684.898484	-62.863058	i26.802681
9.744873	2057.342106	-70.337423	i29.249609
9.745483	2582.701986	-79.830146	i32.352465
9.746094	3360.978826	-92.287300	i36.418649
9.746704	4591.111647	-109.355757	i41.983264
9.747314	6718.083367	-134.179541	i50.067867
9.747925	10918.814565	-173.601528	i62.895844
9.748535	21242.186664	-245.869389	i86.396223
9.749146	60440.085282	-421.366989	i143.438112
9.749756	715901.211349	-1474.316842	i485.581655
9.750366	307221.834913	982.541956	i-312.680627
9.750977	41652.171053	368.318048	i-113.087510
9.751587	15182.438105	226.568316	i-67.010420
9.752197	7608.875961	163.564217	i-46.519196
9.752808	4468.942176	127.949854	i-34.927294
9.753418	2885.479766	105.052111	i-27.467128
9.754028	1983.207922	89.090670	i-22.260557
9.754639	1424.212518	77.327486	i-18.417934
9.755249	1056.119652	68.298021	i-15.463400
9.755859	802.222839	61.147962	i-13.119372
9.756470	620.588295	55.345377	i-11.213011
9.757080	486.771640	50.541758	i-9.631078
9.757690	385.770901	46.499237	i-8.296285
9.758301	307.982026	43.049903	i-7.154070
9.758911	247.035876	40.071849	i-6.164823
9.759521	198.580317	37.474428	i-5.299089
9.760132	159.564023	35.188832	i-4.534508
9.760742	127.799379	33.161893	i-3.853802
9.761353	101.687002	31.351876	i-3.243410
9.761963	80.037172	29.725563	i-2.692537
9.762573	61.951171	28.256186	i-2.192482
9.763184	46.740679	26.921935	i-1.736156
9.763794	33.871930	25.704857	i-1.317725
9.764404	22.926329	24.590044	i-0.932342
9.765015	13.572226	23.565011	i-0.575948
9.765625	5.544393	22.619224	i-0.245119
9.766235	1.371105	21.743732	i0.063057
9.766846	7.348190	20.930882	i0.351069
9.767456	12.529287	20.174090	i0.621058
9.768066	17.031814	19.467663	i0.874877
9.768677	20.953180	18.806649	i1.114137
9.769287	24.374660	18.186727	i1.340244
9.769897	27.364440	17.604102	i1.554435
9.770508	29.980010	17.055433	i1.757798
9.771118	32.270073	16.537764	i1.951296
9.771729	34.276069	16.048470	i2.135784
9.772339	36.033408	15.585215	i2.312025
9.772949	37.572462	15.145910	i2.480700
9.773560	38.919379	14.728681	i2.642421
9.774170	40.096750	14.331845	i2.797738
9.774780	41.124152	13.953885	i2.947147
9.775391	42.018607	13.593427	i3.091097
9.776001	42.794957	13.249228	i3.229996
9.776611	43.466177	12.920158	i3.364214
9.777222	44.043641	12.605188	i3.494088
9.777832	44.537344	12.303379	i3.619928
9.778442	44.956089	12.013874	i3.742014
9.779053	45.307644	11.735886	i3.860607
9.779663	45.598883	11.468692	i3.975944
9.780273	45.835895	11.211629	i4.088246
9.780884	46.024088	10.964086	i4.197713
9.781494	46.168270	10.725496	i4.304535
9.782104	46.272724	10.495340	i4.408883
9.782715	46.341272	10.273133	i4.510919
9.783325	46.377329	10.058427	i4.610793
9.783936	46.383947	9.850807	i4.708644
9.784546	46.363862	9.649886	i4.804602
9.785156	46.319527	9.455303	i4.898788
9.785767	46.253143	9.266723	i4.991316
9.786377	46.166685	9.083832	i5.082292
9.786987	46.061933	8.906337	i5.171816
9.787598	45.940484	8.733963	i5.259981
9.788208	45.803777	8.566454	i5.346877
9.788818	45.653109	8.403568	i5.432586
9.789429	45.489646	8.245079	i5.517187
9.790039	45.314440	8.090774	i5.600754
9.790649	45.128437	7.940453	i5.683358
9.791260	44.932490	7.793926	i5.765065
9.791870	44.727367	7.651015	i5.845939
9.792480	44.513758	7.511553	i5.926039
9.793091	44.292283	7.375380	i6.005424
9.793701	44.063500	7.242346	i6.084147
9.794312	43.827909	7.112309	i6.162262
9.794922	43.585955	6.985133	i6.239817
9.795532	43.338039	6.860692	i6.316861
9.796143	43.084514	6.738862	i6.393440
9.796753	42.825695	6.619530	i6.469598
9.797363	42.561861	6.502584	i6.545376
9.797974	42.293255	6.387921	i6.620817
9.798584	42.020091	6.275441	i6.695958
9.799194	41.742551	6.165048	i6.770839
9.799805	41.460793	6.056652	i6.845497
9.800415	41.174950	5.950167	i6.919966
9.801025	40.885132	5.845509	i6.994281
9.801636	40.591426	5.742599	i7.068477
9.802246	40.293901	5.641361	i7.142585
9.802856	39.992606	5.541722	i7.216638
9.803467	39.687574	5.443613	i7.290668
9.804077	39.378820	5.346966	i7.364704
9.804688	39.066343	5.251716	i7.438776
9.805298	38.750129	5.157802	i7.512915
9.805908	38.430148	5.065164	i7.587148
9.806519	38.106357	4.973744	i7.661504
9.807129	37.778701	4.883486	i7.736011
9.807739	37.447112	4.794337	i7.810697
9.808350	37.111508	4.706245	i7.885588
9.808960	36.771798	4.619159	i7.960713
9.809570	36.427879	4.533031	i8.036097
9.810181	36.079635	4.447814	i8.111767
9.810791	35.726941	4.363463	i8.187750
9.811401	35.369660	4.279931	i8.264072
9.812012	35.007646	4.197177	i8.340759
9.812622	34.640739	4.115159	i8.417838
9.813232	34.268771	4.033834	i8.495335
9.813843	33.891562	3.953164	i8.573275
9.814453	33.508922	3.873109	i8.651686
9.815063	33.120650	3.793631	i8.730594
9.815674	32.726532	3.714692	i8.810025
9.816284	32.326346	3.636257	i8.890007
9.816895	31.919856	3.558288	i8.970565
9.817505	31.506815	3.480752	i9.051727
9.818115	31.086965	3.403612	i9.133522
9.818726	30.660033	3.326835	i9.215976
9.819336	30.225737	3.250388	i9.299117
9.819946	29.783778	3.174236	i9.382975
9.820557	29.333846	3.098348	i9.467578
9.821167	28.875616	3.022689	i9.552955
9.821777	28.408750	2.947230	i9.639137
9.822388	27.932891	2.871936	i9.726153
9.822998	27.447671	2.796777	i9.814035
9.823608	26.952701	2.721721	i9.902814
9.824219	26.447579	2.646737	i9.992523
9.824829	25.931882	2.571793	i10.083194
9.825439	25.405171	2.496857	i10.174860
9.826050	24.866984	2.421899	i10.267557
9.826660	24.316841	2.346887	i10.361319
9.827271	23.754240	2.271789	i10.456183
9.827881	23.178656	2.196574	i10.552185
9.828491	22.589541	2.121211	i10.649363
9.829102	21.986321	2.045666	i10.747756
9.829712	21.368397	1.969909	i10.847404
9.830322	20.735140	1.893906	i10.948349
9.830933	20.085895	1.817624	i11.050632
9.831543	19.419975	1.741031	i11.154297
9.832153	18.736661	1.664092	i11.259389
9.832764	18.035198	1.586774	i11.365954
9.833374	17.314797	1.509041	i11.474040
9.833984	16.574631	1.430859	i11.583695
9.834595	15.813831	1.352191	i11.694972
9.835205	15.031488	1.273000	i11.807923
9.835815	14.226645	1.193250	i11.922600
9.836426	13.398300	1.112902	i12.039062
9.837036	12.545398	1.031917	i12.157366
9.837646	11.666832	0.950256	i12.277572
9.838257	10.761436	0.867876	i12.399743
9.838867	9.827987	0.784736	i12.523943
9.839478	8.865195	0.700793	i12.650240
9.840088	7.871703	0.616002	i12.778703
9.840698	6.846080	0.530317	i12.909405
9.841309	5.786818	0.443692	i13.042421
9.841919	4.692328	0.356078	i13.177829
9.842529	3.560933	0.267423	i13.315710
9.843140	2.390862	0.177678	i13.456149
9.843750	1.180243	0.086787	i13.599235
9.844360	0.072901	-0.005304	i13.745059
9.844971	1.370662	-0.098653	i13.893718
9.845581	2.715253	-0.193321	i14.045310
9.846191	4.109017	-0.289369	i14.199941
9.846802	5.554438	-0.386861	i14.357720
9.847412	7.054149	-0.485864	i14.518761
9.848022	8.610943	-0.586449	i14.683182
9.848633	10.227787	-0.688688	i14.851109
9.849243	11.907831	-0.792657	i15.022672
9.849854	13.654425	-0.898435	i15.198007
9.850464	15.471133	-1.006105	i15.377259
9.851074	17.361751	-1.115752	i15.560578
9.851685	19.330321	-1.227468	i15.748121
9.852295	21.381156	-1.341348	i15.940054
9.852905	23.518856	-1.457490	i16.136552
9.853516	25.748336	-1.575998	i16.337799
9.854126	28.074851	-1.696982	i16.543986
9.854736	30.504019	-1.820558	i16.755317
9.855347	33.041861	-1.946845	i16.972008
9.855957	35.694827	-2.075971	i17.194283
9.856567	38.469836	-2.208070	i17.422381
9.857178	41.374320	-2.343284	i17.656554
9.857788	44.416264	-2.481762	i17.897070
9.858398	47.604263	-2.623661	i18.144209
9.859009	50.947571	-2.769150	i18.398272
9.859619	54.456166	-2.918404	i18.659574
9.860229	58.140820	-3.071610	i18.928451
9.860840	62.013169	-3.228968	i19.205262
9.861450	66.085806	-3.390688	i19.490385
9.862061	70.372366	-3.556994	i19.784223
9.862671	74.887639	-3.728126	i20.087207
9.863281	79.647684	-3.904337	i20.399796
9.863892	84.669960	-4.085899	i20.722479
9.864502	89.973477	-4.273101	i21.055779
9.865112	95.578962	-4.466253	i21.400255
9.865723	101.509046	-4.665687	i21.756506
9.866333	107.788474	-4.871757	i22.125176
9.866943	114.444352	-5.084844	i22.506954
9.867554	121.506410	-5.305359	i22.902582
9.868164	129.007320	-5.533741	i23.312857
9.868774	136.983044	-5.770467	i23.738643
9.869385	145.473240	-6.016048	i24.180866
9.869995	154.521720	-6.271038	i24.640533
9.870605	164.176984	-6.536038	i25.118732
9.871216	174.492827	-6.811698	i25.616643
9.871826	185.529045	-7.098724	i26.135549
9.872437	197.352254	-7.397886	i26.676845
9.873047	210.036833	-7.710022	i27.242055
9.873657	223.666029	-8.036047	i27.832842
9.874268	238.333257	-8.376965	i28.451027
9.874878	254.143604	-8.733875	i29.098608
9.875488	271.215625	-9.107986	i29.777782
9.876099	289.683450	-9.500631	i30.490971
9.876709	309.699291	-9.913280	i31.240849
9.877319	331.436432	-10.347565	i32.030379
9.877930	355.092811	-10.805295	i32.862851
9.878540	380.895321	-11.288486	i33.741931
9.879150	409.105026	-11.799390	i34.671711
9.879761	440.023492	-12.340528	i35.656779
9.880371	474.000525	-12.914739	i36.702293
9.880981	511.443692	-13.525221	i37.814073
9.881592	552.830102	-14.175600	i38.998709
9.882202	598.721069	-14.869997	i40.263697
9.882813	649.780519	-15.613120	i41.617597
9.883423	706.798247	-16.410366	i43.070230
9.884033	770.719543	-17.267963	i44.632917
9.884644	842.683278	-18.193123	i46.318781
9.885254	924.071288	-19.194256	i48.143115
9.885864	1016.573090	-20.281223	i50.123854
9.886475	1122.271579	-21.465665	i52.282173
9.887085	1243.757852	-22.761421	i54.643244
9.887695	1384.287060	-24.185078	i57.237238
9.888306	1547.992858	-25.756686	i60.100623
9.888916	1740.187085	-27.500709	i63.277900
9.889526	1967.785589	-29.447314	i66.823941
9.890137	2239.924718	-31.634137	i70.807202
9.890747	2568.872493	-34.108740	i75.314201
9.891357	2971.407014	-36.932124	i80.455894
9.891968	3470.957028	-40.183828	i86.376964
9.892578	4101.026730	-43.969557	i93.269685
9.893188	4910.866151	-48.432902	i101.395249
9.893799	5975.240272	-53.773986	i111.117675
9.894409	7412.064832	-60.280320	i122.959945
9.895020	9416.070613	-68.380353	i137.701404
9.895630	12327.576986	-78.741890	i156.556784
9.896240	16785.384051	-92.466374	i181.529602
9.896851	24105.641958	-111.509081	i216.176492
9.897461	37367.540444	-139.705359	i267.473923
9.898071	65239.242858	-185.745424	i351.229341
9.898682	140642.774614	-274.412485	i512.523235
9.899292	491124.743691	-515.949090	i951.886055
9.899902	25995174.263097	-3776.661462	i6883.109467
9.900513	949602.943090	726.221428	i-1307.594222
9.901123	199240.152334	334.664022	i-595.343805
9.901733	84184.585887	218.849857	i-384.668225
9.902344	46345.682902	163.354618	i-283.712107
9.902954	29358.241485	130.790614	i-224.467495
9.903564	20290.438775	109.378161	i-185.507222
9.904175	14881.592305	94.226279	i-157.934628
9.904785	11395.221729	82.939385	i-137.392165
9.905396	9015.570103	74.205871	i-121.494027
9.906006	7318.136890	67.247302	i-108.824245
9.906616	6064.234360	61.572489	i-98.489349
9.907227	5111.241127	56.856184	i-89.897716
9.907837	4369.653031	52.874464	i-82.642030
9.908447	3780.981816	49.468121	i-76.432695
9.909058	3305.687520	46.520862	i-71.058174
9.909668	2916.255935	43.945761	i-66.360346
9.910278	2593.058028	41.676538	i-62.218652
9.910889	2321.782885	39.661776	i-58.539559
9.911499	2091.795875	37.860972	i-55.249397
9.912109	1895.059516	36.241790	i-52.289346
9.912720	1725.406871	34.778102	i-49.611876
9.913330	1578.041692	33.448563	i-47.178162
9.913940	1449.187864	32.235567	i-44.956178
9.914551	1335.839246	31.124462	i-42.919272
9.915161	1235.578341	30.102956	i-41.045084
9.915771	1146.442938	29.160659	i-39.314713
9.916382	1066.826763	28.288730	i-37.712077
9.916992	995.404553	27.479597	i-36.223404
9.917603	931.074938	26.726740	i-34.836831
9.918213	872.916426	26.024512	i-33.542086
9.918823	820.153188	25.367998	i-32.330229
9.919434	772.128205	24.752902	i-31.193442
9.920044	728.282027	24.175449	i-30.124860
9.920654	688.135841	23.632313	i-29.118430
9.921265	651.277879	23.120547	i-28.168792
9.921875	617.352423	22.637535	i-27.271186
9.922485	586.050869	22.180944	i-26.421367
9.923096	557.104405	21.748688	i-25.615541
9.923706	530.277992	21.338896	i-24.850301
9.924316	505.365380	20.949884	i-24.122586
9.924927	482.184962	20.580135	i-23.429631
9.925537	460.576312	20.228274	i-22.768937
9.926147	440.397274	19.893057	i-22.138240
9.926758	421.521519	19.573353	i-21.535478
9.927368	403.836460	19.268131	i-20.958777
9.927979	387.241494	18.976450	i-20.406425
9.928589	371.646497	18.697450	i-19.876854
9.929199	356.970531	18.430344	i-19.368631
9.929810	343.140746	18.174407	i-18.880437
9.930420	330.091416	17.928974	i-18.411060
9.931030	317.763121	17.693432	i-17.959383
9.931641	306.102031	17.467215	i-17.524376
9.932251	295.059280	17.249800	i-17.105084
9.932861	284.590428	17.040703	i-16.700628
9.933472	274.654982	16.839475	i-16.310187
9.934082	265.215984	16.645700	i-15.933003
9.934692	256.239643	16.458990	i-15.568370
9.935303	247.695016	16.278986	i-15.215629
9.935913	239.553717	16.105351	i-14.874169
9.936523	231.789672	15.937772	i-14.543417
9.937134	224.378893	15.775956	i-14.222839
9.937744	217.299280	15.619630	i-13.911935
9.938354	210.530443	15.468537	i-13.610236
9.938965	204.053547	15.322437	i-13.317304
9.939575	197.851169	15.181105	i-13.032725
9.940186	191.907171	15.044329	i-12.756114
9.940796	186.206591	14.911910	i-12.487106
9.941406	180.735536	14.783661	i-12.225357
9.942017	175.481097	14.659406	i-11.970546
9.942627	170.431257	14.538979	i-11.722368
9.943237	165.574828	14.422223	i-11.480534
9.943848	160.901373	14.308991	i-11.244775
9.944458	156.401152	14.199142	i-11.014831
9.945068	152.065066	14.092544	i-10.790462
9.945679	147.884601	13.989073	i-10.571437
9.946289	143.851792	13.888611	i-10.357537
9.946899	139.959171	13.791044	i-10.148555
9.947510	136.199736	13.696267	i-9.944296
9.948120	132.566916	13.604179	i-9.744573
9.948730	129.054537	13.514684	i-9.549209
9.949341	125.656792	13.427691	i-9.358034
9.949951	122.368218	13.343114	i-9.170889
9.950562	119.183671	13.260870	i-8.987621
9.951172	116.098302	13.180881	i-8.808084
9.951782	113.107537	13.103073	i-8.632138
9.952393	110.207059	13.027374	i-8.459653
9.953003	107.392789	12.953717	i-8.290500
9.953613	104.660872	12.882038	i-8.124558
9.954224	102.007662	12.812275	i-7.961714
9.954834	99.429707	12.744369	i-7.801854
9.955444	96.923736	12.678264	i-7.644875
9.956055	94.486651	12.613906	i-7.490674
9.956665	92.115510	12.551244	i-7.339154
9.957275	89.807523	12.490230	i-7.190222
9.957886	87.560040	12.430816	i-7.043789
9.958496	85.370543	12.372957	i-6.899769
9.959106	83.236636	12.316611	i-6.758079
9.959717	81.156041	12.261737	i-6.618642
9.960327	79.126588	12.208295	i-6.481379
9.960938	77.146209	12.156247	i-6.346219
9.961548	75.212936	12.105558	i-6.213091
9.962158	73.324888	12.056192	i-6.081928
9.962769	71.480273	12.008117	i-5.952663
9.963379	69.677378	11.961300	i-5.825235
9.963989	67.914568	11.915711	i-5.699582
9.964600	66.190279	11.871321	i-5.575645
9.965210	64.503015	11.828102	i-5.453370
9.965820	62.851344	11.786026	i-5.332700
9.966431	61.233896	11.745067	i-5.213584
9.967041	59.649358	11.705201	i-5.095970
9.967651	58.096472	11.666404	i-4.979810
9.968262	56.574029	11.628652	i-4.865055
9.968872	55.080871	11.591924	i-4.751659
9.969482	53.615886	11.556197	i-4.639579
9.970093	52.178005	11.521453	i-4.528769
9.970703	50.766201	11.487671	i-4.419190
9.971313	49.379484	11.454832	i-4.310800
9.971924	48.016906	11.422918	i-4.203559
9.972534	46.677549	11.391912	i-4.097429
9.973145	45.360532	11.361797	i-3.992373
9.973755	44.065005	11.332556	i-3.888355
9.974365	42.790148	11.304176	i-3.785340
9.974976	41.535168	11.276639	i-3.683293
9.975586	40.299302	11.249933	i-3.582181
9.976196	39.081812	11.224044	i-3.481972
9.976807	37.881983	11.198958	i-3.382635
9.977417	36.699125	11.174663	i-3.284137
9.978027	35.532569	11.151146	i-3.186450
9.978638	34.381667	11.128397	i-3.089544
9.979248	33.245793	11.106403	i-2.993390
9.979858	32.124337	11.085154	i-2.897960
9.980469	31.016709	11.064640	i-2.803228
9.981079	29.922334	11.044851	i-2.709166
9.981689	28.840657	11.025777	i-2.615748
9.982300	27.771134	11.007410	i-2.522949
9.982910	26.713237	10.989741	i-2.430743
9.983521	25.666455	10.972762	i-2.339106
9.984131	24.630284	10.956464	i-2.248014
9.984741	23.604238	10.940841	i-2.157443
9.985352	22.587840	10.925884	i-2.067369
9.985962	21.580624	10.911588	i-1.977771
9.986572	20.582135	10.897946	i-1.888625
9.987183	19.591928	10.884952	i-1.799910
9.987793	18.609568	10.872599	i-1.711602
9.988403	17.634626	10.860883	i-1.623683
9.989014	16.666685	10.849798	i-1.536129
9.989624	15.705333	10.839339	i-1.448920
9.990234	14.750166	10.829502	i-1.362036
9.990845	13.800786	10.820282	i-1.275455
9.991455	12.856804	10.811675	i-1.189159
9.992065	11.917833	10.803678	i-1.103127
9.992676	10.983494	10.796287	i-1.017340
9.993286	10.053412	10.789499	i-0.931777
9.993896	9.127216	10.783311	i-0.846421
9.994507	8.204541	10.777720	i-0.761250
9.995117	7.285024	10.772724	i-0.676247
9.995728	6.368306	10.768321	i-0.591393
9.996338	5.454031	10.764509	i-0.506668
9.996948	4.541844	10.761286	i-0.422054
9.997559	3.631395	10.758651	i-0.337533
9.998169	2.722334	10.756602	i-0.253085
9.998779	1.814312	10.755140	i-0.168693
9.999390	0.906983	10.754262	i-0.084337
