1	-9.943495	0.000000	1.807484
2	-9.943495	0.000000	1.789410
3	-9.943495	0.000000	1.771515
4	-9.943495	0.000000	1.753800
5	-10.017612	0.200000	1.736262
6	-10.861455	0.333333	1.718900
7	-11.596322	0.428571	1.701711
8	-11.596322	0.375000	1.684694
9	-11.596322	0.333333	1.667847
10	-11.596322	0.300000	1.651168
11	-11.596322	0.272727	1.634657
12	-11.596322	0.250000	1.618310
13	-11.596322	0.230769	1.602127
14	-11.709445	0.285714	1.586106
15	-11.709445	0.266667	1.570245
16	-11.847808	0.312500	1.554542
17	-12.354238	0.352941	1.538997
18	-12.354238	0.333333	1.523607
19	-12.354238	0.315789	1.508371
20	-12.354238	0.300000	1.493287
21	-12.992360	0.333333	1.478354
22	-12.992360	0.318182	1.463571
23	-12.992360	0.304348	1.448935
24	-13.554335	0.333333	1.434445
25	-13.554335	0.320000	1.420101
26	-13.554335	0.307692	1.405900
27	-13.554335	0.296296	1.391841
28	-13.554335	0.285714	1.377923
29	-13.554335	0.275862	1.364143
30	-13.554335	0.266667	1.350502
31	-14.173093	0.290323	1.336997
32	-14.173093	0.281250	1.323627
33	-14.173093	0.272727	1.310391
34	-14.173093	0.264706	1.297287
35	-14.173093	0.257143	1.284314
36	-14.173093	0.250000	1.271471
37	-14.173093	0.243243	1.258756
38	-14.173093	0.236842	1.246168
39	-14.173093	0.230769	1.233707
40	-14.173093	0.225000	1.221370
41	-14.457562	0.243902	1.209156
42	-14.457562	0.238095	1.197064
43	-14.457562	0.232558	1.185094
44	-14.457562	0.227273	1.173243
45	-14.457562	0.222222	1.161510
46	-14.529421	0.239130	1.149895
47	-14.529421	0.234043	1.138396
48	-14.529421	0.229167	1.127012
49	-14.529421	0.224490	1.115742
50	-14.529421	0.220000	1.104585
51	-14.793904	0.235294	1.093539
52	-14.793904	0.230769	1.082604
53	-14.793904	0.226415	1.071778
54	-14.793904	0.222222	1.061060
55	-14.793904	0.218182	1.050449
56	-14.793904	0.214286	1.039945
57	-14.793904	0.210526	1.029545
58	-14.793904	0.206897	1.019250
59	-14.793904	0.203390	1.009057
60	-14.793904	0.200000	0.998967
61	-14.793904	0.196721	0.988977
62	-14.793904	0.193548	0.979087
63	-14.793904	0.190476	0.969296
64	-14.793904	0.187500	0.959604
65	-14.793904	0.184615	0.950007
66	-14.793904	0.181818	0.940507
67	-14.793904	0.179104	0.931102
68	-14.793904	0.176471	0.921791
69	-14.793904	0.173913	0.912573
70	-14.793904	0.171429	0.903448
71	-14.793904	0.169014	0.894413
72	-14.793904	0.166667	0.885469
73	-14.793904	0.164384	0.876614
74	-14.793904	0.162162	0.867848
75	-14.793904	0.160000	0.859170
76	-14.793904	0.157895	0.850578
77	-14.793904	0.155844	0.842072
78	-14.793904	0.153846	0.833652
79	-14.793904	0.151899	0.825315
80	-14.793904	0.150000	0.817062
81	-14.793904	0.148148	0.808891
82	-14.793904	0.146341	0.800802
83	-14.793904	0.144578	0.792794
84	-14.845769	0.154762	0.784866
85	-14.845769	0.152941	0.777018
86	-14.845769	0.151163	0.769248
87	-14.845769	0.149425	0.761555
88	-14.845769	0.147727	0.753939
89	-14.845769	0.146067	0.746400
90	-14.845769	0.144444	0.738936
91	-14.845769	0.142857	0.731547
92	-14.845769	0.141304	0.724231
93	-14.845769	0.139785	0.716989
94	-14.845769	0.138298	0.709819
95	-14.845769	0.136842	0.702721
96	-14.845769	0.135417	0.695694
97	-14.845769	0.134021	0.688737
98	-14.845769	0.132653	0.681849
99	-14.860863	0.141414	0.675031
100	-14.860863	0.140000	0.668281
101	-14.860863	0.138614	0.661598
102	-14.860863	0.137255	0.654982
103	-14.860863	0.135922	0.648432
104	-14.860863	0.134615	0.641948
105	-14.860863	0.133333	0.635528
106	-14.860863	0.132075	0.629173
107	-14.860863	0.130841	0.622881
108	-14.860863	0.129630	0.616652
109	-14.860863	0.128440	0.610486
110	-15.209657	0.136364	0.604381
111	-15.209657	0.135135	0.598337
112	-15.209657	0.133929	0.592354
113	-15.209657	0.132743	0.586430
114	-15.209657	0.131579	0.580566
115	-15.209657	0.130435	0.574760
116	-15.209657	0.129310	0.569013
117	-15.209657	0.128205	0.563323
118	-15.209657	0.127119	0.557689
119	-15.209657	0.126050	0.552112
120	-15.209657	0.125000	0.546591
121	-15.209657	0.123967	0.541125
122	-15.209657	0.122951	0.535714
123	-15.209657	0.121951	0.530357
124	-15.209657	0.120968	0.525053
125	-15.266056	0.128000	0.519803
126	-15.266056	0.126984	0.514605
127	-15.266056	0.125984	0.509459
128	-15.266056	0.125000	0.504364
129	-15.266056	0.124031	0.499321
130	-15.266056	0.123077	0.494327
131	-15.266056	0.122137	0.489384
132	-15.266056	0.121212	0.484490
133	-15.266056	0.120301	0.479645
134	-15.266056	0.119403	0.474849
135	-15.266056	0.118519	0.470100
136	-15.270165	0.125000	0.465399
137	-15.270165	0.124088	0.460745
138	-15.270165	0.123188	0.456138
139	-15.270165	0.122302	0.451577
140	-15.270165	0.121429	0.447061
141	-15.270165	0.120567	0.442590
142	-15.270165	0.119718	0.438164
143	-15.270165	0.118881	0.433783
144	-15.542026	0.125000	0.429445
145	-15.542026	0.124138	0.425150
146	-15.542026	0.123288	0.420899
147	-15.542026	0.122449	0.416690
148	-15.542026	0.121622	0.412523
149	-15.542026	0.120805	0.408398
150	-15.969510	0.126667	0.404314
151	-15.969510	0.125828	0.400271
152	-15.969510	0.125000	0.396268
153	-15.969510	0.124183	0.392305
154	-15.969510	0.123377	0.388382
155	-15.969510	0.122581	0.384498
156	-15.969510	0.121795	0.380653
157	-15.988114	0.127389	0.376847
158	-15.988114	0.126582	0.373078
159	-15.988114	0.125786	0.369348
160	-15.988114	0.125000	0.365654
161	-15.988114	0.124224	0.361998
162	-15.988114	0.123457	0.358378
163	-15.988114	0.122699	0.354794
164	-15.988114	0.121951	0.351246
165	-15.988114	0.121212	0.347733
166	-15.988114	0.120482	0.344256
167	-15.988114	0.119760	0.340814
168	-15.988114	0.119048	0.337405
169	-15.988114	0.118343	0.334031
170	-15.988114	0.117647	0.330691
171	-16.026574	0.122807	0.327384
172	-16.026574	0.122093	0.324110
173	-16.026574	0.121387	0.320869
174	-16.026574	0.120690	0.317661
175	-16.026574	0.120000	0.314484
176	-16.026574	0.119318	0.311339
177	-16.026574	0.118644	0.308226
178	-16.026574	0.117978	0.305143
179	-16.026574	0.117318	0.302092
180	-16.026574	0.116667	0.299071
181	-16.026574	0.116022	0.296080
182	-16.026574	0.115385	0.293120
183	-16.026574	0.114754	0.290188
184	-16.026574	0.114130	0.287286
185	-16.209395	0.118919	0.284414
186	-16.209395	0.118280	0.281569
187	-16.209395	0.117647	0.278754
188	-16.209395	0.117021	0.275966
189	-16.209395	0.116402	0.273207
190	-16.209395	0.115789	0.270475
191	-16.209395	0.115183	0.267770
192	-16.209395	0.114583	0.265092
193	-16.209395	0.113990	0.262441
194	-16.209395	0.113402	0.259817
195	-16.209395	0.112821	0.257219
196	-16.209395	0.112245	0.254646
197	-16.209395	0.111675	0.252100
198	-16.209395	0.111111	0.249579
199	-16.209395	0.110553	0.247083
200	-16.209395	0.110000	0.244612
201	-16.209395	0.109453	0.242166
202	-16.209395	0.108911	0.239745
203	-16.209395	0.108374	0.237347
204	-16.273122	0.112745	0.234974
205	-16.273122	0.112195	0.232624
206	-16.273122	0.111650	0.230298
207	-16.273122	0.111111	0.227995
208	-16.273122	0.110577	0.225715
209	-16.273122	0.110048	0.223458
210	-16.273122	0.109524	0.221223
211	-16.273122	0.109005	0.219011
212	-16.273122	0.108491	0.216821
213	-16.311794	0.112676	0.214652
214	-16.311794	0.112150	0.212506
215	-16.311794	0.111628	0.210381
216	-16.311794	0.111111	0.208277
217	-16.311794	0.110599	0.206194
218	-16.311794	0.110092	0.204132
219	-16.311794	0.109589	0.202091
220	-16.311794	0.109091	0.200070
221	-16.387984	0.113122	0.198069
222	-16.387984	0.112613	0.196089
223	-16.387984	0.112108	0.194128
224	-16.387984	0.111607	0.192187
225	-16.387984	0.111111	0.190265
226	-16.387984	0.110619	0.188362
227	-16.461366	0.114537	0.186478
228	-16.461366	0.114035	0.184614
229	-16.461366	0.113537	0.182767
230	-16.461366	0.113043	0.180940
231	-16.461366	0.112554	0.179130
232	-16.461366	0.112069	0.177339
233	-16.461366	0.111588	0.175566
234	-16.461366	0.111111	0.173810
235	-16.461366	0.110638	0.172072
236	-16.633264	0.114407	0.170351
237	-16.633264	0.113924	0.168648
238	-16.633264	0.113445	0.166961
239	-16.633264	0.112971	0.165292
240	-16.633264	0.112500	0.163639
241	-16.653445	0.116183	0.162002
242	-16.700548	0.119835	0.160382
243	-16.700548	0.119342	0.158778
244	-16.700548	0.118852	0.157191
245	-16.700548	0.118367	0.155619
246	-16.700548	0.117886	0.154063
247	-16.700548	0.117409	0.152522
248	-16.700548	0.116935	0.150997
249	-16.788676	0.120482	0.149487
250	-16.788676	0.120000	0.147992
251	-16.853360	0.123506	0.146512
252	-16.853360	0.123016	0.145047
253	-16.853360	0.122530	0.143596
254	-16.855996	0.125984	0.142160
255	-16.855996	0.125490	0.140739
256	-16.855996	0.125000	0.139331
257	-16.855996	0.124514	0.137938
258	-16.855996	0.124031	0.136559
259	-16.855996	0.123552	0.135193
260	-16.867715	0.126923	0.133841
261	-16.867715	0.126437	0.132503
262	-16.867715	0.125954	0.131178
263	-16.867715	0.125475	0.129866
264	-16.867715	0.125000	0.128567
265	-16.867715	0.124528	0.127282
266	-16.867715	0.124060	0.126009
267	-16.919962	0.127341	0.124749
268	-16.919962	0.126866	0.123501
269	-16.919962	0.126394	0.122266
270	-16.919962	0.125926	0.121044
271	-16.919962	0.125461	0.119833
272	-16.919962	0.125000	0.118635
273	-16.919962	0.124542	0.117449
274	-16.919962	0.124088	0.116274
275	-16.919962	0.123636	0.115111
276	-16.919962	0.123188	0.113960
277	-16.919962	0.122744	0.112821
278	-16.919962	0.122302	0.111692
279	-16.919962	0.121864	0.110575
280	-17.015555	0.125000	0.109470
281	-17.015555	0.124555	0.108375
282	-17.015555	0.124113	0.107291
283	-17.015555	0.123675	0.106218
284	-17.015555	0.123239	0.105156
285	-17.015555	0.122807	0.104105
286	-17.015555	0.122378	0.103064
287	-17.015555	0.121951	0.102033
288	-17.046881	0.125000	0.101013
289	-17.046881	0.124567	0.100002
290	-17.046881	0.124138	0.099002
291	-17.046881	0.123711	0.098012
292	-17.046881	0.123288	0.097032
293	-17.046881	0.122867	0.096062
294	-17.046881	0.122449	0.095101
295	-17.046881	0.122034	0.094150
296	-17.046881	0.121622	0.093209
297	-17.046881	0.121212	0.092277
298	-17.065869	0.124161	0.091354
299	-17.065869	0.123746	0.090440
300	-17.065869	0.123333	0.089536
301	-17.065869	0.122924	0.088641
302	-17.065869	0.122517	0.087754
303	-17.123926	0.125413	0.086877
304	-17.123926	0.125000	0.086008
305	-17.123926	0.124590	0.085148
306	-17.166391	0.127451	0.084296
307	-17.166391	0.127036	0.083453
308	-17.166391	0.126623	0.082619
309	-17.166391	0.126214	0.081793
310	-17.166391	0.125806	0.080975
311	-17.212625	0.128617	0.080165
312	-17.212625	0.128205	0.079363
313	-17.212625	0.127796	0.078570
314	-17.212625	0.127389	0.077784
315	-17.212625	0.126984	0.077006
316	-17.212625	0.126582	0.076236
317	-17.212625	0.126183	0.075474
318	-17.212625	0.125786	0.074719
319	-17.212625	0.125392	0.073972
320	-17.212625	0.125000	0.073232
321	-17.230401	0.127726	0.072500
322	-17.239827	0.130435	0.071775
323	-17.258011	0.133127	0.071057
324	-17.258011	0.132716	0.070346
325	-17.258011	0.132308	0.069643
326	-17.258011	0.131902	0.068947
327	-17.308610	0.134557	0.068257
328	-17.308610	0.134146	0.067575
329	-17.308610	0.133739	0.066899
330	-17.308610	0.133333	0.066230
331	-17.308610	0.132931	0.065568
332	-17.320279	0.135542	0.064912
333	-17.320279	0.135135	0.064263
334	-17.320279	0.134731	0.063620
335	-17.320279	0.134328	0.062984
336	-17.326744	0.136905	0.062354
337	-17.326744	0.136499	0.061731
338	-17.326744	0.136095	0.061113
339	-17.329377	0.138643	0.060502
340	-17.329377	0.138235	0.059897
341	-17.329377	0.137830	0.059298
342	-17.329377	0.137427	0.058705
343	-17.329377	0.137026	0.058118
344	-17.329377	0.136628	0.057537
345	-17.329377	0.136232	0.056962
346	-17.329377	0.135838	0.056392
347	-17.329377	0.135447	0.055828
348	-17.329377	0.135057	0.055270
349	-17.329377	0.134670	0.054717
350	-17.329872	0.137143	0.054170
351	-17.329872	0.136752	0.053628
352	-17.329872	0.136364	0.053092
353	-17.329872	0.135977	0.052561
354	-17.329872	0.135593	0.052035
355	-17.329872	0.135211	0.051515
356	-17.329872	0.134831	0.051000
357	-17.329872	0.134454	0.050490
358	-17.329872	0.134078	0.049985
359	-17.339160	0.136490	0.049485
360	-17.339160	0.136111	0.048990
361	-17.339160	0.135734	0.048500
362	-17.339160	0.135359	0.048015
363	-17.339160	0.134986	0.047535
364	-17.340252	0.137363	0.047060
365	-17.340252	0.136986	0.046589
366	-17.340252	0.136612	0.046123
367	-17.353288	0.138965	0.045662
368	-17.353288	0.138587	0.045205
369	-17.353288	0.138211	0.044753
370	-17.367226	0.140541	0.044306
371	-17.367226	0.140162	0.043863
372	-17.367226	0.139785	0.043424
373	-17.367226	0.139410	0.042990
374	-17.367226	0.139037	0.042560
375	-17.367226	0.138667	0.042134
376	-17.367226	0.138298	0.041713
377	-17.367226	0.137931	0.041296
378	-17.367226	0.137566	0.040883
379	-17.367226	0.137203	0.040474
380	-17.388585	0.139474	0.040069
381	-17.388585	0.139108	0.039669
382	-17.404188	0.141361	0.039272
383	-17.412770	0.143603	0.038879
384	-17.412770	0.143229	0.038491
385	-17.412770	0.142857	0.038106
386	-17.412770	0.142487	0.037725
387	-17.412770	0.142119	0.037347
388	-17.412770	0.141753	0.036974
389	-17.412770	0.141388	0.036604
390	-17.412770	0.141026	0.036238
391	-17.412770	0.140665	0.035876
392	-17.412770	0.140306	0.035517
393	-17.412770	0.139949	0.035162
394	-17.412770	0.139594	0.034810
395	-17.412770	0.139241	0.034462
396	-17.412780	0.141414	0.034117
397	-17.412780	0.141058	0.033776
398	-17.412780	0.140704	0.033439
399	-17.412780	0.140351	0.033104
400	-17.418503	0.142500	0.032773
401	-17.417490	0.144638	0.032445
402	-17.417490	0.144279	0.032121
403	-17.419526	0.146402	0.031800
404	-17.419526	0.146040	0.031482
405	-17.423370	0.148148	0.031167
406	-17.423370	0.147783	0.030855
407	-17.423370	0.147420	0.030547
408	-17.423370	0.147059	0.030241
409	-17.423370	0.146699	0.029939
410	-17.423370	0.146341	0.029639
411	-17.423370	0.145985	0.029343
412	-17.423370	0.145631	0.029050
413	-17.423370	0.145278	0.028759
414	-17.427837	0.147343	0.028471
415	-17.427837	0.146988	0.028187
416	-17.427837	0.146635	0.027905
417	-17.427837	0.146283	0.027626
418	-17.428654	0.148325	0.027350
419	-17.432153	0.150358	0.027076
420	-17.432153	0.150000	0.026805
421	-17.432153	0.149644	0.026537
422	-17.432153	0.149289	0.026272
423	-17.432153	0.148936	0.026009
424	-17.432153	0.148585	0.025749
425	-17.432153	0.148235	0.025492
426	-17.434400	0.150235	0.025237
427	-17.438276	0.152225	0.024984
428	-17.438276	0.151869	0.024734
429	-17.440681	0.153846	0.024487
430	-17.440681	0.153488	0.024242
431	-17.440401	0.155452	0.024000
432	-17.440401	0.155093	0.023760
433	-17.440401	0.154734	0.023522
434	-17.440401	0.154378	0.023287
435	-17.440401	0.154023	0.023054
436	-17.440401	0.153670	0.022824
437	-17.440401	0.153318	0.022595
438	-17.440401	0.152968	0.022369
439	-17.440401	0.152620	0.022146
440	-17.440401	0.152273	0.021924
441	-17.440401	0.151927	0.021705
442	-17.445818	0.153846	0.021488
443	-17.445818	0.153499	0.021273
444	-17.452962	0.155405	0.021060
445	-17.452962	0.155056	0.020850
446	-17.452962	0.154709	0.020641
447	-17.452962	0.154362	0.020435
448	-17.452962	0.154018	0.020230
449	-17.452962	0.153675	0.020028
450	-17.454451	0.155556	0.019828
451	-17.453909	0.157428	0.019630
452	-17.453909	0.157080	0.019433
453	-17.453909	0.156733	0.019239
454	-17.453909	0.156388	0.019047
455	-17.453909	0.156044	0.018856
456	-17.453909	0.155702	0.018668
457	-17.453909	0.155361	0.018481
458	-17.453909	0.155022	0.018296
459	-17.453909	0.154684	0.018113
460	-17.453909	0.154348	0.017932
461	-17.453909	0.154013	0.017753
462	-17.452651	0.155844	0.017575
463	-17.452651	0.155508	0.017399
464	-17.452651	0.155172	0.017225
465	-17.457916	0.156989	0.017053
466	-17.457916	0.156652	0.016883
467	-17.457916	0.156317	0.016714
468	-17.456218	0.158120	0.016547
469	-17.456185	0.159915	0.016381
470	-17.457082	0.161702	0.016217
471	-17.457082	0.161359	0.016055
472	-17.457082	0.161017	0.015895
473	-17.458096	0.162791	0.015736
474	-17.458096	0.162447	0.015578
475	-17.458096	0.162105	0.015423
476	-17.458096	0.161765	0.015268
477	-17.458729	0.163522	0.015116
478	-17.458729	0.163180	0.014965
479	-17.458729	0.162839	0.014815
480	-17.458729	0.162500	0.014667
481	-17.458729	0.162162	0.014520
482	-17.458729	0.161826	0.014375
483	-17.458729	0.161491	0.014231
484	-17.459207	0.163223	0.014089
485	-17.459207	0.162887	0.013948
486	-17.459207	0.162551	0.013808
487	-17.459258	0.164271	0.013670
488	-17.459941	0.165984	0.013534
489	-17.459941	0.165644	0.013398
490	-17.459719	0.167347	0.013264
491	-17.459719	0.167006	0.013132
492	-17.459719	0.166667	0.013000
493	-17.459719	0.166329	0.012870
494	-17.459719	0.165992	0.012742
495	-17.459427	0.167677	0.012614
496	-17.458511	0.169355	0.012488
497	-17.458511	0.169014	0.012363
498	-17.459336	0.170683	0.012240
499	-17.459336	0.170341	0.012117
500	-17.457724	0.172000	0.011996
501	-17.459717	0.173653	0.011876
502	-17.459717	0.173307	0.011757
503	-17.459717	0.172962	0.011640
504	-17.459717	0.172619	0.011523
505	-17.459717	0.172277	0.011408
506	-17.459279	0.173913	0.011294
507	-17.459279	0.173570	0.011181
508	-17.459279	0.173228	0.011069
509	-17.459739	0.174853	0.010959
510	-17.458390	0.176471	0.010849
511	-17.460587	0.178082	0.010740
512	-17.460639	0.179688	0.010633
513	-17.460451	0.181287	0.010527
514	-17.461385	0.182879	0.010421
515	-17.462162	0.184466	0.010317
516	-17.462515	0.186047	0.010214
517	-17.462515	0.185687	0.010112
518	-17.463497	0.187259	0.010011
519	-17.463497	0.186898	0.009911
520	-17.463811	0.188462	0.009812
521	-17.461920	0.190019	0.009714
522	-17.460142	0.191571	0.009616
523	-17.460142	0.191205	0.009520
524	-17.460142	0.190840	0.009425
525	-17.459683	0.192381	0.009331
526	-17.459317	0.193916	0.009237
527	-17.459317	0.193548	0.009145
528	-17.459317	0.193182	0.009054
529	-17.458181	0.194707	0.008963
530	-17.461333	0.196226	0.008873
531	-17.460370	0.197740	0.008785
532	-17.459678	0.199248	0.008697
533	-17.459678	0.198874	0.008610
534	-17.461503	0.200375	0.008524
535	-17.462734	0.201869	0.008439
536	-17.461953	0.203358	0.008354
537	-17.462847	0.204842	0.008271
538	-17.462847	0.204461	0.008188
539	-17.462847	0.204082	0.008106
540	-17.462252	0.205556	0.008025
541	-17.462252	0.205176	0.007945
542	-17.462182	0.206642	0.007865
543	-17.462844	0.208103	0.007787
544	-17.462844	0.207721	0.007709
545	-17.462669	0.209174	0.007632
546	-17.462669	0.208791	0.007555
547	-17.462642	0.210238	0.007480
548	-17.461939	0.211679	0.007405
549	-17.462173	0.213115	0.007331
550	-17.462950	0.214545	0.007258
551	-17.466287	0.215971	0.007185
552	-17.466287	0.215580	0.007113
553	-17.466287	0.215190	0.007042
554	-17.466287	0.214801	0.006972
555	-17.466287	0.214414	0.006902
556	-17.466287	0.214029	0.006833
557	-17.466158	0.215440	0.006765
558	-17.464836	0.216846	0.006697
559	-17.465082	0.218247	0.006630
560	-17.463899	0.219643	0.006564
561	-17.463242	0.221034	0.006498
562	-17.466009	0.222420	0.006433
563	-17.465945	0.223801	0.006369
564	-17.465462	0.225177	0.006305
565	-17.464965	0.226549	0.006242
566	-17.464965	0.226148	0.006180
567	-17.466756	0.227513	0.006118
568	-17.467711	0.228873	0.006057
569	-17.469715	0.230228	0.005996
570	-17.469715	0.229825	0.005936
571	-17.467745	0.231173	0.005877
572	-17.467745	0.230769	0.005818
573	-17.467745	0.230366	0.005760
574	-17.468938	0.231707	0.005702
575	-17.468938	0.231304	0.005645
576	-17.468954	0.232639	0.005589
577	-17.468954	0.232236	0.005533
578	-17.469209	0.233564	0.005477
579	-17.469865	0.234888	0.005423
580	-17.470480	0.236207	0.005368
581	-17.474114	0.237522	0.005315
582	-17.474615	0.238832	0.005262
583	-17.473487	0.240137	0.005209
584	-17.474911	0.241438	0.005157
585	-17.474911	0.241026	0.005105
586	-17.475418	0.242321	0.005054
587	-17.475682	0.243612	0.005004
588	-17.476231	0.244898	0.004954
589	-17.476580	0.246180	0.004904
590	-17.476569	0.247458	0.004855
591	-17.476673	0.248731	0.004807
592	-17.476299	0.250000	0.004759
593	-17.474223	0.251265	0.004711
594	-17.474967	0.252525	0.004664
595	-17.474791	0.253782	0.004617
596	-17.475049	0.255034	0.004571
597	-17.474966	0.256281	0.004525
598	-17.476120	0.257525	0.004480
599	-17.476120	0.257095	0.004435
600	-17.475386	0.258333	0.004391
601	-17.475314	0.259567	0.004347
602	-17.474576	0.260797	0.004304
603	-17.474107	0.262023	0.004261
604	-17.474072	0.263245	0.004218
605	-17.474164	0.264463	0.004176
606	-17.474245	0.265677	0.004134
607	-17.473855	0.266886	0.004093
608	-17.474079	0.268092	0.004052
609	-17.474079	0.267652	0.004011
610	-17.474678	0.268852	0.003971
611	-17.473832	0.270049	0.003931
612	-17.474129	0.271242	0.003892
613	-17.474604	0.272431	0.003853
614	-17.474604	0.271987	0.003815
615	-17.474604	0.271545	0.003776
616	-17.475372	0.272727	0.003739
617	-17.475372	0.272285	0.003701
618	-17.476072	0.273463	0.003664
619	-17.476441	0.274637	0.003628
620	-17.476524	0.275806	0.003591
621	-17.476239	0.276973	0.003555
622	-17.474634	0.278135	0.003520
623	-17.474377	0.279294	0.003485
624	-17.474743	0.280449	0.003450
625	-17.474300	0.281600	0.003415
626	-17.474398	0.282748	0.003381
627	-17.474398	0.282297	0.003347
628	-17.474559	0.283439	0.003314
629	-17.474200	0.284579	0.003281
630	-17.473545	0.285714	0.003248
631	-17.474071	0.286846	0.003215
632	-17.473835	0.287975	0.003183
633	-17.474131	0.289100	0.003152
634	-17.474131	0.288644	0.003120
635	-17.476237	0.289764	0.003089
636	-17.476420	0.290881	0.003058
637	-17.476175	0.291994	0.003027
638	-17.476968	0.293103	0.002997
639	-17.477417	0.294210	0.002967
640	-17.477333	0.295312	0.002937
641	-17.478376	0.296412	0.002908
642	-17.478376	0.295950	0.002879
643	-17.478376	0.295490	0.002850
644	-17.478376	0.295031	0.002822
645	-17.478627	0.296124	0.002793
646	-17.479256	0.297214	0.002766
647	-17.479387	0.298300	0.002738
648	-17.479140	0.299383	0.002710
649	-17.479492	0.300462	0.002683
650	-17.479541	0.301538	0.002657
651	-17.479541	0.301075	0.002630
652	-17.481675	0.302147	0.002604
653	-17.482013	0.303216	0.002578
654	-17.481196	0.304281	0.002552
655	-17.482456	0.305344	0.002526
656	-17.482141	0.306402	0.002501
657	-17.481869	0.307458	0.002476
658	-17.482026	0.308511	0.002451
659	-17.481773	0.309560	0.002427
660	-17.481678	0.310606	0.002403
661	-17.481860	0.311649	0.002378
662	-17.481823	0.312689	0.002355
663	-17.481661	0.313725	0.002331
664	-17.482037	0.314759	0.002308
665	-17.482122	0.315789	0.002285
666	-17.481958	0.316817	0.002262
667	-17.482377	0.317841	0.002239
668	-17.482368	0.318862	0.002217
669	-17.482632	0.319880	0.002195
670	-17.482754	0.320896	0.002173
671	-17.482694	0.321908	0.002151
672	-17.482803	0.322917	0.002130
673	-17.484254	0.323923	0.002108
674	-17.484285	0.324926	0.002087
675	-17.484179	0.325926	0.002066
676	-17.484155	0.326923	0.002046
677	-17.483446	0.327917	0.002025
678	-17.483626	0.328909	0.002005
679	-17.483450	0.329897	0.001985
680	-17.484095	0.330882	0.001965
681	-17.484448	0.331865	0.001945
682	-17.484822	0.332845	0.001926
683	-17.484771	0.333821	0.001907
684	-17.484461	0.334795	0.001888
685	-17.484461	0.334307	0.001869
686	-17.484494	0.335277	0.001850
687	-17.484163	0.336245	0.001832
688	-17.484857	0.337209	0.001813
689	-17.484737	0.338171	0.001795
690	-17.484737	0.337681	0.001777
691	-17.485897	0.338640	0.001759
692	-17.485784	0.339595	0.001742
693	-17.485853	0.340548	0.001724
694	-17.485946	0.341499	0.001707
695	-17.485951	0.342446	0.001690
696	-17.485931	0.343391	0.001673
697	-17.484803	0.344333	0.001656
698	-17.484712	0.345272	0.001640
699	-17.484872	0.346209	0.001623
700	-17.484872	0.345714	0.001607
701	-17.484753	0.346648	0.001591
702	-17.484802	0.347578	0.001575
703	-17.485022	0.348506	0.001559
704	-17.485092	0.349432	0.001544
705	-17.485075	0.350355	0.001528
706	-17.485095	0.351275	0.001513
707	-17.485095	0.350778	0.001498
708	-17.485083	0.351695	0.001483
709	-17.485097	0.352609	0.001468
710	-17.485117	0.353521	0.001454
711	-17.485117	0.354430	0.001439
712	-17.485600	0.355337	0.001425
713	-17.485593	0.356241	0.001410
714	-17.485436	0.357143	0.001396
715	-17.485436	0.356643	0.001382
716	-17.485646	0.357542	0.001368
717	-17.485628	0.358438	0.001355
718	-17.485462	0.359331	0.001341
719	-17.485117	0.360223	0.001328
720	-17.485065	0.361111	0.001315
721	-17.484859	0.361997	0.001301
722	-17.485643	0.362881	0.001288
723	-17.485654	0.363762	0.001276
724	-17.485729	0.364641	0.001263
725	-17.485751	0.365517	0.001250
726	-17.485822	0.366391	0.001238
727	-17.485749	0.367263	0.001225
728	-17.485740	0.368132	0.001213
729	-17.485324	0.368999	0.001201
730	-17.485410	0.369863	0.001189
731	-17.485470	0.370725	0.001177
732	-17.485210	0.371585	0.001165
733	-17.485394	0.372442	0.001154
734	-17.485310	0.373297	0.001142
735	-17.485295	0.374150	0.001131
736	-17.485326	0.375000	0.001119
737	-17.485479	0.375848	0.001108
738	-17.485763	0.376694	0.001097
739	-17.485763	0.377537	0.001086
740	-17.485878	0.378378	0.001075
741	-17.485984	0.379217	0.001064
742	-17.486188	0.380054	0.001054
743	-17.486275	0.380888	0.001043
744	-17.486270	0.381720	0.001033
745	-17.486236	0.382550	0.001022
746	-17.486302	0.383378	0.001012
747	-17.486352	0.384203	0.001002
748	-17.486447	0.385027	0.000992
749	-17.486415	0.385848	0.000982
750	-17.486704	0.386667	0.000972
751	-17.486830	0.387483	0.000963
752	-17.486763	0.388298	0.000953
753	-17.487181	0.389110	0.000943
754	-17.487275	0.389920	0.000934
755	-17.487310	0.390728	0.000925
756	-17.487370	0.391534	0.000915
757	-17.487392	0.392338	0.000906
758	-17.487468	0.393140	0.000897
759	-17.487478	0.393939	0.000888
760	-17.487546	0.394737	0.000879
761	-17.488391	0.395532	0.000871
762	-17.488713	0.396325	0.000862
763	-17.488664	0.397117	0.000853
764	-17.488576	0.397906	0.000845
765	-17.488577	0.398693	0.000836
766	-17.488589	0.399478	0.000828
767	-17.488572	0.400261	0.000820
768	-17.488554	0.401042	0.000811
769	-17.488533	0.401821	0.000803
770	-17.488218	0.402597	0.000795
771	-17.488172	0.403372	0.000787
772	-17.488203	0.404145	0.000779
773	-17.488209	0.404916	0.000772
774	-17.488211	0.405685	0.000764
775	-17.487672	0.406452	0.000756
776	-17.487551	0.407216	0.000749
777	-17.487694	0.407979	0.000741
778	-17.487560	0.408740	0.000734
779	-17.487521	0.409499	0.000727
780	-17.487610	0.410256	0.000719
781	-17.487540	0.411012	0.000712
782	-17.487386	0.411765	0.000705
783	-17.487375	0.412516	0.000698
784	-17.487350	0.413265	0.000691
785	-17.487335	0.414013	0.000684
786	-17.487430	0.414758	0.000677
787	-17.487352	0.415502	0.000670
788	-17.487203	0.416244	0.000664
789	-17.487218	0.416984	0.000657
790	-17.487229	0.417722	0.000650
791	-17.487367	0.418458	0.000644
792	-17.487254	0.419192	0.000638
793	-17.487611	0.419924	0.000631
794	-17.487818	0.420655	0.000625
795	-17.487932	0.421384	0.000619
796	-17.487594	0.422111	0.000612
797	-17.487583	0.422836	0.000606
798	-17.487505	0.423559	0.000600
799	-17.487561	0.424280	0.000594
800	-17.487333	0.425000	0.000588
801	-17.487402	0.425718	0.000582
802	-17.487421	0.426434	0.000577
803	-17.487286	0.427148	0.000571
804	-17.487286	0.426617	0.000565
805	-17.487625	0.427329	0.000559
806	-17.487582	0.428040	0.000554
807	-17.487612	0.428748	0.000548
808	-17.487684	0.429455	0.000543
809	-17.487671	0.430161	0.000537
810	-17.487955	0.430864	0.000532
811	-17.487955	0.430333	0.000527
812	-17.488017	0.431034	0.000521
813	-17.487818	0.431734	0.000516
814	-17.487743	0.432432	0.000511
815	-17.487708	0.433129	0.000506
816	-17.487782	0.433824	0.000501
817	-17.487765	0.434517	0.000496
818	-17.487750	0.435208	0.000491
819	-17.487770	0.435897	0.000486
820	-17.487604	0.436585	0.000481
821	-17.487638	0.437272	0.000476
822	-17.487477	0.437956	0.000472
823	-17.487459	0.438639	0.000467
824	-17.487560	0.439320	0.000462
825	-17.487566	0.440000	0.000458
826	-17.487537	0.440678	0.000453
827	-17.487557	0.441354	0.000448
828	-17.487610	0.442029	0.000444
829	-17.487508	0.442702	0.000440
830	-17.487496	0.443373	0.000435
831	-17.487774	0.444043	0.000431
832	-17.487776	0.444712	0.000427
833	-17.487768	0.445378	0.000422
834	-17.487778	0.446043	0.000418
835	-17.487720	0.446707	0.000414
836	-17.487718	0.447368	0.000410
837	-17.487676	0.448029	0.000406
838	-17.487668	0.448687	0.000402
839	-17.487753	0.449344	0.000398
840	-17.487625	0.450000	0.000398
841	-17.487658	0.450654	0.000398
842	-17.487643	0.451306	0.000398
843	-17.487630	0.451957	0.000398
844	-17.487645	0.452607	0.000398
845	-17.487654	0.453254	0.000398
846	-17.487596	0.453901	0.000398
847	-17.487596	0.453365	0.000398
848	-17.487606	0.454009	0.000398
849	-17.487549	0.454653	0.000398
850	-17.487515	0.455294	0.000398
851	-17.487515	0.454759	0.000398
852	-17.487597	0.455399	0.000398
853	-17.487597	0.456038	0.000398
854	-17.487533	0.456674	0.000398
855	-17.487463	0.457310	0.000398
856	-17.487429	0.457944	0.000398
857	-17.487312	0.458576	0.000398
858	-17.487228	0.459207	0.000398
859	-17.487214	0.459837	0.000398
860	-17.487151	0.460465	0.000398
861	-17.487250	0.461092	0.000398
862	-17.487282	0.461717	0.000398
863	-17.487237	0.462341	0.000398
864	-17.487291	0.462963	0.000398
865	-17.487354	0.463584	0.000398
866	-17.487369	0.464203	0.000398
867	-17.487452	0.464821	0.000398
868	-17.487384	0.465438	0.000398
869	-17.487392	0.466053	0.000398
870	-17.487397	0.466667	0.000398
871	-17.487200	0.467279	0.000398
872	-17.487396	0.467890	0.000398
873	-17.487478	0.468499	0.000398
874	-17.487478	0.469108	0.000398
875	-17.487495	0.469714	0.000398
876	-17.487525	0.470320	0.000398
877	-17.487539	0.470924	0.000398
878	-17.487562	0.471526	0.000398
879	-17.487408	0.472127	0.000398
880	-17.487468	0.472727	0.000398
881	-17.487611	0.473326	0.000398
882	-17.487588	0.473923	0.000398
883	-17.487663	0.474519	0.000398
884	-17.487656	0.475113	0.000398
885	-17.487659	0.475706	0.000398
886	-17.487647	0.476298	0.000398
887	-17.487882	0.476888	0.000398
888	-17.487878	0.477477	0.000398
889	-17.488134	0.478065	0.000398
890	-17.488077	0.478652	0.000398
891	-17.488127	0.479237	0.000398
892	-17.488127	0.478700	0.000398
893	-17.488120	0.479283	0.000398
894	-17.488109	0.479866	0.000398
895	-17.488013	0.480447	0.000398
896	-17.488061	0.481027	0.000398
897	-17.488034	0.481605	0.000398
898	-17.488040	0.482183	0.000398
899	-17.487986	0.482759	0.000398
900	-17.488128	0.483333	0.000398
901	-17.488083	0.483907	0.000398
902	-17.487834	0.484479	0.000398
903	-17.487797	0.485050	0.000398
904	-17.487797	0.485619	0.000398
905	-17.487812	0.486188	0.000398
906	-17.487800	0.486755	0.000398
907	-17.487799	0.487321	0.000398
908	-17.487789	0.487885	0.000398
909	-17.487933	0.488449	0.000398
910	-17.487951	0.489011	0.000398
911	-17.488045	0.489572	0.000398
912	-17.488055	0.490132	0.000398
913	-17.488028	0.490690	0.000398
914	-17.488301	0.491247	0.000398
915	-17.488159	0.491803	0.000398
916	-17.488105	0.492358	0.000398
917	-17.488105	0.492912	0.000398
918	-17.488009	0.493464	0.000398
919	-17.488017	0.494015	0.000398
920	-17.488017	0.494565	0.000398
921	-17.488001	0.495114	0.000398
922	-17.488059	0.495662	0.000398
923	-17.488039	0.496208	0.000398
924	-17.488059	0.496753	0.000398
925	-17.488146	0.497297	0.000398
926	-17.488186	0.497840	0.000398
927	-17.488273	0.498382	0.000398
928	-17.488358	0.498922	0.000398
929	-17.488407	0.499462	0.000398
930	-17.488289	0.500000	0.000398
931	-17.488336	0.500537	0.000398
932	-17.488317	0.501073	0.000398
933	-17.488312	0.501608	0.000398
934	-17.488505	0.502141	0.000398
935	-17.488737	0.502674	0.000398
936	-17.488707	0.503205	0.000398
937	-17.488750	0.503735	0.000398
938	-17.488929	0.504264	0.000398
939	-17.488901	0.504792	0.000398
940	-17.488900	0.505319	0.000398
941	-17.488906	0.505845	0.000398
942	-17.488911	0.506369	0.000398
943	-17.488911	0.505832	0.000398
944	-17.488926	0.506356	0.000398
945	-17.488888	0.506878	0.000398
946	-17.488908	0.507400	0.000398
947	-17.488879	0.507920	0.000398
948	-17.488926	0.508439	0.000398
949	-17.488952	0.508957	0.000398
950	-17.489003	0.509474	0.000398
951	-17.488952	0.509989	0.000398
952	-17.488911	0.510504	0.000398
953	-17.488896	0.511018	0.000398
954	-17.488900	0.511530	0.000398
955	-17.488921	0.512042	0.000398
956	-17.488912	0.512552	0.000398
957	-17.488864	0.513062	0.000398
958	-17.488846	0.513570	0.000398
959	-17.488799	0.514077	0.000398
960	-17.488912	0.514583	0.000398
961	-17.488826	0.515088	0.000398
962	-17.488848	0.515593	0.000398
963	-17.488745	0.516096	0.000398
964	-17.488758	0.516598	0.000398
965	-17.488769	0.517098	0.000398
966	-17.488723	0.517598	0.000398
967	-17.488858	0.518097	0.000398
968	-17.488853	0.518595	0.000398
969	-17.488848	0.519092	0.000398
970	-17.488789	0.519588	0.000398
971	-17.488789	0.519053	0.000398
972	-17.488789	0.519547	0.000398
973	-17.488754	0.520041	0.000398
974	-17.488736	0.520534	0.000398
975	-17.488744	0.521026	0.000398
976	-17.488771	0.521516	0.000398
977	-17.488772	0.522006	0.000398
978	-17.488792	0.522495	0.000398
979	-17.488664	0.522983	0.000398
980	-17.488625	0.523469	0.000398
981	-17.488644	0.523955	0.000398
982	-17.488611	0.524440	0.000398
983	-17.488621	0.524924	0.000398
984	-17.488760	0.525407	0.000398
985	-17.488600	0.525888	0.000398
986	-17.488596	0.526369	0.000398
987	-17.488613	0.526849	0.000398
988	-17.488597	0.527328	0.000398
989	-17.488733	0.527806	0.000398
990	-17.488784	0.528283	0.000398
991	-17.488758	0.528759	0.000398
992	-17.488795	0.529234	0.000398
993	-17.488794	0.529708	0.000398
994	-17.488811	0.530181	0.000398
995	-17.488668	0.530653	0.000398
996	-17.488654	0.531124	0.000398
997	-17.488720	0.531595	0.000398
998	-17.488654	0.532064	0.000398
999	-17.488664	0.532533	0.000398
1000	-17.488651	0.533000	0.000398
1001	-17.488658	0.533467	0.000398
1002	-17.488673	0.533932	0.000398
1003	-17.488728	0.534397	0.000398
1004	-17.488768	0.534861	0.000398
1005	-17.488719	0.535323	0.000398
1006	-17.488729	0.535785	0.000398
1007	-17.488708	0.536246	0.000398
1008	-17.488739	0.536706	0.000398
1009	-17.488776	0.537166	0.000398
1010	-17.488744	0.537624	0.000398
1011	-17.488721	0.538081	0.000398
1012	-17.488786	0.538538	0.000398
1013	-17.488786	0.538006	0.000398
1014	-17.488745	0.538462	0.000398
1015	-17.488739	0.538916	0.000398
1016	-17.488742	0.539370	0.000398
1017	-17.488730	0.539823	0.000398
1018	-17.488763	0.540275	0.000398
1019	-17.488767	0.540726	0.000398
1020	-17.488905	0.541176	0.000398
1021	-17.488856	0.541626	0.000398
1022	-17.488650	0.542074	0.000398
1023	-17.488700	0.542522	0.000398
1024	-17.488813	0.542969	0.000398
1025	-17.488823	0.543415	0.000398
1026	-17.488808	0.543860	0.000398
1027	-17.488881	0.544304	0.000398
1028	-17.488751	0.544747	0.000398
1029	-17.488795	0.545190	0.000398
1030	-17.488766	0.545631	0.000398
1031	-17.488764	0.546072	0.000398
1032	-17.488782	0.546512	0.000398
1033	-17.488838	0.546951	0.000398
1034	-17.488786	0.547389	0.000398
1035	-17.488747	0.547826	0.000398
1036	-17.488797	0.548263	0.000398
1037	-17.488797	0.547734	0.000398
1038	-17.488797	0.548170	0.000398
1039	-17.488650	0.548604	0.000398
1040	-17.488766	0.549038	0.000398
1041	-17.488760	0.549472	0.000398
1042	-17.488758	0.549904	0.000398
1043	-17.488758	0.549377	0.000398
1044	-17.488729	0.549808	0.000398
1045	-17.488764	0.550239	0.000409
1046	-17.488991	0.550669	0.000422
1047	-17.489038	0.551098	0.000434
1048	-17.489059	0.551527	0.000447
1049	-17.489042	0.551954	0.000461
1050	-17.489068	0.552381	0.000475
1051	-17.489032	0.552807	0.000489
1052	-17.489034	0.553232	0.000504
1053	-17.489042	0.553656	0.000519
1054	-17.488929	0.554080	0.000534
1055	-17.488825	0.554502	0.000550
1056	-17.488834	0.554924	0.000567
1057	-17.489046	0.555345	0.000584
1058	-17.489040	0.555766	0.000601
1059	-17.489003	0.556185	0.000619
1060	-17.489387	0.556604	0.000638
1061	-17.489299	0.557022	0.000657
1062	-17.489337	0.557439	0.000677
1063	-17.489219	0.557855	0.000697
1064	-17.489393	0.558271	0.000718
1065	-17.489308	0.558685	0.000740
1066	-17.489228	0.559099	0.000762
1067	-17.489205	0.559513	0.000785
1068	-17.489256	0.559925	0.000808
1069	-17.489326	0.560337	0.000832
1070	-17.489340	0.560748	0.000857
1071	-17.489245	0.561158	0.000883
1072	-17.489274	0.561567	0.000910
1073	-17.488903	0.561976	0.000937
1074	-17.488410	0.562384	0.000965
1075	-17.488219	0.562791	0.000994
1076	-17.488487	0.563197	0.001024
1077	-17.488424	0.563603	0.001054
1078	-17.487980	0.564007	0.001086
1079	-17.488150	0.564411	0.001119
1080	-17.488304	0.564815	0.001152
1081	-17.488196	0.565217	0.001187
1082	-17.488411	0.565619	0.001222
1083	-17.488597	0.566020	0.001259
1084	-17.488553	0.566421	0.001297
1085	-17.488645	0.566820	0.001336
1086	-17.488559	0.567219	0.001376
1087	-17.488378	0.567617	0.001417
1088	-17.488214	0.568015	0.001460
1089	-17.487547	0.568411	0.001503
1090	-17.487530	0.568807	0.001548
1091	-17.487956	0.569203	0.001595
1092	-17.488127	0.569597	0.001643
1093	-17.487922	0.569991	0.001692
1094	-17.487922	0.569470	0.001743
1095	-17.488202	0.569863	0.001795
1096	-17.489128	0.570255	0.001849
1097	-17.488827	0.570647	0.001904
1098	-17.489071	0.571038	0.001961
1099	-17.489024	0.571429	0.002020
1100	-17.489075	0.571818	0.002081
1101	-17.488888	0.572207	0.002143
1102	-17.488520	0.572595	0.002208
1103	-17.488590	0.572983	0.002274
1104	-17.488607	0.573370	0.002342
1105	-17.488634	0.573756	0.002412
1106	-17.488494	0.574141	0.002485
1107	-17.488499	0.574526	0.002559
1108	-17.488577	0.574910	0.002636
1109	-17.488567	0.575293	0.002715
1110	-17.488589	0.575676	0.002797
1111	-17.488408	0.576058	0.002880
1112	-17.488990	0.576439	0.002967
1113	-17.488741	0.576819	0.003056
1114	-17.488738	0.577199	0.003148
1115	-17.488653	0.577578	0.003242
1116	-17.489402	0.577957	0.003339
1117	-17.489558	0.578335	0.003439
1118	-17.489629	0.578712	0.003543
1119	-17.489629	0.578195	0.003649
1120	-17.490219	0.578571	0.003758
1121	-17.490219	0.578055	0.003871
1122	-17.489903	0.578431	0.003987
1123	-17.489754	0.578807	0.004107
1124	-17.490386	0.579181	0.004230
1125	-17.490386	0.578667	0.004357
1126	-17.489995	0.579041	0.004488
1127	-17.489744	0.579414	0.004622
1128	-17.489805	0.579787	0.004761
1129	-17.489423	0.580159	0.004904
1130	-17.488626	0.580531	0.005051
1131	-17.488656	0.580902	0.005202
1132	-17.489016	0.581272	0.005359
1133	-17.489016	0.580759	0.005519
1134	-17.489170	0.581129	0.005685
1135	-17.489170	0.580617	0.005855
1136	-17.489170	0.580106	0.006031
1137	-17.489620	0.580475	0.006212
1138	-17.490577	0.580844	0.006398
1139	-17.490577	0.580334	0.006590
1140	-17.490577	0.579825	0.006788
1141	-17.489413	0.580193	0.006992
1142	-17.489413	0.579685	0.007201
1143	-17.488729	0.580052	0.007417
1144	-17.489291	0.580420	0.007640
1145	-17.490114	0.580786	0.007869
1146	-17.494090	0.581152	0.008105
1147	-17.494463	0.581517	0.008348
1148	-17.494463	0.581010	0.008599
1149	-17.494463	0.580505	0.008857
1150	-17.493192	0.580870	0.009122
1151	-17.491967	0.581234	0.009396
1152	-17.491967	0.580729	0.009678
1153	-17.491967	0.580225	0.009968
1154	-17.493062	0.580589	0.010267
1155	-17.492134	0.580952	0.010575
1156	-17.492134	0.580450	0.010893
1157	-17.492134	0.579948	0.011220
1158	-17.488171	0.580311	0.011556
1159	-17.488171	0.579810	0.011903
1160	-17.488171	0.579310	0.012260
1161	-17.485912	0.579673	0.012628
1162	-17.485912	0.579174	0.013006
1163	-17.485912	0.578676	0.013397
1164	-17.485912	0.578179	0.013799
1165	-17.485912	0.577682	0.014213
1166	-17.485912	0.577187	0.014639
1167	-17.485912	0.576692	0.015078
1168	-17.485912	0.576199	0.015530
1169	-17.486422	0.576561	0.015996
1170	-17.486422	0.576068	0.016476
1171	-17.486566	0.576430	0.016971
1172	-17.486566	0.575939	0.017480
1173	-17.486566	0.575448	0.018004
1174	-17.486566	0.574957	0.018544
1175	-17.486566	0.574468	0.019100
1176	-17.486566	0.573980	0.019673
1177	-17.486566	0.573492	0.020264
1178	-17.486566	0.573005	0.020872
1179	-17.486566	0.572519	0.021498
1180	-17.486566	0.572034	0.022143
1181	-17.491076	0.572396	0.022807
1182	-17.491076	0.571912	0.023491
1183	-17.491076	0.571429	0.024196
1184	-17.491076	0.570946	0.024922
1185	-17.491076	0.570464	0.025669
1186	-17.493918	0.570826	0.026440
1187	-17.493918	0.570345	0.027233
1188	-17.493918	0.569865	0.028050
1189	-17.494112	0.570227	0.028891
1190	-17.494112	0.569748	0.029758
1191	-17.498979	0.570109	0.030651
1192	-17.498979	0.569631	0.031570
1193	-17.498979	0.569153	0.032517
1194	-17.498979	0.568677	0.033493
1195	-17.498979	0.568201	0.034498
1196	-17.498979	0.567726	0.035533
1197	-17.498979	0.567251	0.036598
1198	-17.500141	0.567613	0.037696
1199	-17.499824	0.567973	0.038827
1200	-17.499824	0.567500	0.039992
1201	-17.499824	0.567027	0.041192
1202	-17.499824	0.566556	0.042428
1203	-17.499824	0.566085	0.043700
1204	-17.499824	0.565615	0.045012
1205	-17.499824	0.565145	0.046362
1206	-17.499824	0.564677	0.047753
1207	-17.499824	0.564209	0.049185
1208	-17.499824	0.563742	0.050661
1209	-17.499824	0.563275	0.052181
1210	-17.499824	0.562810	0.053746
1211	-17.499824	0.562345	0.055358
1212	-17.499824	0.561881	0.057019
1213	-17.499824	0.561418	0.058730
1214	-17.499824	0.560956	0.060492
1215	-17.499824	0.560494	0.062306
1216	-17.499824	0.560033	0.064176
1217	-17.499824	0.559573	0.066101
1218	-17.499824	0.559113	0.068084
1219	-17.499824	0.558655	0.070126
1220	-17.499824	0.558197	0.072230
1221	-17.499824	0.557740	0.074397
1222	-17.499824	0.557283	0.076629
1223	-17.499824	0.556827	0.078928
1224	-17.499824	0.556373	0.081296
1225	-17.499824	0.555918	0.083735
1226	-17.499824	0.555465	0.086247
1227	-17.499824	0.555012	0.088834
1228	-17.499824	0.554560	0.091499
1229	-17.501913	0.554923	0.094244
1230	-17.501913	0.554472	0.097071
1231	-17.501913	0.554021	0.099984
1232	-17.501913	0.553571	0.102983
1233	-17.501913	0.553122	0.106073
1234	-17.501913	0.552674	0.109255
1235	-17.501913	0.552227	0.112532
1236	-17.501913	0.551780	0.115908
1237	-17.501913	0.551334	0.119386
1238	-17.501913	0.550889	0.122967
1239	-17.501913	0.550444	0.126656
1240	-17.501913	0.550000	0.126656
1241	-17.501913	0.549557	0.126656
1242	-17.501913	0.549114	0.126656
1243	-17.501913	0.548673	0.126656
1244	-17.501913	0.548232	0.126656
1245	-17.501913	0.547791	0.126656
1246	-17.501913	0.547352	0.126656
1247	-17.501913	0.546913	0.126656
1248	-17.501913	0.546474	0.126656
1249	-17.501913	0.546037	0.126656
1250	-17.501913	0.545600	0.126656
1251	-17.501913	0.545164	0.126656
1252	-17.501913	0.544728	0.126656
1253	-17.501913	0.544294	0.126656
1254	-17.501913	0.543860	0.126656
1255	-17.501913	0.543426	0.126656
1256	-17.501913	0.542994	0.126656
1257	-17.501913	0.542562	0.126656
1258	-17.501913	0.542130	0.126656
1259	-17.501913	0.541700	0.126656
1260	-17.501913	0.541270	0.126656
1261	-17.501913	0.540841	0.126656
1262	-17.501913	0.540412	0.126656
1263	-17.501913	0.539984	0.126656
1264	-17.501913	0.539557	0.126656
1265	-17.501913	0.539130	0.126656
1266	-17.501913	0.538705	0.126656
1267	-17.501913	0.538279	0.126656
1268	-17.501913	0.537855	0.126656
1269	-17.501913	0.537431	0.126656
1270	-17.501913	0.537008	0.126656
1271	-17.501913	0.536585	0.126656
1272	-17.501913	0.536164	0.126656
1273	-17.501913	0.535742	0.126656
1274	-17.501913	0.535322	0.126656
1275	-17.501913	0.534902	0.126656
1276	-17.501913	0.534483	0.126656
1277	-17.501913	0.534064	0.126656
1278	-17.501913	0.533646	0.126656
1279	-17.501913	0.533229	0.126656
1280	-17.501913	0.532813	0.126656
1281	-17.501913	0.532397	0.126656
1282	-17.503584	0.532761	0.126656
1283	-17.503584	0.532346	0.126656
1284	-17.503584	0.531931	0.126656
1285	-17.503584	0.531518	0.126656
1286	-17.503584	0.531104	0.126656
1287	-17.503584	0.530692	0.126656
1288	-17.503584	0.530280	0.126656
1289	-17.503584	0.529868	0.126656
1290	-17.503584	0.529457	0.126656
1291	-17.503584	0.529047	0.126656
1292	-17.503584	0.528638	0.126656
1293	-17.503584	0.528229	0.126656
1294	-17.503584	0.527821	0.126656
1295	-17.503584	0.527413	0.126656
1296	-17.503584	0.527006	0.126656
1297	-17.503584	0.526600	0.126656
1298	-17.503584	0.526194	0.126656
1299	-17.505264	0.526559	0.126656
1300	-17.505264	0.526154	0.126656
1301	-17.505264	0.525749	0.126656
1302	-17.505264	0.525346	0.126656
1303	-17.505264	0.524942	0.126656
1304	-17.505264	0.524540	0.126656
1305	-17.505264	0.524138	0.126656
1306	-17.505264	0.523737	0.126656
1307	-17.505264	0.523336	0.126656
1308	-17.505264	0.522936	0.126656
1309	-17.505264	0.522536	0.126656
1310	-17.505264	0.522137	0.126656
1311	-17.505264	0.521739	0.126656
1312	-17.505264	0.521341	0.126656
1313	-17.505264	0.520944	0.126656
1314	-17.505264	0.520548	0.126656
1315	-17.505264	0.520152	0.126656
1316	-17.505264	0.519757	0.126656
1317	-17.507202	0.520121	0.126656
1318	-17.507202	0.519727	0.126656
1319	-17.507202	0.519333	0.126656
1320	-17.507202	0.518939	0.126656
1321	-17.507202	0.518547	0.126656
1322	-17.507202	0.518154	0.126656
1323	-17.507202	0.517763	0.126656
1324	-17.507202	0.517372	0.126656
1325	-17.507202	0.516981	0.126656
1326	-17.507202	0.516591	0.126656
1327	-17.507202	0.516202	0.126656
1328	-17.507202	0.515813	0.126656
1329	-17.507202	0.515425	0.126656
1330	-17.507202	0.515038	0.126656
1331	-17.507202	0.514651	0.126656
1332	-17.507202	0.514264	0.126656
1333	-17.507202	0.513878	0.126656
1334	-17.507202	0.513493	0.126656
1335	-17.507202	0.513109	0.126656
1336	-17.507202	0.512725	0.126656
1337	-17.507202	0.512341	0.126656
1338	-17.507202	0.511958	0.126656
1339	-17.507202	0.511576	0.126656
1340	-17.507202	0.511194	0.126656
1341	-17.507202	0.510813	0.126656
1342	-17.507202	0.510432	0.126656
1343	-17.507202	0.510052	0.126656
1344	-17.507202	0.509673	0.126656
1345	-17.582141	0.510037	0.126656
1346	-17.587081	0.510401	0.126656
1347	-17.587081	0.510022	0.126656
1348	-17.587081	0.509644	0.126656
1349	-17.587081	0.509266	0.126656
1350	-17.587081	0.508889	0.126656
1351	-17.587081	0.508512	0.126656
1352	-17.614212	0.508876	0.126656
1353	-17.614212	0.508500	0.126656
1354	-17.614212	0.508124	0.126656
1355	-17.614212	0.507749	0.126656
1356	-17.614212	0.507375	0.126656
1357	-17.614212	0.507001	0.126656
1358	-17.614212	0.506627	0.126656
1359	-17.614212	0.506255	0.126656
1360	-17.616971	0.506618	0.126656
1361	-17.616971	0.506245	0.126656
1362	-17.616971	0.505874	0.126656
1363	-17.616971	0.505503	0.126656
1364	-17.616971	0.505132	0.126656
1365	-17.616971	0.504762	0.126656
1366	-17.616971	0.504392	0.126656
1367	-17.616971	0.504023	0.126656
1368	-17.616971	0.503655	0.126656
1369	-17.616971	0.503287	0.126656
1370	-17.616971	0.502920	0.126656
1371	-17.616971	0.502553	0.126656
1372	-17.616971	0.502187	0.126656
1373	-17.616971	0.501821	0.126656
1374	-17.616971	0.501456	0.126656
1375	-17.616971	0.501091	0.126656
1376	-17.616971	0.500727	0.126656
1377	-17.616971	0.500363	0.126656
1378	-17.616971	0.500000	0.126656
1379	-17.616971	0.499637	0.126656
1380	-17.616971	0.499275	0.126656
1381	-17.616971	0.498914	0.126656
1382	-17.616971	0.498553	0.126656
1383	-17.616971	0.498192	0.126656
1384	-17.616971	0.497832	0.126656
1385	-17.616971	0.497473	0.126656
1386	-17.616971	0.497114	0.126656
1387	-17.616971	0.496756	0.126656
1388	-17.616971	0.496398	0.126656
1389	-17.616971	0.496040	0.126656
1390	-17.616971	0.495683	0.126656
1391	-17.616971	0.495327	0.126656
1392	-17.616971	0.494971	0.126656
1393	-17.616971	0.494616	0.126656
1394	-17.616971	0.494261	0.126656
1395	-17.616971	0.493907	0.126656
1396	-17.616971	0.493553	0.126656
1397	-17.616971	0.493200	0.126656
1398	-17.616971	0.492847	0.126656
1399	-17.616971	0.492495	0.126656
1400	-17.616971	0.492143	0.126656
1401	-17.616971	0.491792	0.126656
1402	-17.616971	0.491441	0.126656
1403	-17.616971	0.491091	0.126656
1404	-17.616971	0.490741	0.126656
1405	-17.616971	0.490391	0.126656
1406	-17.616971	0.490043	0.126656
1407	-17.616971	0.489694	0.126656
1408	-17.616971	0.489347	0.126656
1409	-17.616971	0.488999	0.126656
1410	-17.616971	0.488652	0.126656
1411	-17.616971	0.488306	0.126656
1412	-17.616971	0.487960	0.126656
1413	-17.616971	0.487615	0.126656
1414	-17.616971	0.487270	0.126656
1415	-17.616971	0.486926	0.126656
1416	-17.616971	0.486582	0.126656
1417	-17.616971	0.486239	0.126656
1418	-17.616971	0.485896	0.126656
1419	-17.616971	0.485553	0.126656
1420	-17.616971	0.485211	0.126656
1421	-17.616971	0.484870	0.126656
1422	-17.616971	0.484529	0.126656
1423	-17.616971	0.484188	0.126656
1424	-17.616971	0.483848	0.126656
1425	-17.616971	0.483509	0.126656
1426	-17.616971	0.483170	0.126656
1427	-17.616971	0.482831	0.126656
1428	-17.616971	0.482493	0.126656
1429	-17.616971	0.482155	0.126656
1430	-17.616971	0.481818	0.126656
1431	-17.616971	0.481481	0.126656
1432	-17.616971	0.481145	0.126656
1433	-17.616971	0.480809	0.126656
1434	-17.616971	0.480474	0.126656
1435	-17.616971	0.480139	0.126656
1436	-17.616971	0.479805	0.126656
1437	-17.616971	0.479471	0.126656
1438	-17.616936	0.479833	0.126656
1439	-17.616936	0.479500	0.126656
1440	-17.616936	0.479167	0.126656
1441	-17.616936	0.478834	0.126656
1442	-17.616936	0.478502	0.126656
1443	-17.616936	0.478170	0.126656
1444	-17.616936	0.477839	0.126656
1445	-17.616936	0.477509	0.126656
1446	-17.616936	0.477178	0.126656
1447	-17.616936	0.476849	0.126656
1448	-17.616936	0.476519	0.126656
1449	-17.616936	0.476190	0.126656
1450	-17.616936	0.475862	0.126656
1451	-17.616936	0.475534	0.126656
1452	-17.616936	0.475207	0.126656
1453	-17.616936	0.474880	0.126656
1454	-17.616936	0.474553	0.126656
1455	-17.616936	0.474227	0.126656
1456	-17.616936	0.473901	0.126656
1457	-17.616936	0.473576	0.126656
1458	-17.616936	0.473251	0.126656
1459	-17.616936	0.472927	0.126656
1460	-17.616936	0.472603	0.126656
1461	-17.616936	0.472279	0.126656
1462	-17.616936	0.471956	0.126656
1463	-17.616936	0.471634	0.126656
1464	-17.616936	0.471311	0.126656
1465	-17.619887	0.471672	0.126656
1466	-17.619887	0.471351	0.126656
1467	-17.619887	0.471029	0.126656
1468	-17.619887	0.470708	0.126656
1469	-17.619887	0.470388	0.126656
1470	-17.619887	0.470068	0.126656
1471	-17.619887	0.469748	0.126656
1472	-17.619887	0.469429	0.126656
1473	-17.619887	0.469111	0.126656
1474	-17.619887	0.468792	0.126656
1475	-17.622555	0.469153	0.126656
1476	-17.622555	0.468835	0.126656
1477	-17.622555	0.468517	0.126656
1478	-17.622555	0.468200	0.126656
1479	-17.622555	0.467884	0.126656
1480	-17.622555	0.467568	0.126656
1481	-17.622555	0.467252	0.126656
1482	-17.622555	0.466937	0.126656
1483	-17.622555	0.466622	0.126656
1484	-17.622555	0.466307	0.126656
1485	-17.622555	0.465993	0.126656
1486	-17.622555	0.465680	0.126656
1487	-17.622555	0.465367	0.126656
1488	-17.622555	0.465054	0.126656
1489	-17.622555	0.464741	0.126656
1490	-17.622555	0.464430	0.126656
1491	-17.622555	0.464118	0.126656
1492	-17.622555	0.463807	0.126656
1493	-17.622555	0.463496	0.126656
1494	-17.622555	0.463186	0.126656
1495	-17.622555	0.462876	0.126656
1496	-17.622555	0.462567	0.126656
1497	-17.622555	0.462258	0.126656
1498	-17.622555	0.461949	0.126656
1499	-17.622555	0.461641	0.126656
1500	-17.622555	0.461333	0.126656
1501	-17.622555	0.461026	0.126656
1502	-17.622555	0.460719	0.126656
1503	-17.622555	0.460413	0.126656
1504	-17.622555	0.460106	0.126656
1505	-17.622555	0.459801	0.126656
1506	-17.622555	0.459495	0.126656
1507	-17.622555	0.459190	0.126656
1508	-17.622555	0.458886	0.126656
1509	-17.622555	0.458582	0.126656
1510	-17.622555	0.458278	0.126656
1511	-17.622555	0.457975	0.126656
1512	-17.622555	0.457672	0.126656
1513	-17.622555	0.457369	0.126656
1514	-17.622555	0.457067	0.126656
1515	-17.622555	0.456766	0.126656
1516	-17.622555	0.456464	0.126656
1517	-17.622555	0.456163	0.126656
1518	-17.622555	0.455863	0.126656
1519	-17.622555	0.455563	0.126656
1520	-17.622555	0.455263	0.126656
1521	-17.622555	0.454964	0.126656
1522	-17.622555	0.454665	0.126656
1523	-17.622555	0.454366	0.126656
1524	-17.622555	0.454068	0.126656
1525	-17.622555	0.453770	0.126656
1526	-17.622555	0.453473	0.126656
1527	-17.622555	0.453176	0.126656
1528	-17.622555	0.452880	0.126656
1529	-17.622555	0.452583	0.126656
1530	-17.622555	0.452288	0.126656
1531	-17.622555	0.451992	0.126656
1532	-17.622555	0.451697	0.126656
1533	-17.622555	0.451402	0.126656
1534	-17.622555	0.451108	0.126656
1535	-17.622555	0.450814	0.126656
1536	-17.622555	0.450521	0.126656
1537	-17.622555	0.450228	0.126656
1538	-17.622555	0.449935	0.125390
1539	-17.622555	0.449643	0.124136
1540	-17.622555	0.449351	0.122894
1541	-17.622555	0.449059	0.121665
1542	-17.622555	0.448768	0.120449
1543	-17.622555	0.448477	0.119244
1544	-17.622555	0.448187	0.118052
1545	-17.622555	0.447896	0.116871
1546	-17.622555	0.447607	0.115703
1547	-17.622555	0.447317	0.114546
1548	-17.622555	0.447028	0.113400
1549	-17.622555	0.446740	0.112266
1550	-17.622555	0.446452	0.111143
1551	-17.622555	0.446164	0.110032
1552	-17.622555	0.445876	0.108932
1553	-17.622555	0.445589	0.107842
1554	-17.622555	0.445302	0.106764
1555	-17.622555	0.445016	0.105696
1556	-17.622555	0.444730	0.104639
1557	-17.622555	0.444444	0.103593
1558	-17.622555	0.444159	0.102557
1559	-17.622555	0.443874	0.101531
1560	-17.622555	0.443590	0.100516
1561	-17.622555	0.443306	0.099511
1562	-17.622555	0.443022	0.098516
1563	-17.622555	0.442738	0.097531
1564	-17.622555	0.442455	0.096555
1565	-17.622555	0.442173	0.095590
1566	-17.622555	0.441890	0.094634
1567	-17.622555	0.441608	0.093688
1568	-17.624729	0.441964	0.092751
1569	-17.638956	0.442320	0.091823
1570	-17.638956	0.442038	0.090905
1571	-17.638956	0.441757	0.089996
1572	-17.638956	0.441476	0.089096
1573	-17.638956	0.441195	0.088205
1574	-17.638956	0.440915	0.087323
1575	-17.638956	0.440635	0.086450
1576	-17.638956	0.440355	0.085585
1577	-17.638956	0.440076	0.084729
1578	-17.638956	0.439797	0.083882
1579	-17.638956	0.439519	0.083043
1580	-17.638956	0.439241	0.082213
1581	-17.638956	0.438963	0.081391
1582	-17.638956	0.438685	0.080577
1583	-17.638956	0.438408	0.079771
1584	-17.638956	0.438131	0.078973
1585	-17.638956	0.437855	0.078184
1586	-17.638956	0.437579	0.077402
1587	-17.638956	0.437303	0.076628
1588	-17.638956	0.437028	0.075861
1589	-17.638956	0.436753	0.075103
1590	-17.638956	0.436478	0.074352
1591	-17.638956	0.436204	0.073608
1592	-17.638956	0.435930	0.072872
1593	-17.638956	0.435656	0.072144
1594	-17.638956	0.435383	0.071422
1595	-17.638956	0.435110	0.070708
1596	-17.638956	0.434837	0.070001
1597	-17.638956	0.434565	0.069301
1598	-17.638956	0.434293	0.068608
1599	-17.638956	0.434021	0.067922
1600	-17.638956	0.433750	0.067242
1601	-17.638956	0.433479	0.066570
1602	-17.638956	0.433208	0.065904
1603	-17.638956	0.432938	0.065245
1604	-17.638956	0.432668	0.064593
1605	-17.638956	0.432399	0.063947
1606	-17.642263	0.432752	0.063307
1607	-17.642263	0.432483	0.062674
1608	-17.642263	0.432214	0.062048
1609	-17.642263	0.431945	0.061427
1610	-17.642263	0.431677	0.060813
1611	-17.642263	0.431409	0.060205
1612	-17.642263	0.431141	0.059603
1613	-17.642263	0.430874	0.059007
1614	-17.642263	0.430607	0.058417
1615	-17.642263	0.430341	0.057832
1616	-17.642263	0.430074	0.057254
1617	-17.642263	0.429808	0.056682
1618	-17.642263	0.429543	0.056115
1619	-17.642263	0.429277	0.055554
1620	-17.642263	0.429012	0.054998
1621	-17.642263	0.428748	0.054448
1622	-17.642263	0.428483	0.053904
1623	-17.642263	0.428219	0.053365
1624	-17.642263	0.427956	0.052831
1625	-17.642263	0.427692	0.052303
1626	-17.642263	0.427429	0.051780
1627	-17.642263	0.427167	0.051262
1628	-17.642263	0.426904	0.050749
1629	-17.642263	0.426642	0.050242
1630	-17.642263	0.426380	0.049739
1631	-17.642263	0.426119	0.049242
1632	-17.642263	0.425858	0.048749
1633	-17.642263	0.425597	0.048262
1634	-17.642263	0.425337	0.047779
1635	-17.642263	0.425076	0.047302
1636	-17.642263	0.424817	0.046829
1637	-17.642263	0.424557	0.046360
1638	-17.648150	0.424908	0.045897
1639	-17.648150	0.424649	0.045438
1640	-17.648150	0.424390	0.044983
1641	-17.648150	0.424132	0.044533
1642	-17.648150	0.423873	0.044088
1643	-17.648150	0.423615	0.043647
1644	-17.648150	0.423358	0.043211
1645	-17.646243	0.423708	0.042779
1646	-17.646243	0.423451	0.042351
1647	-17.645314	0.423801	0.041927
1648	-17.645314	0.423544	0.041508
1649	-17.645314	0.423287	0.041093
1650	-17.645314	0.423030	0.040682
1651	-17.645314	0.422774	0.040275
1652	-17.645314	0.422518	0.039873
1653	-17.647127	0.422868	0.039474
1654	-17.647127	0.422612	0.039079
1655	-17.647127	0.422356	0.038688
1656	-17.647127	0.422101	0.038301
1657	-17.647127	0.421847	0.037918
1658	-17.647127	0.421592	0.037539
1659	-17.649401	0.421941	0.037164
1660	-17.649401	0.421687	0.036792
1661	-17.649401	0.421433	0.036424
1662	-17.649401	0.421179	0.036060
1663	-17.649401	0.420926	0.035699
1664	-17.649401	0.420673	0.035342
1665	-17.649401	0.420420	0.034989
1666	-17.649401	0.420168	0.034639
1667	-17.648160	0.420516	0.034293
1668	-17.646965	0.420863	0.033950
1669	-17.646965	0.420611	0.033610
1670	-17.646965	0.420359	0.033274
1671	-17.646965	0.420108	0.032941
1672	-17.646965	0.419856	0.032612
1673	-17.646965	0.419605	0.032286
1674	-17.646965	0.419355	0.031963
1675	-17.646965	0.419104	0.031643
1676	-17.646965	0.418854	0.031327
1677	-17.646965	0.418605	0.031014
1678	-17.646965	0.418355	0.030704
1679	-17.646965	0.418106	0.030397
1680	-17.646965	0.417857	0.030093
1681	-17.646965	0.417609	0.029792
1682	-17.646965	0.417360	0.029494
1683	-17.646965	0.417112	0.029199
1684	-17.646965	0.416865	0.028907
1685	-17.648107	0.417211	0.028618
1686	-17.648107	0.416963	0.028332
1687	-17.648107	0.416716	0.028048
1688	-17.648107	0.416469	0.027768
1689	-17.648107	0.416223	0.027490
1690	-17.648107	0.415976	0.027215
1691	-17.648107	0.415730	0.026943
1692	-17.648107	0.415485	0.026674
1693	-17.648107	0.415239	0.026407
1694	-17.648107	0.414994	0.026143
1695	-17.648107	0.414749	0.025881
1696	-17.648107	0.414505	0.025623
1697	-17.648107	0.414260	0.025366
1698	-17.644631	0.414605	0.025113
1699	-17.644631	0.414361	0.024862
1700	-17.644631	0.414118	0.024613
1701	-17.645631	0.414462	0.024367
1702	-17.645631	0.414219	0.024123
1703	-17.645631	0.413975	0.023882
1704	-17.645320	0.414319	0.023643
1705	-17.645320	0.414076	0.023407
1706	-17.645320	0.413834	0.023173
1707	-17.645320	0.413591	0.022941
1708	-17.645320	0.413349	0.022711
1709	-17.648420	0.413692	0.022484
1710	-17.648181	0.414035	0.022259
1711	-17.648181	0.413793	0.022037
1712	-17.648181	0.413551	0.021817
1713	-17.648181	0.413310	0.021598
1714	-17.648181	0.413069	0.021382
1715	-17.646416	0.413411	0.021169
1716	-17.646416	0.413170	0.020957
1717	-17.647834	0.413512	0.020747
1718	-17.647834	0.413271	0.020540
1719	-17.647834	0.413031	0.020334
1720	-17.647834	0.412791	0.020131
1721	-17.647834	0.412551	0.019930
1722	-17.647834	0.412311	0.019730
1723	-17.647834	0.412072	0.019533
1724	-17.647834	0.411833	0.019338
1725	-17.649136	0.412174	0.019144
1726	-17.649136	0.411935	0.018953
1727	-17.649136	0.411697	0.018763
1728	-17.648127	0.412037	0.018576
1729	-17.647232	0.412377	0.018390
1730	-17.647232	0.412139	0.018206
1731	-17.647232	0.411901	0.018024
1732	-17.647232	0.411663	0.017844
1733	-17.648571	0.412002	0.017665
1734	-17.648571	0.411765	0.017489
1735	-17.648571	0.411527	0.017314
1736	-17.648056	0.411866	0.017141
1737	-17.648053	0.412205	0.016969
1738	-17.648053	0.411968	0.016800
1739	-17.648053	0.411731	0.016632
1740	-17.647953	0.412069	0.016465
1741	-17.647230	0.412407	0.016301
1742	-17.647230	0.412170	0.016138
1743	-17.647230	0.411933	0.015976
1744	-17.647230	0.411697	0.015817
1745	-17.648828	0.412034	0.015658
1746	-17.648828	0.411798	0.015502
1747	-17.648828	0.411563	0.015347
1748	-17.648907	0.411899	0.015193
1749	-17.648907	0.411664	0.015041
1750	-17.648907	0.411429	0.014891
1751	-17.648787	0.411765	0.014742
1752	-17.648787	0.411530	0.014595
1753	-17.648998	0.411865	0.014449
1754	-17.648998	0.411631	0.014304
1755	-17.648998	0.411396	0.014161
1756	-17.649393	0.411731	0.014020
1757	-17.649393	0.411497	0.013879
1758	-17.649307	0.411832	0.013741
1759	-17.649307	0.411597	0.013603
1760	-17.648345	0.411932	0.013467
1761	-17.648345	0.411698	0.013332
1762	-17.647925	0.412032	0.013199
1763	-17.648090	0.412365	0.013067
1764	-17.648090	0.412132	0.012936
1765	-17.648090	0.411898	0.012807
1766	-17.648214	0.412231	0.012679
1767	-17.648214	0.411998	0.012552
1768	-17.649352	0.412330	0.012427
1769	-17.649352	0.412097	0.012302
1770	-17.649352	0.411864	0.012179
1771	-17.650314	0.412196	0.012058
1772	-17.650314	0.411964	0.011937
1773	-17.650314	0.411732	0.011818
1774	-17.649464	0.412063	0.011700
1775	-17.651744	0.412394	0.011583
1776	-17.651744	0.412162	0.011467
1777	-17.651057	0.412493	0.011352
1778	-17.651057	0.412261	0.011239
1779	-17.651057	0.412029	0.011126
1780	-17.650823	0.412360	0.011015
1781	-17.650823	0.412128	0.010905
1782	-17.650253	0.412458	0.010796
1783	-17.650634	0.412787	0.010688
1784	-17.650078	0.413117	0.010581
1785	-17.650084	0.413445	0.010475
1786	-17.650084	0.413214	0.010370
1787	-17.650084	0.412983	0.010267
1788	-17.650798	0.413311	0.010164
1789	-17.650798	0.413080	0.010062
1790	-17.650798	0.412849	0.009962
1791	-17.650615	0.413177	0.009862
1792	-17.649804	0.413504	0.009763
1793	-17.650303	0.413832	0.009666
1794	-17.650303	0.413601	0.009569
1795	-17.650303	0.413370	0.009473
1796	-17.650303	0.413140	0.009379
1797	-17.650997	0.413467	0.009285
1798	-17.650997	0.413237	0.009192
1799	-17.650997	0.413007	0.009100
1800	-17.650997	0.412778	0.009009
1801	-17.650997	0.412549	0.008919
1802	-17.651136	0.412875	0.008830
1803	-17.650418	0.413200	0.008742
1804	-17.650676	0.413525	0.008654
1805	-17.650676	0.413296	0.008568
1806	-17.649914	0.413621	0.008482
1807	-17.649914	0.413392	0.008397
1808	-17.649914	0.413164	0.008313
1809	-17.649914	0.412935	0.008230
1810	-17.649914	0.412707	0.008148
1811	-17.648631	0.413031	0.008066
1812	-17.648631	0.412804	0.007986
1813	-17.650032	0.413127	0.007906
1814	-17.650032	0.412900	0.007827
1815	-17.650032	0.412672	0.007748
1816	-17.650032	0.412445	0.007671
1817	-17.650025	0.412768	0.007594
1818	-17.650036	0.413091	0.007518
1819	-17.649701	0.413414	0.007443
1820	-17.650115	0.413736	0.007369
1821	-17.650346	0.414058	0.007295
1822	-17.650346	0.413831	0.007222
1823	-17.651552	0.414152	0.007150
1824	-17.650903	0.414474	0.007078
1825	-17.650903	0.414247	0.007007
1826	-17.651387	0.414567	0.006937
1827	-17.651065	0.414888	0.006868
1828	-17.651129	0.415208	0.006799
1829	-17.652591	0.415528	0.006731
1830	-17.653477	0.415847	0.006664
1831	-17.652503	0.416166	0.006597
1832	-17.652503	0.415939	0.006531
1833	-17.652503	0.415712	0.006466
1834	-17.652996	0.416031	0.006401
1835	-17.651820	0.416349	0.006337
1836	-17.651820	0.416122	0.006274
1837	-17.651748	0.416440	0.006211
1838	-17.651748	0.416213	0.006149
1839	-17.652061	0.416531	0.006088
1840	-17.652061	0.416304	0.006027
1841	-17.652467	0.416621	0.005967
1842	-17.653674	0.416938	0.005907
1843	-17.653674	0.416712	0.005848
1844	-17.651748	0.417028	0.005789
1845	-17.651748	0.416802	0.005731
1846	-17.652068	0.417118	0.005674
1847	-17.652068	0.416892	0.005617
1848	-17.652039	0.417208	0.005561
1849	-17.651475	0.417523	0.005506
1850	-17.651475	0.417297	0.005451
1851	-17.651475	0.417072	0.005396
1852	-17.652245	0.417387	0.005342
1853	-17.652512	0.417701	0.005289
1854	-17.652512	0.417476	0.005236
1855	-17.652753	0.417790	0.005183
1856	-17.652753	0.417565	0.005132
1857	-17.651475	0.417878	0.005080
1858	-17.650748	0.418192	0.005029
1859	-17.650802	0.418505	0.004979
1860	-17.650703	0.418817	0.004929
1861	-17.650838	0.419130	0.004880
1862	-17.650838	0.418904	0.004831
1863	-17.651226	0.419216	0.004783
1864	-17.651226	0.418991	0.004735
1865	-17.651226	0.418767	0.004688
1866	-17.651000	0.419078	0.004641
1867	-17.650859	0.419389	0.004595
1868	-17.650859	0.419700	0.004549
1869	-17.650859	0.419476	0.004503
1870	-17.650859	0.419251	0.004458
1871	-17.651439	0.419562	0.004413
1872	-17.651411	0.419872	0.004369
1873	-17.651411	0.419648	0.004326
1874	-17.651697	0.419957	0.004282
1875	-17.651835	0.420267	0.004240
1876	-17.651039	0.420576	0.004197
1877	-17.650880	0.420884	0.004155
1878	-17.650880	0.420660	0.004114
1879	-17.652137	0.420969	0.004073
1880	-17.652029	0.421277	0.004032
1881	-17.652329	0.421584	0.003991
1882	-17.651965	0.421892	0.003952
1883	-17.651668	0.422199	0.003912
1884	-17.651667	0.422505	0.003873
1885	-17.651028	0.422812	0.003834
1886	-17.651430	0.423118	0.003796
1887	-17.651430	0.422893	0.003758
1888	-17.651662	0.423199	0.003720
1889	-17.651662	0.422975	0.003683
1890	-17.651828	0.423280	0.003646
1891	-17.651643	0.423585	0.003610
1892	-17.651643	0.423362	0.003574
1893	-17.651830	0.423666	0.003538
1894	-17.651985	0.423970	0.003503
1895	-17.651660	0.424274	0.003468
1896	-17.651660	0.424051	0.003433
1897	-17.651602	0.424354	0.003399
1898	-17.651568	0.424658	0.003365
1899	-17.651232	0.424961	0.003331
1900	-17.651334	0.425263	0.003298
1901	-17.651120	0.425565	0.003265
1902	-17.651104	0.425868	0.003232
1903	-17.651268	0.426169	0.003200
1904	-17.651695	0.426471	0.003168
1905	-17.651959	0.426772	0.003136
1906	-17.652664	0.427072	0.003105
1907	-17.652661	0.427373	0.003074
1908	-17.651619	0.427673	0.003043
1909	-17.650877	0.427973	0.003012
1910	-17.651025	0.428272	0.002982
1911	-17.650829	0.428571	0.002952
1912	-17.650529	0.428870	0.002923
1913	-17.650095	0.429169	0.002894
1914	-17.650095	0.428945	0.002865
1915	-17.649435	0.429243	0.002836
1916	-17.649360	0.429541	0.002808
1917	-17.649600	0.429838	0.002780
1918	-17.649600	0.429614	0.002752
1919	-17.649548	0.429911	0.002724
1920	-17.649777	0.430208	0.002697
1921	-17.649556	0.430505	0.002670
1922	-17.649544	0.430801	0.002643
1923	-17.649468	0.431097	0.002617
1924	-17.649155	0.431393	0.002591
1925	-17.649585	0.431688	0.002565
1926	-17.649966	0.431983	0.002539
1927	-17.650048	0.432278	0.002514
1928	-17.650131	0.432573	0.002489
1929	-17.649992	0.432867	0.002464
1930	-17.650076	0.433161	0.002439
1931	-17.650570	0.433454	0.002415
1932	-17.649876	0.433747	0.002391
1933	-17.649638	0.434040	0.002367
1934	-17.649623	0.434333	0.002343
1935	-17.649909	0.434625	0.002320
1936	-17.649909	0.434401	0.002297
1937	-17.650031	0.434693	0.002274
1938	-17.650143	0.434985	0.002251
1939	-17.650143	0.434760	0.002228
1940	-17.650554	0.435052	0.002206
1941	-17.649585	0.435343	0.002184
1942	-17.649956	0.435633	0.002162
1943	-17.650054	0.435924	0.002141
1944	-17.650069	0.436214	0.002119
1945	-17.650044	0.436504	0.002098
1946	-17.650044	0.436280	0.002077
1947	-17.650036	0.436569	0.002056
1948	-17.650097	0.436858	0.002036
1949	-17.650121	0.437147	0.002015
1950	-17.649755	0.437436	0.001995
1951	-17.649755	0.437212	0.001975
1952	-17.650113	0.437500	0.001955
1953	-17.649548	0.437788	0.001936
1954	-17.649734	0.438076	0.001916
1955	-17.649721	0.438363	0.001897
1956	-17.649733	0.438650	0.001878
1957	-17.649735	0.438937	0.001860
1958	-17.649815	0.439224	0.001841
1959	-17.649772	0.439510	0.001823
1960	-17.649798	0.439796	0.001804
1961	-17.649734	0.440082	0.001786
1962	-17.649749	0.440367	0.001768
1963	-17.649749	0.440143	0.001751
1964	-17.649044	0.440428	0.001733
1965	-17.648495	0.440712	0.001716
1966	-17.648506	0.440997	0.001699
1967	-17.649060	0.441281	0.001682
1968	-17.648960	0.441565	0.001665
1969	-17.648902	0.441849	0.001648
1970	-17.648948	0.442132	0.001632
1971	-17.649411	0.442415	0.001615
1972	-17.648801	0.442698	0.001599
1973	-17.648745	0.442980	0.001583
1974	-17.648607	0.443262	0.001567
1975	-17.648824	0.443544	0.001552
1976	-17.648903	0.443826	0.001536
1977	-17.649159	0.444107	0.001521
1978	-17.649130	0.444388	0.001506
1979	-17.649030	0.444669	0.001491
1980	-17.648874	0.444949	0.001476
1981	-17.648916	0.445230	0.001461
1982	-17.648833	0.445510	0.001446
1983	-17.648703	0.445789	0.001432
1984	-17.648651	0.446069	0.001418
1985	-17.648679	0.446348	0.001403
1986	-17.648892	0.446626	0.001389
1987	-17.648959	0.446905	0.001376
1988	-17.648714	0.447183	0.001362
1989	-17.648714	0.446958	0.001348
1990	-17.648749	0.447236	0.001335
1991	-17.649147	0.447514	0.001321
1992	-17.649085	0.447791	0.001308
1993	-17.649044	0.448068	0.001295
1994	-17.648939	0.448345	0.001282
1995	-17.648945	0.448622	0.001269
1996	-17.649139	0.448898	0.001257
1997	-17.649186	0.449174	0.001244
1998	-17.649289	0.449449	0.001232
1999	-17.649041	0.449725	0.001219
2000	-17.649041	0.449500	0.001207
2001	-17.649047	0.449775	0.001195
2002	-17.649074	0.450050	0.001195
2003	-17.648691	0.450325	0.001195
2004	-17.648691	0.450100	0.001195
2005	-17.648693	0.450374	0.001195
2006	-17.648651	0.450648	0.001195
2007	-17.648721	0.450922	0.001195
2008	-17.648601	0.451195	0.001195
2009	-17.648527	0.451468	0.001195
2010	-17.648404	0.451741	0.001195
2011	-17.648369	0.452014	0.001195
2012	-17.648299	0.452286	0.001195
2013	-17.648210	0.452558	0.001195
2014	-17.648351	0.452830	0.001195
2015	-17.648473	0.453102	0.001195
2016	-17.648432	0.453373	0.001195
2017	-17.648546	0.453644	0.001195
2018	-17.648362	0.453915	0.001195
2019	-17.648290	0.454185	0.001195
2020	-17.648600	0.454455	0.001195
2021	-17.648697	0.454725	0.001195
2022	-17.649012	0.454995	0.001195
2023	-17.649041	0.455264	0.001195
2024	-17.649395	0.455534	0.001195
2025	-17.649446	0.455802	0.001195
2026	-17.649425	0.456071	0.001195
2027	-17.649325	0.456339	0.001195
2028	-17.649457	0.456607	0.001195
2029	-17.649363	0.456875	0.001195
2030	-17.649480	0.457143	0.001195
2031	-17.649365	0.457410	0.001195
2032	-17.649452	0.457677	0.001195
2033	-17.649899	0.457944	0.001195
2034	-17.650089	0.458210	0.001195
2035	-17.650051	0.458477	0.001195
2036	-17.650137	0.458743	0.001195
2037	-17.649844	0.459008	0.001195
2038	-17.649767	0.459274	0.001195
2039	-17.649876	0.459539	0.001195
2040	-17.649907	0.459804	0.001195
2041	-17.649744	0.460069	0.001195
2042	-17.649747	0.460333	0.001195
2043	-17.649967	0.460597	0.001195
2044	-17.649926	0.460861	0.001195
2045	-17.649871	0.461125	0.001195
2046	-17.649884	0.461388	0.001195
2047	-17.649891	0.461651	0.001195
2048	-17.649719	0.461914	0.001195
2049	-17.649546	0.462177	0.001195
2050	-17.649226	0.462439	0.001195
2051	-17.649143	0.462701	0.001195
2052	-17.648863	0.462963	0.001195
2053	-17.648763	0.463225	0.001195
2054	-17.648725	0.463486	0.001195
2055	-17.648574	0.463747	0.001195
2056	-17.648667	0.464008	0.001195
2057	-17.648622	0.464268	0.001195
2058	-17.648508	0.464529	0.001195
2059	-17.648508	0.464789	0.001195
2060	-17.648801	0.465049	0.001195
2061	-17.649029	0.465308	0.001195
2062	-17.649238	0.465567	0.001195
2063	-17.649410	0.465826	0.001195
2064	-17.649468	0.466085	0.001195
2065	-17.649430	0.466344	0.001195
2066	-17.649430	0.466118	0.001195
2067	-17.649292	0.466376	0.001195
2068	-17.649162	0.466634	0.001195
2069	-17.649364	0.466892	0.001195
2070	-17.649391	0.467150	0.001195
2071	-17.649289	0.467407	0.001195
2072	-17.649289	0.467181	0.001195
2073	-17.648999	0.467438	0.001195
2074	-17.648945	0.467695	0.001195
2075	-17.648770	0.467952	0.001195
2076	-17.648607	0.468208	0.001195
2077	-17.648738	0.468464	0.001195
2078	-17.648821	0.468720	0.001195
2079	-17.648580	0.468975	0.001195
2080	-17.648524	0.469231	0.001195
2081	-17.648507	0.469486	0.001195
2082	-17.648391	0.469741	0.001195
2083	-17.648421	0.469995	0.001195
2084	-17.648712	0.470250	0.001195
2085	-17.648669	0.470504	0.001195
2086	-17.648944	0.470757	0.001195
2087	-17.648944	0.470532	0.001195
2088	-17.649080	0.470785	0.001195
2089	-17.649157	0.471039	0.001195
2090	-17.649220	0.471292	0.001195
2091	-17.649577	0.471545	0.001195
2092	-17.649590	0.471797	0.001195
2093	-17.649750	0.472050	0.001195
2094	-17.649960	0.472302	0.001195
2095	-17.650017	0.472554	0.001195
2096	-17.649996	0.472805	0.001195
2097	-17.649872	0.473057	0.001195
2098	-17.649915	0.473308	0.001195
2099	-17.649870	0.473559	0.001195
2100	-17.649898	0.473810	0.001195
2101	-17.649898	0.474060	0.001195
2102	-17.649703	0.474310	0.001195
2103	-17.649786	0.474560	0.001195
2104	-17.649920	0.474810	0.001195
2105	-17.649919	0.475059	0.001195
2106	-17.649777	0.475309	0.001195
2107	-17.649760	0.475558	0.001195
2108	-17.650202	0.475806	0.001195
2109	-17.650286	0.476055	0.001195
2110	-17.650202	0.476303	0.001195
2111	-17.650256	0.476551	0.001195
2112	-17.650390	0.476799	0.001195
2113	-17.650390	0.476574	0.001195
2114	-17.650293	0.476821	0.001195
2115	-17.650293	0.476596	0.001195
2116	-17.650293	0.476371	0.001195
2117	-17.650423	0.476618	0.001195
2118	-17.650430	0.476865	0.001195
2119	-17.650383	0.477112	0.001195
2120	-17.650397	0.477358	0.001195
2121	-17.650492	0.477605	0.001195
2122	-17.650783	0.477851	0.001195
2123	-17.650930	0.478097	0.001195
2124	-17.651158	0.478343	0.001195
2125	-17.650953	0.478588	0.001195
2126	-17.650884	0.478833	0.001195
2127	-17.650855	0.479079	0.001195
2128	-17.650963	0.479323	0.001195
2129	-17.650881	0.479568	0.001195
2130	-17.651011	0.479812	0.001195
2131	-17.650999	0.480056	0.001195
2132	-17.650957	0.480300	0.001195
2133	-17.650809	0.480544	0.001195
2134	-17.650648	0.480787	0.001195
2135	-17.650491	0.481030	0.001195
2136	-17.650675	0.481273	0.001195
2137	-17.650634	0.481516	0.001195
2138	-17.650607	0.481759	0.001195
2139	-17.650514	0.482001	0.001195
2140	-17.650134	0.482243	0.001195
2141	-17.650242	0.482485	0.001195
2142	-17.650225	0.482726	0.001195
2143	-17.650295	0.482968	0.001195
2144	-17.650093	0.483209	0.001195
2145	-17.650079	0.483450	0.001195
2146	-17.650091	0.483691	0.001195
2147	-17.650017	0.483931	0.001195
2148	-17.650076	0.484171	0.001195
2149	-17.650070	0.484411	0.001195
2150	-17.649964	0.484651	0.001195
2151	-17.649849	0.484891	0.001195
2152	-17.649662	0.485130	0.001195
2153	-17.649510	0.485369	0.001195
2154	-17.649628	0.485608	0.001195
2155	-17.649680	0.485847	0.001195
2156	-17.649635	0.486085	0.001195
2157	-17.649512	0.486324	0.001195
2158	-17.649277	0.486562	0.001195
2159	-17.649022	0.486799	0.001195
2160	-17.649097	0.487037	0.001195
2161	-17.649001	0.487274	0.001195
2162	-17.649441	0.487512	0.001195
2163	-17.649411	0.487748	0.001195
2164	-17.649504	0.487985	0.001195
2165	-17.649723	0.488222	0.001195
2166	-17.649906	0.488458	0.001195
2167	-17.649639	0.488694	0.001195
2168	-17.649605	0.488930	0.001195
2169	-17.649571	0.489166	0.001195
2170	-17.649280	0.489401	0.001195
2171	-17.649423	0.489636	0.001195
2172	-17.649609	0.489871	0.001195
2173	-17.649442	0.490106	0.001195
2174	-17.649325	0.490340	0.001195
2175	-17.649679	0.490575	0.001195
2176	-17.649597	0.490809	0.001195
2177	-17.649534	0.491043	0.001195
2178	-17.649650	0.491276	0.001195
2179	-17.649964	0.491510	0.001195
2180	-17.649835	0.491743	0.001195
2181	-17.649924	0.491976	0.001195
2182	-17.649904	0.492209	0.001195
2183	-17.649896	0.492442	0.001195
2184	-17.649871	0.492674	0.001195
2185	-17.649952	0.492906	0.001195
2186	-17.650256	0.493138	0.001195
2187	-17.650344	0.493370	0.001195
2188	-17.650281	0.493601	0.001195
2189	-17.649961	0.493833	0.001195
2190	-17.649782	0.494064	0.001195
2191	-17.649835	0.494295	0.001195
2192	-17.650010	0.494526	0.001195
2193	-17.650093	0.494756	0.001195
2194	-17.650161	0.494986	0.001195
2195	-17.650101	0.495216	0.001195
2196	-17.649756	0.495446	0.001195
2197	-17.649777	0.495676	0.001195
2198	-17.649925	0.495905	0.001195
2199	-17.650104	0.496135	0.001195
2200	-17.650206	0.496364	0.001195
2201	-17.649899	0.496592	0.001195
2202	-17.649803	0.496821	0.001195
2203	-17.649865	0.497049	0.001195
2204	-17.649659	0.497278	0.001195
2205	-17.649891	0.497506	0.001195
2206	-17.649797	0.497733	0.001195
2207	-17.649835	0.497961	0.001195
2208	-17.650146	0.498188	0.001195
2209	-17.650133	0.498416	0.001195
2210	-17.650389	0.498643	0.001195
2211	-17.650277	0.498869	0.001195
2212	-17.650365	0.499096	0.001195
2213	-17.650493	0.499322	0.001195
2214	-17.650427	0.499548	0.001195
2215	-17.650607	0.499774	0.001195
2216	-17.650659	0.500000	0.001195
2217	-17.650681	0.500226	0.001195
2218	-17.650757	0.500451	0.001195
2219	-17.650878	0.500676	0.001195
2220	-17.650899	0.500901	0.001195
2221	-17.650565	0.501126	0.001195
2222	-17.650462	0.501350	0.001195
2223	-17.650328	0.501574	0.001195
2224	-17.650077	0.501799	0.001195
2225	-17.650042	0.502022	0.001195
2226	-17.649535	0.502246	0.001195
2227	-17.649726	0.502470	0.001195
2228	-17.649837	0.502693	0.001195
2229	-17.649830	0.502916	0.001195
2230	-17.649704	0.503139	0.001195
2231	-17.649887	0.503362	0.001195
2232	-17.649952	0.503584	0.001195
2233	-17.650002	0.503807	0.001195
2234	-17.649900	0.504029	0.001195
2235	-17.649538	0.504251	0.001195
2236	-17.649510	0.504472	0.001195
2237	-17.649627	0.504694	0.001195
2238	-17.649846	0.504915	0.001195
2239	-17.649757	0.505136	0.001195
2240	-17.649634	0.505357	0.001195
2241	-17.649760	0.505578	0.001195
2242	-17.649977	0.505798	0.001195
2243	-17.649803	0.506019	0.001195
2244	-17.649991	0.506239	0.001195
2245	-17.649809	0.506459	0.001195
2246	-17.649848	0.506679	0.001195
2247	-17.649758	0.506898	0.001195
2248	-17.649881	0.507117	0.001195
2249	-17.650016	0.507337	0.001195
2250	-17.649755	0.507556	0.001195
2251	-17.649750	0.507774	0.001195
2252	-17.649714	0.507993	0.001195
2253	-17.649742	0.508211	0.001195
2254	-17.649633	0.508429	0.001195
2255	-17.649633	0.508204	0.001195
2256	-17.649521	0.508422	0.001195
2257	-17.649378	0.508640	0.001195
2258	-17.649515	0.508857	0.001195
2259	-17.649640	0.509075	0.001195
2260	-17.649657	0.509292	0.001195
2261	-17.649760	0.509509	0.001195
2262	-17.649813	0.509726	0.001195
2263	-17.650002	0.509943	0.001195
2264	-17.649924	0.510159	0.001195
2265	-17.649692	0.510375	0.001195
2266	-17.649540	0.510591	0.001195
2267	-17.649597	0.510807	0.001195
2268	-17.649785	0.511023	0.001195
2269	-17.649475	0.511238	0.001195
2270	-17.649325	0.511454	0.001195
2271	-17.649329	0.511669	0.001195
2272	-17.649427	0.511884	0.001195
2273	-17.649639	0.512099	0.001195
2274	-17.649652	0.512313	0.001195
2275	-17.649583	0.512527	0.001195
2276	-17.649866	0.512742	0.001195
2277	-17.649648	0.512956	0.001195
2278	-17.649460	0.513169	0.001195
2279	-17.649701	0.513383	0.001195
2280	-17.649768	0.513596	0.001195
2281	-17.649763	0.513810	0.001195
2282	-17.649660	0.514023	0.001195
2283	-17.649966	0.514236	0.001195
2284	-17.650222	0.514448	0.001195
2285	-17.650241	0.514661	0.001195
2286	-17.650193	0.514873	0.001195
2287	-17.650094	0.515085	0.001195
2288	-17.650068	0.515297	0.001195
2289	-17.649976	0.515509	0.001195
2290	-17.650305	0.515721	0.001195
2291	-17.650453	0.515932	0.001195
2292	-17.650251	0.516143	0.001195
2293	-17.650290	0.516354	0.001195
2294	-17.649899	0.516565	0.001195
2295	-17.649843	0.516776	0.001195
2296	-17.650205	0.516986	0.001195
2297	-17.650183	0.517196	0.001195
2298	-17.650451	0.517406	0.001195
2299	-17.650451	0.517181	0.001195
2300	-17.650422	0.517391	0.001195
2301	-17.650443	0.517601	0.001195
2302	-17.650633	0.517811	0.001195
2303	-17.650743	0.518020	0.001195
2304	-17.650994	0.518229	0.001195
2305	-17.650664	0.518438	0.001195
2306	-17.650863	0.518647	0.001195
2307	-17.650934	0.518856	0.001195
2308	-17.650918	0.519064	0.001195
2309	-17.650882	0.519272	0.001195
2310	-17.650830	0.519481	0.001195
2311	-17.650771	0.519688	0.001195
2312	-17.650773	0.519896	0.001195
2313	-17.650846	0.520104	0.001195
2314	-17.650706	0.520311	0.001195
2315	-17.650648	0.520518	0.001195
2316	-17.650659	0.520725	0.001195
2317	-17.650719	0.520932	0.001195
2318	-17.650814	0.521139	0.001195
2319	-17.650984	0.521345	0.001195
2320	-17.650971	0.521552	0.001195
2321	-17.650950	0.521758	0.001195
2322	-17.650961	0.521964	0.001195
2323	-17.650723	0.522170	0.001195
2324	-17.650601	0.522375	0.001195
2325	-17.650535	0.522581	0.001195
2326	-17.650493	0.522786	0.001195
2327	-17.650681	0.522991	0.001195
2328	-17.650638	0.523196	0.001195
2329	-17.650695	0.523401	0.001195
2330	-17.650732	0.523605	0.001195
2331	-17.650790	0.523810	0.001195
2332	-17.650790	0.523585	0.001195
2333	-17.650666	0.523789	0.001195
2334	-17.650890	0.523993	0.001195
2335	-17.650862	0.524197	0.001195
2336	-17.650845	0.524401	0.001195
2337	-17.650851	0.524604	0.001195
2338	-17.650897	0.524808	0.001195
2339	-17.650916	0.525011	0.001195
2340	-17.650916	0.524786	0.001195
2341	-17.650741	0.524989	0.001195
2342	-17.650551	0.525192	0.001195
2343	-17.650565	0.525395	0.001195
2344	-17.650357	0.525597	0.001195
2345	-17.649991	0.525800	0.001195
2346	-17.649715	0.526002	0.001195
2347	-17.649495	0.526204	0.001195
2348	-17.649555	0.526405	0.001195
2349	-17.649591	0.526607	0.001195
2350	-17.649652	0.526809	0.001195
2351	-17.649643	0.527010	0.001195
2352	-17.649668	0.527211	0.001195
2353	-17.649716	0.527412	0.001195
2354	-17.649634	0.527613	0.001195
2355	-17.649812	0.527813	0.001195
2356	-17.649656	0.528014	0.001195
2357	-17.649833	0.528214	0.001195
2358	-17.649827	0.528414	0.001195
2359	-17.649678	0.528614	0.001195
2360	-17.649726	0.528814	0.001195
2361	-17.649875	0.529013	0.001195
2362	-17.649965	0.529213	0.001195
2363	-17.649989	0.529412	0.001195
2364	-17.649904	0.529611	0.001195
2365	-17.649877	0.529810	0.001195
2366	-17.649990	0.530008	0.001195
2367	-17.650126	0.530207	0.001195
2368	-17.650127	0.530405	0.001195
2369	-17.650113	0.530604	0.001195
2370	-17.650487	0.530802	0.001195
2371	-17.650265	0.531000	0.001195
2372	-17.650067	0.531197	0.001195
2373	-17.649761	0.531395	0.001195
2374	-17.649750	0.531592	0.001195
2375	-17.649608	0.531789	0.001195
2376	-17.649608	0.531566	0.001195
2377	-17.649562	0.531763	0.001195
2378	-17.649599	0.531960	0.001195
2379	-17.649396	0.532156	0.001195
2380	-17.649543	0.532353	0.001195
2381	-17.649590	0.532549	0.001195
2382	-17.649675	0.532746	0.001195
2383	-17.649738	0.532942	0.001195
2384	-17.649741	0.533138	0.001195
2385	-17.649734	0.533333	0.001195
2386	-17.649720	0.533529	0.001195
2387	-17.649852	0.533724	0.001195
2388	-17.649731	0.533920	0.001195
2389	-17.649776	0.534115	0.001195
2390	-17.649955	0.534310	0.001195
2391	-17.649955	0.534086	0.001195
2392	-17.649955	0.533863	0.001195
2393	-17.649741	0.534058	0.001195
2394	-17.649890	0.534252	0.001195
2395	-17.650129	0.534447	0.001195
2396	-17.650241	0.534641	0.001195
2397	-17.650203	0.534835	0.001195
2398	-17.650365	0.535029	0.001195
2399	-17.650420	0.535223	0.001195
2400	-17.650281	0.535417	0.001195
2401	-17.650303	0.535610	0.001195
2402	-17.649764	0.535803	0.001195
2403	-17.649812	0.535997	0.001195
2404	-17.650036	0.536190	0.001195
2405	-17.650023	0.536383	0.001195
2406	-17.650029	0.536575	0.001195
2407	-17.650029	0.536352	0.001195
2408	-17.650303	0.536545	0.001195
2409	-17.650213	0.536737	0.001195
2410	-17.650248	0.536929	0.001195
2411	-17.650207	0.537122	0.001195
2412	-17.650135	0.537313	0.001195
2413	-17.650073	0.537505	0.001195
2414	-17.650060	0.537697	0.001195
2415	-17.650136	0.537888	0.001195
2416	-17.650136	0.538079	0.001195
2417	-17.650099	0.538271	0.001195
2418	-17.649817	0.538462	0.001195
2419	-17.649832	0.538652	0.001195
2420	-17.649653	0.538843	0.001195
2421	-17.649986	0.539033	0.001195
2422	-17.649908	0.539224	0.001195
2423	-17.649730	0.539414	0.001195
2424	-17.650055	0.539604	0.001195
2425	-17.650169	0.539794	0.001195
2426	-17.649818	0.539984	0.001195
2427	-17.649979	0.540173	0.001195
2428	-17.650114	0.540362	0.001195
2429	-17.650194	0.540552	0.001195
2430	-17.650201	0.540741	0.001195
2431	-17.649954	0.540930	0.001195
2432	-17.650008	0.541118	0.001195
2433	-17.650008	0.540896	0.001195
2434	-17.649941	0.541085	0.001195
2435	-17.649925	0.541273	0.001195
2436	-17.649927	0.541461	0.001195
2437	-17.649963	0.541650	0.001195
2438	-17.649963	0.541427	0.001195
2439	-17.649990	0.541615	0.001195
2440	-17.650184	0.541803	0.001195
2441	-17.650184	0.541581	0.001195
2442	-17.650111	0.541769	0.001195
2443	-17.650142	0.541957	0.001195
2444	-17.650168	0.542144	0.001195
2445	-17.650092	0.542331	0.001195
2446	-17.650038	0.542518	0.001195
2447	-17.649866	0.542705	0.001195
2448	-17.649752	0.542892	0.001195
2449	-17.649758	0.543079	0.001195
2450	-17.649967	0.543265	0.001195
2451	-17.650136	0.543452	0.001195
2452	-17.649895	0.543638	0.001195
2453	-17.649908	0.543824	0.001195
2454	-17.650263	0.544010	0.001195
2455	-17.650488	0.544196	0.001195
2456	-17.650698	0.544381	0.001195
2457	-17.650586	0.544567	0.001195
2458	-17.650944	0.544752	0.001195
2459	-17.650757	0.544937	0.001195
2460	-17.650585	0.545122	0.001195
2461	-17.650665	0.545307	0.001195
2462	-17.650740	0.545491	0.001195
2463	-17.650712	0.545676	0.001195
2464	-17.650760	0.545860	0.001195
2465	-17.650592	0.546045	0.001195
2466	-17.650951	0.546229	0.001195
2467	-17.650965	0.546413	0.001195
2468	-17.650979	0.546596	0.001195
2469	-17.650910	0.546780	0.001195
2470	-17.650809	0.546964	0.001195
2471	-17.650733	0.547147	0.001195
2472	-17.650733	0.546926	0.001195
2473	-17.650660	0.547109	0.001195
2474	-17.650763	0.547292	0.001195
2475	-17.650903	0.547475	0.001195
2476	-17.650747	0.547658	0.001195
2477	-17.650709	0.547840	0.001195
2478	-17.650538	0.548023	0.001195
2479	-17.650393	0.548205	0.001195
2480	-17.650597	0.548387	0.001195
2481	-17.650509	0.548569	0.001195
2482	-17.650556	0.548751	0.001195
2483	-17.650430	0.548933	0.001195
2484	-17.650297	0.549114	0.001195
2485	-17.650530	0.549296	0.001195
2486	-17.650544	0.549477	0.001195
2487	-17.650719	0.549658	0.001195
2488	-17.650634	0.549839	0.001195
2489	-17.650621	0.550020	0.001231
2490	-17.650548	0.550201	0.001268
2491	-17.650417	0.550381	0.001306
2492	-17.650417	0.550161	0.001345
2493	-17.650175	0.550341	0.001385
2494	-17.650132	0.550521	0.001427
2495	-17.650132	0.550301	0.001470
2496	-17.649881	0.550481	0.001514
2497	-17.649784	0.550661	0.001559
2498	-17.649811	0.550841	0.001606
2499	-17.649619	0.551020	0.001654
2500	-17.649236	0.551200	0.001704
2501	-17.649479	0.551379	0.001755
2502	-17.649479	0.551159	0.001807
2503	-17.649291	0.551338	0.001862
2504	-17.649112	0.551518	0.001918
2505	-17.648880	0.551697	0.001975
2506	-17.648880	0.551476	0.002034
2507	-17.648946	0.551655	0.002095
2508	-17.648707	0.551834	0.002158
2509	-17.648749	0.552013	0.002223
2510	-17.648783	0.552191	0.002290
2511	-17.649141	0.552370	0.002358
2512	-17.649100	0.552548	0.002429
2513	-17.649524	0.552726	0.002502
2514	-17.649627	0.552904	0.002577
2515	-17.649627	0.552684	0.002654
2516	-17.648682	0.552862	0.002734
2517	-17.648682	0.552642	0.002816
2518	-17.648610	0.552820	0.002901
2519	-17.649136	0.552997	0.002988
2520	-17.648390	0.553175	0.003077
2521	-17.649237	0.553352	0.003169
2522	-17.649438	0.553529	0.003265
2523	-17.648614	0.553706	0.003362
2524	-17.648857	0.553883	0.003463
2525	-17.649101	0.554059	0.003567
2526	-17.649101	0.553840	0.003674
2527	-17.649101	0.553621	0.003785
2528	-17.649101	0.553402	0.003898
2529	-17.649120	0.553578	0.004015
2530	-17.649136	0.553755	0.004135
2531	-17.649680	0.553931	0.004259
2532	-17.649680	0.553712	0.004387
2533	-17.650286	0.553889	0.004519
2534	-17.650965	0.554065	0.004654
2535	-17.651255	0.554241	0.004794
2536	-17.651255	0.554022	0.004938
2537	-17.650509	0.554198	0.005086
2538	-17.650139	0.554374	0.005239
2539	-17.650139	0.554155	0.005396
2540	-17.649679	0.554331	0.005558
2541	-17.648293	0.554506	0.005724
2542	-17.648262	0.554681	0.005896
2543	-17.648267	0.554856	0.006073
2544	-17.648267	0.554638	0.006255
2545	-17.646783	0.554813	0.006443
2546	-17.646783	0.554595	0.006636
2547	-17.647166	0.554770	0.006835
2548	-17.647292	0.554945	0.007040
2549	-17.647089	0.555120	0.007251
2550	-17.648124	0.555294	0.007469
2551	-17.648124	0.555076	0.007693
2552	-17.647660	0.555251	0.007924
2553	-17.647660	0.555033	0.008162
2554	-17.647143	0.555208	0.008406
2555	-17.647143	0.554990	0.008659
2556	-17.647608	0.555164	0.008918
2557	-17.647608	0.554947	0.009186
2558	-17.647608	0.554730	0.009462
2559	-17.647608	0.554513	0.009745
2560	-17.647273	0.554688	0.010038
2561	-17.646105	0.554861	0.010339
2562	-17.646105	0.554645	0.010649
2563	-17.644222	0.554819	0.010969
2564	-17.644222	0.554602	0.011298
2565	-17.644222	0.554386	0.011637
2566	-17.644222	0.554170	0.011986
2567	-17.644222	0.553954	0.012345
2568	-17.645324	0.554128	0.012716
2569	-17.644985	0.554301	0.013097
2570	-17.644985	0.554086	0.013490
2571	-17.645166	0.554259	0.013895
2572	-17.645166	0.554044	0.014311
2573	-17.643198	0.554217	0.014741
2574	-17.643198	0.554002	0.015183
2575	-17.645436	0.554175	0.015639
2576	-17.644906	0.554348	0.016108
2577	-17.645896	0.554521	0.016591
2578	-17.645896	0.554306	0.017089
2579	-17.645896	0.554091	0.017601
2580	-17.645881	0.554264	0.018129
2581	-17.645881	0.554049	0.018673
2582	-17.642990	0.554222	0.019233
2583	-17.642990	0.554007	0.019810
2584	-17.642990	0.553793	0.020405
2585	-17.642990	0.553578	0.021017
2586	-17.642990	0.553364	0.021647
2587	-17.643643	0.553537	0.022297
2588	-17.641996	0.553709	0.022966
2589	-17.641996	0.553496	0.023655
2590	-17.641996	0.553282	0.024364
2591	-17.641221	0.553454	0.025095
2592	-17.641726	0.553627	0.025848
2593	-17.641726	0.553413	0.026624
2594	-17.641726	0.553200	0.027422
2595	-17.641726	0.552987	0.028245
2596	-17.641726	0.552773	0.029092
2597	-17.641726	0.552561	0.029965
2598	-17.641726	0.552348	0.030864
2599	-17.642438	0.552520	0.031790
2600	-17.642438	0.552308	0.032744
2601	-17.642438	0.552095	0.033726
2602	-17.642867	0.552267	0.034738
2603	-17.642867	0.552055	0.035780
2604	-17.642867	0.551843	0.036853
2605	-17.643529	0.552015	0.037959
2606	-17.643529	0.551804	0.039098
2607	-17.643529	0.551592	0.040270
2608	-17.643529	0.551380	0.041479
2609	-17.643529	0.551169	0.042723
2610	-17.643529	0.550958	0.044005
2611	-17.643529	0.550747	0.045325
2612	-17.643529	0.550536	0.046684
2613	-17.643529	0.550325	0.048085
2614	-17.643529	0.550115	0.049528
2615	-17.643529	0.549904	0.049528
2616	-17.643529	0.549694	0.049528
2617	-17.643529	0.549484	0.049528
2618	-17.643529	0.549274	0.049528
2619	-17.643529	0.549065	0.049528
2620	-17.643529	0.548855	0.049528
2621	-17.643529	0.548646	0.049528
2622	-17.643529	0.548436	0.049528
2623	-17.643529	0.548227	0.049528
2624	-17.643529	0.548018	0.049528
2625	-17.643529	0.547810	0.049528
2626	-17.643529	0.547601	0.049528
2627	-17.643529	0.547392	0.049528
2628	-17.643529	0.547184	0.049528
2629	-17.643529	0.546976	0.049528
2630	-17.643529	0.546768	0.049528
2631	-17.643529	0.546560	0.049528
2632	-17.643529	0.546353	0.049528
2633	-17.643529	0.546145	0.049528
2634	-17.643529	0.545938	0.049528
2635	-17.643529	0.545731	0.049528
2636	-17.643529	0.545524	0.049528
2637	-17.643529	0.545317	0.049528
2638	-17.643805	0.545489	0.049528
2639	-17.643805	0.545282	0.049528
2640	-17.643805	0.545076	0.049528
2641	-17.643805	0.544869	0.049528
2642	-17.643805	0.544663	0.049528
2643	-17.643805	0.544457	0.049528
2644	-17.643805	0.544251	0.049528
2645	-17.643805	0.544045	0.049528
2646	-17.643805	0.543840	0.049528
2647	-17.643805	0.543634	0.049528
2648	-17.643805	0.543429	0.049528
2649	-17.643805	0.543224	0.049528
2650	-17.643805	0.543019	0.049528
2651	-17.643805	0.542814	0.049528
2652	-17.643805	0.542609	0.049528
2653	-17.644462	0.542782	0.049528
2654	-17.644462	0.542577	0.049528
2655	-17.644795	0.542750	0.049528
2656	-17.644795	0.542545	0.049528
2657	-17.644795	0.542341	0.049528
2658	-17.644795	0.542137	0.049528
2659	-17.644795	0.541933	0.049528
2660	-17.644795	0.541729	0.049528
2661	-17.644795	0.541526	0.049528
2662	-17.644795	0.541322	0.049528
2663	-17.644795	0.541119	0.049528
2664	-17.644795	0.540916	0.049528
2665	-17.644795	0.540713	0.049528
2666	-17.644795	0.540510	0.049528
2667	-17.644795	0.540307	0.049528
2668	-17.644795	0.540105	0.049528
2669	-17.644795	0.539903	0.049528
2670	-17.644795	0.539700	0.049528
2671	-17.644795	0.539498	0.049528
2672	-17.644795	0.539296	0.049528
2673	-17.644795	0.539095	0.049528
2674	-17.644795	0.538893	0.049528
2675	-17.644795	0.538692	0.049528
2676	-17.644795	0.538490	0.049528
2677	-17.644795	0.538289	0.049528
2678	-17.644795	0.538088	0.049528
2679	-17.644795	0.537887	0.049528
2680	-17.644795	0.537687	0.049528
2681	-17.644795	0.537486	0.049528
2682	-17.644795	0.537286	0.049528
2683	-17.644795	0.537085	0.049528
2684	-17.644795	0.536885	0.049528
2685	-17.644795	0.536685	0.049528
2686	-17.644795	0.536485	0.049528
2687	-17.644795	0.536286	0.049528
2688	-17.644795	0.536086	0.049528
2689	-17.644795	0.535887	0.049528
2690	-17.644795	0.535688	0.049528
2691	-17.644795	0.535489	0.049528
2692	-17.644795	0.535290	0.049528
2693	-17.646404	0.535462	0.049528
2694	-17.646404	0.535264	0.049528
2695	-17.646404	0.535065	0.049528
2696	-17.646404	0.534866	0.049528
2697	-17.646404	0.534668	0.049528
2698	-17.646404	0.534470	0.049528
2699	-17.646404	0.534272	0.049528
2700	-17.646404	0.534074	0.049528
2701	-17.646404	0.533876	0.049528
2702	-17.646404	0.533679	0.049528
2703	-17.646404	0.533481	0.049528
2704	-17.647873	0.533654	0.049528
2705	-17.647873	0.533457	0.049528
2706	-17.647873	0.533259	0.049528
2707	-17.647873	0.533062	0.049528
2708	-17.647873	0.532866	0.049528
2709	-17.647873	0.532669	0.049528
2710	-17.647873	0.532472	0.049528
2711	-17.647873	0.532276	0.049528
2712	-17.647873	0.532080	0.049528
2713	-17.647873	0.531884	0.049528
2714	-17.647873	0.531688	0.049528
2715	-17.647873	0.531492	0.049528
2716	-17.647873	0.531296	0.049528
2717	-17.647873	0.531100	0.049528
2718	-17.647873	0.530905	0.049528
2719	-17.647873	0.530710	0.049528
2720	-17.647873	0.530515	0.049528
2721	-17.649610	0.530687	0.049528
2722	-17.649610	0.530492	0.049528
2723	-17.649610	0.530297	0.049528
2724	-17.649610	0.530103	0.049528
2725	-17.649610	0.529908	0.049528
2726	-17.649610	0.529714	0.049528
2727	-17.648963	0.529886	0.049528
2728	-17.647379	0.530059	0.049528
2729	-17.647379	0.529864	0.049528
2730	-17.647379	0.529670	0.049528
2731	-17.647379	0.529476	0.049528
2732	-17.647379	0.529283	0.049528
2733	-17.647379	0.529089	0.049528
2734	-17.647379	0.528895	0.049528
2735	-17.647379	0.528702	0.049528
2736	-17.647379	0.528509	0.049528
2737	-17.647379	0.528316	0.049528
2738	-17.647379	0.528123	0.049528
2739	-17.647379	0.527930	0.049528
2740	-17.647379	0.527737	0.049528
2741	-17.647379	0.527545	0.049528
2742	-17.647379	0.527352	0.049528
2743	-17.647379	0.527160	0.049528
2744	-17.647379	0.526968	0.049528
2745	-17.647379	0.526776	0.049528
2746	-17.647379	0.526584	0.049528
2747	-17.647379	0.526392	0.049528
2748	-17.648585	0.526565	0.049528
2749	-17.648585	0.526373	0.049528
2750	-17.648585	0.526182	0.049528
2751	-17.648585	0.525991	0.049528
2752	-17.648585	0.525799	0.049528
2753	-17.648585	0.525608	0.049528
2754	-17.648585	0.525418	0.049528
2755	-17.648585	0.525227	0.049528
2756	-17.648585	0.525036	0.049528
2757	-17.650431	0.525209	0.049528
2758	-17.650431	0.525018	0.049528
2759	-17.650431	0.524828	0.049528
2760	-17.650801	0.525000	0.049528
2761	-17.650801	0.524810	0.049528
2762	-17.650801	0.524620	0.049528
2763	-17.650801	0.524430	0.049528
2764	-17.650801	0.524240	0.049528
2765	-17.650801	0.524051	0.049528
2766	-17.650801	0.523861	0.049528
2767	-17.650801	0.523672	0.049528
2768	-17.650801	0.523483	0.049528
2769	-17.650801	0.523294	0.049528
2770	-17.651326	0.523466	0.049528
2771	-17.651326	0.523277	0.049528
2772	-17.651326	0.523088	0.049528
2773	-17.651326	0.522899	0.049528
2774	-17.650122	0.523071	0.049528
2775	-17.650122	0.522883	0.049528
2776	-17.650122	0.522695	0.049528
2777	-17.650122	0.522506	0.049528
2778	-17.650122	0.522318	0.049528
2779	-17.650122	0.522130	0.049528
2780	-17.650122	0.521942	0.049528
2781	-17.648869	0.522114	0.049528
2782	-17.648869	0.521927	0.049528
2783	-17.648869	0.521739	0.049528
2784	-17.648869	0.521552	0.049528
2785	-17.648869	0.521364	0.049528
2786	-17.648869	0.521177	0.049528
2787	-17.648869	0.520990	0.049528
2788	-17.648869	0.520803	0.049528
2789	-17.648869	0.520617	0.049528
2790	-17.648869	0.520430	0.049528
2791	-17.648869	0.520244	0.049528
2792	-17.648869	0.520057	0.049528
2793	-17.649476	0.520229	0.049528
2794	-17.649476	0.520043	0.049528
2795	-17.649476	0.519857	0.049528
2796	-17.649476	0.519671	0.049528
2797	-17.649476	0.519485	0.049528
2798	-17.649476	0.519299	0.049528
2799	-17.649476	0.519114	0.049528
2800	-17.649476	0.518929	0.049528
2801	-17.649476	0.518743	0.049528
2802	-17.649476	0.518558	0.049528
2803	-17.649476	0.518373	0.049528
2804	-17.649476	0.518188	0.049528
2805	-17.649476	0.518004	0.049528
2806	-17.649476	0.517819	0.049528
2807	-17.649476	0.517634	0.049528
2808	-17.649476	0.517450	0.049528
2809	-17.649476	0.517266	0.049528
2810	-17.649476	0.517082	0.049528
2811	-17.649476	0.516898	0.049528
2812	-17.649476	0.516714	0.049528
2813	-17.649476	0.516530	0.049528
2814	-17.649476	0.516347	0.049528
2815	-17.649476	0.516163	0.049528
2816	-17.649476	0.515980	0.049528
2817	-17.649476	0.515797	0.049528
2818	-17.649476	0.515614	0.049528
2819	-17.649476	0.515431	0.049528
2820	-17.649476	0.515248	0.049528
2821	-17.649476	0.515066	0.049528
2822	-17.649476	0.514883	0.049528
2823	-17.649476	0.514701	0.049528
2824	-17.649476	0.514518	0.049528
2825	-17.649476	0.514336	0.049528
2826	-17.649476	0.514154	0.049528
2827	-17.649962	0.514326	0.049528
2828	-17.649962	0.514144	0.049528
2829	-17.649962	0.513963	0.049528
2830	-17.649962	0.513781	0.049528
2831	-17.649962	0.513599	0.049528
2832	-17.649962	0.513418	0.049528
2833	-17.649962	0.513237	0.049528
2834	-17.649962	0.513056	0.049528
2835	-17.649962	0.512875	0.049528
2836	-17.649962	0.512694	0.049528
2837	-17.649962	0.512513	0.049528
2838	-17.649528	0.512685	0.049528
2839	-17.649528	0.512504	0.049528
2840	-17.649528	0.512324	0.049528
2841	-17.649528	0.512144	0.049528
2842	-17.649457	0.512315	0.049528
2843	-17.649457	0.512135	0.049528
2844	-17.649457	0.511955	0.049528
2845	-17.649457	0.511775	0.049528
2846	-17.649457	0.511595	0.049528
2847	-17.649457	0.511416	0.049528
2848	-17.649457	0.511236	0.049528
2849	-17.649457	0.511057	0.049528
2850	-17.649457	0.510877	0.049528
2851	-17.649457	0.510698	0.049528
2852	-17.649457	0.510519	0.049528
2853	-17.649457	0.510340	0.049528
2854	-17.649457	0.510161	0.049528
2855	-17.649457	0.509982	0.049528
2856	-17.649457	0.509804	0.049528
2857	-17.649457	0.509625	0.049528
2858	-17.649457	0.509447	0.049528
2859	-17.649457	0.509269	0.049528
2860	-17.649457	0.509091	0.049528
2861	-17.649457	0.508913	0.049528
2862	-17.649457	0.508735	0.049528
2863	-17.649457	0.508557	0.049528
2864	-17.649457	0.508380	0.049528
2865	-17.649457	0.508202	0.049528
2866	-17.649457	0.508025	0.049528
2867	-17.649457	0.507848	0.049528
2868	-17.649457	0.507671	0.049528
2869	-17.649457	0.507494	0.049528
2870	-17.649457	0.507317	0.049528
2871	-17.649457	0.507140	0.049528
2872	-17.649457	0.506964	0.049528
2873	-17.649457	0.506787	0.049528
2874	-17.649457	0.506611	0.049528
2875	-17.649457	0.506435	0.049528
2876	-17.649457	0.506259	0.049528
2877	-17.649457	0.506083	0.049528
2878	-17.649457	0.505907	0.049528
2879	-17.649457	0.505731	0.049528
2880	-17.649457	0.505556	0.049528
2881	-17.649457	0.505380	0.049528
2882	-17.649457	0.505205	0.049528
2883	-17.649457	0.505029	0.049528
2884	-17.649457	0.504854	0.049528
2885	-17.649457	0.504679	0.049528
2886	-17.649457	0.504505	0.049528
2887	-17.649457	0.504330	0.049528
2888	-17.649457	0.504155	0.049528
2889	-17.649457	0.503981	0.049528
2890	-17.649457	0.503806	0.049528
2891	-17.649457	0.503632	0.049528
2892	-17.649457	0.503458	0.049528
2893	-17.649457	0.503284	0.049528
2894	-17.649457	0.503110	0.049528
2895	-17.649457	0.502936	0.049528
2896	-17.649457	0.502762	0.049528
2897	-17.651206	0.502934	0.049528
2898	-17.651206	0.502761	0.049528
2899	-17.651206	0.502587	0.049528
2900	-17.651206	0.502414	0.049528
2901	-17.651206	0.502241	0.049528
2902	-17.651206	0.502068	0.049528
2903	-17.651206	0.501895	0.049528
2904	-17.651206	0.501722	0.049528
2905	-17.651206	0.501549	0.049528
2906	-17.651206	0.501376	0.049528
2907	-17.651206	0.501204	0.049528
2908	-17.651206	0.501032	0.049528
2909	-17.651206	0.500859	0.049528
2910	-17.651206	0.500687	0.049528
2911	-17.651206	0.500515	0.049528
2912	-17.653162	0.500687	0.049528
2913	-17.653162	0.500515	0.049528
2914	-17.653162	0.500343	0.049528
2915	-17.653162	0.500172	0.049528
2916	-17.653162	0.500000	0.049528
2917	-17.653162	0.499829	0.049528
2918	-17.653162	0.499657	0.049528
2919	-17.653162	0.499486	0.049528
2920	-17.653162	0.499315	0.049528
2921	-17.653162	0.499144	0.049528
2922	-17.653162	0.498973	0.049528
2923	-17.653162	0.498803	0.049528
2924	-17.653162	0.498632	0.049528
2925	-17.653162	0.498462	0.049528
2926	-17.653162	0.498291	0.049528
2927	-17.652656	0.498463	0.049528
2928	-17.652656	0.498292	0.049528
2929	-17.652261	0.498464	0.049528
2930	-17.652261	0.498294	0.049528
2931	-17.652261	0.498124	0.049528
2932	-17.652261	0.497954	0.049528
2933	-17.652261	0.497784	0.049528
2934	-17.652261	0.497614	0.049528
2935	-17.652261	0.497445	0.049528
2936	-17.652261	0.497275	0.049528
2937	-17.652261	0.497106	0.049528
2938	-17.652261	0.496937	0.049528
2939	-17.652261	0.496768	0.049528
2940	-17.652261	0.496599	0.049528
2941	-17.652261	0.496430	0.049528
2942	-17.652261	0.496261	0.049528
2943	-17.652261	0.496092	0.049528
2944	-17.652261	0.495924	0.049528
2945	-17.652261	0.495756	0.049528
2946	-17.652261	0.495587	0.049528
2947	-17.652261	0.495419	0.049528
2948	-17.652261	0.495251	0.049528
2949	-17.652261	0.495083	0.049528
2950	-17.652261	0.494915	0.049528
2951	-17.652261	0.494748	0.049528
2952	-17.652261	0.494580	0.049528
2953	-17.652261	0.494412	0.049528
2954	-17.652261	0.494245	0.049528
2955	-17.652261	0.494078	0.049528
2956	-17.652261	0.493911	0.049528
2957	-17.652261	0.493744	0.049528
2958	-17.652261	0.493577	0.049528
2959	-17.652261	0.493410	0.049528
2960	-17.652261	0.493243	0.049528
2961	-17.652261	0.493077	0.049528
2962	-17.652261	0.492910	0.049528
2963	-17.652261	0.492744	0.049528
2964	-17.652261	0.492578	0.049528
2965	-17.652261	0.492411	0.049528
2966	-17.652261	0.492245	0.049528
2967	-17.652261	0.492080	0.049528
2968	-17.652261	0.491914	0.049528
2969	-17.652261	0.491748	0.049528
2970	-17.652261	0.491582	0.049528
2971	-17.652261	0.491417	0.049528
2972	-17.652261	0.491252	0.049528
2973	-17.652261	0.491086	0.049528
2974	-17.652261	0.490921	0.049528
2975	-17.652261	0.490756	0.049528
2976	-17.652261	0.490591	0.049528
2977	-17.652261	0.490427	0.049528
2978	-17.652261	0.490262	0.049528
2979	-17.652261	0.490097	0.049528
2980	-17.652261	0.489933	0.049528
2981	-17.652261	0.489769	0.049528
2982	-17.650208	0.489940	0.049528
2983	-17.650208	0.489775	0.049528
2984	-17.650208	0.489611	0.049528
2985	-17.650208	0.489447	0.049528
2986	-17.650208	0.489283	0.049528
2987	-17.650208	0.489120	0.049528
2988	-17.650208	0.488956	0.049528
2989	-17.650208	0.488792	0.049528
2990	-17.650208	0.488629	0.049528
2991	-17.650208	0.488465	0.049528
2992	-17.650208	0.488302	0.049528
2993	-17.650208	0.488139	0.049528
2994	-17.650208	0.487976	0.049528
2995	-17.650208	0.487813	0.049528
2996	-17.650208	0.487650	0.049528
2997	-17.650208	0.487487	0.049528
2998	-17.650208	0.487325	0.049528
2999	-17.650208	0.487162	0.049528
3000	-17.650208	0.487000	0.049528
3001	-17.650208	0.486838	0.049528
3002	-17.650208	0.486676	0.049528
3003	-17.650208	0.486513	0.049528
3004	-17.650208	0.486352	0.049528
3005	-17.650208	0.486190	0.049528
3006	-17.650208	0.486028	0.049528
3007	-17.650208	0.485866	0.049528
3008	-17.650208	0.485705	0.049528
3009	-17.650208	0.485543	0.049528
3010	-17.650208	0.485382	0.049528
3011	-17.647555	0.485553	0.049528
3012	-17.647555	0.485392	0.049528
3013	-17.647555	0.485231	0.049528
3014	-17.647555	0.485070	0.049528
3015	-17.647555	0.484909	0.049528
3016	-17.647555	0.484748	0.049528
3017	-17.647555	0.484587	0.049528
3018	-17.647555	0.484427	0.049528
3019	-17.647555	0.484266	0.049528
3020	-17.647555	0.484106	0.049528
3021	-17.647555	0.483946	0.049528
3022	-17.647555	0.483786	0.049528
3023	-17.647555	0.483626	0.049528
3024	-17.647555	0.483466	0.049528
3025	-17.646715	0.483636	0.049528
3026	-17.646715	0.483477	0.049528
3027	-17.646715	0.483317	0.049528
3028	-17.646715	0.483157	0.049528
3029	-17.646715	0.482998	0.049528
3030	-17.646715	0.482838	0.049528
3031	-17.646715	0.482679	0.049528
3032	-17.646715	0.482520	0.049528
3033	-17.646715	0.482361	0.049528
3034	-17.646715	0.482202	0.049528
3035	-17.646715	0.482043	0.049528
3036	-17.646715	0.481884	0.049528
3037	-17.646715	0.481725	0.049528
3038	-17.646715	0.481567	0.049528
3039	-17.646715	0.481408	0.049528
3040	-17.646715	0.481250	0.049528
3041	-17.646715	0.481092	0.049528
3042	-17.646715	0.480934	0.049528
3043	-17.646715	0.480776	0.049528
3044	-17.646715	0.480618	0.049528
3045	-17.646715	0.480460	0.049528
3046	-17.646715	0.480302	0.049528
3047	-17.646715	0.480144	0.049528
3048	-17.646715	0.479987	0.049528
3049	-17.646715	0.479829	0.049528
3050	-17.646715	0.479672	0.049528
3051	-17.646715	0.479515	0.049528
3052	-17.646715	0.479358	0.049528
3053	-17.646715	0.479201	0.049528
3054	-17.646715	0.479044	0.049528
3055	-17.646715	0.478887	0.049528
3056	-17.646715	0.478730	0.049528
3057	-17.646715	0.478574	0.049528
3058	-17.646715	0.478417	0.049528
3059	-17.646715	0.478261	0.049528
3060	-17.646715	0.478105	0.049528
3061	-17.646715	0.477948	0.049528
3062	-17.646715	0.477792	0.049528
3063	-17.646715	0.477636	0.049528
3064	-17.646715	0.477480	0.049528
3065	-17.646715	0.477325	0.049528
3066	-17.647175	0.477495	0.049528
3067	-17.647175	0.477339	0.049528
3068	-17.647175	0.477184	0.049528
3069	-17.647175	0.477028	0.049528
3070	-17.647175	0.476873	0.049528
3071	-17.647175	0.476718	0.049528
3072	-17.647175	0.476563	0.049528
3073	-17.647175	0.476407	0.049528
3074	-17.647175	0.476252	0.049528
3075	-17.647175	0.476098	0.049528
3076	-17.647175	0.475943	0.049528
3077	-17.647175	0.475788	0.049528
3078	-17.647175	0.475634	0.049528
3079	-17.647175	0.475479	0.049528
3080	-17.647175	0.475325	0.049528
3081	-17.647175	0.475170	0.049528
3082	-17.647175	0.475016	0.049528
3083	-17.647175	0.474862	0.049528
3084	-17.647175	0.474708	0.049528
3085	-17.647175	0.474554	0.049528
3086	-17.647175	0.474401	0.049528
3087	-17.647175	0.474247	0.049528
3088	-17.647175	0.474093	0.049528
3089	-17.647175	0.473940	0.049528
3090	-17.647175	0.473786	0.049528
3091	-17.647175	0.473633	0.049528
3092	-17.647175	0.473480	0.049528
3093	-17.647175	0.473327	0.049528
3094	-17.647175	0.473174	0.049528
3095	-17.647175	0.473021	0.049528
3096	-17.647175	0.472868	0.049528
3097	-17.647175	0.472716	0.049528
3098	-17.647175	0.472563	0.049528
3099	-17.647175	0.472410	0.049528
3100	-17.647175	0.472258	0.049528
3101	-17.647175	0.472106	0.049528
3102	-17.647175	0.471954	0.049528
3103	-17.647175	0.471801	0.049528
3104	-17.647175	0.471649	0.049528
3105	-17.647175	0.471498	0.049528
3106	-17.647175	0.471346	0.049528
3107	-17.647175	0.471194	0.049528
3108	-17.647175	0.471042	0.049528
3109	-17.647175	0.470891	0.049528
3110	-17.647175	0.470740	0.049528
3111	-17.647175	0.470588	0.049528
3112	-17.647175	0.470437	0.049528
3113	-17.647175	0.470286	0.049528
3114	-17.647175	0.470135	0.049528
3115	-17.647175	0.469984	0.049528
3116	-17.647175	0.469833	0.049528
3117	-17.647175	0.469682	0.049528
3118	-17.647175	0.469532	0.049528
3119	-17.647175	0.469381	0.049528
3120	-17.647175	0.469231	0.049528
3121	-17.650502	0.469401	0.049528
3122	-17.650502	0.469250	0.049528
3123	-17.650502	0.469100	0.049528
3124	-17.650502	0.468950	0.049528
3125	-17.650502	0.468800	0.049528
3126	-17.650502	0.468650	0.049528
3127	-17.650502	0.468500	0.049528
3128	-17.650502	0.468350	0.049528
3129	-17.650502	0.468201	0.049528
3130	-17.650502	0.468051	0.049528
3131	-17.650502	0.467902	0.049528
3132	-17.650502	0.467752	0.049528
3133	-17.650502	0.467603	0.049528
3134	-17.650502	0.467454	0.049528
3135	-17.650502	0.467305	0.049528
3136	-17.650502	0.467156	0.049528
3137	-17.650502	0.467007	0.049528
3138	-17.650502	0.466858	0.049528
3139	-17.650502	0.466709	0.049528
3140	-17.650502	0.466561	0.049528
3141	-17.650502	0.466412	0.049528
3142	-17.650502	0.466264	0.049528
3143	-17.650502	0.466115	0.049528
3144	-17.650502	0.465967	0.049528
3145	-17.650502	0.465819	0.049528
3146	-17.650502	0.465671	0.049528
3147	-17.650642	0.465840	0.049528
3148	-17.650642	0.465693	0.049528
3149	-17.650642	0.465545	0.049528
3150	-17.650642	0.465397	0.049528
3151	-17.650642	0.465249	0.049528
3152	-17.650642	0.465102	0.049528
3153	-17.650642	0.464954	0.049528
3154	-17.650642	0.464807	0.049528
3155	-17.650642	0.464659	0.049528
3156	-17.650642	0.464512	0.049528
3157	-17.647884	0.464682	0.049528
3158	-17.647884	0.464535	0.049528
3159	-17.647884	0.464387	0.049528
3160	-17.647884	0.464241	0.049528
3161	-17.647884	0.464094	0.049528
3162	-17.647884	0.463947	0.049528
3163	-17.647884	0.463800	0.049528
3164	-17.647884	0.463654	0.049528
3165	-17.647884	0.463507	0.049528
3166	-17.647884	0.463361	0.049528
3167	-17.647884	0.463214	0.049528
3168	-17.647884	0.463068	0.049528
3169	-17.647884	0.462922	0.049528
3170	-17.647884	0.462776	0.049528
3171	-17.647884	0.462630	0.049528
3172	-17.647884	0.462484	0.049528
3173	-17.647884	0.462338	0.049528
3174	-17.647884	0.462193	0.049528
3175	-17.647884	0.462047	0.049528
3176	-17.647884	0.461902	0.049528
3177	-17.647884	0.461756	0.049528
3178	-17.647884	0.461611	0.049528
3179	-17.647884	0.461466	0.049528
3180	-17.647884	0.461321	0.049528
3181	-17.647884	0.461176	0.049528
3182	-17.647884	0.461031	0.049528
3183	-17.647884	0.460886	0.049528
3184	-17.647884	0.460741	0.049528
3185	-17.647884	0.460597	0.049528
3186	-17.647884	0.460452	0.049528
3187	-17.647884	0.460307	0.049528
3188	-17.647884	0.460163	0.049528
3189	-17.647884	0.460019	0.049528
3190	-17.647884	0.459875	0.049528
3191	-17.647884	0.459730	0.049528
3192	-17.647884	0.459586	0.049528
3193	-17.647884	0.459443	0.049528
3194	-17.647884	0.459299	0.049528
3195	-17.647884	0.459155	0.049528
3196	-17.647884	0.459011	0.049528
3197	-17.647884	0.458868	0.049528
3198	-17.648515	0.459037	0.049528
3199	-17.648515	0.458893	0.049528
3200	-17.648515	0.458750	0.049528
3201	-17.648515	0.458607	0.049528
3202	-17.647467	0.458776	0.049528
3203	-17.647467	0.458633	0.049528
3204	-17.647467	0.458489	0.049528
3205	-17.647467	0.458346	0.049528
3206	-17.647467	0.458203	0.049528
3207	-17.647467	0.458060	0.049528
3208	-17.647467	0.457918	0.049528
3209	-17.647467	0.457775	0.049528
3210	-17.647467	0.457632	0.049528
3211	-17.647467	0.457490	0.049528
3212	-17.647467	0.457347	0.049528
3213	-17.647467	0.457205	0.049528
3214	-17.647467	0.457063	0.049528
3215	-17.647467	0.456921	0.049528
3216	-17.647467	0.456779	0.049528
3217	-17.647467	0.456637	0.049528
3218	-17.647467	0.456495	0.049528
3219	-17.647467	0.456353	0.049528
3220	-17.647467	0.456211	0.049528
3221	-17.647467	0.456070	0.049528
3222	-17.647467	0.455928	0.049528
3223	-17.647467	0.455787	0.049528
3224	-17.647467	0.455645	0.049528
3225	-17.647467	0.455504	0.049528
3226	-17.647467	0.455363	0.049528
3227	-17.647467	0.455222	0.049528
3228	-17.647467	0.455081	0.049528
3229	-17.647467	0.454940	0.049528
3230	-17.647467	0.454799	0.049528
3231	-17.647467	0.454658	0.049528
3232	-17.647467	0.454517	0.049528
3233	-17.647467	0.454377	0.049528
3234	-17.647467	0.454236	0.049528
3235	-17.647467	0.454096	0.049528
3236	-17.647467	0.453956	0.049528
3237	-17.647467	0.453815	0.049528
3238	-17.647467	0.453675	0.049528
3239	-17.647467	0.453535	0.049528
3240	-17.647467	0.453395	0.049528
3241	-17.647467	0.453255	0.049528
3242	-17.647467	0.453115	0.049528
3243	-17.647467	0.452976	0.049528
3244	-17.647467	0.452836	0.049528
3245	-17.647467	0.452696	0.049528
3246	-17.647467	0.452557	0.049528
3247	-17.647467	0.452418	0.049528
3248	-17.647467	0.452278	0.049528
3249	-17.647467	0.452139	0.049528
3250	-17.647467	0.452000	0.049528
3251	-17.647467	0.451861	0.049528
3252	-17.647467	0.451722	0.049528
3253	-17.647467	0.451583	0.049528
3254	-17.647467	0.451444	0.049528
3255	-17.647467	0.451306	0.049528
3256	-17.647467	0.451167	0.049528
3257	-17.647467	0.451029	0.049528
3258	-17.647467	0.450890	0.049528
3259	-17.647467	0.450752	0.049528
3260	-17.647467	0.450613	0.049528
3261	-17.647467	0.450475	0.049528
3262	-17.647467	0.450337	0.049528
3263	-17.647467	0.450199	0.049528
3264	-17.647467	0.450061	0.049528
3265	-17.647467	0.449923	0.049032
3266	-17.647467	0.449786	0.048542
3267	-17.647467	0.449648	0.048057
3268	-17.647467	0.449510	0.047576
3269	-17.647467	0.449373	0.047100
3270	-17.647467	0.449235	0.046629
3271	-17.647467	0.449098	0.046163
3272	-17.647467	0.448961	0.045701
3273	-17.647467	0.448824	0.045244
3274	-17.647467	0.448687	0.044792
3275	-17.647467	0.448550	0.044344
3276	-17.647467	0.448413	0.043900
3277	-17.647467	0.448276	0.043461
3278	-17.647467	0.448139	0.043027
3279	-17.647467	0.448002	0.042597
3280	-17.647467	0.447866	0.042171
3281	-17.647467	0.447729	0.041749
3282	-17.647467	0.447593	0.041331
3283	-17.647467	0.447457	0.040918
3284	-17.647467	0.447320	0.040509
3285	-17.647467	0.447184	0.040104
3286	-17.647467	0.447048	0.039703
3287	-17.647467	0.446912	0.039306
3288	-17.647467	0.446776	0.038913
3289	-17.647467	0.446640	0.038524
3290	-17.647467	0.446505	0.038138
3291	-17.647467	0.446369	0.037757
3292	-17.647394	0.446537	0.037379
3293	-17.647394	0.446401	0.037006
3294	-17.647394	0.446266	0.036636
3295	-17.647394	0.446131	0.036269
3296	-17.647394	0.445995	0.035907
3297	-17.647394	0.445860	0.035547
3298	-17.647394	0.445725	0.035192
3299	-17.647394	0.445590	0.034840
3300	-17.647422	0.445758	0.034492
3301	-17.647422	0.445623	0.034147
3302	-17.647422	0.445488	0.033805
3303	-17.647422	0.445353	0.033467
3304	-17.647422	0.445218	0.033133
3305	-17.647422	0.445083	0.032801
3306	-17.647422	0.444949	0.032473
3307	-17.647422	0.444814	0.032148
3308	-17.647422	0.444680	0.031827
3309	-17.647263	0.444847	0.031509
3310	-17.647263	0.444713	0.031194
3311	-17.647263	0.444579	0.030882
3312	-17.647263	0.444444	0.030573
3313	-17.647306	0.444612	0.030267
3314	-17.647306	0.444478	0.029964
3315	-17.647306	0.444344	0.029665
3316	-17.648600	0.444511	0.029368
3317	-17.648600	0.444377	0.029075
3318	-17.648600	0.444244	0.028784
3319	-17.648600	0.444110	0.028496
3320	-17.648600	0.443976	0.028211
3321	-17.648600	0.443842	0.027929
3322	-17.648600	0.443709	0.027650
3323	-17.648600	0.443575	0.027373
3324	-17.651467	0.443742	0.027099
3325	-17.651467	0.443609	0.026828
3326	-17.651467	0.443476	0.026560
3327	-17.651467	0.443342	0.026294
3328	-17.651467	0.443209	0.026032
3329	-17.651467	0.443076	0.025771
3330	-17.651467	0.442943	0.025513
3331	-17.651467	0.442810	0.025258
3332	-17.648346	0.442977	0.025006
3333	-17.648346	0.442844	0.024756
3334	-17.648346	0.442711	0.024508
3335	-17.649835	0.442879	0.024263
3336	-17.649835	0.442746	0.024020
3337	-17.649835	0.442613	0.023780
3338	-17.649835	0.442481	0.023542
3339	-17.649377	0.442647	0.023307
3340	-17.649483	0.442814	0.023074
3341	-17.649483	0.442682	0.022843
3342	-17.649483	0.442549	0.022615
3343	-17.649483	0.442417	0.022389
3344	-17.649483	0.442285	0.022165
3345	-17.649474	0.442451	0.021943
3346	-17.650851	0.442618	0.021724
3347	-17.650851	0.442486	0.021506
3348	-17.650851	0.442354	0.021291
3349	-17.651452	0.442520	0.021078
3350	-17.651452	0.442388	0.020868
3351	-17.651452	0.442256	0.020659
3352	-17.649636	0.442422	0.020452
3353	-17.649636	0.442290	0.020248
3354	-17.649636	0.442159	0.020045
3355	-17.649636	0.442027	0.019845
3356	-17.649438	0.442193	0.019646
3357	-17.649438	0.442061	0.019450
3358	-17.649438	0.441930	0.019256
3359	-17.649438	0.441798	0.019063
3360	-17.649438	0.441667	0.018872
3361	-17.649438	0.441535	0.018684
3362	-17.649438	0.441404	0.018497
3363	-17.649438	0.441273	0.018312
3364	-17.649438	0.441141	0.018129
3365	-17.649438	0.441010	0.017947
3366	-17.649438	0.440879	0.017768
3367	-17.649438	0.440748	0.017590
3368	-17.648173	0.440914	0.017414
3369	-17.648173	0.440784	0.017240
3370	-17.648173	0.440653	0.017068
3371	-17.648173	0.440522	0.016897
3372	-17.648173	0.440391	0.016728
3373	-17.648173	0.440261	0.016561
3374	-17.648173	0.440130	0.016395
3375	-17.650525	0.440296	0.016231
3376	-17.650525	0.440166	0.016069
3377	-17.650762	0.440332	0.015908
3378	-17.650762	0.440201	0.015749
3379	-17.650762	0.440071	0.015592
3380	-17.650762	0.439941	0.015436
3381	-17.650762	0.439811	0.015281
3382	-17.650762	0.439681	0.015129
3383	-17.650762	0.439551	0.014977
3384	-17.650762	0.439421	0.014828
3385	-17.650762	0.439291	0.014679
3386	-17.652504	0.439457	0.014533
3387	-17.652504	0.439327	0.014387
3388	-17.652782	0.439492	0.014243
3389	-17.652782	0.439363	0.014101
3390	-17.652782	0.439233	0.013960
3391	-17.652782	0.439104	0.013820
3392	-17.652782	0.438974	0.013682
3393	-17.653038	0.439139	0.013545
3394	-17.653038	0.439010	0.013410
3395	-17.653038	0.438881	0.013276
3396	-17.653038	0.438751	0.013143
3397	-17.653059	0.438917	0.013012
3398	-17.652778	0.439082	0.012881
3399	-17.651931	0.439247	0.012753
3400	-17.651931	0.439118	0.012625
3401	-17.651931	0.438989	0.012499
3402	-17.651931	0.438859	0.012374
3403	-17.651931	0.438731	0.012250
3404	-17.651931	0.438602	0.012128
3405	-17.649944	0.438767	0.012006
3406	-17.649944	0.438638	0.011886
3407	-17.649751	0.438802	0.011767
3408	-17.649751	0.438674	0.011650
3409	-17.650472	0.438838	0.011533
3410	-17.650472	0.438710	0.011418
3411	-17.650472	0.438581	0.011304
3412	-17.649867	0.438746	0.011191
3413	-17.649867	0.438617	0.011079
3414	-17.649867	0.438489	0.010968
3415	-17.651791	0.438653	0.010858
3416	-17.651791	0.438525	0.010750
3417	-17.650767	0.438689	0.010642
3418	-17.648742	0.438853	0.010536
3419	-17.648742	0.438725	0.010430
3420	-17.648742	0.438596	0.010326
3421	-17.648742	0.438468	0.010223
3422	-17.648742	0.438340	0.010121
3423	-17.648827	0.438504	0.010019
3424	-17.648827	0.438376	0.009919
3425	-17.648827	0.438248	0.009820
3426	-17.649144	0.438412	0.009722
3427	-17.649753	0.438576	0.009625
3428	-17.648791	0.438740	0.009528
3429	-17.648979	0.438903	0.009433
3430	-17.648979	0.438776	0.009339
3431	-17.650044	0.438939	0.009245
3432	-17.650044	0.438811	0.009153
3433	-17.649234	0.438975	0.009061
3434	-17.649234	0.438847	0.008971
3435	-17.650613	0.439010	0.008881
3436	-17.650613	0.438882	0.008792
3437	-17.651764	0.439046	0.008704
3438	-17.651764	0.438918	0.008617
3439	-17.651764	0.438790	0.008531
3440	-17.651910	0.438953	0.008446
3441	-17.651910	0.438826	0.008361
3442	-17.652074	0.438989	0.008278
3443	-17.652311	0.439152	0.008195
3444	-17.652906	0.439315	0.008113
3445	-17.652906	0.439187	0.008032
3446	-17.653768	0.439350	0.007952
3447	-17.655263	0.439513	0.007872
3448	-17.655263	0.439385	0.007793
3449	-17.654982	0.439548	0.007715
3450	-17.654982	0.439420	0.007638
3451	-17.654982	0.439293	0.007562
3452	-17.654351	0.439455	0.007486
3453	-17.654276	0.439618	0.007411
3454	-17.653938	0.439780	0.007337
3455	-17.653938	0.439653	0.007264
3456	-17.653938	0.439525	0.007191
3457	-17.653938	0.439398	0.007119
3458	-17.653719	0.439560	0.007048
3459	-17.653719	0.439433	0.006978
3460	-17.653719	0.439306	0.006908
3461	-17.653835	0.439468	0.006839
3462	-17.653835	0.439341	0.006770
3463	-17.653835	0.439215	0.006703
3464	-17.653153	0.439376	0.006636
3465	-17.653508	0.439538	0.006569
3466	-17.652643	0.439700	0.006504
3467	-17.652794	0.439862	0.006439
3468	-17.652794	0.439735	0.006374
3469	-17.653951	0.439896	0.006310
3470	-17.653966	0.440058	0.006247
3471	-17.653972	0.440219	0.006185
3472	-17.653330	0.440380	0.006123
3473	-17.652669	0.440541	0.006062
3474	-17.652669	0.440415	0.006001
3475	-17.652092	0.440576	0.005941
3476	-17.652495	0.440736	0.005882
3477	-17.652495	0.440610	0.005823
3478	-17.651775	0.440771	0.005765
3479	-17.650902	0.440931	0.005707
3480	-17.650902	0.440805	0.005650
3481	-17.650404	0.440965	0.005594
3482	-17.650404	0.440839	0.005538
3483	-17.649719	0.440999	0.005482
3484	-17.649704	0.441160	0.005427
3485	-17.650779	0.441320	0.005373
3486	-17.650750	0.441480	0.005319
3487	-17.650750	0.441354	0.005266
3488	-17.650445	0.441514	0.005214
3489	-17.650323	0.441674	0.005161
3490	-17.650960	0.441834	0.005110
3491	-17.651237	0.441994	0.005059
3492	-17.651645	0.442153	0.005008
3493	-17.651645	0.442027	0.004958
3494	-17.651475	0.442187	0.004908
3495	-17.651475	0.442060	0.004859
3496	-17.651376	0.442220	0.004811
3497	-17.651433	0.442379	0.004763
3498	-17.651200	0.442539	0.004715
3499	-17.650941	0.442698	0.004668
3500	-17.650643	0.442857	0.004621
3501	-17.649464	0.443016	0.004575
3502	-17.649531	0.443175	0.004529
3503	-17.649416	0.443334	0.004484
3504	-17.649452	0.443493	0.004439
3505	-17.649555	0.443652	0.004395
3506	-17.649455	0.443811	0.004351
3507	-17.649455	0.443684	0.004307
3508	-17.649455	0.443558	0.004264
3509	-17.649721	0.443716	0.004222
3510	-17.650269	0.443875	0.004179
3511	-17.650075	0.444033	0.004138
3512	-17.649817	0.444191	0.004096
3513	-17.649167	0.444350	0.004055
3514	-17.649758	0.444508	0.004015
3515	-17.649958	0.444666	0.003974
3516	-17.649989	0.444824	0.003935
3517	-17.649137	0.444982	0.003895
3518	-17.649632	0.445139	0.003856
3519	-17.649965	0.445297	0.003818
3520	-17.649620	0.445455	0.003780
3521	-17.649341	0.445612	0.003742
3522	-17.648995	0.445769	0.003704
3523	-17.648690	0.445927	0.003667
3524	-17.648690	0.445800	0.003631
3525	-17.648863	0.445957	0.003594
3526	-17.648954	0.446115	0.003559
3527	-17.648883	0.446272	0.003523
3528	-17.649007	0.446429	0.003488
3529	-17.648725	0.446585	0.003453
3530	-17.648234	0.446742	0.003418
3531	-17.648234	0.446616	0.003384
3532	-17.648440	0.446772	0.003350
3533	-17.648420	0.446929	0.003317
3534	-17.648001	0.447085	0.003284
3535	-17.648267	0.447242	0.003251
3536	-17.648445	0.447398	0.003218
3537	-17.648220	0.447554	0.003186
3538	-17.647845	0.447711	0.003154
3539	-17.648553	0.447867	0.003123
3540	-17.648553	0.447740	0.003091
3541	-17.648553	0.447614	0.003061
3542	-17.648767	0.447770	0.003030
3543	-17.648725	0.447925	0.003000
3544	-17.648998	0.448081	0.002970
3545	-17.649318	0.448237	0.002940
3546	-17.649493	0.448393	0.002911
3547	-17.649570	0.448548	0.002881
3548	-17.650103	0.448703	0.002853
3549	-17.648824	0.448859	0.002824
3550	-17.649753	0.449014	0.002796
3551	-17.650734	0.449169	0.002768
3552	-17.651012	0.449324	0.002740
3553	-17.651012	0.449198	0.002713
3554	-17.651544	0.449353	0.002686
3555	-17.651615	0.449508	0.002659
3556	-17.651983	0.449663	0.002632
3557	-17.651983	0.449536	0.002606
3558	-17.652259	0.449691	0.002580
3559	-17.652092	0.449845	0.002554
3560	-17.651958	0.450000	0.002554
3561	-17.652038	0.450154	0.002554
3562	-17.652307	0.450309	0.002554
3563	-17.652117	0.450463	0.002554
3564	-17.652059	0.450617	0.002554
3565	-17.651775	0.450771	0.002554
3566	-17.651629	0.450925	0.002554
3567	-17.651792	0.451079	0.002554
3568	-17.651809	0.451233	0.002554
3569	-17.652312	0.451387	0.002554
3570	-17.652318	0.451541	0.002554
3571	-17.652286	0.451694	0.002554
3572	-17.652286	0.451568	0.002554
3573	-17.651917	0.451721	0.002554
3574	-17.651765	0.451875	0.002554
3575	-17.652109	0.452028	0.002554
3576	-17.652162	0.452181	0.002554
3577	-17.652146	0.452334	0.002554
3578	-17.652281	0.452487	0.002554
3579	-17.652362	0.452640	0.002554
3580	-17.652091	0.452793	0.002554
3581	-17.652037	0.452946	0.002554
3582	-17.651783	0.453099	0.002554
3583	-17.651652	0.453251	0.002554
3584	-17.651540	0.453404	0.002554
3585	-17.651751	0.453556	0.002554
3586	-17.651924	0.453709	0.002554
3587	-17.652229	0.453861	0.002554
3588	-17.652187	0.454013	0.002554
3589	-17.652106	0.454166	0.002554
3590	-17.652326	0.454318	0.002554
3591	-17.652179	0.454470	0.002554
3592	-17.652266	0.454621	0.002554
3593	-17.652266	0.454495	0.002554
3594	-17.652485	0.454647	0.002554
3595	-17.652526	0.454798	0.002554
3596	-17.652526	0.454672	0.002554
3597	-17.652817	0.454823	0.002554
3598	-17.652969	0.454975	0.002554
3599	-17.652704	0.455126	0.002554
3600	-17.652867	0.455278	0.002554
3601	-17.652716	0.455429	0.002554
3602	-17.652814	0.455580	0.002554
3603	-17.653040	0.455731	0.002554
3604	-17.652409	0.455882	0.002554
3605	-17.652335	0.456033	0.002554
3606	-17.652368	0.456184	0.002554
3607	-17.652233	0.456335	0.002554
3608	-17.652233	0.456208	0.002554
3609	-17.652233	0.456082	0.002554
3610	-17.652217	0.456233	0.002554
3611	-17.652298	0.456383	0.002554
3612	-17.652341	0.456534	0.002554
3613	-17.651968	0.456684	0.002554
3614	-17.652133	0.456835	0.002554
3615	-17.652133	0.456708	0.002554
3616	-17.652004	0.456858	0.002554
3617	-17.652004	0.456732	0.002554
3618	-17.652014	0.456882	0.002554
3619	-17.652018	0.457032	0.002554
3620	-17.652018	0.456906	0.002554
3621	-17.651906	0.457056	0.002554
3622	-17.651719	0.457206	0.002554
3623	-17.652073	0.457356	0.002554
3624	-17.651708	0.457506	0.002554
3625	-17.652001	0.457655	0.002554
3626	-17.652001	0.457529	0.002554
3627	-17.652276	0.457679	0.002554
3628	-17.652002	0.457828	0.002554
3629	-17.652281	0.457977	0.002554
3630	-17.652377	0.458127	0.002554
3631	-17.651952	0.458276	0.002554
3632	-17.651855	0.458425	0.002554
3633	-17.651855	0.458299	0.002554
3634	-17.651662	0.458448	0.002554
3635	-17.651662	0.458322	0.002554
3636	-17.651662	0.458196	0.002554
3637	-17.651126	0.458345	0.002554
3638	-17.651126	0.458219	0.002554
3639	-17.651458	0.458368	0.002554
3640	-17.651680	0.458516	0.002554
3641	-17.652100	0.458665	0.002554
3642	-17.652182	0.458814	0.002554
3643	-17.652368	0.458962	0.002554
3644	-17.652063	0.459111	0.002554
3645	-17.651905	0.459259	0.002554
3646	-17.651951	0.459408	0.002554
3647	-17.652642	0.459556	0.002554
3648	-17.652642	0.459430	0.002554
3649	-17.652460	0.459578	0.002554
3650	-17.652992	0.459726	0.002554
3651	-17.653090	0.459874	0.002554
3652	-17.652767	0.460022	0.002554
3653	-17.652308	0.460170	0.002554
3654	-17.652139	0.460317	0.002554
3655	-17.651613	0.460465	0.002554
3656	-17.651677	0.460613	0.002554
3657	-17.651661	0.460760	0.002554
3658	-17.651535	0.460908	0.002554
3659	-17.651597	0.461055	0.002554
3660	-17.651058	0.461202	0.002554
3661	-17.651004	0.461349	0.002554
3662	-17.651152	0.461496	0.002554
3663	-17.651350	0.461643	0.002554
3664	-17.650673	0.461790	0.002554
3665	-17.650964	0.461937	0.002554
3666	-17.650964	0.461811	0.002554
3667	-17.650279	0.461958	0.002554
3668	-17.650208	0.462105	0.002554
3669	-17.650208	0.461979	0.002554
3670	-17.650208	0.461853	0.002554
3671	-17.650239	0.461999	0.002554
3672	-17.650071	0.462146	0.002554
3673	-17.649962	0.462292	0.002554
3674	-17.650044	0.462439	0.002554
3675	-17.650096	0.462585	0.002554
3676	-17.649987	0.462731	0.002554
3677	-17.649987	0.462605	0.002554
3678	-17.649659	0.462751	0.002554
3679	-17.649324	0.462898	0.002554
3680	-17.649282	0.463043	0.002554
3681	-17.648985	0.463189	0.002554
3682	-17.649723	0.463335	0.002554
3683	-17.649723	0.463209	0.002554
3684	-17.650847	0.463355	0.002554
3685	-17.650316	0.463501	0.002554
3686	-17.650530	0.463646	0.002554
3687	-17.651205	0.463792	0.002554
3688	-17.651697	0.463937	0.002554
3689	-17.651694	0.464082	0.002554
3690	-17.651443	0.464228	0.002554
3691	-17.651282	0.464373	0.002554
3692	-17.650555	0.464518	0.002554
3693	-17.650544	0.464663	0.002554
3694	-17.650228	0.464808	0.002554
3695	-17.650386	0.464953	0.002554
3696	-17.650184	0.465097	0.002554
3697	-17.649413	0.465242	0.002554
3698	-17.649017	0.465387	0.002554
3699	-17.648973	0.465531	0.002554
3700	-17.648645	0.465676	0.002554
3701	-17.649193	0.465820	0.002554
3702	-17.649193	0.465694	0.002554
3703	-17.649693	0.465839	0.002554
3704	-17.650194	0.465983	0.002554
3705	-17.650194	0.465857	0.002554
3706	-17.650313	0.466001	0.002554
3707	-17.649787	0.466145	0.002554
3708	-17.650005	0.466289	0.002554
3709	-17.650285	0.466433	0.002554
3710	-17.650806	0.466577	0.002554
3711	-17.650588	0.466721	0.002554
3712	-17.650327	0.466864	0.002554
3713	-17.650359	0.467008	0.002554
3714	-17.650483	0.467151	0.002554
3715	-17.650507	0.467295	0.002554
3716	-17.650507	0.467169	0.002554
3717	-17.650320	0.467312	0.002554
3718	-17.650503	0.467456	0.002554
3719	-17.650503	0.467330	0.002554
3720	-17.650733	0.467473	0.002554
3721	-17.651315	0.467616	0.002554
3722	-17.651403	0.467759	0.002554
3723	-17.651403	0.467634	0.002554
3724	-17.651750	0.467777	0.002554
3725	-17.651750	0.467651	0.002554
3726	-17.652032	0.467794	0.002554
3727	-17.651490	0.467937	0.002554
3728	-17.652082	0.468079	0.002554
3729	-17.652082	0.467954	0.002554
3730	-17.652043	0.468097	0.002554
3731	-17.652255	0.468239	0.002554
3732	-17.652653	0.468382	0.002554
3733	-17.652560	0.468524	0.002554
3734	-17.652357	0.468666	0.002554
3735	-17.651904	0.468809	0.002554
3736	-17.652000	0.468951	0.002554
3737	-17.652498	0.469093	0.002554
3738	-17.652447	0.469235	0.002554
3739	-17.651849	0.469377	0.002554
3740	-17.652083	0.469519	0.002554
3741	-17.652882	0.469661	0.002554
3742	-17.652958	0.469802	0.002554
3743	-17.653081	0.469944	0.002554
3744	-17.653102	0.470085	0.002554
3745	-17.652978	0.470227	0.002554
3746	-17.652477	0.470368	0.002554
3747	-17.652682	0.470510	0.002554
3748	-17.652537	0.470651	0.002554
3749	-17.652373	0.470792	0.002554
3750	-17.652487	0.470933	0.002554
3751	-17.652487	0.470808	0.002554
3752	-17.652684	0.470949	0.002554
3753	-17.653292	0.471090	0.002554
3754	-17.652965	0.471231	0.002554
3755	-17.652279	0.471372	0.002554
3756	-17.652228	0.471512	0.002554
3757	-17.652391	0.471653	0.002554
3758	-17.652640	0.471794	0.002554
3759	-17.652696	0.471934	0.002554
3760	-17.652799	0.472074	0.002554
3761	-17.652799	0.471949	0.002554
3762	-17.652723	0.472089	0.002554
3763	-17.652939	0.472230	0.002554
3764	-17.653500	0.472370	0.002554
3765	-17.653372	0.472510	0.002554
3766	-17.653424	0.472650	0.002554
3767	-17.653381	0.472790	0.002554
3768	-17.653313	0.472930	0.002554
3769	-17.653323	0.473070	0.002554
3770	-17.652506	0.473210	0.002554
3771	-17.652186	0.473349	0.002554
3772	-17.652653	0.473489	0.002554
3773	-17.652735	0.473628	0.002554
3774	-17.652860	0.473768	0.002554
3775	-17.652860	0.473642	0.002554
3776	-17.652466	0.473782	0.002554
3777	-17.652425	0.473921	0.002554
3778	-17.652425	0.473796	0.002554
3779	-17.652644	0.473935	0.002554
3780	-17.652518	0.474074	0.002554
3781	-17.652458	0.474213	0.002554
3782	-17.652160	0.474352	0.002554
3783	-17.652204	0.474491	0.002554
3784	-17.652204	0.474366	0.002554
3785	-17.652106	0.474505	0.002554
3786	-17.652189	0.474643	0.002554
3787	-17.651428	0.474782	0.002554
3788	-17.651682	0.474921	0.002554
3789	-17.652021	0.475059	0.002554
3790	-17.652244	0.475198	0.002554
3791	-17.651869	0.475336	0.002554
3792	-17.652312	0.475475	0.002554
3793	-17.652508	0.475613	0.002554
3794	-17.652512	0.475751	0.002554
3795	-17.652569	0.475889	0.002554
3796	-17.652006	0.476027	0.002554
3797	-17.651377	0.476165	0.002554
3798	-17.651312	0.476303	0.002554
3799	-17.651410	0.476441	0.002554
3800	-17.651410	0.476316	0.002554
3801	-17.650903	0.476454	0.002554
3802	-17.651397	0.476591	0.002554
3803	-17.651087	0.476729	0.002554
3804	-17.651337	0.476866	0.002554
3805	-17.651577	0.477004	0.002554
3806	-17.651912	0.477141	0.002554
3807	-17.652477	0.477279	0.002554
3808	-17.652573	0.477416	0.002554
3809	-17.652470	0.477553	0.002554
3810	-17.652244	0.477690	0.002554
3811	-17.652244	0.477565	0.002554
3812	-17.652233	0.477702	0.002554
3813	-17.652233	0.477577	0.002554
3814	-17.652532	0.477714	0.002554
3815	-17.652678	0.477851	0.002554
3816	-17.652268	0.477987	0.002554
3817	-17.652339	0.478124	0.002554
3818	-17.652295	0.478261	0.002554
3819	-17.652227	0.478397	0.002554
3820	-17.652227	0.478272	0.002554
3821	-17.652311	0.478409	0.002554
3822	-17.652418	0.478545	0.002554
3823	-17.652336	0.478682	0.002554
3824	-17.652799	0.478818	0.002554
3825	-17.652679	0.478954	0.002554
3826	-17.653070	0.479090	0.002554
3827	-17.652996	0.479227	0.002554
3828	-17.653391	0.479363	0.002554
3829	-17.653537	0.479499	0.002554
3830	-17.653353	0.479634	0.002554
3831	-17.653329	0.479770	0.002554
3832	-17.653193	0.479906	0.002554
3833	-17.653335	0.480042	0.002554
3834	-17.653347	0.480177	0.002554
3835	-17.653245	0.480313	0.002554
3836	-17.653303	0.480448	0.002554
3837	-17.653567	0.480584	0.002554
3838	-17.653135	0.480719	0.002554
3839	-17.653107	0.480854	0.002554
3840	-17.653107	0.480729	0.002554
3841	-17.653316	0.480864	0.002554
3842	-17.653186	0.480999	0.002554
3843	-17.653081	0.481135	0.002554
3844	-17.653236	0.481270	0.002554
3845	-17.652753	0.481404	0.002554
3846	-17.652753	0.481279	0.002554
3847	-17.652753	0.481154	0.002554
3848	-17.652234	0.481289	0.002554
3849	-17.651713	0.481424	0.002554
3850	-17.651713	0.481299	0.002554
3851	-17.651269	0.481433	0.002554
3852	-17.651269	0.481308	0.002554
3853	-17.651269	0.481183	0.002554
3854	-17.650824	0.481318	0.002554
3855	-17.650977	0.481453	0.002554
3856	-17.650986	0.481587	0.002554
3857	-17.650506	0.481722	0.002554
3858	-17.650411	0.481856	0.002554
3859	-17.650369	0.481990	0.002554
3860	-17.650291	0.482124	0.002554
3861	-17.650436	0.482258	0.002554
3862	-17.650614	0.482393	0.002554
3863	-17.650995	0.482527	0.002554
3864	-17.651380	0.482660	0.002554
3865	-17.651472	0.482794	0.002554
3866	-17.651455	0.482928	0.002554
3867	-17.651513	0.483062	0.002554
3868	-17.651378	0.483195	0.002554
3869	-17.652085	0.483329	0.002554
3870	-17.651960	0.483463	0.002554
3871	-17.651960	0.483338	0.002554
3872	-17.651960	0.483213	0.002554
3873	-17.652287	0.483346	0.002554
3874	-17.652287	0.483221	0.002554
3875	-17.652287	0.483097	0.002554
3876	-17.651994	0.483230	0.002554
3877	-17.652030	0.483363	0.002554
3878	-17.652030	0.483239	0.002554
3879	-17.651906	0.483372	0.002554
3880	-17.651956	0.483505	0.002554
3881	-17.651786	0.483638	0.002554
3882	-17.651939	0.483771	0.002554
3883	-17.652691	0.483904	0.002554
3884	-17.652923	0.484037	0.002554
3885	-17.652920	0.484170	0.002554
3886	-17.652875	0.484303	0.002554
3887	-17.653444	0.484435	0.002554
3888	-17.653575	0.484568	0.002554
3889	-17.653668	0.484700	0.002554
3890	-17.653745	0.484833	0.002554
3891	-17.653444	0.484965	0.002554
3892	-17.653752	0.485098	0.002554
3893	-17.654146	0.485230	0.002554
3894	-17.654146	0.485105	0.002554
3895	-17.654224	0.485237	0.002554
3896	-17.654339	0.485370	0.002554
3897	-17.653968	0.485502	0.002554
3898	-17.654187	0.485634	0.002554
3899	-17.653926	0.485766	0.002554
3900	-17.654201	0.485897	0.002554
3901	-17.654381	0.486029	0.002554
3902	-17.654651	0.486161	0.002554
3903	-17.654651	0.486036	0.002554
3904	-17.654636	0.486168	0.002554
3905	-17.654552	0.486300	0.002554
3906	-17.654717	0.486431	0.002554
3907	-17.654585	0.486563	0.002554
3908	-17.654430	0.486694	0.002554
3909	-17.654664	0.486825	0.002554
3910	-17.654727	0.486957	0.002554
3911	-17.654430	0.487088	0.002554
3912	-17.654294	0.487219	0.002554
3913	-17.654294	0.487094	0.002554
3914	-17.654348	0.487225	0.002554
3915	-17.654348	0.487101	0.002554
3916	-17.654347	0.487232	0.002554
3917	-17.654590	0.487363	0.002554
3918	-17.654533	0.487494	0.002554
3919	-17.654523	0.487624	0.002554
3920	-17.654418	0.487755	0.002554
3921	-17.654120	0.487886	0.002554
3922	-17.653372	0.488016	0.002554
3923	-17.654035	0.488147	0.002554
3924	-17.653272	0.488277	0.002554
3925	-17.652933	0.488408	0.002554
3926	-17.653110	0.488538	0.002554
3927	-17.653281	0.488668	0.002554
3928	-17.653213	0.488798	0.002554
3929	-17.653042	0.488928	0.002554
3930	-17.653080	0.489059	0.002554
3931	-17.653248	0.489189	0.002554
3932	-17.653218	0.489318	0.002554
3933	-17.652911	0.489448	0.002554
3934	-17.653194	0.489578	0.002554
3935	-17.653337	0.489708	0.002554
3936	-17.653381	0.489837	0.002554
3937	-17.653292	0.489967	0.002554
3938	-17.653108	0.490096	0.002554
3939	-17.653114	0.490226	0.002554
3940	-17.653092	0.490355	0.002554
3941	-17.653135	0.490485	0.002554
3942	-17.653021	0.490614	0.002554
3943	-17.652850	0.490743	0.002554
3944	-17.652706	0.490872	0.002554
3945	-17.652578	0.491001	0.002554
3946	-17.653253	0.491130	0.002554
3947	-17.652707	0.491259	0.002554
3948	-17.652833	0.491388	0.002554
3949	-17.652834	0.491517	0.002554
3950	-17.652852	0.491646	0.002554
3951	-17.652937	0.491774	0.002554
3952	-17.652916	0.491903	0.002554
3953	-17.652916	0.491778	0.002554
3954	-17.652105	0.491907	0.002554
3955	-17.652105	0.491783	0.002554
3956	-17.652033	0.491911	0.002554
3957	-17.652349	0.492039	0.002554
3958	-17.652762	0.492168	0.002554
3959	-17.652339	0.492296	0.002554
3960	-17.652284	0.492424	0.002554
3961	-17.652381	0.492552	0.002554
3962	-17.652446	0.492680	0.002554
3963	-17.652357	0.492808	0.002554
3964	-17.652231	0.492936	0.002554
3965	-17.652228	0.493064	0.002554
3966	-17.651805	0.493192	0.002554
3967	-17.651805	0.493068	0.002554
3968	-17.651806	0.493196	0.002554
3969	-17.651716	0.493323	0.002554
3970	-17.651633	0.493451	0.002554
3971	-17.651432	0.493578	0.002554
3972	-17.651443	0.493706	0.002554
3973	-17.651671	0.493833	0.002554
3974	-17.651931	0.493961	0.002554
3975	-17.651931	0.493836	0.002554
3976	-17.651583	0.493964	0.002554
3977	-17.651191	0.494091	0.002554
3978	-17.651657	0.494218	0.002554
3979	-17.651617	0.494345	0.002554
3980	-17.651617	0.494221	0.002554
3981	-17.651535	0.494348	0.002554
3982	-17.651236	0.494475	0.002554
3983	-17.650682	0.494602	0.002554
3984	-17.650256	0.494729	0.002554
3985	-17.650329	0.494856	0.002554
3986	-17.650316	0.494982	0.002554
3987	-17.650058	0.495109	0.002554
3988	-17.650064	0.495236	0.002554
3989	-17.650856	0.495362	0.002554
3990	-17.651057	0.495489	0.002554
3991	-17.650988	0.495615	0.002554
3992	-17.651539	0.495741	0.002554
3993	-17.651539	0.495617	0.002554
3994	-17.652145	0.495744	0.002554
3995	-17.652537	0.495870	0.002554
3996	-17.652537	0.495746	0.002554
3997	-17.652916	0.495872	0.002554
3998	-17.652918	0.495998	0.002554
3999	-17.652918	0.495874	0.002554
4000	-17.652273	0.496000	0.002554
4001	-17.652151	0.496126	0.002554
4002	-17.652510	0.496252	0.002554
4003	-17.652510	0.496128	0.002554
4004	-17.652180	0.496254	0.002554
4005	-17.651821	0.496380	0.002554
4006	-17.651821	0.496256	0.002554
4007	-17.651821	0.496132	0.002554
4008	-17.651528	0.496257	0.002554
4009	-17.651528	0.496134	0.002554
4010	-17.651403	0.496259	0.002554
4011	-17.651611	0.496385	0.002554
4012	-17.651611	0.496261	0.002554
4013	-17.651611	0.496138	0.002554
4014	-17.651511	0.496263	0.002554
4015	-17.651491	0.496389	0.002554
4016	-17.651036	0.496514	0.002554
4017	-17.651180	0.496639	0.002554
4018	-17.651695	0.496765	0.002554
4019	-17.651591	0.496890	0.002554
4020	-17.651900	0.497015	0.002554
4021	-17.651457	0.497140	0.002554
4022	-17.651449	0.497265	0.002554
4023	-17.651211	0.497390	0.002554
4024	-17.651211	0.497266	0.002554
4025	-17.651211	0.497143	0.002554
4026	-17.651514	0.497268	0.002554
4027	-17.651987	0.497393	0.002554
4028	-17.652318	0.497517	0.002554
4029	-17.652851	0.497642	0.002554
4030	-17.652529	0.497767	0.002554
4031	-17.652594	0.497891	0.002554
4032	-17.652594	0.497768	0.002554
4033	-17.652910	0.497892	0.002554
4034	-17.653034	0.498017	0.002554
4035	-17.653025	0.498141	0.002554
4036	-17.653025	0.498018	0.002554
4037	-17.653025	0.497894	0.002554
4038	-17.653025	0.497771	0.002554
4039	-17.652860	0.497896	0.002554
4040	-17.652824	0.498020	0.002554
4041	-17.652541	0.498144	0.002554
4042	-17.652541	0.498021	0.002554
4043	-17.652418	0.498145	0.002554
4044	-17.651827	0.498269	0.002554
4045	-17.651680	0.498393	0.002554
4046	-17.652055	0.498517	0.002554
4047	-17.652137	0.498641	0.002554
4048	-17.651886	0.498765	0.002554
4049	-17.652153	0.498889	0.002554
4050	-17.652044	0.499012	0.002554
4051	-17.651849	0.499136	0.002554
4052	-17.651871	0.499260	0.002554
4053	-17.651970	0.499383	0.002554
4054	-17.651970	0.499260	0.002554
4055	-17.652018	0.499383	0.002554
4056	-17.651556	0.499507	0.002554
4057	-17.652004	0.499630	0.002554
4058	-17.651726	0.499754	0.002554
4059	-17.651902	0.499877	0.002554
4060	-17.651902	0.499754	0.002554
4061	-17.652130	0.499877	0.002554
4062	-17.652106	0.500000	0.002554
4063	-17.651523	0.500123	0.002554
4064	-17.651516	0.500246	0.002554
4065	-17.651373	0.500369	0.002554
4066	-17.650522	0.500492	0.002554
4067	-17.650570	0.500615	0.002554
4068	-17.650570	0.500492	0.002554
4069	-17.650346	0.500614	0.002554
4070	-17.650430	0.500737	0.002554
4071	-17.650725	0.500860	0.002554
4072	-17.650884	0.500982	0.002554
4073	-17.650860	0.501105	0.002554
4074	-17.650592	0.501227	0.002554
4075	-17.650462	0.501350	0.002554
4076	-17.650151	0.501472	0.002554
4077	-17.650225	0.501594	0.002554
4078	-17.650391	0.501717	0.002554
4079	-17.650559	0.501839	0.002554
4080	-17.650100	0.501961	0.002554
4081	-17.650266	0.502083	0.002554
4082	-17.650266	0.501960	0.002554
4083	-17.650014	0.502082	0.002554
4084	-17.649735	0.502204	0.002554
4085	-17.649748	0.502326	0.002554
4086	-17.649357	0.502447	0.002554
4087	-17.648985	0.502569	0.002554
4088	-17.648487	0.502691	0.002554
4089	-17.648336	0.502812	0.002554
4090	-17.648344	0.502934	0.002554
4091	-17.648115	0.503055	0.002554
4092	-17.648244	0.503177	0.002554
4093	-17.648008	0.503298	0.002554
4094	-17.647916	0.503420	0.002554
4095	-17.648272	0.503541	0.002554
4096	-17.647624	0.503662	0.002554
4097	-17.647368	0.503783	0.002554
4098	-17.648235	0.503904	0.002554
4099	-17.649045	0.504025	0.002554
4100	-17.649045	0.503902	0.002554
4101	-17.648862	0.504023	0.002554
4102	-17.648964	0.504144	0.002554
4103	-17.648628	0.504265	0.002554
4104	-17.649431	0.504386	0.002554
4105	-17.648796	0.504507	0.002554
4106	-17.648796	0.504384	0.002554
4107	-17.648796	0.504261	0.002554
4108	-17.648155	0.504382	0.002554
4109	-17.648609	0.504502	0.002554
4110	-17.648590	0.504623	0.002554
4111	-17.647750	0.504743	0.002554
4112	-17.648525	0.504864	0.002554
4113	-17.648707	0.504984	0.002554
4114	-17.648579	0.505105	0.002554
4115	-17.648289	0.505225	0.002554
4116	-17.648441	0.505345	0.002554
4117	-17.648685	0.505465	0.002554
4118	-17.648657	0.505585	0.002554
4119	-17.649125	0.505705	0.002554
4120	-17.649392	0.505825	0.002554
4121	-17.649040	0.505945	0.002554
4122	-17.649040	0.505822	0.002554
4123	-17.649231	0.505942	0.002554
4124	-17.649043	0.506062	0.002554
4125	-17.648980	0.506182	0.002554
4126	-17.649054	0.506302	0.002554
4127	-17.648560	0.506421	0.002554
4128	-17.648633	0.506541	0.002554
4129	-17.648677	0.506660	0.002554
4130	-17.649249	0.506780	0.002554
4131	-17.649854	0.506899	0.002554
4132	-17.649798	0.507018	0.002554
4133	-17.650098	0.507138	0.002554
4134	-17.650721	0.507257	0.002554
4135	-17.651306	0.507376	0.002554
4136	-17.651117	0.507495	0.002554
4137	-17.651378	0.507614	0.002554
4138	-17.651259	0.507733	0.002554
4139	-17.651037	0.507852	0.002554
4140	-17.651204	0.507971	0.002554
4141	-17.651383	0.508090	0.002554
4142	-17.650928	0.508209	0.002554
4143	-17.651155	0.508327	0.002554
4144	-17.651054	0.508446	0.002554
4145	-17.651562	0.508565	0.002554
4146	-17.651955	0.508683	0.002554
4147	-17.652212	0.508802	0.002554
4148	-17.652134	0.508920	0.002554
4149	-17.652313	0.509038	0.002554
4150	-17.652301	0.509157	0.002554
4151	-17.652573	0.509275	0.002554
4152	-17.652744	0.509393	0.002554
4153	-17.652744	0.509270	0.002554
4154	-17.652499	0.509389	0.002554
4155	-17.652586	0.509507	0.002554
4156	-17.652601	0.509625	0.002554
4157	-17.652519	0.509743	0.002554
4158	-17.652340	0.509861	0.002554
4159	-17.652340	0.509738	0.002554
4160	-17.652055	0.509856	0.002554
4161	-17.651986	0.509974	0.002554
4162	-17.651891	0.510091	0.002554
4163	-17.652024	0.510209	0.002554
4164	-17.651883	0.510327	0.002554
4165	-17.652023	0.510444	0.002554
4166	-17.652180	0.510562	0.002554
4167	-17.652447	0.510679	0.002554
4168	-17.652441	0.510797	0.002554
4169	-17.652058	0.510914	0.002554
4170	-17.652058	0.510791	0.002554
4171	-17.652143	0.510909	0.002554
4172	-17.651950	0.511026	0.002554
4173	-17.651903	0.511143	0.002554
4174	-17.651979	0.511260	0.002554
4175	-17.652496	0.511377	0.002554
4176	-17.651955	0.511494	0.002554
4177	-17.651920	0.511611	0.002554
4178	-17.651699	0.511728	0.002554
4179	-17.652011	0.511845	0.002554
4180	-17.652011	0.511722	0.002554
4181	-17.651885	0.511839	0.002554
4182	-17.651890	0.511956	0.002554
4183	-17.651709	0.512073	0.002554
4184	-17.651709	0.511950	0.002554
4185	-17.650969	0.512067	0.002554
4186	-17.651676	0.512183	0.002554
4187	-17.652155	0.512300	0.002554
4188	-17.651774	0.512416	0.002554
4189	-17.651676	0.512533	0.002554
4190	-17.651602	0.512649	0.002554
4191	-17.651405	0.512765	0.002554
4192	-17.651788	0.512882	0.002554
4193	-17.652415	0.512998	0.002554
4194	-17.652722	0.513114	0.002554
4195	-17.652953	0.513230	0.002554
4196	-17.652953	0.513108	0.002554
4197	-17.652891	0.513224	0.002554
4198	-17.652882	0.513340	0.002554
4199	-17.653151	0.513456	0.002554
4200	-17.653245	0.513571	0.002554
4201	-17.653286	0.513687	0.002554
4202	-17.653437	0.513803	0.002554
4203	-17.652849	0.513919	0.002554
4204	-17.652650	0.514034	0.002554
4205	-17.652243	0.514150	0.002554
4206	-17.652038	0.514265	0.002554
4207	-17.651840	0.514381	0.002554
4208	-17.651809	0.514496	0.002554
4209	-17.652013	0.514612	0.002554
4210	-17.651927	0.514727	0.002554
4211	-17.651850	0.514842	0.002554
4212	-17.651845	0.514957	0.002554
4213	-17.651989	0.515072	0.002554
4214	-17.652027	0.515187	0.002554
4215	-17.652004	0.515302	0.002554
4216	-17.652168	0.515417	0.002554
4217	-17.652168	0.515295	0.002554
4218	-17.651732	0.515410	0.002554
4219	-17.651702	0.515525	0.002554
4220	-17.651714	0.515640	0.002554
4221	-17.651714	0.515518	0.002554
4222	-17.651714	0.515396	0.002554
4223	-17.651714	0.515274	0.002554
4224	-17.651676	0.515388	0.002554
4225	-17.651662	0.515503	0.002554
4226	-17.651867	0.515618	0.002554
4227	-17.651087	0.515732	0.002554
4228	-17.651452	0.515847	0.002554
4229	-17.651228	0.515961	0.002554
4230	-17.650932	0.516076	0.002554
4231	-17.650234	0.516190	0.002554
4232	-17.650170	0.516304	0.002554
4233	-17.650167	0.516419	0.002554
4234	-17.649722	0.516533	0.002554
4235	-17.649973	0.516647	0.002554
4236	-17.650342	0.516761	0.002554
4237	-17.650342	0.516639	0.002554
4238	-17.650286	0.516753	0.002554
4239	-17.650325	0.516867	0.002554
4240	-17.650367	0.516981	0.002554
4241	-17.650213	0.517095	0.002554
4242	-17.649780	0.517209	0.002554
4243	-17.649905	0.517323	0.002554
4244	-17.649839	0.517436	0.002554
4245	-17.649715	0.517550	0.002554
4246	-17.649915	0.517664	0.002554
4247	-17.649896	0.517777	0.002554
4248	-17.649896	0.517891	0.002554
4249	-17.649933	0.518004	0.002554
4250	-17.649942	0.518118	0.002554
4251	-17.650083	0.518231	0.002554
4252	-17.649977	0.518344	0.002554
4253	-17.649977	0.518222	0.002554
4254	-17.650231	0.518336	0.002554
4255	-17.650287	0.518449	0.002554
4256	-17.650287	0.518327	0.002554
4257	-17.650332	0.518440	0.002554
4258	-17.650668	0.518553	0.002554
4259	-17.650712	0.518666	0.002554
4260	-17.650578	0.518779	0.002554
4261	-17.650553	0.518892	0.002554
4262	-17.650476	0.519005	0.002554
4263	-17.650280	0.519118	0.002554
4264	-17.649831	0.519231	0.002554
4265	-17.649831	0.519109	0.002554
4266	-17.649831	0.518987	0.002554
4267	-17.649266	0.519100	0.002554
4268	-17.649127	0.519213	0.002554
4269	-17.649377	0.519325	0.002554
4270	-17.649008	0.519438	0.002554
4271	-17.649077	0.519550	0.002554
4272	-17.649127	0.519663	0.002554
4273	-17.649176	0.519775	0.002554
4274	-17.649393	0.519888	0.002554
4275	-17.650136	0.520000	0.002554
4276	-17.649854	0.520112	0.002554
4277	-17.649369	0.520224	0.002554
4278	-17.649495	0.520337	0.002554
4279	-17.649495	0.520215	0.002554
4280	-17.649600	0.520327	0.002554
4281	-17.649600	0.520206	0.002554
4282	-17.649255	0.520318	0.002554
4283	-17.649157	0.520430	0.002554
4284	-17.649256	0.520542	0.002554
4285	-17.649075	0.520653	0.002554
4286	-17.649111	0.520765	0.002554
4287	-17.649111	0.520644	0.002554
4288	-17.648842	0.520756	0.002554
4289	-17.648481	0.520867	0.002554
4290	-17.648846	0.520979	0.002554
4291	-17.648487	0.521091	0.002554
4292	-17.648864	0.521202	0.002554
4293	-17.649082	0.521314	0.002554
4294	-17.649322	0.521425	0.002554
4295	-17.649365	0.521537	0.002554
4296	-17.648704	0.521648	0.002554
4297	-17.648704	0.521527	0.002554
4298	-17.648514	0.521638	0.002554
4299	-17.648224	0.521749	0.002554
4300	-17.648583	0.521860	0.002554
4301	-17.648528	0.521972	0.002554
4302	-17.647715	0.522083	0.002554
4303	-17.647532	0.522194	0.002554
4304	-17.646717	0.522305	0.002554
4305	-17.646881	0.522416	0.002554
4306	-17.647113	0.522527	0.002554
4307	-17.647614	0.522638	0.002554
4308	-17.647425	0.522748	0.002554
4309	-17.647606	0.522859	0.002554
4310	-17.647606	0.522738	0.002554
4311	-17.647759	0.522849	0.002554
4312	-17.647759	0.522727	0.002554
4313	-17.648049	0.522838	0.002554
4314	-17.647940	0.522949	0.002554
4315	-17.648021	0.523059	0.002554
4316	-17.647999	0.523170	0.002554
4317	-17.647743	0.523280	0.002554
4318	-17.647668	0.523390	0.002554
4319	-17.647689	0.523501	0.002554
4320	-17.647758	0.523611	0.002554
4321	-17.647269	0.523721	0.002554
4322	-17.647069	0.523832	0.002554
4323	-17.646539	0.523942	0.002554
4324	-17.646364	0.524052	0.002554
4325	-17.646089	0.524162	0.002554
4326	-17.645936	0.524272	0.002554
4327	-17.645936	0.524151	0.002554
4328	-17.645056	0.524261	0.002554
4329	-17.644868	0.524371	0.002554
4330	-17.645223	0.524480	0.002554
4331	-17.646178	0.524590	0.002554
4332	-17.646756	0.524700	0.002554
4333	-17.646593	0.524810	0.002554
4334	-17.646567	0.524919	0.002554
4335	-17.646589	0.525029	0.002554
4336	-17.646684	0.525138	0.002554
4337	-17.646646	0.525248	0.002554
4338	-17.645832	0.525357	0.002554
4339	-17.645838	0.525467	0.002554
4340	-17.645838	0.525346	0.002554
4341	-17.645696	0.525455	0.002554
4342	-17.645450	0.525564	0.002554
4343	-17.645789	0.525673	0.002554
4344	-17.645655	0.525783	0.002554
4345	-17.645655	0.525662	0.002554
4346	-17.645646	0.525771	0.002554
4347	-17.645143	0.525880	0.002554
4348	-17.645226	0.525989	0.002554
4349	-17.645708	0.526098	0.002554
4350	-17.646217	0.526207	0.002554
4351	-17.646417	0.526316	0.002554
4352	-17.646417	0.526195	0.002554
4353	-17.645770	0.526304	0.002554
4354	-17.645750	0.526412	0.002554
4355	-17.646394	0.526521	0.002554
4356	-17.646366	0.526630	0.002554
4357	-17.646554	0.526739	0.002554
4358	-17.646554	0.526618	0.002554
4359	-17.646485	0.526726	0.002554
4360	-17.646558	0.526835	0.002554
4361	-17.646523	0.526943	0.002554
4362	-17.645826	0.527052	0.002554
4363	-17.645826	0.526931	0.002554
4364	-17.645730	0.527039	0.002554
4365	-17.645036	0.527148	0.002554
4366	-17.645465	0.527256	0.002554
4367	-17.645958	0.527364	0.002554
4368	-17.645066	0.527473	0.002554
4369	-17.645031	0.527581	0.002554
4370	-17.645031	0.527460	0.002554
4371	-17.644938	0.527568	0.002554
4372	-17.644702	0.527676	0.002554
4373	-17.644702	0.527555	0.002554
4374	-17.645224	0.527663	0.002554
4375	-17.645102	0.527771	0.002554
4376	-17.645105	0.527879	0.002554
4377	-17.644803	0.527987	0.002554
4378	-17.644759	0.528095	0.002554
4379	-17.644026	0.528203	0.002554
4380	-17.644155	0.528311	0.002554
4381	-17.644353	0.528418	0.002554
4382	-17.644347	0.528526	0.002554
4383	-17.644347	0.528405	0.002554
4384	-17.644313	0.528513	0.002554
4385	-17.644313	0.528392	0.002554
4386	-17.644406	0.528500	0.002554
4387	-17.644467	0.528607	0.002554
4388	-17.644767	0.528715	0.002554
4389	-17.644702	0.528822	0.002554
4390	-17.644747	0.528929	0.002554
4391	-17.644664	0.529037	0.002554
4392	-17.644904	0.529144	0.002554
4393	-17.644985	0.529251	0.002554
4394	-17.645774	0.529358	0.002554
4395	-17.645783	0.529465	0.002554
4396	-17.646610	0.529572	0.002554
4397	-17.646486	0.529679	0.002554
4398	-17.646201	0.529786	0.002554
4399	-17.646035	0.529893	0.002554
4400	-17.646239	0.530000	0.002554
4401	-17.647030	0.530107	0.002554
4402	-17.646908	0.530214	0.002554
4403	-17.646908	0.530093	0.002554
4404	-17.646927	0.530200	0.002554
4405	-17.647017	0.530306	0.002554
4406	-17.647228	0.530413	0.002554
4407	-17.647125	0.530520	0.002554
4408	-17.646842	0.530626	0.002554
4409	-17.646819	0.530733	0.002554
4410	-17.646871	0.530839	0.002554
4411	-17.646754	0.530945	0.002554
4412	-17.647318	0.531052	0.002554
4413	-17.647242	0.531158	0.002554
4414	-17.647124	0.531264	0.002554
4415	-17.647139	0.531370	0.002554
4416	-17.646789	0.531476	0.002554
4417	-17.646480	0.531583	0.002554
4418	-17.646480	0.531689	0.002554
4419	-17.647385	0.531795	0.002554
4420	-17.647468	0.531900	0.002554
4421	-17.647338	0.532006	0.002554
4422	-17.647323	0.532112	0.002554
4423	-17.646664	0.532218	0.002554
4424	-17.646951	0.532324	0.002554
4425	-17.646893	0.532429	0.002554
4426	-17.647058	0.532535	0.002554
4427	-17.647586	0.532641	0.002554
4428	-17.646576	0.532746	0.002554
4429	-17.646576	0.532626	0.002554
4430	-17.646497	0.532731	0.002554
4431	-17.646497	0.532611	0.002554
4432	-17.646638	0.532717	0.002554
4433	-17.646638	0.532596	0.002554
4434	-17.646638	0.532476	0.002554
4435	-17.646449	0.532582	0.002554
4436	-17.646555	0.532687	0.002554
4437	-17.646276	0.532792	0.002554
4438	-17.646823	0.532898	0.002554
4439	-17.646832	0.533003	0.002554
4440	-17.647272	0.533108	0.002554
4441	-17.647900	0.533213	0.002554
4442	-17.648221	0.533318	0.002554
4443	-17.648282	0.533423	0.002554
4444	-17.648771	0.533528	0.002554
4445	-17.647905	0.533633	0.002554
4446	-17.647444	0.533738	0.002554
4447	-17.647732	0.533843	0.002554
4448	-17.647732	0.533723	0.002554
4449	-17.647874	0.533828	0.002554
4450	-17.648076	0.533933	0.002554
4451	-17.648500	0.534037	0.002554
4452	-17.648746	0.534142	0.002554
4453	-17.648358	0.534247	0.002554
4454	-17.648685	0.534351	0.002554
4455	-17.648699	0.534456	0.002554
4456	-17.648300	0.534560	0.002554
4457	-17.648098	0.534665	0.002554
4458	-17.648098	0.534545	0.002554
4459	-17.648254	0.534649	0.002554
4460	-17.647883	0.534753	0.002554
4461	-17.647883	0.534633	0.002554
4462	-17.647433	0.534738	0.002554
4463	-17.647576	0.534842	0.002554
4464	-17.647656	0.534946	0.002554
4465	-17.647340	0.535050	0.002554
4466	-17.647720	0.535155	0.002554
4467	-17.647641	0.535259	0.002554
4468	-17.647619	0.535363	0.002554
4469	-17.647379	0.535467	0.002554
4470	-17.647379	0.535347	0.002554
4471	-17.646929	0.535451	0.002554
4472	-17.647375	0.535555	0.002554
4473	-17.647380	0.535658	0.002554
4474	-17.647019	0.535762	0.002554
4475	-17.647409	0.535866	0.002554
4476	-17.647522	0.535970	0.002554
4477	-17.647392	0.536073	0.002554
4478	-17.647044	0.536177	0.002554
4479	-17.647298	0.536280	0.002554
4480	-17.647260	0.536384	0.002554
4481	-17.646797	0.536487	0.002554
4482	-17.647530	0.536591	0.002554
4483	-17.646920	0.536694	0.002554
4484	-17.646680	0.536798	0.002554
4485	-17.646683	0.536901	0.002554
4486	-17.646416	0.537004	0.002554
4487	-17.646943	0.537107	0.002554
4488	-17.647048	0.537210	0.002554
4489	-17.646879	0.537313	0.002554
4490	-17.646879	0.537194	0.002554
4491	-17.647835	0.537297	0.002554
4492	-17.648014	0.537400	0.002554
4493	-17.648014	0.537280	0.002554
4494	-17.648014	0.537161	0.002554
4495	-17.648091	0.537264	0.002554
4496	-17.648362	0.537367	0.002554
4497	-17.648335	0.537469	0.002554
4498	-17.648028	0.537572	0.002554
4499	-17.648189	0.537675	0.002554
4500	-17.648189	0.537556	0.002554
4501	-17.647563	0.537658	0.002554
4502	-17.647563	0.537539	0.002554
4503	-17.647584	0.537642	0.002554
4504	-17.647759	0.537744	0.002554
4505	-17.648296	0.537847	0.002554
4506	-17.648447	0.537949	0.002554
4507	-17.648124	0.538052	0.002554
4508	-17.647998	0.538154	0.002554
4509	-17.647998	0.538035	0.002554
4510	-17.647680	0.538137	0.002554
4511	-17.647959	0.538240	0.002554
4512	-17.648072	0.538342	0.002554
4513	-17.647475	0.538444	0.002554
4514	-17.647151	0.538547	0.002554
4515	-17.647529	0.538649	0.002554
4516	-17.648277	0.538751	0.002554
4517	-17.648277	0.538632	0.002554
4518	-17.649492	0.538734	0.002554
4519	-17.649492	0.538615	0.002554
4520	-17.649278	0.538717	0.002554
4521	-17.649225	0.538819	0.002554
4522	-17.649373	0.538921	0.002554
4523	-17.649568	0.539023	0.002554
4524	-17.649690	0.539125	0.002554
4525	-17.649034	0.539227	0.002554
4526	-17.649034	0.539107	0.002554
4527	-17.649034	0.538988	0.002554
4528	-17.649034	0.538869	0.002554
4529	-17.649006	0.538971	0.002554
4530	-17.648662	0.539073	0.002554
4531	-17.648539	0.539175	0.002554
4532	-17.648974	0.539276	0.002554
4533	-17.648974	0.539157	0.002554
4534	-17.648993	0.539259	0.002554
4535	-17.649300	0.539361	0.002554
4536	-17.649078	0.539462	0.002554
4537	-17.648994	0.539564	0.002554
4538	-17.648266	0.539665	0.002554
4539	-17.648177	0.539766	0.002554
4540	-17.648364	0.539868	0.002554
4541	-17.648265	0.539969	0.002554
4542	-17.648265	0.539850	0.002554
4543	-17.648320	0.539952	0.002554
4544	-17.648320	0.539833	0.002554
4545	-17.648725	0.539934	0.002554
4546	-17.648193	0.540035	0.002554
4547	-17.648383	0.540136	0.002554
4548	-17.649191	0.540237	0.002554
4549	-17.649249	0.540339	0.002554
4550	-17.649593	0.540440	0.002554
4551	-17.649542	0.540541	0.002554
4552	-17.649542	0.540422	0.002554
4553	-17.649966	0.540523	0.002554
4554	-17.649771	0.540624	0.002554
4555	-17.650031	0.540724	0.002554
4556	-17.649249	0.540825	0.002554
4557	-17.649162	0.540926	0.002554
4558	-17.649492	0.541027	0.002554
4559	-17.649445	0.541127	0.002554
4560	-17.649744	0.541228	0.002554
4561	-17.649723	0.541329	0.002554
4562	-17.648946	0.541429	0.002554
4563	-17.648946	0.541530	0.002554
4564	-17.648916	0.541630	0.002554
4565	-17.649133	0.541731	0.002554
4566	-17.648597	0.541831	0.002554
4567	-17.648611	0.541931	0.002554
4568	-17.647533	0.542032	0.002554
4569	-17.647533	0.541913	0.002554
4570	-17.647512	0.542013	0.002554
4571	-17.647828	0.542113	0.002554
4572	-17.647431	0.542213	0.002554
4573	-17.647431	0.542095	0.002554
4574	-17.647348	0.542195	0.002554
4575	-17.647312	0.542295	0.002554
4576	-17.647312	0.542177	0.002554
4577	-17.647245	0.542277	0.002554
4578	-17.648317	0.542377	0.002554
4579	-17.648317	0.542258	0.002554
4580	-17.648591	0.542358	0.002554
4581	-17.648551	0.542458	0.002554
4582	-17.648569	0.542558	0.002554
4583	-17.648297	0.542658	0.002554
4584	-17.648404	0.542757	0.002554
4585	-17.648345	0.542857	0.002554
4586	-17.648438	0.542957	0.002554
4587	-17.649138	0.543056	0.002554
4588	-17.648957	0.543156	0.002554
4589	-17.648938	0.543256	0.002554
4590	-17.649138	0.543355	0.002554
4591	-17.649046	0.543455	0.002554
4592	-17.648830	0.543554	0.002554
4593	-17.648816	0.543653	0.002554
4594	-17.648881	0.543753	0.002554
4595	-17.648909	0.543852	0.002554
4596	-17.648654	0.543951	0.002554
4597	-17.648443	0.544050	0.002554
4598	-17.648443	0.544150	0.002554
4599	-17.648573	0.544249	0.002554
4600	-17.648420	0.544348	0.002554
4601	-17.648600	0.544447	0.002554
4602	-17.648733	0.544546	0.002554
4603	-17.649057	0.544645	0.002554
4604	-17.648932	0.544744	0.002554
4605	-17.648932	0.544625	0.002554
4606	-17.648868	0.544724	0.002554
4607	-17.649103	0.544823	0.002554
4608	-17.649200	0.544922	0.002554
4609	-17.649200	0.544804	0.002554
4610	-17.649240	0.544902	0.002554
4611	-17.648816	0.545001	0.002554
4612	-17.648482	0.545100	0.002554
4613	-17.648831	0.545198	0.002554
4614	-17.648831	0.545080	0.002554
4615	-17.649963	0.545179	0.002554
4616	-17.649784	0.545277	0.002554
4617	-17.649555	0.545376	0.002554
4618	-17.649216	0.545474	0.002554
4619	-17.649565	0.545573	0.002554
4620	-17.649301	0.545671	0.002554
4621	-17.649294	0.545769	0.002554
4622	-17.649519	0.545868	0.002554
4623	-17.649519	0.545750	0.002554
4624	-17.650242	0.545848	0.002554
4625	-17.650987	0.545946	0.002554
4626	-17.651144	0.546044	0.002554
4627	-17.651180	0.546142	0.002554
4628	-17.651180	0.546024	0.002554
4629	-17.650941	0.546122	0.002554
4630	-17.651248	0.546220	0.002554
4631	-17.651205	0.546318	0.002554
4632	-17.651819	0.546416	0.002554
4633	-17.651820	0.546514	0.002554
4634	-17.651820	0.546396	0.002554
4635	-17.651650	0.546494	0.002554
4636	-17.651610	0.546592	0.002554
4637	-17.651696	0.546690	0.002554
4638	-17.651696	0.546572	0.002554
4639	-17.651985	0.546670	0.002554
4640	-17.652032	0.546767	0.002554
4641	-17.652032	0.546649	0.002554
4642	-17.652421	0.546747	0.002554
4643	-17.652303	0.546845	0.002554
4644	-17.652614	0.546942	0.002554
4645	-17.652565	0.547040	0.002554
4646	-17.652764	0.547137	0.002554
4647	-17.652897	0.547235	0.002554
4648	-17.652897	0.547117	0.002554
4649	-17.652815	0.547214	0.002554
4650	-17.652497	0.547312	0.002554
4651	-17.652547	0.547409	0.002554
4652	-17.652856	0.547506	0.002554
4653	-17.652088	0.547604	0.002554
4654	-17.652149	0.547701	0.002554
4655	-17.651804	0.547798	0.002554
4656	-17.651517	0.547895	0.002554
4657	-17.651763	0.547992	0.002554
4658	-17.651990	0.548089	0.002554
4659	-17.651726	0.548186	0.002554
4660	-17.651726	0.548069	0.002554
4661	-17.651726	0.547951	0.002554
4662	-17.652386	0.548048	0.002554
4663	-17.652367	0.548145	0.002554
4664	-17.652678	0.548242	0.002554
4665	-17.652970	0.548339	0.002554
4666	-17.652712	0.548435	0.002554
4667	-17.652164	0.548532	0.002554
4668	-17.652137	0.548629	0.002554
4669	-17.652323	0.548726	0.002554
4670	-17.652323	0.548608	0.002554
4671	-17.652484	0.548705	0.002554
4672	-17.652553	0.548801	0.002554
4673	-17.652426	0.548898	0.002554
4674	-17.652407	0.548994	0.002554
4675	-17.651947	0.549091	0.002554
4676	-17.652488	0.549187	0.002554
4677	-17.652524	0.549284	0.002554
4678	-17.652364	0.549380	0.002554
4679	-17.652905	0.549476	0.002554
4680	-17.652237	0.549573	0.002554
4681	-17.652237	0.549455	0.002554
4682	-17.652196	0.549551	0.002554
4683	-17.652079	0.549648	0.002554
4684	-17.652185	0.549744	0.002554
4685	-17.652479	0.549840	0.002554
4686	-17.652401	0.549936	0.002554
4687	-17.652443	0.550032	0.002631
4688	-17.652443	0.549915	0.002631
4689	-17.652474	0.550011	0.002710
4690	-17.652512	0.550107	0.002791
4691	-17.652273	0.550203	0.002875
4692	-17.652212	0.550298	0.002961
4693	-17.652354	0.550394	0.003050
4694	-17.652875	0.550490	0.003141
4695	-17.653121	0.550586	0.003235
4696	-17.652923	0.550681	0.003332
4697	-17.652937	0.550777	0.003432
4698	-17.652840	0.550873	0.003535
4699	-17.652840	0.550755	0.003641
4700	-17.653091	0.550851	0.003751
4701	-17.653444	0.550947	0.003863
4702	-17.653444	0.550829	0.003979
4703	-17.653269	0.550925	0.004099
4704	-17.653123	0.551020	0.004221
4705	-17.653040	0.551116	0.004348
4706	-17.653082	0.551211	0.004479
4707	-17.653126	0.551307	0.004613
4708	-17.653126	0.551189	0.004751
4709	-17.653063	0.551285	0.004894
4710	-17.653063	0.551168	0.005041
4711	-17.652719	0.551263	0.005192
4712	-17.652750	0.551358	0.005348
4713	-17.652622	0.551453	0.005508
4714	-17.652622	0.551336	0.005673
4715	-17.652622	0.551220	0.005843
4716	-17.652622	0.551103	0.006019
4717	-17.652622	0.550986	0.006199
4718	-17.652917	0.551081	0.006385
4719	-17.652233	0.551176	0.006577
4720	-17.652049	0.551271	0.006774
4721	-17.652560	0.551366	0.006977
4722	-17.652560	0.551249	0.007187
4723	-17.652919	0.551344	0.007402
4724	-17.652919	0.551228	0.007624
4725	-17.652924	0.551323	0.007853
4726	-17.652924	0.551206	0.008089
4727	-17.652856	0.551301	0.008331
4728	-17.652793	0.551396	0.008581
4729	-17.652793	0.551279	0.008839
4730	-17.652893	0.551374	0.009104
4731	-17.652893	0.551258	0.009377
4732	-17.652893	0.551141	0.009658
4733	-17.652893	0.551025	0.009948
4734	-17.652365	0.551120	0.010247
4735	-17.652598	0.551214	0.010554
4736	-17.652598	0.551098	0.010871
4737	-17.652598	0.550982	0.011197
4738	-17.652758	0.551076	0.011533
4739	-17.652758	0.550960	0.011879
4740	-17.651813	0.551055	0.012235
4741	-17.653624	0.551150	0.012602
4742	-17.653624	0.551033	0.012980
4743	-17.654005	0.551128	0.013369
4744	-17.654005	0.551012	0.013771
4745	-17.654005	0.550896	0.014184
4746	-17.654005	0.550780	0.014609
4747	-17.654005	0.550664	0.015047
4748	-17.654005	0.550548	0.015499
4749	-17.654005	0.550432	0.015964
4750	-17.654040	0.550526	0.016443
4751	-17.654040	0.550410	0.016936
4752	-17.654040	0.550295	0.017444
4753	-17.654040	0.550179	0.017967
4754	-17.654040	0.550063	0.018506
4755	-17.654040	0.549947	0.018506
4756	-17.654040	0.549832	0.018506
4757	-17.654040	0.549716	0.018506
4758	-17.654040	0.549601	0.018506
4759	-17.654140	0.549695	0.018506
4760	-17.654255	0.549790	0.018506
4761	-17.654433	0.549884	0.018506
4762	-17.654433	0.549769	0.018506
4763	-17.654234	0.549864	0.018506
4764	-17.653927	0.549958	0.018506
4765	-17.653927	0.549843	0.018506
4766	-17.653927	0.549727	0.018506
4767	-17.653927	0.549612	0.018506
4768	-17.653927	0.549497	0.018506
4769	-17.653927	0.549381	0.018506
4770	-17.653927	0.549266	0.018506
4771	-17.653927	0.549151	0.018506
4772	-17.653927	0.549036	0.018506
4773	-17.653927	0.548921	0.018506
4774	-17.653927	0.548806	0.018506
4775	-17.653927	0.548691	0.018506
4776	-17.654571	0.548786	0.018506
4777	-17.654571	0.548671	0.018506
4778	-17.654571	0.548556	0.018506
4779	-17.654527	0.548650	0.018506
4780	-17.654283	0.548745	0.018506
4781	-17.654283	0.548630	0.018506
4782	-17.654283	0.548515	0.018506
4783	-17.654429	0.548610	0.018506
4784	-17.654429	0.548495	0.018506
4785	-17.654429	0.548380	0.018506
4786	-17.654429	0.548266	0.018506
4787	-17.654429	0.548151	0.018506
4788	-17.654429	0.548037	0.018506
4789	-17.654429	0.547922	0.018506
4790	-17.654429	0.547808	0.018506
4791	-17.654987	0.547902	0.018506
4792	-17.652249	0.547997	0.018506
4793	-17.652027	0.548091	0.018506
4794	-17.652027	0.547977	0.018506
4795	-17.652027	0.547862	0.018506
4796	-17.650962	0.547957	0.018506
4797	-17.650962	0.547842	0.018506
4798	-17.650962	0.547728	0.018506
4799	-17.650962	0.547614	0.018506
4800	-17.650962	0.547500	0.018506
4801	-17.650962	0.547386	0.018506
4802	-17.650962	0.547272	0.018506
4803	-17.650962	0.547158	0.018506
4804	-17.650962	0.547044	0.018506
4805	-17.650962	0.546930	0.018506
4806	-17.650962	0.546816	0.018506
4807	-17.650962	0.546703	0.018506
4808	-17.650962	0.546589	0.018506
4809	-17.650962	0.546475	0.018506
4810	-17.651324	0.546570	0.018506
4811	-17.651324	0.546456	0.018506
4812	-17.651489	0.546550	0.018506
4813	-17.651800	0.546645	0.018506
4814	-17.651800	0.546531	0.018506
4815	-17.651800	0.546417	0.018506
4816	-17.648996	0.546512	0.018506
4817	-17.648996	0.546398	0.018506
4818	-17.648996	0.546285	0.018506
4819	-17.648996	0.546171	0.018506
4820	-17.649120	0.546266	0.018506
4821	-17.648817	0.546360	0.018506
4822	-17.648817	0.546246	0.018506
4823	-17.648817	0.546133	0.018506
4824	-17.651065	0.546227	0.018506
4825	-17.651065	0.546114	0.018506
4826	-17.650460	0.546208	0.018506
4827	-17.650460	0.546095	0.018506
4828	-17.650460	0.545982	0.018506
4829	-17.650460	0.545869	0.018506
4830	-17.650460	0.545756	0.018506
4831	-17.650460	0.545643	0.018506
4832	-17.649286	0.545737	0.018506
4833	-17.649286	0.545624	0.018506
4834	-17.649286	0.545511	0.018506
4835	-17.649439	0.545605	0.018506
4836	-17.649439	0.545492	0.018506
4837	-17.650545	0.545586	0.018506
4838	-17.650545	0.545473	0.018506
4839	-17.650545	0.545361	0.018506
4840	-17.650545	0.545248	0.018506
4841	-17.650545	0.545135	0.018506
4842	-17.650545	0.545023	0.018506
4843	-17.650545	0.544910	0.018506
4844	-17.650545	0.544798	0.018506
4845	-17.650065	0.544892	0.018506
4846	-17.651077	0.544986	0.018506
4847	-17.651077	0.544873	0.018506
4848	-17.651077	0.544761	0.018506
4849	-17.651077	0.544648	0.018506
4850	-17.651166	0.544742	0.018506
4851	-17.653770	0.544836	0.018506
4852	-17.653770	0.544724	0.018506
4853	-17.653770	0.544612	0.018506
4854	-17.653770	0.544499	0.018506
4855	-17.654799	0.544593	0.018506
4856	-17.654799	0.544481	0.018506
4857	-17.654799	0.544369	0.018506
4858	-17.654799	0.544257	0.018506
4859	-17.654799	0.544145	0.018506
4860	-17.654782	0.544239	0.018506
4861	-17.654782	0.544127	0.018506
4862	-17.654782	0.544015	0.018506
4863	-17.654782	0.543903	0.018506
4864	-17.654712	0.543997	0.018506
4865	-17.654712	0.543885	0.018506
4866	-17.654712	0.543773	0.018506
4867	-17.654712	0.543661	0.018506
4868	-17.654712	0.543550	0.018506
4869	-17.653991	0.543643	0.018506
4870	-17.655434	0.543737	0.018506
4871	-17.655434	0.543626	0.018506
4872	-17.655434	0.543514	0.018506
4873	-17.655157	0.543608	0.018506
4874	-17.655157	0.543496	0.018506
4875	-17.655157	0.543385	0.018506
4876	-17.655157	0.543273	0.018506
4877	-17.655157	0.543162	0.018506
4878	-17.655157	0.543050	0.018506
4879	-17.654004	0.543144	0.018506
4880	-17.653776	0.543238	0.018506
4881	-17.653776	0.543126	0.018506
4882	-17.653776	0.543015	0.018506
4883	-17.653776	0.542904	0.018506
4884	-17.652338	0.542998	0.018506
4885	-17.652338	0.542886	0.018506
4886	-17.652338	0.542775	0.018506
4887	-17.652985	0.542869	0.018506
4888	-17.653842	0.542962	0.018506
4889	-17.653842	0.542851	0.018506
4890	-17.654030	0.542945	0.018506
4891	-17.654030	0.542834	0.018506
4892	-17.653405	0.542927	0.018506
4893	-17.653405	0.542816	0.018506
4894	-17.653405	0.542705	0.018506
4895	-17.653405	0.542594	0.018506
4896	-17.653405	0.542484	0.018506
4897	-17.653405	0.542373	0.018506
4898	-17.653405	0.542262	0.018506
4899	-17.653405	0.542151	0.018506
4900	-17.653405	0.542041	0.018506
4901	-17.653405	0.541930	0.018506
4902	-17.653405	0.541820	0.018506
4903	-17.653405	0.541709	0.018506
4904	-17.653405	0.541599	0.018506
4905	-17.653405	0.541488	0.018506
4906	-17.653405	0.541378	0.018506
4907	-17.653405	0.541268	0.018506
4908	-17.653405	0.541157	0.018506
4909	-17.653405	0.541047	0.018506
4910	-17.653478	0.541141	0.018506
4911	-17.653478	0.541030	0.018506
4912	-17.653478	0.540920	0.018506
4913	-17.653060	0.541014	0.018506
4914	-17.653252	0.541107	0.018506
4915	-17.653252	0.540997	0.018506
4916	-17.653252	0.540887	0.018506
4917	-17.653252	0.540777	0.018506
4918	-17.653252	0.540667	0.018506
4919	-17.652114	0.540760	0.018506
4920	-17.652114	0.540650	0.018506
4921	-17.652114	0.540541	0.018506
4922	-17.652114	0.540431	0.018506
4923	-17.652114	0.540321	0.018506
4924	-17.652131	0.540414	0.018506
4925	-17.652131	0.540305	0.018506
4926	-17.652131	0.540195	0.018506
4927	-17.652131	0.540085	0.018506
4928	-17.653370	0.540179	0.018506
4929	-17.653370	0.540069	0.018506
4930	-17.653370	0.539959	0.018506
4931	-17.653370	0.539850	0.018506
4932	-17.653370	0.539740	0.018506
4933	-17.653370	0.539631	0.018506
4934	-17.653370	0.539522	0.018506
4935	-17.653370	0.539412	0.018506
4936	-17.653370	0.539303	0.018506
4937	-17.653370	0.539194	0.018506
4938	-17.653370	0.539085	0.018506
4939	-17.653370	0.538976	0.018506
4940	-17.653370	0.538866	0.018506
4941	-17.652200	0.538960	0.018506
4942	-17.652688	0.539053	0.018506
4943	-17.652688	0.538944	0.018506
4944	-17.652688	0.538835	0.018506
4945	-17.652688	0.538726	0.018506
4946	-17.652688	0.538617	0.018506
4947	-17.652688	0.538508	0.018506
4948	-17.652763	0.538601	0.018506
4949	-17.652763	0.538493	0.018506
4950	-17.652763	0.538384	0.018506
4951	-17.652870	0.538477	0.018506
4952	-17.652870	0.538368	0.018506
4953	-17.652870	0.538260	0.018506
4954	-17.652870	0.538151	0.018506
4955	-17.653633	0.538244	0.018506
4956	-17.652795	0.538337	0.018506
4957	-17.652545	0.538431	0.018506
4958	-17.652545	0.538322	0.018506
4959	-17.652545	0.538213	0.018506
4960	-17.652545	0.538105	0.018506
4961	-17.652545	0.537996	0.018506
4962	-17.652545	0.537888	0.018506
4963	-17.652545	0.537780	0.018506
4964	-17.652545	0.537671	0.018506
4965	-17.652545	0.537563	0.018506
4966	-17.652545	0.537455	0.018506
4967	-17.652545	0.537346	0.018506
4968	-17.652545	0.537238	0.018506
4969	-17.652545	0.537130	0.018506
4970	-17.652545	0.537022	0.018506
4971	-17.652545	0.536914	0.018506
4972	-17.652545	0.536806	0.018506
4973	-17.651970	0.536899	0.018506
4974	-17.651970	0.536791	0.018506
4975	-17.650973	0.536884	0.018506
4976	-17.651199	0.536977	0.018506
4977	-17.651199	0.536870	0.018506
4978	-17.650749	0.536963	0.018506
4979	-17.650749	0.536855	0.018506
4980	-17.650749	0.536747	0.018506
4981	-17.650749	0.536639	0.018506
4982	-17.650749	0.536532	0.018506
4983	-17.650749	0.536424	0.018506
4984	-17.650749	0.536316	0.018506
4985	-17.650749	0.536209	0.018506
4986	-17.650749	0.536101	0.018506
4987	-17.650749	0.535994	0.018506
4988	-17.650749	0.535886	0.018506
4989	-17.650760	0.535979	0.018506
4990	-17.651572	0.536072	0.018506
4991	-17.651572	0.535965	0.018506
4992	-17.651684	0.536058	0.018506
4993	-17.651684	0.535950	0.018506
4994	-17.651684	0.535843	0.018506
4995	-17.651684	0.535736	0.018506
4996	-17.651684	0.535629	0.018506
4997	-17.651684	0.535521	0.018506
4998	-17.651684	0.535414	0.018506
4999	-17.651684	0.535307	0.018506
5000	-17.650682	0.535400	0.018506
5001	-17.650682	0.535293	0.018506
5002	-17.650682	0.535186	0.018506
5003	-17.650682	0.535079	0.018506
5004	-17.650682	0.534972	0.018506
5005	-17.650682	0.534865	0.018506
5006	-17.650682	0.534758	0.018506
5007	-17.650682	0.534651	0.018506
5008	-17.650682	0.534545	0.018506
5009	-17.651795	0.534638	0.018506
5010	-17.651795	0.534531	0.018506
5011	-17.651795	0.534424	0.018506
5012	-17.651795	0.534318	0.018506
5013	-17.651795	0.534211	0.018506
5014	-17.651795	0.534105	0.018506
5015	-17.651795	0.533998	0.018506
5016	-17.651795	0.533892	0.018506
5017	-17.651795	0.533785	0.018506
5018	-17.654567	0.533878	0.018506
5019	-17.654567	0.533772	0.018506
5020	-17.654567	0.533665	0.018506
5021	-17.654567	0.533559	0.018506
5022	-17.654567	0.533453	0.018506
5023	-17.654567	0.533347	0.018506
5024	-17.654567	0.533240	0.018506
5025	-17.654567	0.533134	0.018506
5026	-17.654567	0.533028	0.018506
5027	-17.654890	0.533121	0.018506
5028	-17.654890	0.533015	0.018506
5029	-17.654890	0.532909	0.018506
5030	-17.654326	0.533002	0.018506
5031	-17.654326	0.532896	0.018506
5032	-17.654326	0.532790	0.018506
5033	-17.654326	0.532684	0.018506
5034	-17.654326	0.532578	0.018506
5035	-17.654326	0.532473	0.018506
5036	-17.654260	0.532566	0.018506
5037	-17.654260	0.532460	0.018506
5038	-17.654260	0.532354	0.018506
5039	-17.654260	0.532248	0.018506
5040	-17.654260	0.532143	0.018506
5041	-17.654260	0.532037	0.018506
5042	-17.654260	0.531932	0.018506
5043	-17.652760	0.532025	0.018506
5044	-17.652760	0.531919	0.018506
5045	-17.652760	0.531814	0.018506
5046	-17.650768	0.531906	0.018506
5047	-17.650768	0.531801	0.018506
5048	-17.646915	0.531894	0.018506
5049	-17.646915	0.531788	0.018506
5050	-17.648161	0.531881	0.018506
5051	-17.648161	0.531776	0.018506
5052	-17.645789	0.531869	0.018506
5053	-17.645789	0.531763	0.018506
5054	-17.645789	0.531658	0.018506
5055	-17.645454	0.531751	0.018506
5056	-17.645454	0.531646	0.018506
5057	-17.646570	0.531738	0.018506
5058	-17.646570	0.531633	0.018506
5059	-17.646570	0.531528	0.018506
5060	-17.647355	0.531621	0.018506
5061	-17.647724	0.531713	0.018506
5062	-17.647724	0.531608	0.018506
5063	-17.648365	0.531701	0.018506
5064	-17.648365	0.531596	0.018506
5065	-17.648365	0.531491	0.018506
5066	-17.648365	0.531386	0.018506
5067	-17.648365	0.531281	0.018506
5068	-17.648365	0.531176	0.018506
5069	-17.648401	0.531268	0.018506
5070	-17.649158	0.531361	0.018506
5071	-17.648933	0.531453	0.018506
5072	-17.648933	0.531349	0.018506
5073	-17.649583	0.531441	0.018506
5074	-17.649583	0.531336	0.018506
5075	-17.649583	0.531232	0.018506
5076	-17.649583	0.531127	0.018506
5077	-17.649583	0.531022	0.018506
5078	-17.649583	0.530918	0.018506
5079	-17.649583	0.530813	0.018506
5080	-17.649583	0.530709	0.018506
5081	-17.650154	0.530801	0.018506
5082	-17.648182	0.530893	0.018506
5083	-17.648182	0.530789	0.018506
5084	-17.648182	0.530685	0.018506
5085	-17.645897	0.530777	0.018506
5086	-17.645897	0.530672	0.018506
5087	-17.645897	0.530568	0.018506
5088	-17.645897	0.530464	0.018506
5089	-17.645897	0.530360	0.018506
5090	-17.645897	0.530255	0.018506
5091	-17.645897	0.530151	0.018506
5092	-17.648824	0.530244	0.018506
5093	-17.648824	0.530139	0.018506
5094	-17.648824	0.530035	0.018506
5095	-17.648824	0.529931	0.018506
5096	-17.648824	0.529827	0.018506
5097	-17.646999	0.529920	0.018506
5098	-17.646948	0.530012	0.018506
5099	-17.646948	0.529908	0.018506
5100	-17.646948	0.529804	0.018506
5101	-17.645592	0.529896	0.018506
5102	-17.645362	0.529988	0.018506
5103	-17.647368	0.530080	0.018506
5104	-17.647368	0.529976	0.018506
5105	-17.650988	0.530069	0.018506
5106	-17.650988	0.529965	0.018506
5107	-17.650988	0.529861	0.018506
5108	-17.650643	0.529953	0.018506
5109	-17.650643	0.529849	0.018506
5110	-17.650073	0.529941	0.018506
5111	-17.650073	0.529838	0.018506
5112	-17.650073	0.529734	0.018506
5113	-17.650073	0.529630	0.018506
5114	-17.650051	0.529722	0.018506
5115	-17.650051	0.529619	0.018506
5116	-17.653431	0.529711	0.018506
5117	-17.653431	0.529607	0.018506
5118	-17.653431	0.529504	0.018506
5119	-17.653192	0.529596	0.018506
5120	-17.653192	0.529492	0.018506
5121	-17.653192	0.529389	0.018506
5122	-17.653264	0.529481	0.018506
5123	-17.653369	0.529573	0.018506
5124	-17.653369	0.529469	0.018506
5125	-17.653369	0.529366	0.018506
5126	-17.653369	0.529263	0.018506
5127	-17.653369	0.529159	0.018506
5128	-17.653369	0.529056	0.018506
5129	-17.653369	0.528953	0.018506
5130	-17.653421	0.529045	0.018506
5131	-17.653421	0.528942	0.018506
5132	-17.653421	0.528839	0.018506
5133	-17.653421	0.528736	0.018506
5134	-17.650490	0.528827	0.018506
5135	-17.648446	0.528919	0.018506
5136	-17.648446	0.528816	0.018506
5137	-17.648446	0.528713	0.018506
5138	-17.648446	0.528610	0.018506
5139	-17.648446	0.528507	0.018506
5140	-17.648446	0.528405	0.018506
5141	-17.648355	0.528496	0.018506
5142	-17.648355	0.528394	0.018506
5143	-17.648355	0.528291	0.018506
5144	-17.648355	0.528188	0.018506
5145	-17.648355	0.528086	0.018506
5146	-17.648355	0.527983	0.018506
5147	-17.648355	0.527880	0.018506
5148	-17.648398	0.527972	0.018506
5149	-17.645027	0.528064	0.018506
5150	-17.645027	0.527961	0.018506
5151	-17.645027	0.527859	0.018506
5152	-17.645027	0.527756	0.018506
5153	-17.645027	0.527654	0.018506
5154	-17.645027	0.527551	0.018506
5155	-17.645027	0.527449	0.018506
5156	-17.645027	0.527347	0.018506
5157	-17.648587	0.527438	0.018506
5158	-17.648587	0.527336	0.018506
5159	-17.651760	0.527428	0.018506
5160	-17.651760	0.527326	0.018506
5161	-17.650706	0.527417	0.018506
5162	-17.650706	0.527315	0.018506
5163	-17.650706	0.527213	0.018506
5164	-17.650706	0.527111	0.018506
5165	-17.651242	0.527202	0.018506
5166	-17.651659	0.527294	0.018506
5167	-17.651659	0.527192	0.018506
5168	-17.651659	0.527090	0.018506
5169	-17.651659	0.526988	0.018506
5170	-17.651659	0.526886	0.018506
5171	-17.651371	0.526977	0.018506
5172	-17.651665	0.527069	0.018506
5173	-17.649611	0.527160	0.018506
5174	-17.649611	0.527058	0.018506
5175	-17.649611	0.526957	0.018506
5176	-17.649738	0.527048	0.018506
5177	-17.652280	0.527139	0.018506
5178	-17.652280	0.527037	0.018506
5179	-17.652280	0.526936	0.018506
5180	-17.652280	0.526834	0.018506
5181	-17.653517	0.526925	0.018506
5182	-17.652635	0.527017	0.018506
5183	-17.653044	0.527108	0.018506
5184	-17.653044	0.527006	0.018506
5185	-17.653044	0.526905	0.018506
5186	-17.653041	0.526996	0.018506
5187	-17.653041	0.526894	0.018506
5188	-17.653041	0.526793	0.018506
5189	-17.653041	0.526691	0.018506
5190	-17.653041	0.526590	0.018506
5191	-17.651572	0.526681	0.018506
5192	-17.651572	0.526579	0.018506
5193	-17.651572	0.526478	0.018506
5194	-17.651572	0.526377	0.018506
5195	-17.651572	0.526275	0.018506
5196	-17.650609	0.526366	0.018506
5197	-17.650609	0.526265	0.018506
5198	-17.650609	0.526164	0.018506
5199	-17.650609	0.526063	0.018506
5200	-17.650609	0.525962	0.018506
5201	-17.649984	0.526053	0.018506
5202	-17.649984	0.525952	0.018506
5203	-17.649984	0.525850	0.018506
5204	-17.649984	0.525749	0.018506
5205	-17.649984	0.525648	0.018506
5206	-17.649984	0.525547	0.018506
5207	-17.649758	0.525639	0.018506
5208	-17.649758	0.525538	0.018506
5209	-17.648504	0.525629	0.018506
5210	-17.649423	0.525720	0.018506
5211	-17.650051	0.525811	0.018506
5212	-17.650051	0.525710	0.018506
5213	-17.650919	0.525801	0.018506
5214	-17.650919	0.525700	0.018506
5215	-17.650919	0.525599	0.018506
5216	-17.650919	0.525498	0.018506
5217	-17.650919	0.525398	0.018506
5218	-17.650919	0.525297	0.018506
5219	-17.650919	0.525196	0.018506
5220	-17.651282	0.525287	0.018506
5221	-17.651282	0.525187	0.018506
5222	-17.651282	0.525086	0.018506
5223	-17.651282	0.524986	0.018506
5224	-17.651282	0.524885	0.018506
5225	-17.651282	0.524785	0.018506
5226	-17.651282	0.524684	0.018506
5227	-17.651282	0.524584	0.018506
5228	-17.651282	0.524484	0.018506
5229	-17.649827	0.524574	0.018506
5230	-17.649827	0.524474	0.018506
5231	-17.648967	0.524565	0.018506
5232	-17.648967	0.524465	0.018506
5233	-17.648967	0.524365	0.018506
5234	-17.650286	0.524455	0.018506
5235	-17.650286	0.524355	0.018506
5236	-17.651034	0.524446	0.018506
5237	-17.651034	0.524346	0.018506
5238	-17.651034	0.524246	0.018506
5239	-17.650479	0.524337	0.018506
5240	-17.650479	0.524237	0.018506
5241	-17.650604	0.524327	0.018506
5242	-17.650604	0.524227	0.018506
5243	-17.649977	0.524318	0.018506
5244	-17.649977	0.524218	0.018506
5245	-17.649977	0.524118	0.018506
5246	-17.650390	0.524209	0.018506
5247	-17.650390	0.524109	0.018506
5248	-17.650717	0.524200	0.018506
5249	-17.650717	0.524100	0.018506
5250	-17.650717	0.524000	0.018506
5251	-17.650834	0.524091	0.018506
5252	-17.650834	0.523991	0.018506
5253	-17.650834	0.523891	0.018506
5254	-17.650834	0.523791	0.018506
5255	-17.650183	0.523882	0.018506
5256	-17.650183	0.523782	0.018506
5257	-17.650183	0.523683	0.018506
5258	-17.650881	0.523773	0.018506
5259	-17.650881	0.523674	0.018506
5260	-17.650881	0.523574	0.018506
5261	-17.650881	0.523475	0.018506
5262	-17.650881	0.523375	0.018506
5263	-17.650697	0.523466	0.018506
5264	-17.650697	0.523366	0.018506
5265	-17.650697	0.523267	0.018506
5266	-17.650697	0.523167	0.018506
5267	-17.650697	0.523068	0.018506
5268	-17.651069	0.523159	0.018506
5269	-17.651069	0.523059	0.018506
5270	-17.651069	0.522960	0.018506
5271	-17.651069	0.522861	0.018506
5272	-17.651069	0.522762	0.018506
5273	-17.650893	0.522852	0.018506
5274	-17.650893	0.522753	0.018506
5275	-17.650893	0.522654	0.018506
5276	-17.650893	0.522555	0.018506
5277	-17.650893	0.522456	0.018506
5278	-17.650893	0.522357	0.018506
5279	-17.651725	0.522447	0.018506
5280	-17.652585	0.522538	0.018506
5281	-17.652585	0.522439	0.018506
5282	-17.653400	0.522529	0.018506
5283	-17.653400	0.522430	0.018506
5284	-17.653400	0.522332	0.018506
5285	-17.653400	0.522233	0.018506
5286	-17.653400	0.522134	0.018506
5287	-17.653400	0.522035	0.018506
5288	-17.651654	0.522126	0.018506
5289	-17.651654	0.522027	0.018506
5290	-17.651654	0.521928	0.018506
5291	-17.651654	0.521830	0.018506
5292	-17.652597	0.521920	0.018506
5293	-17.652597	0.521821	0.018506
5294	-17.652597	0.521723	0.018506
5295	-17.652597	0.521624	0.018506
5296	-17.652597	0.521526	0.018506
5297	-17.652597	0.521427	0.018506
5298	-17.652597	0.521329	0.018506
5299	-17.652434	0.521419	0.018506
5300	-17.652434	0.521321	0.018506
5301	-17.652434	0.521222	0.018506
5302	-17.652434	0.521124	0.018506
5303	-17.652434	0.521026	0.018506
5304	-17.652434	0.520928	0.018506
5305	-17.652434	0.520829	0.018506
5306	-17.652434	0.520731	0.018506
5307	-17.652434	0.520633	0.018506
5308	-17.652434	0.520535	0.018506
5309	-17.652434	0.520437	0.018506
5310	-17.652434	0.520339	0.018506
5311	-17.652434	0.520241	0.018506
5312	-17.652343	0.520331	0.018506
5313	-17.652343	0.520233	0.018506
5314	-17.652343	0.520135	0.018506
5315	-17.652343	0.520038	0.018506
5316	-17.652343	0.519940	0.018506
5317	-17.647261	0.520030	0.018506
5318	-17.647261	0.519932	0.018506
5319	-17.647261	0.519835	0.018506
5320	-17.647261	0.519737	0.018506
5321	-17.647261	0.519639	0.018506
5322	-17.648455	0.519729	0.018506
5323	-17.646794	0.519820	0.018506
5324	-17.646794	0.519722	0.018506
5325	-17.646794	0.519624	0.018506
5326	-17.647938	0.519715	0.018506
5327	-17.647938	0.519617	0.018506
5328	-17.647938	0.519520	0.018506
5329	-17.647938	0.519422	0.018506
5330	-17.647938	0.519325	0.018506
5331	-17.647938	0.519227	0.018506
5332	-17.647938	0.519130	0.018506
5333	-17.647938	0.519032	0.018506
5334	-17.647763	0.519123	0.018506
5335	-17.647763	0.519025	0.018506
5336	-17.647763	0.518928	0.018506
5337	-17.647763	0.518831	0.018506
5338	-17.647763	0.518734	0.018506
5339	-17.648330	0.518824	0.018506
5340	-17.648330	0.518727	0.018506
5341	-17.648330	0.518629	0.018506
5342	-17.648330	0.518532	0.018506
5343	-17.648330	0.518435	0.018506
5344	-17.648533	0.518525	0.018506
5345	-17.648533	0.518428	0.018506
5346	-17.648533	0.518331	0.018506
5347	-17.648533	0.518235	0.018506
5348	-17.648533	0.518138	0.018506
5349	-17.648533	0.518041	0.018506
5350	-17.648533	0.517944	0.018506
5351	-17.647239	0.518034	0.018506
5352	-17.647239	0.517937	0.018506
5353	-17.647309	0.518027	0.018506
5354	-17.647309	0.517931	0.018506
5355	-17.647309	0.517834	0.018506
5356	-17.647004	0.517924	0.018506
5357	-17.647004	0.517827	0.018506
5358	-17.646354	0.517917	0.018506
5359	-17.646354	0.517820	0.018506
5360	-17.646354	0.517724	0.018506
5361	-17.645263	0.517814	0.018506
5362	-17.645263	0.517717	0.018506
5363	-17.644782	0.517807	0.018506
5364	-17.644782	0.517711	0.018506
5365	-17.644782	0.517614	0.018506
5366	-17.644782	0.517518	0.018506
5367	-17.644475	0.517608	0.018506
5368	-17.645696	0.517697	0.018506
5369	-17.647043	0.517787	0.018506
5370	-17.647043	0.517691	0.018506
5371	-17.647043	0.517594	0.018506
5372	-17.647357	0.517684	0.018506
5373	-17.647357	0.517588	0.018506
5374	-17.647357	0.517492	0.018506
5375	-17.647357	0.517395	0.018506
5376	-17.645574	0.517485	0.018506
5377	-17.645574	0.517389	0.018506
5378	-17.645574	0.517293	0.018506
5379	-17.645574	0.517197	0.018506
5380	-17.645574	0.517100	0.018506
5381	-17.645574	0.517004	0.018506
5382	-17.645574	0.516908	0.018506
5383	-17.645574	0.516812	0.018506
5384	-17.645574	0.516716	0.018506
5385	-17.645188	0.516806	0.018506
5386	-17.645188	0.516710	0.018506
5387	-17.651583	0.516800	0.018506
5388	-17.651583	0.516704	0.018506
5389	-17.651583	0.516608	0.018506
5390	-17.651583	0.516512	0.018506
5391	-17.650863	0.516602	0.018506
5392	-17.650295	0.516691	0.018506
5393	-17.649570	0.516781	0.018506
5394	-17.649570	0.516685	0.018506
5395	-17.649425	0.516775	0.018506
5396	-17.650283	0.516864	0.018506
5397	-17.650283	0.516769	0.018506
5398	-17.650283	0.516673	0.018506
5399	-17.650283	0.516577	0.018506
5400	-17.650935	0.516667	0.018506
5401	-17.650388	0.516756	0.018506
5402	-17.652082	0.516846	0.018506
5403	-17.652082	0.516750	0.018506
5404	-17.652590	0.516839	0.018506
5405	-17.652193	0.516929	0.018506
5406	-17.652193	0.516833	0.018506
5407	-17.652193	0.516738	0.018506
5408	-17.652193	0.516642	0.018506
5409	-17.651140	0.516731	0.018506
5410	-17.651140	0.516636	0.018506
5411	-17.651140	0.516540	0.018506
5412	-17.651140	0.516445	0.018506
5413	-17.650436	0.516534	0.018506
5414	-17.650436	0.516439	0.018506
5415	-17.650436	0.516343	0.018506
5416	-17.650436	0.516248	0.018506
5417	-17.650436	0.516153	0.018506
5418	-17.650436	0.516058	0.018506
5419	-17.650436	0.515962	0.018506
5420	-17.650638	0.516052	0.018506
5421	-17.650638	0.515956	0.018506
5422	-17.650638	0.515861	0.018506
5423	-17.650360	0.515951	0.018506
5424	-17.648187	0.516040	0.018506
5425	-17.648187	0.515945	0.018506
5426	-17.648187	0.515850	0.018506
5427	-17.648187	0.515755	0.018506
5428	-17.646493	0.515844	0.018506
5429	-17.648176	0.515933	0.018506
5430	-17.648176	0.515838	0.018506
5431	-17.648176	0.515743	0.018506
5432	-17.650808	0.515832	0.018506
5433	-17.650808	0.515737	0.018506
5434	-17.650808	0.515642	0.018506
5435	-17.650808	0.515547	0.018506
5436	-17.650808	0.515453	0.018506
5437	-17.650808	0.515358	0.018506
5438	-17.650808	0.515263	0.018506
5439	-17.650808	0.515168	0.018506
5440	-17.650808	0.515074	0.018506
5441	-17.650808	0.514979	0.018506
5442	-17.650808	0.514884	0.018506
5443	-17.650808	0.514790	0.018506
5444	-17.647639	0.514879	0.018506
5445	-17.649645	0.514968	0.018506
5446	-17.648623	0.515057	0.018506
5447	-17.648623	0.514962	0.018506
5448	-17.646458	0.515051	0.018506
5449	-17.648316	0.515140	0.018506
5450	-17.648316	0.515046	0.018506
5451	-17.648316	0.514951	0.018506
5452	-17.648316	0.514857	0.018506
5453	-17.648316	0.514763	0.018506
5454	-17.648316	0.514668	0.018506
5455	-17.648316	0.514574	0.018506
5456	-17.648316	0.514479	0.018506
5457	-17.651815	0.514568	0.018506
5458	-17.651815	0.514474	0.018506
5459	-17.651815	0.514380	0.018506
5460	-17.649311	0.514469	0.018506
5461	-17.649311	0.514375	0.018506
5462	-17.649311	0.514280	0.018506
5463	-17.649311	0.514186	0.018506
5464	-17.649287	0.514275	0.018506
5465	-17.649303	0.514364	0.018506
5466	-17.647911	0.514453	0.018506
5467	-17.650513	0.514542	0.018506
5468	-17.650690	0.514631	0.018506
5469	-17.650690	0.514536	0.018506
5470	-17.650690	0.514442	0.018506
5471	-17.650305	0.514531	0.018506
5472	-17.650305	0.514437	0.018506
5473	-17.650305	0.514343	0.018506
5474	-17.649613	0.514432	0.018506
5475	-17.649613	0.514338	0.018506
5476	-17.649613	0.514244	0.018506
5477	-17.649613	0.514150	0.018506
5478	-17.649613	0.514056	0.018506
5479	-17.649613	0.513962	0.018506
5480	-17.649613	0.513869	0.018506
5481	-17.649613	0.513775	0.018506
5482	-17.649613	0.513681	0.018506
5483	-17.650757	0.513770	0.018506
5484	-17.651533	0.513858	0.018506
5485	-17.651304	0.513947	0.018506
5486	-17.651304	0.513853	0.018506
5487	-17.651304	0.513760	0.018506
5488	-17.650916	0.513848	0.018506
5489	-17.650916	0.513755	0.018506
5490	-17.650916	0.513661	0.018506
5491	-17.650916	0.513568	0.018506
5492	-17.650550	0.513656	0.018506
5493	-17.650550	0.513563	0.018506
5494	-17.650550	0.513469	0.018506
5495	-17.650550	0.513376	0.018506
5496	-17.650550	0.513282	0.018506
5497	-17.650550	0.513189	0.018506
5498	-17.650550	0.513096	0.018506
5499	-17.651300	0.513184	0.018506
5500	-17.651300	0.513091	0.018506
5501	-17.651300	0.512998	0.018506
5502	-17.651300	0.512904	0.018506
5503	-17.650599	0.512993	0.018506
5504	-17.650599	0.512900	0.018506
5505	-17.650599	0.512807	0.018506
5506	-17.650599	0.512713	0.018506
5507	-17.650923	0.512802	0.018506
5508	-17.650923	0.512709	0.018506
5509	-17.650923	0.512616	0.018506
5510	-17.650923	0.512523	0.018506
5511	-17.650923	0.512430	0.018506
5512	-17.650923	0.512337	0.018506
5513	-17.650923	0.512244	0.018506
5514	-17.650923	0.512151	0.018506
5515	-17.650923	0.512058	0.018506
5516	-17.650923	0.511965	0.018506
5517	-17.650923	0.511872	0.018506
5518	-17.650923	0.511780	0.018506
5519	-17.650923	0.511687	0.018506
5520	-17.651313	0.511775	0.018506
5521	-17.651313	0.511683	0.018506
5522	-17.651313	0.511590	0.018506
5523	-17.651313	0.511497	0.018506
5524	-17.651743	0.511586	0.018506
5525	-17.651743	0.511493	0.018506
5526	-17.651743	0.511401	0.018506
5527	-17.651743	0.511308	0.018506
5528	-17.651743	0.511216	0.018506
5529	-17.651743	0.511123	0.018506
5530	-17.651743	0.511031	0.018506
5531	-17.651866	0.511119	0.018506
5532	-17.651866	0.511027	0.018506
5533	-17.651866	0.510934	0.018506
5534	-17.651866	0.510842	0.018506
5535	-17.651866	0.510750	0.018506
5536	-17.651866	0.510658	0.018506
5537	-17.651866	0.510565	0.018506
5538	-17.651426	0.510654	0.018506
5539	-17.651426	0.510561	0.018506
5540	-17.651426	0.510469	0.018506
5541	-17.651426	0.510377	0.018506
5542	-17.651426	0.510285	0.018506
5543	-17.651426	0.510193	0.018506
5544	-17.651426	0.510101	0.018506
5545	-17.650930	0.510189	0.018506
5546	-17.650562	0.510278	0.018506
5547	-17.650562	0.510186	0.018506
5548	-17.650685	0.510274	0.018506
5549	-17.650822	0.510362	0.018506
5550	-17.650822	0.510270	0.018506
5551	-17.650822	0.510178	0.018506
5552	-17.650822	0.510086	0.018506
5553	-17.650831	0.510175	0.018506
5554	-17.650831	0.510083	0.018506
5555	-17.650831	0.509991	0.018506
5556	-17.650831	0.509899	0.018506
5557	-17.651669	0.509987	0.018506
5558	-17.650625	0.510076	0.018506
5559	-17.650625	0.509984	0.018506
5560	-17.650625	0.509892	0.018506
5561	-17.650625	0.509800	0.018506
5562	-17.651295	0.509889	0.018506
5563	-17.651295	0.509797	0.018506
5564	-17.651295	0.509705	0.018506
5565	-17.651295	0.509614	0.018506
5566	-17.651295	0.509522	0.018506
5567	-17.651295	0.509431	0.018506
5568	-17.651295	0.509339	0.018506
5569	-17.651295	0.509248	0.018506
5570	-17.651295	0.509156	0.018506
5571	-17.651295	0.509065	0.018506
5572	-17.651295	0.508973	0.018506
5573	-17.650807	0.509062	0.018506
5574	-17.650807	0.508970	0.018506
5575	-17.650807	0.508879	0.018506
5576	-17.650426	0.508967	0.018506
5577	-17.650681	0.509055	0.018506
5578	-17.650681	0.508964	0.018506
5579	-17.650667	0.509052	0.018506
5580	-17.650667	0.508961	0.018506
5581	-17.650667	0.508869	0.018506
5582	-17.650932	0.508957	0.018506
5583	-17.650932	0.508866	0.018506
5584	-17.650932	0.508775	0.018506
5585	-17.650932	0.508684	0.018506
5586	-17.650932	0.508593	0.018506
5587	-17.650932	0.508502	0.018506
5588	-17.650932	0.508411	0.018506
5589	-17.650932	0.508320	0.018506
5590	-17.650841	0.508408	0.018506
5591	-17.650841	0.508317	0.018506
5592	-17.650841	0.508226	0.018506
5593	-17.651295	0.508314	0.018506
5594	-17.651295	0.508223	0.018506
5595	-17.651295	0.508132	0.018506
5596	-17.651295	0.508041	0.018506
5597	-17.651295	0.507951	0.018506
5598	-17.651202	0.508039	0.018506
5599	-17.651202	0.507948	0.018506
5600	-17.651202	0.507857	0.018506
5601	-17.651202	0.507766	0.018506
5602	-17.651202	0.507676	0.018506
5603	-17.651202	0.507585	0.018506
5604	-17.651202	0.507495	0.018506
5605	-17.652196	0.507583	0.018506
5606	-17.652196	0.507492	0.018506
5607	-17.652196	0.507401	0.018506
5608	-17.651446	0.507489	0.018506
5609	-17.651446	0.507399	0.018506
5610	-17.651475	0.507487	0.018506
5611	-17.652344	0.507574	0.018506
5612	-17.652344	0.507484	0.018506
5613	-17.652344	0.507394	0.018506
5614	-17.651936	0.507481	0.018506
5615	-17.651149	0.507569	0.018506
5616	-17.650519	0.507657	0.018506
5617	-17.650519	0.507566	0.018506
5618	-17.650519	0.507476	0.018506
5619	-17.650519	0.507386	0.018506
5620	-17.650519	0.507295	0.018506
5621	-17.650519	0.507205	0.018506
5622	-17.650519	0.507115	0.018506
5623	-17.650939	0.507203	0.018506
5624	-17.650939	0.507112	0.018506
5625	-17.650939	0.507022	0.018506
5626	-17.650939	0.506932	0.018506
5627	-17.650939	0.506842	0.018506
5628	-17.650939	0.506752	0.018506
5629	-17.650939	0.506662	0.018506
5630	-17.650939	0.506572	0.018506
5631	-17.650939	0.506482	0.018506
5632	-17.650939	0.506392	0.018506
5633	-17.650939	0.506302	0.018506
5634	-17.650939	0.506212	0.018506
5635	-17.649260	0.506300	0.018506
5636	-17.649396	0.506388	0.018506
5637	-17.649396	0.506298	0.018506
5638	-17.649396	0.506208	0.018506
5639	-17.649396	0.506118	0.018506
5640	-17.649396	0.506028	0.018506
5641	-17.649396	0.505939	0.018506
5642	-17.649396	0.505849	0.018506
5643	-17.649396	0.505759	0.018506
5644	-17.649396	0.505670	0.018506
5645	-17.649791	0.505757	0.018506
5646	-17.649791	0.505668	0.018506
5647	-17.649791	0.505578	0.018506
5648	-17.649791	0.505489	0.018506
5649	-17.649791	0.505399	0.018506
5650	-17.649791	0.505310	0.018506
5651	-17.649918	0.505397	0.018506
5652	-17.648625	0.505485	0.018506
5653	-17.648332	0.505572	0.018506
5654	-17.648382	0.505660	0.018506
5655	-17.648011	0.505747	0.018506
5656	-17.648124	0.505835	0.018506
5657	-17.648124	0.505745	0.018506
5658	-17.647933	0.505832	0.018506
5659	-17.647933	0.505743	0.018506
5660	-17.647933	0.505654	0.018506
5661	-17.647933	0.505564	0.018506
5662	-17.647933	0.505475	0.018506
5663	-17.647933	0.505386	0.018506
5664	-17.647933	0.505297	0.018506
5665	-17.647933	0.505207	0.018506
5666	-17.647933	0.505118	0.018506
5667	-17.647933	0.505029	0.018506
5668	-17.650770	0.505116	0.018506
5669	-17.650770	0.505027	0.018506
5670	-17.650770	0.504938	0.018506
5671	-17.650770	0.504849	0.018506
5672	-17.650770	0.504760	0.018506
5673	-17.650770	0.504671	0.018506
5674	-17.649276	0.504759	0.018506
5675	-17.649276	0.504670	0.018506
5676	-17.649276	0.504581	0.018506
5677	-17.649398	0.504668	0.018506
5678	-17.649398	0.504579	0.018506
5679	-17.648883	0.504666	0.018506
5680	-17.648883	0.504577	0.018506
5681	-17.648883	0.504489	0.018506
5682	-17.648883	0.504400	0.018506
5683	-17.648883	0.504311	0.018506
5684	-17.647515	0.504398	0.018506
5685	-17.647515	0.504310	0.018506
5686	-17.647515	0.504221	0.018506
5687	-17.647515	0.504132	0.018506
5688	-17.647515	0.504044	0.018506
5689	-17.647515	0.503955	0.018506
5690	-17.647515	0.503866	0.018506
5691	-17.647515	0.503778	0.018506
5692	-17.647889	0.503865	0.018506
5693	-17.647889	0.503777	0.018506
5694	-17.647889	0.503688	0.018506
5695	-17.647889	0.503600	0.018506
5696	-17.647889	0.503511	0.018506
5697	-17.648386	0.503598	0.018506
5698	-17.648386	0.503510	0.018506
5699	-17.648386	0.503422	0.018506
5700	-17.648386	0.503333	0.018506
5701	-17.648386	0.503245	0.018506
5702	-17.648386	0.503157	0.018506
5703	-17.648188	0.503244	0.018506
5704	-17.648188	0.503156	0.018506
5705	-17.648188	0.503067	0.018506
5706	-17.648188	0.502979	0.018506
5707	-17.648087	0.503066	0.018506
5708	-17.648087	0.502978	0.018506
5709	-17.648087	0.502890	0.018506
5710	-17.648087	0.502802	0.018506
5711	-17.648087	0.502714	0.018506
5712	-17.649563	0.502801	0.018506
5713	-17.649563	0.502713	0.018506
5714	-17.649563	0.502625	0.018506
5715	-17.650429	0.502712	0.018506
5716	-17.650429	0.502624	0.018506
5717	-17.649666	0.502711	0.018506
5718	-17.649666	0.502623	0.018506
5719	-17.649666	0.502535	0.018506
5720	-17.649666	0.502448	0.018506
5721	-17.649666	0.502360	0.018506
5722	-17.649666	0.502272	0.018506
5723	-17.649666	0.502184	0.018506
5724	-17.649666	0.502096	0.018506
5725	-17.649666	0.502009	0.018506
5726	-17.649666	0.501921	0.018506
5727	-17.649666	0.501833	0.018506
5728	-17.650415	0.501920	0.018506
5729	-17.653874	0.502007	0.018506
5730	-17.653874	0.501920	0.018506
5731	-17.653874	0.501832	0.018506
5732	-17.653874	0.501745	0.018506
5733	-17.653874	0.501657	0.018506
5734	-17.653874	0.501570	0.018506
5735	-17.653874	0.501482	0.018506
5736	-17.653583	0.501569	0.018506
5737	-17.653583	0.501482	0.018506
5738	-17.651974	0.501568	0.018506
5739	-17.649266	0.501655	0.018506
5740	-17.649266	0.501568	0.018506
5741	-17.649266	0.501481	0.018506
5742	-17.649266	0.501393	0.018506
5743	-17.649266	0.501306	0.018506
5744	-17.649266	0.501219	0.018506
5745	-17.649266	0.501131	0.018506
5746	-17.649266	0.501044	0.018506
5747	-17.649266	0.500957	0.018506
5748	-17.649266	0.500870	0.018506
5749	-17.649266	0.500783	0.018506
5750	-17.649266	0.500696	0.018506
5751	-17.649266	0.500609	0.018506
5752	-17.649266	0.500522	0.018506
5753	-17.649266	0.500435	0.018506
5754	-17.649266	0.500348	0.018506
5755	-17.649266	0.500261	0.018506
5756	-17.649266	0.500174	0.018506
5757	-17.649266	0.500087	0.018506
5758	-17.647695	0.500174	0.018506
5759	-17.647695	0.500087	0.018506
5760	-17.647695	0.500000	0.018506
5761	-17.647053	0.500087	0.018506
5762	-17.647053	0.500000	0.018506
5763	-17.647053	0.499913	0.018506
5764	-17.647053	0.499827	0.018506
5765	-17.647012	0.499913	0.018506
5766	-17.647012	0.499827	0.018506
5767	-17.647012	0.499740	0.018506
5768	-17.647012	0.499653	0.018506
5769	-17.647012	0.499567	0.018506
5770	-17.647012	0.499480	0.018506
5771	-17.647012	0.499394	0.018506
5772	-17.647012	0.499307	0.018506
5773	-17.647012	0.499221	0.018506
5774	-17.647012	0.499134	0.018506
5775	-17.644772	0.499221	0.018506
5776	-17.644772	0.499134	0.018506
5777	-17.644772	0.499048	0.018506
5778	-17.643710	0.499135	0.018506
5779	-17.643710	0.499048	0.018506
5780	-17.643710	0.498962	0.018506
5781	-17.643710	0.498876	0.018506
5782	-17.643710	0.498789	0.018506
5783	-17.643710	0.498703	0.018506
5784	-17.643372	0.498790	0.018506
5785	-17.643372	0.498704	0.018506
5786	-17.643372	0.498617	0.018506
5787	-17.643372	0.498531	0.018506
5788	-17.640986	0.498618	0.018506
5789	-17.643512	0.498704	0.018506
5790	-17.643512	0.498618	0.018506
5791	-17.643512	0.498532	0.018506
5792	-17.643512	0.498446	0.018506
5793	-17.644329	0.498533	0.018506
5794	-17.644329	0.498447	0.018506
5795	-17.643146	0.498533	0.018506
5796	-17.641287	0.498620	0.018506
5797	-17.641704	0.498706	0.018506
5798	-17.641704	0.498620	0.018506
5799	-17.644636	0.498707	0.018506
5800	-17.644636	0.498621	0.018506
5801	-17.644636	0.498535	0.018506
5802	-17.644636	0.498449	0.018506
5803	-17.644636	0.498363	0.018506
5804	-17.646004	0.498449	0.018506
5805	-17.646004	0.498363	0.018506
5806	-17.646004	0.498278	0.018506
5807	-17.646004	0.498192	0.018506
5808	-17.646004	0.498106	0.018506
5809	-17.646004	0.498020	0.018506
5810	-17.646004	0.497935	0.018506
5811	-17.646621	0.498021	0.018506
5812	-17.646621	0.497935	0.018506
5813	-17.646621	0.497850	0.018506
5814	-17.646621	0.497764	0.018506
5815	-17.646621	0.497678	0.018506
5816	-17.646621	0.497593	0.018506
5817	-17.646621	0.497507	0.018506
5818	-17.646621	0.497422	0.018506
5819	-17.646482	0.497508	0.018506
5820	-17.646482	0.497423	0.018506
5821	-17.643904	0.497509	0.018506
5822	-17.643676	0.497595	0.018506
5823	-17.643404	0.497682	0.018506
5824	-17.643404	0.497596	0.018506
5825	-17.643404	0.497511	0.018506
5826	-17.643404	0.497425	0.018506
5827	-17.643404	0.497340	0.018506
5828	-17.643404	0.497255	0.018506
5829	-17.645486	0.497341	0.018506
5830	-17.645486	0.497256	0.018506
5831	-17.645486	0.497170	0.018506
5832	-17.645486	0.497085	0.018506
5833	-17.645486	0.497000	0.018506
5834	-17.645486	0.496915	0.018506
5835	-17.645486	0.496829	0.018506
5836	-17.645486	0.496744	0.018506
5837	-17.645486	0.496659	0.018506
5838	-17.645486	0.496574	0.018506
5839	-17.645486	0.496489	0.018506
5840	-17.645091	0.496575	0.018506
5841	-17.645091	0.496490	0.018506
5842	-17.645091	0.496405	0.018506
5843	-17.646693	0.496492	0.018506
5844	-17.646693	0.496407	0.018506
5845	-17.646693	0.496322	0.018506
5846	-17.644197	0.496408	0.018506
5847	-17.646679	0.496494	0.018506
5848	-17.646444	0.496580	0.018506
5849	-17.646444	0.496495	0.018506
5850	-17.646444	0.496410	0.018506
5851	-17.646444	0.496325	0.018506
5852	-17.646444	0.496241	0.018506
5853	-17.646444	0.496156	0.018506
5854	-17.646444	0.496071	0.018506
5855	-17.646873	0.496157	0.018506
5856	-17.646873	0.496072	0.018506
5857	-17.647374	0.496158	0.018506
5858	-17.647374	0.496074	0.018506
5859	-17.647474	0.496160	0.018506
5860	-17.647474	0.496075	0.018506
5861	-17.647517	0.496161	0.018506
5862	-17.647517	0.496076	0.018506
5863	-17.647517	0.495992	0.018506
5864	-17.649234	0.496078	0.018506
5865	-17.649234	0.495993	0.018506
5866	-17.649234	0.495909	0.018506
5867	-17.648977	0.495995	0.018506
5868	-17.649501	0.496080	0.018506
5869	-17.649501	0.495996	0.018506
5870	-17.649501	0.495911	0.018506
5871	-17.649501	0.495827	0.018506
5872	-17.644009	0.495913	0.018506
5873	-17.644998	0.495999	0.018506
5874	-17.644998	0.495914	0.018506
5875	-17.644998	0.495830	0.018506
5876	-17.644998	0.495745	0.018506
5877	-17.644543	0.495831	0.018506
5878	-17.644543	0.495747	0.018506
5879	-17.644543	0.495663	0.018506
5880	-17.644543	0.495578	0.018506
5881	-17.644543	0.495494	0.018506
5882	-17.644543	0.495410	0.018506
5883	-17.644543	0.495326	0.018506
5884	-17.649387	0.495411	0.018506
5885	-17.649387	0.495327	0.018506
5886	-17.649387	0.495243	0.018506
5887	-17.649387	0.495159	0.018506
5888	-17.649387	0.495075	0.018506
5889	-17.649387	0.494991	0.018506
5890	-17.649387	0.494907	0.018506
5891	-17.649387	0.494823	0.018506
5892	-17.649387	0.494739	0.018506
5893	-17.649387	0.494655	0.018506
5894	-17.649387	0.494571	0.018506
5895	-17.649387	0.494487	0.018506
5896	-17.649627	0.494573	0.018506
5897	-17.650022	0.494658	0.018506
5898	-17.650022	0.494574	0.018506
5899	-17.650022	0.494491	0.018506
5900	-17.650022	0.494407	0.018506
5901	-17.650022	0.494323	0.018506
5902	-17.650022	0.494239	0.018506
5903	-17.650022	0.494156	0.018506
5904	-17.650022	0.494072	0.018506
5905	-17.650022	0.493988	0.018506
5906	-17.650022	0.493905	0.018506
5907	-17.649602	0.493990	0.018506
5908	-17.649534	0.494076	0.018506
5909	-17.649534	0.493992	0.018506
5910	-17.649534	0.493909	0.018506
5911	-17.649534	0.493825	0.018506
5912	-17.649534	0.493742	0.018506
5913	-17.649534	0.493658	0.018506
5914	-17.649534	0.493575	0.018506
5915	-17.649534	0.493491	0.018506
5916	-17.649534	0.493408	0.018506
5917	-17.649534	0.493324	0.018506
5918	-17.649534	0.493241	0.018506
5919	-17.649534	0.493158	0.018506
5920	-17.649534	0.493074	0.018506
5921	-17.649534	0.492991	0.018506
5922	-17.649534	0.492908	0.018506
5923	-17.649534	0.492825	0.018506
5924	-17.649534	0.492741	0.018506
5925	-17.649534	0.492658	0.018506
5926	-17.649534	0.492575	0.018506
5927	-17.647389	0.492661	0.018506
5928	-17.647389	0.492578	0.018506
5929	-17.647389	0.492495	0.018506
5930	-17.647250	0.492580	0.018506
5931	-17.647250	0.492497	0.018506
5932	-17.647250	0.492414	0.018506
5933	-17.647906	0.492500	0.018506
5934	-17.647906	0.492417	0.018506
5935	-17.647906	0.492334	0.018506
5936	-17.647906	0.492251	0.018506
5937	-17.647906	0.492168	0.018506
5938	-17.649565	0.492253	0.018506
5939	-17.649565	0.492170	0.018506
5940	-17.649765	0.492256	0.018506
5941	-17.648716	0.492341	0.018506
5942	-17.648716	0.492258	0.018506
5943	-17.648716	0.492176	0.018506
5944	-17.648716	0.492093	0.018506
5945	-17.650256	0.492178	0.018506
5946	-17.650256	0.492096	0.018506
5947	-17.650256	0.492013	0.018506
5948	-17.650256	0.491930	0.018506
5949	-17.650256	0.491847	0.018506
5950	-17.650256	0.491765	0.018506
5951	-17.650256	0.491682	0.018506
5952	-17.650256	0.491599	0.018506
5953	-17.650256	0.491517	0.018506
5954	-17.650793	0.491602	0.018506
5955	-17.651793	0.491688	0.018506
5956	-17.651793	0.491605	0.018506
5957	-17.651793	0.491523	0.018506
5958	-17.651793	0.491440	0.018506
5959	-17.651793	0.491358	0.018506
5960	-17.651793	0.491275	0.018506
5961	-17.651793	0.491193	0.018506
5962	-17.651793	0.491110	0.018506
5963	-17.651793	0.491028	0.018506
5964	-17.651793	0.490946	0.018506
5965	-17.651793	0.490863	0.018506
5966	-17.651793	0.490781	0.018506
5967	-17.651793	0.490699	0.018506
5968	-17.651793	0.490617	0.018506
5969	-17.651731	0.490702	0.018506
5970	-17.651731	0.490620	0.018506
5971	-17.652632	0.490705	0.018506
5972	-17.652632	0.490623	0.018506
5973	-17.653349	0.490708	0.018506
5974	-17.653349	0.490626	0.018506
5975	-17.653349	0.490544	0.018506
5976	-17.653349	0.490462	0.018506
5977	-17.653349	0.490380	0.018506
5978	-17.653349	0.490298	0.018506
5979	-17.652516	0.490383	0.018506
5980	-17.652516	0.490301	0.018506
5981	-17.652516	0.490219	0.018506
5982	-17.652516	0.490137	0.018506
5983	-17.652516	0.490055	0.018506
5984	-17.652516	0.489973	0.018506
5985	-17.651662	0.490058	0.018506
5986	-17.651662	0.489977	0.018506
5987	-17.651662	0.489895	0.018506
5988	-17.651765	0.489980	0.018506
5989	-17.650463	0.490065	0.018506
5990	-17.650463	0.489983	0.018506
5991	-17.650463	0.489902	0.018506
5992	-17.650463	0.489820	0.018506
5993	-17.650125	0.489905	0.018506
5994	-17.650125	0.489823	0.018506
5995	-17.650125	0.489741	0.018506
5996	-17.651083	0.489827	0.018506
5997	-17.651083	0.489745	0.018506
5998	-17.649671	0.489830	0.018506
5999	-17.649671	0.489748	0.018506
6000	-17.649671	0.489667	0.018506
6001	-17.649316	0.489752	0.018506
6002	-17.649316	0.489670	0.018506
6003	-17.649316	0.489589	0.018506
6004	-17.649316	0.489507	0.018506
6005	-17.646436	0.489592	0.018506
6006	-17.646436	0.489510	0.018506
6007	-17.646436	0.489429	0.018506
6008	-17.646436	0.489348	0.018506
6009	-17.646262	0.489433	0.018506
6010	-17.646262	0.489351	0.018506
6011	-17.646262	0.489270	0.018506
6012	-17.646262	0.489188	0.018506
6013	-17.646262	0.489107	0.018506
6014	-17.646262	0.489026	0.018506
6015	-17.645054	0.489111	0.018506
6016	-17.647981	0.489195	0.018506
6017	-17.646268	0.489280	0.018506
6018	-17.646486	0.489365	0.018506
6019	-17.645240	0.489450	0.018506
6020	-17.645240	0.489369	0.018506
6021	-17.645240	0.489287	0.018506
6022	-17.644176	0.489372	0.018506
6023	-17.644176	0.489291	0.018506
6024	-17.645354	0.489376	0.018506
6025	-17.645354	0.489295	0.018506
6026	-17.645354	0.489213	0.018506
6027	-17.643893	0.489298	0.018506
6028	-17.643893	0.489217	0.018506
6029	-17.643999	0.489302	0.018506
6030	-17.643999	0.489221	0.018506
6031	-17.643999	0.489139	0.018506
6032	-17.643999	0.489058	0.018506
6033	-17.649930	0.489143	0.018506
6034	-17.649930	0.489062	0.018506
6035	-17.649930	0.488981	0.018506
6036	-17.650750	0.489066	0.018506
6037	-17.651375	0.489150	0.018506
6038	-17.651375	0.489069	0.018506
6039	-17.651375	0.488988	0.018506
6040	-17.648441	0.489073	0.018506
6041	-17.648441	0.488992	0.018506
6042	-17.648441	0.488911	0.018506
6043	-17.648441	0.488830	0.018506
6044	-17.648441	0.488749	0.018506
6045	-17.647600	0.488834	0.018506
6046	-17.647600	0.488753	0.018506
6047	-17.647600	0.488672	0.018506
6048	-17.647072	0.488757	0.018506
6049	-17.647072	0.488676	0.018506
6050	-17.647072	0.488595	0.018506
6051	-17.647072	0.488514	0.018506
6052	-17.647072	0.488434	0.018506
6053	-17.647072	0.488353	0.018506
6054	-17.647072	0.488272	0.018506
6055	-17.648090	0.488357	0.018506
6056	-17.649260	0.488441	0.018506
6057	-17.649260	0.488361	0.018506
6058	-17.649260	0.488280	0.018506
6059	-17.649260	0.488199	0.018506
6060	-17.649260	0.488119	0.018506
6061	-17.649260	0.488038	0.018506
6062	-17.649260	0.487958	0.018506
6063	-17.649260	0.487877	0.018506
6064	-17.649944	0.487962	0.018506
6065	-17.647624	0.488046	0.018506
6066	-17.645209	0.488131	0.018506
6067	-17.644704	0.488215	0.018506
6068	-17.644704	0.488134	0.018506
6069	-17.644480	0.488219	0.018506
6070	-17.644153	0.488303	0.018506
6071	-17.644153	0.488223	0.018506
6072	-17.644153	0.488142	0.018506
6073	-17.644153	0.488062	0.018506
6074	-17.644153	0.487982	0.018506
6075	-17.644153	0.487901	0.018506
6076	-17.644153	0.487821	0.018506
6077	-17.643590	0.487905	0.018506
6078	-17.643647	0.487989	0.018506
6079	-17.643647	0.487909	0.018506
6080	-17.643647	0.487829	0.018506
6081	-17.643647	0.487749	0.018506
6082	-17.645478	0.487833	0.018506
6083	-17.645478	0.487753	0.018506
6084	-17.645478	0.487673	0.018506
6085	-17.645671	0.487757	0.018506
6086	-17.645671	0.487677	0.018506
6087	-17.645671	0.487597	0.018506
6088	-17.645671	0.487516	0.018506
6089	-17.645824	0.487601	0.018506
6090	-17.646016	0.487685	0.018506
6091	-17.646016	0.487605	0.018506
6092	-17.646016	0.487525	0.018506
6093	-17.646016	0.487445	0.018506
6094	-17.644608	0.487529	0.018506
6095	-17.646493	0.487613	0.018506
6096	-17.646287	0.487697	0.018506
6097	-17.646344	0.487781	0.018506
6098	-17.646344	0.487701	0.018506
6099	-17.646170	0.487785	0.018506
6100	-17.648570	0.487869	0.018506
6101	-17.648570	0.487789	0.018506
6102	-17.648570	0.487709	0.018506
6103	-17.648570	0.487629	0.018506
6104	-17.648570	0.487549	0.018506
6105	-17.648570	0.487469	0.018506
6106	-17.644929	0.487553	0.018506
6107	-17.644929	0.487473	0.018506
6108	-17.644929	0.487394	0.018506
6109	-17.644929	0.487314	0.018506
6110	-17.644929	0.487234	0.018506
6111	-17.644929	0.487154	0.018506
6112	-17.644929	0.487075	0.018506
6113	-17.644929	0.486995	0.018506
6114	-17.644929	0.486915	0.018506
6115	-17.644929	0.486836	0.018506
6116	-17.641804	0.486920	0.018506
6117	-17.641804	0.486840	0.018506
6118	-17.641804	0.486760	0.018506
6119	-17.641804	0.486681	0.018506
6120	-17.641804	0.486601	0.018506
6121	-17.641804	0.486522	0.018506
6122	-17.641804	0.486442	0.018506
6123	-17.641804	0.486363	0.018506
6124	-17.641804	0.486283	0.018506
6125	-17.641804	0.486204	0.018506
6126	-17.641804	0.486125	0.018506
6127	-17.641804	0.486045	0.018506
6128	-17.641804	0.485966	0.018506
6129	-17.641804	0.485887	0.018506
6130	-17.641804	0.485808	0.018506
6131	-17.641804	0.485728	0.018506
6132	-17.641804	0.485649	0.018506
6133	-17.641804	0.485570	0.018506
6134	-17.641648	0.485654	0.018506
6135	-17.641648	0.485575	0.018506
6136	-17.644603	0.485658	0.018506
6137	-17.644603	0.485579	0.018506
6138	-17.644603	0.485500	0.018506
6139	-17.644603	0.485421	0.018506
6140	-17.644603	0.485342	0.018506
6141	-17.642855	0.485426	0.018506
6142	-17.642855	0.485347	0.018506
6143	-17.642855	0.485268	0.018506
6144	-17.644425	0.485352	0.018506
6145	-17.644425	0.485273	0.018506
6146	-17.644425	0.485194	0.018506
6147	-17.644536	0.485277	0.018506
6148	-17.644536	0.485198	0.018506
6149	-17.644536	0.485120	0.018506
6150	-17.644536	0.485041	0.018506
6151	-17.642918	0.485124	0.018506
6152	-17.642918	0.485046	0.018506
6153	-17.642754	0.485129	0.018506
6154	-17.646159	0.485213	0.018506
6155	-17.646159	0.485134	0.018506
6156	-17.646492	0.485218	0.018506
6157	-17.646492	0.485139	0.018506
6158	-17.646492	0.485060	0.018506
6159	-17.646492	0.484981	0.018506
6160	-17.644807	0.485065	0.018506
6161	-17.644457	0.485149	0.018506
6162	-17.645186	0.485232	0.018506
6163	-17.645186	0.485153	0.018506
6164	-17.645186	0.485075	0.018506
6165	-17.645186	0.484996	0.018506
6166	-17.645186	0.484917	0.018506
6167	-17.644635	0.485001	0.018506
6168	-17.644398	0.485084	0.018506
6169	-17.644398	0.485006	0.018506
6170	-17.644398	0.484927	0.018506
6171	-17.644398	0.484848	0.018506
6172	-17.644398	0.484770	0.018506
6173	-17.644398	0.484691	0.018506
6174	-17.644398	0.484613	0.018506
6175	-17.644398	0.484534	0.018506
6176	-17.644398	0.484456	0.018506
6177	-17.644905	0.484539	0.018506
6178	-17.644905	0.484461	0.018506
6179	-17.644905	0.484383	0.018506
6180	-17.644905	0.484304	0.018506
6181	-17.644905	0.484226	0.018506
6182	-17.644905	0.484148	0.018506
6183	-17.644905	0.484069	0.018506
6184	-17.644905	0.483991	0.018506
6185	-17.644455	0.484074	0.018506
6186	-17.644455	0.483996	0.018506
6187	-17.644213	0.484080	0.018506
6188	-17.644213	0.484001	0.018506
6189	-17.644213	0.483923	0.018506
6190	-17.644213	0.483845	0.018506
6191	-17.643719	0.483928	0.018506
6192	-17.643719	0.483850	0.018506
6193	-17.643274	0.483933	0.018506
6194	-17.643274	0.483855	0.018506
6195	-17.642628	0.483939	0.018506
6196	-17.642893	0.484022	0.018506
6197	-17.642893	0.483944	0.018506
6198	-17.642177	0.484027	0.018506
6199	-17.642177	0.483949	0.018506
6200	-17.642177	0.483871	0.018506
6201	-17.642177	0.483793	0.018506
6202	-17.642993	0.483876	0.018506
6203	-17.642993	0.483798	0.018506
6204	-17.642993	0.483720	0.018506
6205	-17.642993	0.483642	0.018506
6206	-17.642993	0.483564	0.018506
6207	-17.642993	0.483486	0.018506
6208	-17.642993	0.483409	0.018506
6209	-17.642993	0.483331	0.018506
6210	-17.644244	0.483414	0.018506
6211	-17.644244	0.483336	0.018506
6212	-17.644244	0.483258	0.018506
6213	-17.644244	0.483180	0.018506
6214	-17.644534	0.483264	0.018506
6215	-17.645878	0.483347	0.018506
6216	-17.648534	0.483430	0.018506
6217	-17.648534	0.483352	0.018506
6218	-17.648534	0.483274	0.018506
6219	-17.648534	0.483197	0.018506
6220	-17.648534	0.483119	0.018506
6221	-17.648316	0.483202	0.018506
6222	-17.648939	0.483285	0.018506
6223	-17.648939	0.483207	0.018506
6224	-17.648939	0.483130	0.018506
6225	-17.648939	0.483052	0.018506
6226	-17.648939	0.482975	0.018506
6227	-17.648939	0.482897	0.018506
6228	-17.648405	0.482980	0.018506
6229	-17.648405	0.482903	0.018506
6230	-17.648405	0.482825	0.018506
6231	-17.648405	0.482748	0.018506
6232	-17.648405	0.482670	0.018506
6233	-17.648405	0.482593	0.018506
6234	-17.648111	0.482676	0.018506
6235	-17.648111	0.482598	0.018506
6236	-17.648111	0.482521	0.018506
6237	-17.648231	0.482604	0.018506
6238	-17.647892	0.482687	0.018506
6239	-17.647892	0.482609	0.018506
6240	-17.648104	0.482692	0.018506
6241	-17.648523	0.482775	0.018506
6242	-17.648523	0.482698	0.018506
6243	-17.648523	0.482621	0.018506
6244	-17.648523	0.482543	0.018506
6245	-17.648523	0.482466	0.018506
6246	-17.648523	0.482389	0.018506
6247	-17.648523	0.482312	0.018506
6248	-17.648523	0.482234	0.018506
6249	-17.644740	0.482317	0.018506
6250	-17.646071	0.482400	0.018506
6251	-17.648933	0.482483	0.018506
6252	-17.648933	0.482406	0.018506
6253	-17.648933	0.482328	0.018506
6254	-17.648933	0.482251	0.018506
6255	-17.649289	0.482334	0.018506
6256	-17.649289	0.482257	0.018506
6257	-17.647286	0.482340	0.018506
6258	-17.647286	0.482263	0.018506
6259	-17.647102	0.482345	0.018506
6260	-17.647102	0.482268	0.018506
6261	-17.647102	0.482191	0.018506
6262	-17.647102	0.482114	0.018506
6263	-17.647102	0.482037	0.018506
6264	-17.646556	0.482120	0.018506
6265	-17.646556	0.482043	0.018506
6266	-17.646556	0.481966	0.018506
6267	-17.646556	0.481889	0.018506
6268	-17.646616	0.481972	0.018506
6269	-17.646616	0.481895	0.018506
6270	-17.646616	0.481818	0.018506
6271	-17.646505	0.481901	0.018506
6272	-17.646747	0.481983	0.018506
6273	-17.646747	0.481907	0.018506
6274	-17.646747	0.481830	0.018506
6275	-17.648229	0.481912	0.018506
6276	-17.648229	0.481836	0.018506
6277	-17.651043	0.481918	0.018506
6278	-17.651043	0.481841	0.018506
6279	-17.651043	0.481765	0.018506
6280	-17.651043	0.481688	0.018506
6281	-17.651043	0.481611	0.018506
6282	-17.652750	0.481694	0.018506
6283	-17.652750	0.481617	0.018506
6284	-17.652750	0.481540	0.018506
6285	-17.652750	0.481464	0.018506
6286	-17.652750	0.481387	0.018506
6287	-17.652750	0.481311	0.018506
6288	-17.652750	0.481234	0.018506
6289	-17.652750	0.481158	0.018506
6290	-17.652750	0.481081	0.018506
6291	-17.652750	0.481005	0.018506
6292	-17.653183	0.481087	0.018506
6293	-17.653183	0.481011	0.018506
6294	-17.653183	0.480934	0.018506
6295	-17.653183	0.480858	0.018506
6296	-17.653183	0.480781	0.018506
6297	-17.653183	0.480705	0.018506
6298	-17.653183	0.480629	0.018506
6299	-17.653114	0.480711	0.018506
6300	-17.653114	0.480635	0.018506
6301	-17.652874	0.480717	0.018506
6302	-17.651152	0.480800	0.018506
6303	-17.651152	0.480723	0.018506
6304	-17.651152	0.480647	0.018506
6305	-17.651152	0.480571	0.018506
6306	-17.651152	0.480495	0.018506
6307	-17.651152	0.480419	0.018506
6308	-17.651152	0.480342	0.018506
6309	-17.651152	0.480266	0.018506
6310	-17.651152	0.480190	0.018506
6311	-17.651152	0.480114	0.018506
6312	-17.651152	0.480038	0.018506
6313	-17.650015	0.480120	0.018506
6314	-17.650015	0.480044	0.018506
6315	-17.650015	0.479968	0.018506
6316	-17.650015	0.479892	0.018506
6317	-17.650015	0.479816	0.018506
6318	-17.650015	0.479740	0.018506
6319	-17.650015	0.479665	0.018506
6320	-17.650015	0.479589	0.018506
6321	-17.650985	0.479671	0.018506
6322	-17.650985	0.479595	0.018506
6323	-17.650985	0.479519	0.018506
6324	-17.652042	0.479602	0.018506
6325	-17.652042	0.479526	0.018506
6326	-17.652042	0.479450	0.018506
6327	-17.652042	0.479374	0.018506
6328	-17.652042	0.479298	0.018506
6329	-17.652042	0.479223	0.018506
6330	-17.652042	0.479147	0.018506
6331	-17.652042	0.479071	0.018506
6332	-17.652042	0.478996	0.018506
6333	-17.652042	0.478920	0.018506
6334	-17.652042	0.478844	0.018506
6335	-17.651571	0.478927	0.018506
6336	-17.651571	0.478851	0.018506
6337	-17.651571	0.478775	0.018506
6338	-17.651150	0.478858	0.018506
6339	-17.651150	0.478782	0.018506
6340	-17.651150	0.478707	0.018506
6341	-17.651150	0.478631	0.018506
6342	-17.650927	0.478713	0.018506
6343	-17.650927	0.478638	0.018506
6344	-17.652760	0.478720	0.018506
6345	-17.652760	0.478645	0.018506
6346	-17.652760	0.478569	0.018506
6347	-17.652760	0.478494	0.018506
6348	-17.652760	0.478418	0.018506
6349	-17.652760	0.478343	0.018506
6350	-17.652760	0.478268	0.018506
6351	-17.652760	0.478192	0.018506
6352	-17.652760	0.478117	0.018506
6353	-17.652760	0.478042	0.018506
6354	-17.652760	0.477967	0.018506
6355	-17.652760	0.477891	0.018506
6356	-17.652760	0.477816	0.018506
6357	-17.652760	0.477741	0.018506
6358	-17.652760	0.477666	0.018506
6359	-17.652760	0.477591	0.018506
6360	-17.652760	0.477516	0.018506
6361	-17.652760	0.477441	0.018506
6362	-17.653217	0.477523	0.018506
6363	-17.653217	0.477448	0.018506
6364	-17.654220	0.477530	0.018506
6365	-17.654220	0.477455	0.018506
6366	-17.654220	0.477380	0.018506
6367	-17.654220	0.477305	0.018506
6368	-17.654823	0.477387	0.018506
6369	-17.655084	0.477469	0.018506
6370	-17.655084	0.477394	0.018506
6371	-17.655084	0.477319	0.018506
6372	-17.655084	0.477244	0.018506
6373	-17.655084	0.477169	0.018506
6374	-17.655084	0.477094	0.018506
6375	-17.655084	0.477020	0.018506
6376	-17.655598	0.477102	0.018506
6377	-17.655598	0.477027	0.018506
6378	-17.655598	0.476952	0.018506
6379	-17.655598	0.476877	0.018506
6380	-17.655598	0.476803	0.018506
6381	-17.655598	0.476728	0.018506
6382	-17.655598	0.476653	0.018506
6383	-17.655598	0.476578	0.018506
6384	-17.655598	0.476504	0.018506
6385	-17.655157	0.476586	0.018506
6386	-17.655157	0.476511	0.018506
6387	-17.655157	0.476437	0.018506
6388	-17.653631	0.476518	0.018506
6389	-17.653631	0.476444	0.018506
6390	-17.652575	0.476526	0.018506
6391	-17.652575	0.476451	0.018506
6392	-17.652575	0.476377	0.018506
6393	-17.652575	0.476302	0.018506
6394	-17.652575	0.476228	0.018506
6395	-17.652018	0.476310	0.018506
6396	-17.652091	0.476391	0.018506
6397	-17.652091	0.476317	0.018506
6398	-17.652091	0.476243	0.018506
6399	-17.652091	0.476168	0.018506
6400	-17.652091	0.476094	0.018506
6401	-17.652091	0.476019	0.018506
6402	-17.652457	0.476101	0.018506
6403	-17.652637	0.476183	0.018506
6404	-17.652637	0.476109	0.018506
6405	-17.651919	0.476190	0.018506
6406	-17.651919	0.476116	0.018506
6407	-17.651919	0.476042	0.018506
6408	-17.649308	0.476124	0.018506
6409	-17.649308	0.476049	0.018506
6410	-17.649308	0.475975	0.018506
6411	-17.648541	0.476057	0.018506
6412	-17.648541	0.475983	0.018506
6413	-17.647771	0.476064	0.018506
6414	-17.647771	0.475990	0.018506
6415	-17.647771	0.475916	0.018506
6416	-17.647771	0.475842	0.018506
6417	-17.647771	0.475767	0.018506
6418	-17.647771	0.475693	0.018506
6419	-17.649125	0.475775	0.018506
6420	-17.649125	0.475701	0.018506
6421	-17.649125	0.475627	0.018506
6422	-17.649125	0.475553	0.018506
6423	-17.649125	0.475479	0.018506
6424	-17.649125	0.475405	0.018506
6425	-17.648767	0.475486	0.018506
6426	-17.648767	0.475412	0.018506
6427	-17.648767	0.475338	0.018506
6428	-17.648767	0.475264	0.018506
6429	-17.648767	0.475191	0.018506
6430	-17.648767	0.475117	0.018506
6431	-17.648767	0.475043	0.018506
6432	-17.649372	0.475124	0.018506
6433	-17.649372	0.475051	0.018506
6434	-17.648596	0.475132	0.018506
6435	-17.648596	0.475058	0.018506
6436	-17.648596	0.474984	0.018506
6437	-17.648596	0.474911	0.018506
6438	-17.648596	0.474837	0.018506
6439	-17.648596	0.474763	0.018506
6440	-17.648596	0.474689	0.018506
6441	-17.648596	0.474616	0.018506
6442	-17.647809	0.474697	0.018506
6443	-17.647809	0.474624	0.018506
6444	-17.648068	0.474705	0.018506
6445	-17.648023	0.474787	0.018506
6446	-17.648023	0.474713	0.018506
6447	-17.648159	0.474794	0.018506
6448	-17.648159	0.474721	0.018506
6449	-17.646921	0.474802	0.018506
6450	-17.646921	0.474729	0.018506
6451	-17.646921	0.474655	0.018506
6452	-17.647176	0.474737	0.018506
6453	-17.647176	0.474663	0.018506
6454	-17.647176	0.474589	0.018506
6455	-17.645691	0.474671	0.018506
6456	-17.644882	0.474752	0.018506
6457	-17.645274	0.474834	0.018506
6458	-17.645274	0.474760	0.018506
6459	-17.645274	0.474686	0.018506
6460	-17.645274	0.474613	0.018506
6461	-17.644369	0.474694	0.018506
6462	-17.644369	0.474621	0.018506
6463	-17.645658	0.474702	0.018506
6464	-17.645658	0.474629	0.018506
6465	-17.645658	0.474555	0.018506
6466	-17.645658	0.474482	0.018506
6467	-17.645658	0.474409	0.018506
6468	-17.645658	0.474335	0.018506
6469	-17.645658	0.474262	0.018506
6470	-17.645658	0.474189	0.018506
6471	-17.645570	0.474270	0.018506
6472	-17.645570	0.474197	0.018506
6473	-17.645570	0.474123	0.018506
6474	-17.645570	0.474050	0.018506
6475	-17.644852	0.474131	0.018506
6476	-17.644852	0.474058	0.018506
6477	-17.644418	0.474139	0.018506
6478	-17.644418	0.474066	0.018506
6479	-17.644418	0.473993	0.018506
6480	-17.644418	0.473920	0.018506
6481	-17.644513	0.474001	0.018506
6482	-17.644513	0.473928	0.018506
6483	-17.644513	0.473855	0.018506
6484	-17.644513	0.473782	0.018506
6485	-17.644513	0.473709	0.018506
6486	-17.644513	0.473636	0.018506
6487	-17.644513	0.473563	0.018506
6488	-17.644513	0.473490	0.018506
6489	-17.645569	0.473571	0.018506
6490	-17.645569	0.473498	0.018506
6491	-17.645569	0.473425	0.018506
6492	-17.645569	0.473352	0.018506
6493	-17.645569	0.473279	0.018506
6494	-17.645569	0.473206	0.018506
6495	-17.645569	0.473133	0.018506
6496	-17.645569	0.473060	0.018506
6497	-17.645569	0.472988	0.018506
6498	-17.645586	0.473069	0.018506
6499	-17.645586	0.472996	0.018506
6500	-17.645586	0.472923	0.018506
6501	-17.645586	0.472850	0.018506
6502	-17.646238	0.472931	0.018506
6503	-17.647132	0.473012	0.018506
6504	-17.647132	0.472940	0.018506
6505	-17.647132	0.472867	0.018506
6506	-17.647132	0.472794	0.018506
6507	-17.647977	0.472875	0.018506
6508	-17.647977	0.472803	0.018506
6509	-17.647977	0.472730	0.018506
6510	-17.647977	0.472657	0.018506
6511	-17.649743	0.472738	0.018506
6512	-17.649743	0.472666	0.018506
6513	-17.649743	0.472593	0.018506
6514	-17.649743	0.472521	0.018506
6515	-17.649743	0.472448	0.018506
6516	-17.649743	0.472376	0.018506
6517	-17.649743	0.472303	0.018506
6518	-17.649743	0.472231	0.018506
6519	-17.649743	0.472158	0.018506
6520	-17.649743	0.472086	0.018506
6521	-17.649743	0.472013	0.018506
6522	-17.650014	0.472094	0.018506
6523	-17.650014	0.472022	0.018506
6524	-17.650014	0.471950	0.018506
6525	-17.650014	0.471877	0.018506
6526	-17.650014	0.471805	0.018506
6527	-17.649020	0.471886	0.018506
6528	-17.649020	0.471814	0.018506
6529	-17.649020	0.471741	0.018506
6530	-17.648239	0.471822	0.018506
6531	-17.646459	0.471903	0.018506
6532	-17.649709	0.471984	0.018506
6533	-17.647555	0.472065	0.018506
6534	-17.647555	0.471993	0.018506
6535	-17.647555	0.471920	0.018506
6536	-17.647555	0.471848	0.018506
6537	-17.647555	0.471776	0.018506
6538	-17.647555	0.471704	0.018506
6539	-17.647555	0.471632	0.018506
6540	-17.647555	0.471560	0.018506
6541	-17.647555	0.471488	0.018506
6542	-17.647555	0.471415	0.018506
6543	-17.647555	0.471343	0.018506
6544	-17.648266	0.471424	0.018506
6545	-17.648266	0.471352	0.018506
6546	-17.648266	0.471280	0.018506
6547	-17.648266	0.471208	0.018506
6548	-17.648567	0.471289	0.018506
6549	-17.648567	0.471217	0.018506
6550	-17.648067	0.471298	0.018506
6551	-17.650343	0.471378	0.018506
6552	-17.650343	0.471306	0.018506
6553	-17.651303	0.471387	0.018506
6554	-17.651303	0.471315	0.018506
6555	-17.651303	0.471243	0.018506
6556	-17.651303	0.471171	0.018506
6557	-17.651303	0.471100	0.018506
6558	-17.648393	0.471180	0.018506
6559	-17.648393	0.471108	0.018506
6560	-17.648393	0.471037	0.018506
6561	-17.648393	0.470965	0.018506
6562	-17.650330	0.471045	0.018506
6563	-17.650330	0.470974	0.018506
6564	-17.650330	0.470902	0.018506
6565	-17.648233	0.470982	0.018506
6566	-17.648233	0.470911	0.018506
6567	-17.648780	0.470991	0.018506
6568	-17.649528	0.471072	0.018506
6569	-17.649528	0.471000	0.018506
6570	-17.649528	0.470928	0.018506
6571	-17.649287	0.471009	0.018506
6572	-17.649287	0.470937	0.018506
6573	-17.649287	0.470866	0.018506
6574	-17.648102	0.470946	0.018506
6575	-17.648102	0.470875	0.018506
6576	-17.648102	0.470803	0.018506
6577	-17.648102	0.470731	0.018506
6578	-17.648102	0.470660	0.018506
6579	-17.648102	0.470588	0.018506
6580	-17.648102	0.470517	0.018506
6581	-17.647222	0.470597	0.018506
6582	-17.647222	0.470526	0.018506
6583	-17.647222	0.470454	0.018506
6584	-17.646136	0.470535	0.018506
6585	-17.646136	0.470463	0.018506
6586	-17.646136	0.470392	0.018506
6587	-17.646136	0.470320	0.018506
6588	-17.646136	0.470249	0.018506
6589	-17.646136	0.470178	0.018506
6590	-17.646911	0.470258	0.018506
6591	-17.646911	0.470187	0.018506
6592	-17.646911	0.470115	0.018506
6593	-17.646911	0.470044	0.018506
6594	-17.646911	0.469973	0.018506
6595	-17.646911	0.469901	0.018506
6596	-17.646911	0.469830	0.018506
6597	-17.647394	0.469911	0.018506
6598	-17.647394	0.469839	0.018506
6599	-17.647394	0.469768	0.018506
6600	-17.647156	0.469848	0.018506
6601	-17.647156	0.469777	0.018506
6602	-17.647156	0.469706	0.018506
6603	-17.647156	0.469635	0.018506
6604	-17.647156	0.469564	0.018506
6605	-17.647156	0.469493	0.018506
6606	-17.647736	0.469573	0.018506
6607	-17.647736	0.469502	0.018506
6608	-17.646691	0.469582	0.018506
6609	-17.646691	0.469511	0.018506
6610	-17.647147	0.469592	0.018506
6611	-17.647147	0.469520	0.018506
6612	-17.647147	0.469449	0.018506
6613	-17.646984	0.469530	0.018506
6614	-17.646984	0.469459	0.018506
6615	-17.646984	0.469388	0.018506
6616	-17.647664	0.469468	0.018506
6617	-17.647664	0.469397	0.018506
6618	-17.647664	0.469326	0.018506
6619	-17.647149	0.469406	0.018506
6620	-17.647202	0.469486	0.018506
6621	-17.648703	0.469567	0.018506
6622	-17.648703	0.469496	0.018506
6623	-17.648631	0.469576	0.018506
6624	-17.648631	0.469505	0.018506
6625	-17.647973	0.469585	0.018506
6626	-17.647244	0.469665	0.018506
6627	-17.647244	0.469594	0.018506
6628	-17.647244	0.469523	0.018506
6629	-17.647244	0.469452	0.018506
6630	-17.646442	0.469532	0.018506
6631	-17.646442	0.469462	0.018506
6632	-17.646442	0.469391	0.018506
6633	-17.647673	0.469471	0.018506
6634	-17.647448	0.469551	0.018506
6635	-17.647448	0.469480	0.018506
6636	-17.647448	0.469409	0.018506
6637	-17.647723	0.469489	0.018506
6638	-17.649119	0.469569	0.018506
6639	-17.649119	0.469498	0.018506
6640	-17.649119	0.469428	0.018506
6641	-17.649119	0.469357	0.018506
6642	-17.649119	0.469286	0.018506
6643	-17.649119	0.469216	0.018506
6644	-17.649119	0.469145	0.018506
6645	-17.649119	0.469074	0.018506
6646	-17.651755	0.469154	0.018506
6647	-17.651755	0.469084	0.018506
6648	-17.651451	0.469164	0.018506
6649	-17.651451	0.469093	0.018506
6650	-17.651451	0.469023	0.018506
6651	-17.651885	0.469102	0.018506
6652	-17.650244	0.469182	0.018506
6653	-17.650244	0.469112	0.018506
6654	-17.650050	0.469191	0.018506
6655	-17.650050	0.469121	0.018506
6656	-17.650050	0.469050	0.018506
6657	-17.650050	0.468980	0.018506
6658	-17.650050	0.468910	0.018506
6659	-17.648191	0.468989	0.018506
6660	-17.648191	0.468919	0.018506
6661	-17.648191	0.468849	0.018506
6662	-17.648191	0.468778	0.018506
6663	-17.648191	0.468708	0.018506
6664	-17.646736	0.468788	0.018506
6665	-17.646736	0.468717	0.018506
6666	-17.646736	0.468647	0.018506
6667	-17.646736	0.468577	0.018506
6668	-17.646687	0.468656	0.018506
6669	-17.644907	0.468736	0.018506
6670	-17.644907	0.468666	0.018506
6671	-17.644907	0.468595	0.018506
6672	-17.644907	0.468525	0.018506
6673	-17.645515	0.468605	0.018506
6674	-17.645989	0.468684	0.018506
6675	-17.645989	0.468614	0.018506
6676	-17.645989	0.468544	0.018506
6677	-17.645608	0.468624	0.018506
6678	-17.645608	0.468553	0.018506
6679	-17.647352	0.468633	0.018506
6680	-17.648080	0.468713	0.018506
6681	-17.646866	0.468792	0.018506
6682	-17.648469	0.468872	0.018506
6683	-17.648469	0.468801	0.018506
6684	-17.649980	0.468881	0.018506
6685	-17.649625	0.468960	0.018506
6686	-17.649625	0.468890	0.018506
6687	-17.649625	0.468820	0.018506
6688	-17.649625	0.468750	0.018506
6689	-17.649625	0.468680	0.018506
6690	-17.649625	0.468610	0.018506
6691	-17.649577	0.468689	0.018506
6692	-17.649577	0.468619	0.018506
6693	-17.649192	0.468699	0.018506
6694	-17.649192	0.468629	0.018506
6695	-17.649192	0.468559	0.018506
6696	-17.648037	0.468638	0.018506
6697	-17.648037	0.468568	0.018506
6698	-17.648037	0.468498	0.018506
6699	-17.648037	0.468428	0.018506
6700	-17.648302	0.468507	0.018506
6701	-17.648302	0.468438	0.018506
6702	-17.648302	0.468368	0.018506
6703	-17.648302	0.468298	0.018506
6704	-17.649959	0.468377	0.018506
6705	-17.649959	0.468307	0.018506
6706	-17.649959	0.468237	0.018506
6707	-17.649959	0.468168	0.018506
6708	-17.649605	0.468247	0.018506
6709	-17.649605	0.468177	0.018506
6710	-17.650603	0.468256	0.018506
6711	-17.650702	0.468336	0.018506
6712	-17.650702	0.468266	0.018506
6713	-17.650702	0.468196	0.018506
6714	-17.650702	0.468126	0.018506
6715	-17.650702	0.468057	0.018506
6716	-17.651197	0.468136	0.018506
6717	-17.651197	0.468066	0.018506
6718	-17.651197	0.467996	0.018506
6719	-17.651197	0.467927	0.018506
6720	-17.651197	0.467857	0.018506
6721	-17.651197	0.467788	0.018506
6722	-17.651197	0.467718	0.018506
6723	-17.651987	0.467797	0.018506
6724	-17.651987	0.467728	0.018506
6725	-17.650406	0.467807	0.018506
6726	-17.650406	0.467737	0.018506
6727	-17.651175	0.467816	0.018506
6728	-17.651175	0.467747	0.018506
6729	-17.651377	0.467826	0.018506
6730	-17.652145	0.467905	0.018506
6731	-17.652145	0.467835	0.018506
6732	-17.652011	0.467914	0.018506
6733	-17.652011	0.467845	0.018506
6734	-17.652011	0.467775	0.018506
6735	-17.652011	0.467706	0.018506
6736	-17.651998	0.467785	0.018506
6737	-17.648782	0.467864	0.018506
6738	-17.647114	0.467943	0.018506
6739	-17.647114	0.467874	0.018506
6740	-17.647182	0.467953	0.018506
6741	-17.647182	0.467883	0.018506
6742	-17.644403	0.467962	0.018506
6743	-17.644403	0.467893	0.018506
6744	-17.644403	0.467823	0.018506
6745	-17.644403	0.467754	0.018506
6746	-17.644403	0.467685	0.018506
6747	-17.644403	0.467615	0.018506
6748	-17.642292	0.467694	0.018506
6749	-17.640102	0.467773	0.018506
6750	-17.640102	0.467704	0.018506
6751	-17.641710	0.467783	0.018506
6752	-17.641710	0.467713	0.018506
6753	-17.641710	0.467644	0.018506
6754	-17.641710	0.467575	0.018506
6755	-17.642047	0.467654	0.018506
6756	-17.642047	0.467584	0.018506
6757	-17.644765	0.467663	0.018506
6758	-17.644765	0.467594	0.018506
6759	-17.644765	0.467525	0.018506
6760	-17.646996	0.467604	0.018506
6761	-17.646996	0.467534	0.018506
6762	-17.646996	0.467465	0.018506
6763	-17.647155	0.467544	0.018506
6764	-17.647155	0.467475	0.018506
6765	-17.647155	0.467406	0.018506
6766	-17.647156	0.467484	0.018506
6767	-17.647156	0.467415	0.018506
6768	-17.647156	0.467346	0.018506
6769	-17.647156	0.467277	0.018506
6770	-17.647156	0.467208	0.018506
6771	-17.647156	0.467139	0.018506
6772	-17.647156	0.467070	0.018506
6773	-17.647156	0.467001	0.018506
6774	-17.647156	0.466932	0.018506
6775	-17.647156	0.466863	0.018506
6776	-17.647156	0.466795	0.018506
6777	-17.647156	0.466726	0.018506
6778	-17.647156	0.466657	0.018506
6779	-17.647156	0.466588	0.018506
6780	-17.647156	0.466519	0.018506
6781	-17.647156	0.466450	0.018506
6782	-17.647156	0.466382	0.018506
6783	-17.647156	0.466313	0.018506
6784	-17.648072	0.466392	0.018506
6785	-17.648072	0.466323	0.018506
6786	-17.648072	0.466254	0.018506
6787	-17.648072	0.466185	0.018506
6788	-17.648116	0.466264	0.018506
6789	-17.648116	0.466195	0.018506
6790	-17.648116	0.466127	0.018506
6791	-17.648116	0.466058	0.018506
6792	-17.648116	0.465989	0.018506
6793	-17.648300	0.466068	0.018506
6794	-17.650411	0.466147	0.018506
6795	-17.650411	0.466078	0.018506
6796	-17.650411	0.466009	0.018506
6797	-17.650411	0.465941	0.018506
6798	-17.650411	0.465872	0.018506
6799	-17.650411	0.465804	0.018506
6800	-17.650411	0.465735	0.018506
6801	-17.650171	0.465814	0.018506
6802	-17.650109	0.465892	0.018506
6803	-17.650109	0.465824	0.018506
6804	-17.650109	0.465755	0.018506
6805	-17.650109	0.465687	0.018506
6806	-17.650109	0.465619	0.018506
6807	-17.650032	0.465697	0.018506
6808	-17.650032	0.465629	0.018506
6809	-17.651466	0.465707	0.018506
6810	-17.651466	0.465639	0.018506
6811	-17.651466	0.465570	0.018506
6812	-17.653293	0.465649	0.018506
6813	-17.653293	0.465581	0.018506
6814	-17.653293	0.465512	0.018506
6815	-17.653401	0.465591	0.018506
6816	-17.653401	0.465522	0.018506
6817	-17.653401	0.465454	0.018506
6818	-17.652805	0.465532	0.018506
6819	-17.652805	0.465464	0.018506
6820	-17.652805	0.465396	0.018506
6821	-17.650661	0.465474	0.018506
6822	-17.650661	0.465406	0.018506
6823	-17.650661	0.465338	0.018506
6824	-17.650661	0.465270	0.018506
6825	-17.651005	0.465348	0.018506
6826	-17.651005	0.465280	0.018506
6827	-17.651005	0.465212	0.018506
6828	-17.651005	0.465144	0.018506
6829	-17.651005	0.465075	0.018506
6830	-17.651005	0.465007	0.018506
6831	-17.651005	0.464939	0.018506
6832	-17.651005	0.464871	0.018506
6833	-17.651005	0.464803	0.018506
6834	-17.650794	0.464881	0.018506
6835	-17.650794	0.464813	0.018506
6836	-17.650879	0.464892	0.018506
6837	-17.651365	0.464970	0.018506
6838	-17.651365	0.464902	0.018506
6839	-17.651365	0.464834	0.018506
6840	-17.651365	0.464766	0.018506
6841	-17.651365	0.464698	0.018506
6842	-17.651365	0.464630	0.018506
6843	-17.651365	0.464562	0.018506
6844	-17.650454	0.464641	0.018506
6845	-17.650454	0.464573	0.018506
6846	-17.649962	0.464651	0.018506
6847	-17.649962	0.464583	0.018506
6848	-17.650954	0.464661	0.018506
6849	-17.650954	0.464593	0.018506
6850	-17.649430	0.464672	0.018506
6851	-17.649430	0.464604	0.018506
6852	-17.650700	0.464682	0.018506
6853	-17.650700	0.464614	0.018506
6854	-17.650700	0.464546	0.018506
6855	-17.650700	0.464478	0.018506
6856	-17.650700	0.464411	0.018506
6857	-17.650700	0.464343	0.018506
6858	-17.650700	0.464275	0.018506
6859	-17.650700	0.464208	0.018506
6860	-17.652272	0.464286	0.018506
6861	-17.650662	0.464364	0.018506
6862	-17.649610	0.464442	0.018506
6863	-17.649610	0.464374	0.018506
6864	-17.649346	0.464452	0.018506
6865	-17.649346	0.464385	0.018506
6866	-17.649346	0.464317	0.018506
6867	-17.649346	0.464249	0.018506
6868	-17.649346	0.464182	0.018506
6869	-17.649346	0.464114	0.018506
6870	-17.649346	0.464047	0.018506
6871	-17.649346	0.463979	0.018506
6872	-17.649346	0.463912	0.018506
6873	-17.647264	0.463990	0.018506
6874	-17.647264	0.463922	0.018506
6875	-17.647264	0.463855	0.018506
6876	-17.647264	0.463787	0.018506
6877	-17.648844	0.463865	0.018506
6878	-17.648844	0.463798	0.018506
6879	-17.648844	0.463730	0.018506
6880	-17.648844	0.463663	0.018506
6881	-17.647146	0.463741	0.018506
6882	-17.647146	0.463673	0.018506
6883	-17.647357	0.463751	0.018506
6884	-17.647357	0.463684	0.018506
6885	-17.647357	0.463617	0.018506
6886	-17.647357	0.463549	0.018506
6887	-17.647357	0.463482	0.018506
6888	-17.646679	0.463560	0.018506
6889	-17.647866	0.463638	0.018506
6890	-17.647866	0.463570	0.018506
6891	-17.647866	0.463503	0.018506
6892	-17.647866	0.463436	0.018506
6893	-17.647866	0.463369	0.018506
6894	-17.647866	0.463301	0.018506
6895	-17.647866	0.463234	0.018506
6896	-17.647201	0.463312	0.018506
6897	-17.649307	0.463390	0.018506
6898	-17.649307	0.463323	0.018506
6899	-17.649307	0.463256	0.018506
6900	-17.648915	0.463333	0.018506
6901	-17.648915	0.463266	0.018506
6902	-17.648762	0.463344	0.018506
6903	-17.648762	0.463277	0.018506
6904	-17.648762	0.463210	0.018506
6905	-17.648915	0.463287	0.018506
6906	-17.648915	0.463220	0.018506
6907	-17.648915	0.463153	0.018506
6908	-17.648915	0.463086	0.018506
6909	-17.648915	0.463019	0.018506
6910	-17.648915	0.462952	0.018506
6911	-17.648915	0.462885	0.018506
6912	-17.648915	0.462818	0.018506
6913	-17.648915	0.462751	0.018506
6914	-17.647109	0.462829	0.018506
6915	-17.647109	0.462762	0.018506
6916	-17.647109	0.462695	0.018506
6917	-17.646897	0.462773	0.018506
6918	-17.646897	0.462706	0.018506
6919	-17.646897	0.462639	0.018506
6920	-17.646897	0.462572	0.018506
6921	-17.647106	0.462650	0.018506
6922	-17.647106	0.462583	0.018506
6923	-17.647106	0.462516	0.018506
6924	-17.647106	0.462449	0.018506
6925	-17.647192	0.462527	0.018506
6926	-17.647825	0.462605	0.018506
6927	-17.647825	0.462538	0.018506
6928	-17.647825	0.462471	0.018506
6929	-17.647825	0.462404	0.018506
6930	-17.647825	0.462338	0.018506
6931	-17.647825	0.462271	0.018506
6932	-17.647825	0.462204	0.018506
6933	-17.648233	0.462282	0.018506
6934	-17.648233	0.462215	0.018506
6935	-17.648233	0.462149	0.018506
6936	-17.648233	0.462082	0.018506
6937	-17.648233	0.462015	0.018506
6938	-17.648233	0.461949	0.018506
6939	-17.648233	0.461882	0.018506
6940	-17.648233	0.461816	0.018506
6941	-17.648233	0.461749	0.018506
6942	-17.648500	0.461827	0.018506
6943	-17.648500	0.461760	0.018506
6944	-17.648500	0.461694	0.018506
6945	-17.648649	0.461771	0.018506
6946	-17.648570	0.461849	0.018506
6947	-17.648656	0.461926	0.018506
6948	-17.648656	0.461860	0.018506
6949	-17.648354	0.461937	0.018506
6950	-17.648354	0.461871	0.018506
6951	-17.648354	0.461804	0.018506
6952	-17.648354	0.461738	0.018506
6953	-17.647267	0.461815	0.018506
6954	-17.647267	0.461749	0.018506
6955	-17.647267	0.461682	0.018506
6956	-17.647267	0.461616	0.018506
6957	-17.648487	0.461693	0.018506
6958	-17.648487	0.461627	0.018506
6959	-17.648487	0.461561	0.018506
6960	-17.648487	0.461494	0.018506
6961	-17.647704	0.461572	0.018506
6962	-17.647704	0.461505	0.018506
6963	-17.647704	0.461439	0.018506
6964	-17.647496	0.461516	0.018506
6965	-17.648328	0.461594	0.018506
6966	-17.648328	0.461527	0.018506
6967	-17.648328	0.461461	0.018506
6968	-17.648328	0.461395	0.018506
6969	-17.649039	0.461472	0.018506
6970	-17.649039	0.461406	0.018506
6971	-17.649131	0.461483	0.018506
6972	-17.649131	0.461417	0.018506
6973	-17.649131	0.461351	0.018506
6974	-17.649131	0.461285	0.018506
6975	-17.649131	0.461219	0.018506
6976	-17.649131	0.461153	0.018506
6977	-17.649131	0.461086	0.018506
6978	-17.650433	0.461164	0.018506
6979	-17.650433	0.461098	0.018506
6980	-17.651243	0.461175	0.018506
6981	-17.651064	0.461252	0.018506
6982	-17.651097	0.461329	0.018506
6983	-17.651097	0.461263	0.018506
6984	-17.651097	0.461197	0.018506
6985	-17.651097	0.461131	0.018506
6986	-17.651097	0.461065	0.018506
6987	-17.651097	0.460999	0.018506
6988	-17.651097	0.460933	0.018506
6989	-17.649489	0.461010	0.018506
6990	-17.649783	0.461087	0.018506
6991	-17.649783	0.461021	0.018506
6992	-17.649783	0.460955	0.018506
6993	-17.649783	0.460889	0.018506
6994	-17.649783	0.460824	0.018506
6995	-17.649783	0.460758	0.018506
6996	-17.649783	0.460692	0.018506
6997	-17.649783	0.460626	0.018506
6998	-17.649783	0.460560	0.018506
6999	-17.649783	0.460494	0.018506
7000	-17.649783	0.460429	0.018506
7001	-17.649783	0.460363	0.018506
7002	-17.649783	0.460297	0.018506
7003	-17.648207	0.460374	0.018506
7004	-17.648207	0.460308	0.018506
7005	-17.648207	0.460243	0.018506
7006	-17.648207	0.460177	0.018506
7007	-17.648207	0.460111	0.018506
7008	-17.648207	0.460046	0.018506
7009	-17.648207	0.459980	0.018506
7010	-17.648207	0.459914	0.018506
7011	-17.648637	0.459991	0.018506
7012	-17.649081	0.460068	0.018506
7013	-17.649081	0.460003	0.018506
7014	-17.649081	0.459937	0.018506
7015	-17.649081	0.459872	0.018506
7016	-17.649081	0.459806	0.018506
7017	-17.649081	0.459741	0.018506
7018	-17.649081	0.459675	0.018506
7019	-17.649081	0.459610	0.018506
7020	-17.648410	0.459687	0.018506
7021	-17.648410	0.459621	0.018506
7022	-17.648410	0.459556	0.018506
7023	-17.648410	0.459490	0.018506
7024	-17.648410	0.459425	0.018506
7025	-17.646494	0.459502	0.018506
7026	-17.646494	0.459436	0.018506
7027	-17.646494	0.459371	0.018506
7028	-17.646494	0.459306	0.018506
7029	-17.646081	0.459383	0.018506
7030	-17.646081	0.459317	0.018506
7031	-17.646081	0.459252	0.018506
7032	-17.646081	0.459187	0.018506
7033	-17.648542	0.459263	0.018506
7034	-17.648542	0.459198	0.018506
7035	-17.648542	0.459133	0.018506
7036	-17.648542	0.459068	0.018506
7037	-17.648542	0.459002	0.018506
7038	-17.648542	0.458937	0.018506
7039	-17.646307	0.459014	0.018506
7040	-17.646412	0.459091	0.018506
7041	-17.646412	0.459026	0.018506
7042	-17.644663	0.459103	0.018506
7043	-17.644663	0.459037	0.018506
7044	-17.644663	0.458972	0.018506
7045	-17.645014	0.459049	0.018506
7046	-17.645014	0.458984	0.018506
7047	-17.645014	0.458919	0.018506
7048	-17.645293	0.458995	0.018506
7049	-17.645293	0.458930	0.018506
7050	-17.645293	0.458865	0.018506
7051	-17.645293	0.458800	0.018506
7052	-17.645293	0.458735	0.018506
7053	-17.645293	0.458670	0.018506
7054	-17.645293	0.458605	0.018506
7055	-17.645293	0.458540	0.018506
7056	-17.645466	0.458617	0.018506
7057	-17.648418	0.458693	0.018506
7058	-17.648418	0.458629	0.018506
7059	-17.650291	0.458705	0.018506
7060	-17.650291	0.458640	0.018506
7061	-17.650291	0.458575	0.018506
7062	-17.650291	0.458510	0.018506
7063	-17.650291	0.458445	0.018506
7064	-17.650291	0.458381	0.018506
7065	-17.650291	0.458316	0.018506
7066	-17.650291	0.458251	0.018506
7067	-17.650291	0.458186	0.018506
7068	-17.651261	0.458263	0.018506
7069	-17.651261	0.458198	0.018506
7070	-17.651261	0.458133	0.018506
7071	-17.651261	0.458068	0.018506
7072	-17.649927	0.458145	0.018506
7073	-17.649927	0.458080	0.018506
7074	-17.649927	0.458015	0.018506
7075	-17.649927	0.457951	0.018506
7076	-17.649927	0.457886	0.018506
7077	-17.648885	0.457962	0.018506
7078	-17.648885	0.457898	0.018506
7079	-17.648885	0.457833	0.018506
7080	-17.648958	0.457910	0.018506
7081	-17.648958	0.457845	0.018506
7082	-17.648958	0.457780	0.018506
7083	-17.648958	0.457716	0.018506
7084	-17.650192	0.457792	0.018506
7085	-17.650192	0.457728	0.018506
7086	-17.650192	0.457663	0.018506
7087	-17.650192	0.457598	0.018506
7088	-17.650192	0.457534	0.018506
7089	-17.650192	0.457469	0.018506
7090	-17.650192	0.457405	0.018506
7091	-17.650192	0.457340	0.018506
7092	-17.650192	0.457276	0.018506
7093	-17.650192	0.457211	0.018506
7094	-17.650647	0.457288	0.018506
7095	-17.650647	0.457223	0.018506
7096	-17.650647	0.457159	0.018506
7097	-17.650647	0.457095	0.018506
7098	-17.653562	0.457171	0.018506
7099	-17.653562	0.457107	0.018506
7100	-17.653562	0.457042	0.018506
7101	-17.653562	0.456978	0.018506
7102	-17.653562	0.456914	0.018506
7103	-17.653562	0.456849	0.018506
7104	-17.653332	0.456926	0.018506
7105	-17.653332	0.456861	0.018506
7106	-17.653332	0.456797	0.018506
7107	-17.653332	0.456733	0.018506
7108	-17.653332	0.456669	0.018506
7109	-17.653332	0.456604	0.018506
7110	-17.653332	0.456540	0.018506
7111	-17.653332	0.456476	0.018506
7112	-17.653332	0.456412	0.018506
7113	-17.653332	0.456348	0.018506
7114	-17.653332	0.456283	0.018506
7115	-17.653566	0.456360	0.018506
7116	-17.653566	0.456296	0.018506
7117	-17.653120	0.456372	0.018506
7118	-17.652844	0.456448	0.018506
7119	-17.652844	0.456384	0.018506
7120	-17.652717	0.456461	0.018506
7121	-17.652717	0.456397	0.018506
7122	-17.652717	0.456332	0.018506
7123	-17.652717	0.456268	0.018506
7124	-17.651189	0.456345	0.018506
7125	-17.651189	0.456281	0.018506
7126	-17.651189	0.456217	0.018506
7127	-17.651090	0.456293	0.018506
7128	-17.651090	0.456229	0.018506
7129	-17.651090	0.456165	0.018506
7130	-17.651090	0.456101	0.018506
7131	-17.651090	0.456037	0.018506
7132	-17.651090	0.455973	0.018506
7133	-17.651090	0.455909	0.018506
7134	-17.651503	0.455985	0.018506
7135	-17.651503	0.455922	0.018506
7136	-17.651503	0.455858	0.018506
7137	-17.651503	0.455794	0.018506
7138	-17.652196	0.455870	0.018506
7139	-17.652456	0.455946	0.018506
7140	-17.653173	0.456022	0.018506
7141	-17.651322	0.456099	0.018506
7142	-17.651322	0.456035	0.018506
7143	-17.651322	0.455971	0.018506
7144	-17.651322	0.455907	0.018506
7145	-17.651322	0.455843	0.018506
7146	-17.651322	0.455779	0.018506
7147	-17.651322	0.455716	0.018506
7148	-17.651322	0.455652	0.018506
7149	-17.651319	0.455728	0.018506
7150	-17.651319	0.455664	0.018506
7151	-17.651319	0.455601	0.018506
7152	-17.651319	0.455537	0.018506
7153	-17.651319	0.455473	0.018506
7154	-17.651319	0.455410	0.018506
7155	-17.651319	0.455346	0.018506
7156	-17.651087	0.455422	0.018506
7157	-17.650111	0.455498	0.018506
7158	-17.650111	0.455434	0.018506
7159	-17.650111	0.455371	0.018506
7160	-17.650111	0.455307	0.018506
7161	-17.651001	0.455383	0.018506
7162	-17.652307	0.455459	0.018506
7163	-17.651839	0.455535	0.018506
7164	-17.651839	0.455472	0.018506
7165	-17.651839	0.455408	0.018506
7166	-17.651839	0.455345	0.018506
7167	-17.652274	0.455421	0.018506
7168	-17.648776	0.455497	0.018506
7169	-17.648776	0.455433	0.018506
7170	-17.649069	0.455509	0.018506
7171	-17.649069	0.455446	0.018506
7172	-17.649069	0.455382	0.018506
7173	-17.649089	0.455458	0.018506
7174	-17.649089	0.455394	0.018506
7175	-17.649089	0.455331	0.018506
7176	-17.648544	0.455407	0.018506
7177	-17.647272	0.455483	0.018506
7178	-17.646710	0.455559	0.018506
7179	-17.645868	0.455634	0.018506
7180	-17.645868	0.455571	0.018506
7181	-17.645836	0.455647	0.018506
7182	-17.645836	0.455583	0.018506
7183	-17.645836	0.455520	0.018506
7184	-17.645845	0.455596	0.018506
7185	-17.645845	0.455532	0.018506
7186	-17.645845	0.455469	0.018506
7187	-17.647970	0.455545	0.018506
7188	-17.647970	0.455481	0.018506
7189	-17.648459	0.455557	0.018506
7190	-17.648459	0.455494	0.018506
7191	-17.648459	0.455430	0.018506
7192	-17.648459	0.455367	0.018506
7193	-17.648459	0.455304	0.018506
7194	-17.648459	0.455240	0.018506
7195	-17.648530	0.455316	0.018506
7196	-17.648530	0.455253	0.018506
7197	-17.648576	0.455329	0.018506
7198	-17.648576	0.455265	0.018506
7199	-17.648576	0.455202	0.018506
7200	-17.648621	0.455278	0.018506
7201	-17.648621	0.455215	0.018506
7202	-17.648621	0.455151	0.018506
7203	-17.648621	0.455088	0.018506
7204	-17.648621	0.455025	0.018506
7205	-17.648621	0.454962	0.018506
7206	-17.648621	0.454899	0.018506
7207	-17.648621	0.454836	0.018506
7208	-17.650261	0.454911	0.018506
7209	-17.650261	0.454848	0.018506
7210	-17.650395	0.454924	0.018506
7211	-17.650395	0.454861	0.018506
7212	-17.650395	0.454798	0.018506
7213	-17.650269	0.454873	0.018506
7214	-17.650269	0.454810	0.018506
7215	-17.648921	0.454886	0.018506
7216	-17.649809	0.454961	0.018506
7217	-17.647625	0.455037	0.018506
7218	-17.645607	0.455112	0.018506
7219	-17.645607	0.455049	0.018506
7220	-17.645607	0.454986	0.018506
7221	-17.645607	0.454923	0.018506
7222	-17.645607	0.454860	0.018506
7223	-17.645607	0.454797	0.018506
7224	-17.645607	0.454734	0.018506
7225	-17.645478	0.454810	0.018506
7226	-17.645478	0.454747	0.018506
7227	-17.645478	0.454684	0.018506
7228	-17.644443	0.454759	0.018506
7229	-17.644443	0.454696	0.018506
7230	-17.644443	0.454633	0.018506
7231	-17.644443	0.454571	0.018506
7232	-17.644443	0.454508	0.018506
7233	-17.644443	0.454445	0.018506
7234	-17.645744	0.454520	0.018506
7235	-17.647618	0.454596	0.018506
7236	-17.645982	0.454671	0.018506
7237	-17.645982	0.454608	0.018506
7238	-17.645982	0.454545	0.018506
7239	-17.645586	0.454621	0.018506
7240	-17.645586	0.454558	0.018506
7241	-17.645586	0.454495	0.018506
7242	-17.645586	0.454432	0.018506
7243	-17.645586	0.454370	0.018506
7244	-17.645586	0.454307	0.018506
7245	-17.645586	0.454244	0.018506
7246	-17.645586	0.454182	0.018506
7247	-17.645586	0.454119	0.018506
7248	-17.647663	0.454194	0.018506
7249	-17.647663	0.454132	0.018506
7250	-17.647663	0.454069	0.018506
7251	-17.647663	0.454006	0.018506
7252	-17.647936	0.454082	0.018506
7253	-17.647936	0.454019	0.018506
7254	-17.647936	0.453956	0.018506
7255	-17.647936	0.453894	0.018506
7256	-17.647936	0.453831	0.018506
7257	-17.647936	0.453769	0.018506
7258	-17.647936	0.453706	0.018506
7259	-17.647936	0.453644	0.018506
7260	-17.647936	0.453581	0.018506
7261	-17.647936	0.453519	0.018506
7262	-17.647936	0.453456	0.018506
7263	-17.647936	0.453394	0.018506
7264	-17.647936	0.453331	0.018506
7265	-17.646920	0.453407	0.018506
7266	-17.646549	0.453482	0.018506
7267	-17.646549	0.453420	0.018506
7268	-17.646549	0.453357	0.018506
7269	-17.646549	0.453295	0.018506
7270	-17.646549	0.453232	0.018506
7271	-17.646549	0.453170	0.018506
7272	-17.646549	0.453108	0.018506
7273	-17.646549	0.453046	0.018506
7274	-17.646549	0.452983	0.018506
7275	-17.646549	0.452921	0.018506
7276	-17.646549	0.452859	0.018506
7277	-17.646549	0.452796	0.018506
7278	-17.646549	0.452734	0.018506
7279	-17.646549	0.452672	0.018506
7280	-17.646549	0.452610	0.018506
7281	-17.647192	0.452685	0.018506
7282	-17.647192	0.452623	0.018506
7283	-17.647528	0.452698	0.018506
7284	-17.647528	0.452636	0.018506
7285	-17.648422	0.452711	0.018506
7286	-17.648422	0.452649	0.018506
7287	-17.648422	0.452587	0.018506
7288	-17.648422	0.452525	0.018506
7289	-17.648422	0.452463	0.018506
7290	-17.649936	0.452538	0.018506
7291	-17.651146	0.452613	0.018506
7292	-17.651146	0.452551	0.018506
7293	-17.651146	0.452489	0.018506
7294	-17.649780	0.452564	0.018506
7295	-17.649780	0.452502	0.018506
7296	-17.649780	0.452440	0.018506
7297	-17.649780	0.452378	0.018506
7298	-17.649622	0.452453	0.018506
7299	-17.649622	0.452391	0.018506
7300	-17.649622	0.452329	0.018506
7301	-17.649622	0.452267	0.018506
7302	-17.649622	0.452205	0.018506
7303	-17.649622	0.452143	0.018506
7304	-17.649622	0.452081	0.018506
7305	-17.649665	0.452156	0.018506
7306	-17.649665	0.452094	0.018506
7307	-17.649665	0.452032	0.018506
7308	-17.649665	0.451970	0.018506
7309	-17.649665	0.451909	0.018506
7310	-17.649665	0.451847	0.018506
7311	-17.650034	0.451922	0.018506
7312	-17.650034	0.451860	0.018506
7313	-17.647152	0.451935	0.018506
7314	-17.647152	0.451873	0.018506
7315	-17.650917	0.451948	0.018506
7316	-17.650917	0.451886	0.018506
7317	-17.650917	0.451825	0.018506
7318	-17.650917	0.451763	0.018506
7319	-17.650917	0.451701	0.018506
7320	-17.650917	0.451639	0.018506
7321	-17.650917	0.451578	0.018506
7322	-17.650917	0.451516	0.018506
7323	-17.650917	0.451454	0.018506
7324	-17.650917	0.451393	0.018506
7325	-17.650917	0.451331	0.018506
7326	-17.650917	0.451269	0.018506
7327	-17.651389	0.451344	0.018506
7328	-17.651389	0.451283	0.018506
7329	-17.651389	0.451221	0.018506
7330	-17.651389	0.451160	0.018506
7331	-17.651389	0.451098	0.018506
7332	-17.651389	0.451037	0.018506
7333	-17.650210	0.451111	0.018506
7334	-17.650210	0.451050	0.018506
7335	-17.650210	0.450988	0.018506
7336	-17.650210	0.450927	0.018506
7337	-17.650210	0.450865	0.018506
7338	-17.650210	0.450804	0.018506
7339	-17.650210	0.450743	0.018506
7340	-17.650082	0.450817	0.018506
7341	-17.650082	0.450756	0.018506
7342	-17.650082	0.450695	0.018506
7343	-17.651914	0.450769	0.018506
7344	-17.651914	0.450708	0.018506
7345	-17.651914	0.450647	0.018506
7346	-17.651914	0.450585	0.018506
7347	-17.651914	0.450524	0.018506
7348	-17.651914	0.450463	0.018506
7349	-17.651914	0.450401	0.018506
7350	-17.651914	0.450340	0.018506
7351	-17.651914	0.450279	0.018506
7352	-17.651914	0.450218	0.018506
7353	-17.651914	0.450156	0.018506
7354	-17.651914	0.450095	0.018506
7355	-17.651914	0.450034	0.018506
7356	-17.651914	0.449973	0.018321
7357	-17.651914	0.449912	0.018138
7358	-17.650043	0.449986	0.017957
7359	-17.650043	0.449925	0.017777
7360	-17.650043	0.449864	0.017599
7361	-17.650043	0.449803	0.017423
7362	-17.650043	0.449742	0.017249
7363	-17.650043	0.449681	0.017077
7364	-17.650043	0.449620	0.016906
7365	-17.650043	0.449559	0.016737
7366	-17.650043	0.449498	0.016570
7367	-17.650043	0.449437	0.016404
7368	-17.650043	0.449376	0.016240
7369	-17.649919	0.449450	0.016077
7370	-17.649919	0.449389	0.015917
7371	-17.649919	0.449328	0.015757
7372	-17.649919	0.449267	0.015600
7373	-17.649919	0.449207	0.015444
7374	-17.649919	0.449146	0.015289
7375	-17.649919	0.449085	0.015137
7376	-17.649919	0.449024	0.014985
7377	-17.649919	0.448963	0.014835
7378	-17.649919	0.448902	0.014687
7379	-17.649919	0.448841	0.014540
7380	-17.649919	0.448780	0.014395
7381	-17.649919	0.448720	0.014251
7382	-17.651025	0.448794	0.014108
7383	-17.650673	0.448869	0.013967
7384	-17.650673	0.448808	0.013828
7385	-17.650707	0.448883	0.013689
7386	-17.650070	0.448957	0.013552
7387	-17.650558	0.449032	0.013417
7388	-17.650558	0.448971	0.013283
7389	-17.650442	0.449046	0.013150
7390	-17.650442	0.448985	0.013018
7391	-17.650442	0.448924	0.012888
7392	-17.650442	0.448864	0.012759
7393	-17.650442	0.448803	0.012632
7394	-17.650442	0.448742	0.012505
7395	-17.650759	0.448817	0.012380
7396	-17.650752	0.448891	0.012257
7397	-17.652529	0.448966	0.012134
7398	-17.652529	0.448905	0.012013
7399	-17.652365	0.448980	0.011892
7400	-17.653101	0.449054	0.011774
7401	-17.652353	0.449128	0.011656
7402	-17.652353	0.449068	0.011539
7403	-17.652353	0.449007	0.011424
7404	-17.652353	0.448947	0.011310
7405	-17.652237	0.449021	0.011197
7406	-17.652237	0.448960	0.011085
7407	-17.651667	0.449035	0.010974
7408	-17.651667	0.448974	0.010864
7409	-17.651667	0.448913	0.010755
7410	-17.651667	0.448853	0.010648
7411	-17.651667	0.448792	0.010541
7412	-17.651492	0.448867	0.010436
7413	-17.651957	0.448941	0.010332
7414	-17.651957	0.448880	0.010228
7415	-17.651957	0.448820	0.010126
7416	-17.652094	0.448894	0.010025
7417	-17.652313	0.448969	0.009924
7418	-17.651797	0.449043	0.009825
7419	-17.651797	0.448982	0.009727
7420	-17.651797	0.448922	0.009630
7421	-17.651797	0.448861	0.009533
7422	-17.651797	0.448801	0.009438
7423	-17.651816	0.448875	0.009344
7424	-17.651816	0.448815	0.009250
7425	-17.651816	0.448754	0.009158
7426	-17.651816	0.448694	0.009066
7427	-17.652051	0.448768	0.008975
7428	-17.651618	0.448842	0.008886
7429	-17.651899	0.448916	0.008797
7430	-17.652171	0.448991	0.008709
7431	-17.652184	0.449065	0.008622
7432	-17.652184	0.449004	0.008536
7433	-17.651682	0.449078	0.008450
7434	-17.652771	0.449153	0.008366
7435	-17.652957	0.449227	0.008282
7436	-17.653307	0.449301	0.008199
7437	-17.653307	0.449240	0.008117
7438	-17.653307	0.449180	0.008036
7439	-17.652882	0.449254	0.007956
7440	-17.651898	0.449328	0.007876
7441	-17.651898	0.449268	0.007797
7442	-17.651898	0.449207	0.007719
7443	-17.652037	0.449281	0.007642
7444	-17.653000	0.449355	0.007566
7445	-17.651953	0.449429	0.007490
7446	-17.651761	0.449503	0.007415
7447	-17.651761	0.449443	0.007341
7448	-17.650711	0.449517	0.007268
7449	-17.650711	0.449456	0.007195
7450	-17.650711	0.449396	0.007123
7451	-17.650747	0.449470	0.007052
7452	-17.652143	0.449544	0.006981
7453	-17.652143	0.449483	0.006912
7454	-17.652143	0.449423	0.006842
7455	-17.652143	0.449363	0.006774
7456	-17.652143	0.449303	0.006706
7457	-17.652096	0.449376	0.006639
7458	-17.652232	0.449450	0.006573
7459	-17.652232	0.449390	0.006507
7460	-17.651940	0.449464	0.006442
7461	-17.653171	0.449538	0.006378
7462	-17.653288	0.449611	0.006314
7463	-17.653246	0.449685	0.006251
7464	-17.653246	0.449625	0.006188
7465	-17.652683	0.449699	0.006126
7466	-17.651772	0.449772	0.006065
7467	-17.652370	0.449846	0.006004
7468	-17.652006	0.449920	0.005944
7469	-17.652006	0.449859	0.005885
7470	-17.650126	0.449933	0.005826
7471	-17.650127	0.450007	0.005826
7472	-17.650722	0.450080	0.005826
7473	-17.650129	0.450154	0.005826
7474	-17.650616	0.450227	0.005826
7475	-17.651064	0.450301	0.005826
7476	-17.651064	0.450241	0.005826
7477	-17.650603	0.450314	0.005826
7478	-17.650716	0.450388	0.005826
7479	-17.651080	0.450461	0.005826
7480	-17.651234	0.450535	0.005826
7481	-17.651064	0.450608	0.005826
7482	-17.651234	0.450682	0.005826
7483	-17.651234	0.450621	0.005826
7484	-17.650633	0.450695	0.005826
7485	-17.650414	0.450768	0.005826
7486	-17.650542	0.450842	0.005826
7487	-17.650542	0.450781	0.005826
7488	-17.650542	0.450721	0.005826
7489	-17.651234	0.450794	0.005826
7490	-17.651234	0.450734	0.005826
7491	-17.651234	0.450674	0.005826
7492	-17.649957	0.450747	0.005826
7493	-17.650007	0.450821	0.005826
7494	-17.650007	0.450761	0.005826
7495	-17.650480	0.450834	0.005826
7496	-17.650480	0.450774	0.005826
7497	-17.650419	0.450847	0.005826
7498	-17.650419	0.450787	0.005826
7499	-17.650419	0.450727	0.005826
7500	-17.650609	0.450800	0.005826
7501	-17.650479	0.450873	0.005826
7502	-17.649190	0.450946	0.005826
7503	-17.648910	0.451020	0.005826
7504	-17.648565	0.451093	0.005826
7505	-17.648350	0.451166	0.005826
7506	-17.647795	0.451239	0.005826
7507	-17.647342	0.451312	0.005826
7508	-17.647537	0.451385	0.005826
7509	-17.648545	0.451458	0.005826
7510	-17.647444	0.451531	0.005826
7511	-17.647466	0.451604	0.005826
7512	-17.646454	0.451677	0.005826
7513	-17.647166	0.451750	0.005826
7514	-17.647166	0.451690	0.005826
7515	-17.649081	0.451763	0.005826
7516	-17.649081	0.451703	0.005826
7517	-17.650150	0.451776	0.005826
7518	-17.650228	0.451849	0.005826
7519	-17.650228	0.451789	0.005826
7520	-17.650228	0.451729	0.005826
7521	-17.650228	0.451669	0.005826
7522	-17.649127	0.451742	0.005826
7523	-17.648547	0.451814	0.005826
7524	-17.648547	0.451754	0.005826
7525	-17.649100	0.451827	0.005826
7526	-17.649100	0.451767	0.005826
7527	-17.649100	0.451707	0.005826
7528	-17.649224	0.451780	0.005826
7529	-17.649168	0.451853	0.005826
7530	-17.649039	0.451926	0.005826
7531	-17.649281	0.451998	0.005826
7532	-17.649041	0.452071	0.005826
7533	-17.649626	0.452144	0.005826
7534	-17.649626	0.452084	0.005826
7535	-17.648812	0.452157	0.005826
7536	-17.648835	0.452229	0.005826
7537	-17.648639	0.452302	0.005826
7538	-17.649239	0.452375	0.005826
7539	-17.649237	0.452447	0.005826
7540	-17.648875	0.452520	0.005826
7541	-17.649049	0.452592	0.005826
7542	-17.649049	0.452532	0.005826
7543	-17.649049	0.452472	0.005826
7544	-17.649085	0.452545	0.005826
7545	-17.648680	0.452618	0.005826
7546	-17.649855	0.452690	0.005826
7547	-17.649885	0.452763	0.005826
7548	-17.649930	0.452835	0.005826
7549	-17.649373	0.452908	0.005826
7550	-17.649373	0.452848	0.005826
7551	-17.649269	0.452920	0.005826
7552	-17.649269	0.452860	0.005826
7553	-17.649574	0.452933	0.005826
7554	-17.650604	0.453005	0.005826
7555	-17.651757	0.453077	0.005826
7556	-17.651757	0.453017	0.005826
7557	-17.651800	0.453090	0.005826
7558	-17.650936	0.453162	0.005826
7559	-17.651031	0.453235	0.005826
7560	-17.651778	0.453307	0.005826
7561	-17.651823	0.453379	0.005826
7562	-17.650613	0.453451	0.005826
7563	-17.651565	0.453524	0.005826
7564	-17.651565	0.453464	0.005826
7565	-17.651729	0.453536	0.005826
7566	-17.651729	0.453476	0.005826
7567	-17.652034	0.453548	0.005826
7568	-17.651944	0.453621	0.005826
7569	-17.651944	0.453561	0.005826
7570	-17.651832	0.453633	0.005826
7571	-17.652191	0.453705	0.005826
7572	-17.652290	0.453777	0.005826
7573	-17.651973	0.453849	0.005826
7574	-17.652184	0.453921	0.005826
7575	-17.651781	0.453993	0.005826
7576	-17.652594	0.454065	0.005826
7577	-17.651475	0.454138	0.005826
7578	-17.651475	0.454078	0.005826
7579	-17.652345	0.454150	0.005826
7580	-17.651823	0.454222	0.005826
7581	-17.651823	0.454162	0.005826
7582	-17.651982	0.454234	0.005826
7583	-17.651982	0.454174	0.005826
7584	-17.652026	0.454246	0.005826
7585	-17.652026	0.454186	0.005826
7586	-17.652026	0.454126	0.005826
7587	-17.652026	0.454066	0.005826
7588	-17.652374	0.454138	0.005826
7589	-17.652374	0.454078	0.005826
7590	-17.652374	0.454018	0.005826
7591	-17.652827	0.454090	0.005826
7592	-17.653394	0.454162	0.005826
7593	-17.652896	0.454234	0.005826
7594	-17.652651	0.454306	0.005826
7595	-17.652651	0.454246	0.005826
7596	-17.653607	0.454318	0.005826
7597	-17.653607	0.454258	0.005826
7598	-17.653384	0.454330	0.005826
7599	-17.653613	0.454402	0.005826
7600	-17.653857	0.454474	0.005826
7601	-17.653879	0.454545	0.005826
7602	-17.654721	0.454617	0.005826
7603	-17.654304	0.454689	0.005826
7604	-17.654403	0.454761	0.005826
7605	-17.653975	0.454832	0.005826
7606	-17.653975	0.454773	0.005826
7607	-17.653284	0.454844	0.005826
7608	-17.653154	0.454916	0.005826
7609	-17.653278	0.454988	0.005826
7610	-17.653334	0.455059	0.005826
7611	-17.653334	0.454999	0.005826
7612	-17.653334	0.454940	0.005826
7613	-17.652525	0.455011	0.005826
7614	-17.652506	0.455083	0.005826
7615	-17.652147	0.455154	0.005826
7616	-17.652483	0.455226	0.005826
7617	-17.652483	0.455166	0.005826
7618	-17.652239	0.455238	0.005826
7619	-17.652077	0.455309	0.005826
7620	-17.652077	0.455249	0.005826
7621	-17.652077	0.455190	0.005826
7622	-17.650801	0.455261	0.005826
7623	-17.651181	0.455333	0.005826
7624	-17.651181	0.455273	0.005826
7625	-17.651618	0.455344	0.005826
7626	-17.651213	0.455416	0.005826
7627	-17.652388	0.455487	0.005826
7628	-17.651773	0.455558	0.005826
7629	-17.651773	0.455499	0.005826
7630	-17.651540	0.455570	0.005826
7631	-17.651540	0.455510	0.005826
7632	-17.651540	0.455451	0.005826
7633	-17.651869	0.455522	0.005826
7634	-17.651869	0.455462	0.005826
7635	-17.651881	0.455534	0.005826
7636	-17.651642	0.455605	0.005826
7637	-17.651968	0.455676	0.005826
7638	-17.653183	0.455748	0.005826
7639	-17.653183	0.455688	0.005826
7640	-17.653183	0.455628	0.005826
7641	-17.653183	0.455569	0.005826
7642	-17.653183	0.455509	0.005826
7643	-17.653183	0.455449	0.005826
7644	-17.653071	0.455521	0.005826
7645	-17.653294	0.455592	0.005826
7646	-17.654342	0.455663	0.005826
7647	-17.654342	0.455604	0.005826
7648	-17.654342	0.455544	0.005826
7649	-17.654342	0.455484	0.005826
7650	-17.653797	0.455556	0.005826
7651	-17.653515	0.455627	0.005826
7652	-17.653515	0.455567	0.005826
7653	-17.654337	0.455638	0.005826
7654	-17.653079	0.455709	0.005826
7655	-17.653892	0.455781	0.005826
7656	-17.653632	0.455852	0.005826
7657	-17.653632	0.455792	0.005826
7658	-17.653963	0.455863	0.005826
7659	-17.654137	0.455934	0.005826
7660	-17.653856	0.456005	0.005826
7661	-17.654019	0.456076	0.005826
7662	-17.654457	0.456147	0.005826
7663	-17.654084	0.456218	0.005826
7664	-17.654084	0.456159	0.005826
7665	-17.654084	0.456099	0.005826
7666	-17.654084	0.456040	0.005826
7667	-17.653937	0.456111	0.005826
7668	-17.654051	0.456182	0.005826
7669	-17.654087	0.456252	0.005826
7670	-17.654246	0.456323	0.005826
7671	-17.654169	0.456394	0.005826
7672	-17.653786	0.456465	0.005826
7673	-17.654248	0.456536	0.005826
7674	-17.654657	0.456607	0.005826
7675	-17.654124	0.456678	0.005826
7676	-17.654124	0.456618	0.005826
7677	-17.654760	0.456689	0.005826
7678	-17.654760	0.456629	0.005826
7679	-17.654704	0.456700	0.005826
7680	-17.654669	0.456771	0.005826
7681	-17.654594	0.456842	0.005826
7682	-17.654594	0.456782	0.005826
7683	-17.654594	0.456723	0.005826
7684	-17.654492	0.456793	0.005826
7685	-17.654743	0.456864	0.005826
7686	-17.654722	0.456935	0.005826
7687	-17.654722	0.456875	0.005826
7688	-17.654751	0.456946	0.005826
7689	-17.655026	0.457017	0.005826
7690	-17.655078	0.457087	0.005826
7691	-17.655078	0.457028	0.005826
7692	-17.655038	0.457098	0.005826
7693	-17.655038	0.457039	0.005826
7694	-17.655055	0.457109	0.005826
7695	-17.654635	0.457180	0.005826
7696	-17.654755	0.457251	0.005826
7697	-17.654244	0.457321	0.005826
7698	-17.654013	0.457392	0.005826
7699	-17.654259	0.457462	0.005826
7700	-17.654521	0.457532	0.005826
7701	-17.654310	0.457603	0.005826
7702	-17.655119	0.457673	0.005826
7703	-17.654344	0.457744	0.005826
7704	-17.653414	0.457814	0.005826
7705	-17.652940	0.457884	0.005826
7706	-17.652940	0.457825	0.005826
7707	-17.652352	0.457895	0.005826
7708	-17.652409	0.457966	0.005826
7709	-17.652208	0.458036	0.005826
7710	-17.652411	0.458106	0.005826
7711	-17.652532	0.458177	0.005826
7712	-17.651167	0.458247	0.005826
7713	-17.650567	0.458317	0.005826
7714	-17.650567	0.458258	0.005826
7715	-17.650837	0.458328	0.005826
7716	-17.650837	0.458269	0.005826
7717	-17.649598	0.458339	0.005826
7718	-17.649408	0.458409	0.005826
7719	-17.650096	0.458479	0.005826
7720	-17.649823	0.458549	0.005826
7721	-17.649823	0.458490	0.005826
7722	-17.649365	0.458560	0.005826
7723	-17.650253	0.458630	0.005826
7724	-17.650253	0.458571	0.005826
7725	-17.650614	0.458641	0.005826
7726	-17.651823	0.458711	0.005826
7727	-17.652388	0.458781	0.005826
7728	-17.652388	0.458722	0.005826
7729	-17.652119	0.458792	0.005826
7730	-17.652313	0.458862	0.005826
7731	-17.652891	0.458932	0.005826
7732	-17.652409	0.459002	0.005826
7733	-17.652409	0.458942	0.005826
7734	-17.652409	0.458883	0.005826
7735	-17.651874	0.458953	0.005826
7736	-17.651169	0.459023	0.005826
7737	-17.651169	0.458963	0.005826
7738	-17.650919	0.459033	0.005826
7739	-17.650926	0.459103	0.005826
7740	-17.650556	0.459173	0.005826
7741	-17.650207	0.459243	0.005826
7742	-17.650207	0.459184	0.005826
7743	-17.650335	0.459254	0.005826
7744	-17.650980	0.459323	0.005826
7745	-17.651210	0.459393	0.005826
7746	-17.651153	0.459463	0.005826
7747	-17.650962	0.459533	0.005826
7748	-17.650868	0.459602	0.005826
7749	-17.650055	0.459672	0.005826
7750	-17.650055	0.459613	0.005826
7751	-17.650023	0.459683	0.005826
7752	-17.650023	0.459623	0.005826
7753	-17.651352	0.459693	0.005826
7754	-17.651352	0.459634	0.005826
7755	-17.651103	0.459703	0.005826
7756	-17.649716	0.459773	0.005826
7757	-17.649626	0.459843	0.005826
7758	-17.649956	0.459912	0.005826
7759	-17.649956	0.459853	0.005826
7760	-17.650395	0.459923	0.005826
7761	-17.650528	0.459992	0.005826
7762	-17.649379	0.460062	0.005826
7763	-17.649379	0.460003	0.005826
7764	-17.649379	0.459943	0.005826
7765	-17.649397	0.460013	0.005826
7766	-17.648887	0.460082	0.005826
7767	-17.648887	0.460023	0.005826
7768	-17.648887	0.459964	0.005826
7769	-17.649260	0.460033	0.005826
7770	-17.647878	0.460103	0.005826
7771	-17.647960	0.460172	0.005826
7772	-17.647760	0.460242	0.005826
7773	-17.647760	0.460183	0.005826
7774	-17.647760	0.460123	0.005826
7775	-17.647760	0.460064	0.005826
7776	-17.647760	0.460005	0.005826
7777	-17.647760	0.459946	0.005826
7778	-17.647837	0.460015	0.005826
7779	-17.647746	0.460085	0.005826
7780	-17.647576	0.460154	0.005826
7781	-17.647670	0.460224	0.005826
7782	-17.647670	0.460164	0.005826
7783	-17.647670	0.460105	0.005826
7784	-17.647620	0.460175	0.005826
7785	-17.647087	0.460244	0.005826
7786	-17.647052	0.460313	0.005826
7787	-17.646462	0.460383	0.005826
7788	-17.646462	0.460324	0.005826
7789	-17.646924	0.460393	0.005826
7790	-17.647487	0.460462	0.005826
7791	-17.647638	0.460531	0.005826
7792	-17.647523	0.460601	0.005826
7793	-17.647446	0.460670	0.005826
7794	-17.647446	0.460611	0.005826
7795	-17.647248	0.460680	0.005826
7796	-17.646456	0.460749	0.005826
7797	-17.646456	0.460690	0.005826
7798	-17.648111	0.460759	0.005826
7799	-17.648239	0.460828	0.005826
7800	-17.648239	0.460769	0.005826
7801	-17.647973	0.460838	0.005826
7802	-17.648480	0.460907	0.005826
7803	-17.648811	0.460977	0.005826
7804	-17.648811	0.460917	0.005826
7805	-17.648813	0.460987	0.005826
7806	-17.648764	0.461056	0.005826
7807	-17.648406	0.461125	0.005826
7808	-17.649151	0.461194	0.005826
7809	-17.649151	0.461135	0.005826
7810	-17.649151	0.461076	0.005826
7811	-17.649151	0.461017	0.005826
7812	-17.648823	0.461086	0.005826
7813	-17.648823	0.461026	0.005826
7814	-17.648823	0.460967	0.005826
7815	-17.648823	0.460909	0.005826
7816	-17.648823	0.460850	0.005826
7817	-17.648865	0.460919	0.005826
7818	-17.649095	0.460987	0.005826
7819	-17.649095	0.460929	0.005826
7820	-17.649752	0.460997	0.005826
7821	-17.649752	0.460938	0.005826
7822	-17.650161	0.461007	0.005826
7823	-17.648941	0.461076	0.005826
7824	-17.649062	0.461145	0.005826
7825	-17.649531	0.461214	0.005826
7826	-17.648463	0.461283	0.005826
7827	-17.648406	0.461352	0.005826
7828	-17.648504	0.461421	0.005826
7829	-17.648504	0.461362	0.005826
7830	-17.648504	0.461303	0.005826
7831	-17.648254	0.461371	0.005826
7832	-17.649742	0.461440	0.005826
7833	-17.649739	0.461509	0.005826
7834	-17.649739	0.461450	0.005826
7835	-17.650399	0.461519	0.005826
7836	-17.650399	0.461460	0.005826
7837	-17.650399	0.461401	0.005826
7838	-17.652011	0.461470	0.005826
7839	-17.652378	0.461538	0.005826
7840	-17.652600	0.461607	0.005826
7841	-17.652600	0.461548	0.005826
7842	-17.651765	0.461617	0.005826
7843	-17.651841	0.461686	0.005826
7844	-17.651841	0.461627	0.005826
7845	-17.651156	0.461695	0.005826
7846	-17.651156	0.461637	0.005826
7847	-17.652517	0.461705	0.005826
7848	-17.652031	0.461774	0.005826
7849	-17.652031	0.461715	0.005826
7850	-17.651059	0.461783	0.005826
7851	-17.651944	0.461852	0.005826
7852	-17.652162	0.461921	0.005826
7853	-17.652935	0.461989	0.005826
7854	-17.652935	0.461930	0.005826
7855	-17.653148	0.461999	0.005826
7856	-17.653148	0.461940	0.005826
7857	-17.653148	0.461881	0.005826
7858	-17.653380	0.461950	0.005826
7859	-17.653844	0.462018	0.005826
7860	-17.653844	0.461959	0.005826
7861	-17.653573	0.462028	0.005826
7862	-17.653573	0.461969	0.005826
7863	-17.653541	0.462037	0.005826
7864	-17.654283	0.462106	0.005826
7865	-17.655228	0.462174	0.005826
7866	-17.655228	0.462115	0.005826
7867	-17.655257	0.462184	0.005826
7868	-17.655552	0.462252	0.005826
7869	-17.655103	0.462320	0.005826
7870	-17.654901	0.462389	0.005826
7871	-17.654913	0.462457	0.005826
7872	-17.655175	0.462525	0.005826
7873	-17.655141	0.462594	0.005826
7874	-17.654451	0.462662	0.005826
7875	-17.653368	0.462730	0.005826
7876	-17.653427	0.462798	0.005826
7877	-17.653870	0.462867	0.005826
7878	-17.653870	0.462808	0.005826
7879	-17.654640	0.462876	0.005826
7880	-17.654640	0.462817	0.005826
7881	-17.654640	0.462759	0.005826
7882	-17.655420	0.462827	0.005826
7883	-17.654445	0.462895	0.005826
7884	-17.654459	0.462963	0.005826
7885	-17.654413	0.463031	0.005826
7886	-17.654371	0.463099	0.005826
7887	-17.654111	0.463167	0.005826
7888	-17.653751	0.463235	0.005826
7889	-17.654333	0.463303	0.005826
7890	-17.654583	0.463371	0.005826
7891	-17.654583	0.463313	0.005826
7892	-17.654475	0.463381	0.005826
7893	-17.654475	0.463322	0.005826
7894	-17.654475	0.463263	0.005826
7895	-17.654475	0.463205	0.005826
7896	-17.654475	0.463146	0.005826
7897	-17.654337	0.463214	0.005826
7898	-17.654337	0.463155	0.005826
7899	-17.653828	0.463223	0.005826
7900	-17.653828	0.463165	0.005826
7901	-17.653828	0.463106	0.005826
7902	-17.653701	0.463174	0.005826
7903	-17.653701	0.463115	0.005826
7904	-17.654185	0.463183	0.005826
7905	-17.654196	0.463251	0.005826
7906	-17.654496	0.463319	0.005826
7907	-17.654029	0.463387	0.005826
7908	-17.654362	0.463455	0.005826
7909	-17.654470	0.463523	0.005826
7910	-17.654470	0.463464	0.005826
7911	-17.654868	0.463532	0.005826
7912	-17.654868	0.463473	0.005826
7913	-17.654760	0.463541	0.005826
7914	-17.654968	0.463609	0.005826
7915	-17.655466	0.463677	0.005826
7916	-17.655692	0.463744	0.005826
7917	-17.654964	0.463812	0.005826
7918	-17.655744	0.463880	0.005826
7919	-17.654984	0.463947	0.005826
7920	-17.654984	0.463889	0.005826
7921	-17.654450	0.463957	0.005826
7922	-17.654450	0.463898	0.005826
7923	-17.652937	0.463966	0.005826
7924	-17.653328	0.464033	0.005826
7925	-17.653328	0.463975	0.005826
7926	-17.653328	0.463916	0.005826
7927	-17.653328	0.463858	0.005826
7928	-17.653005	0.463925	0.005826
7929	-17.652310	0.463993	0.005826
7930	-17.651577	0.464061	0.005826
7931	-17.650610	0.464128	0.005826
7932	-17.651580	0.464196	0.005826
7933	-17.651580	0.464137	0.005826
7934	-17.651580	0.464079	0.005826
7935	-17.651946	0.464146	0.005826
7936	-17.653281	0.464214	0.005826
7937	-17.653421	0.464281	0.005826
7938	-17.653755	0.464349	0.005826
7939	-17.653755	0.464290	0.005826
7940	-17.653755	0.464232	0.005826
7941	-17.653755	0.464173	0.005826
7942	-17.653842	0.464241	0.005826
7943	-17.653669	0.464308	0.005826
7944	-17.653669	0.464250	0.005826
7945	-17.653657	0.464317	0.005826
7946	-17.653687	0.464385	0.005826
7947	-17.653469	0.464452	0.005826
7948	-17.652862	0.464519	0.005826
7949	-17.652862	0.464461	0.005826
7950	-17.653259	0.464528	0.005826
7951	-17.653259	0.464470	0.005826
7952	-17.652625	0.464537	0.005826
7953	-17.652556	0.464605	0.005826
7954	-17.652770	0.464672	0.005826
7955	-17.652231	0.464739	0.005826
7956	-17.651944	0.464806	0.005826
7957	-17.651983	0.464874	0.005826
7958	-17.651983	0.464815	0.005826
7959	-17.651983	0.464757	0.005826
7960	-17.651582	0.464824	0.005826
7961	-17.651582	0.464766	0.005826
7962	-17.649923	0.464833	0.005826
7963	-17.649948	0.464900	0.005826
7964	-17.650126	0.464967	0.005826
7965	-17.649484	0.465035	0.005826
7966	-17.649418	0.465102	0.005826
7967	-17.649223	0.465169	0.005826
7968	-17.649505	0.465236	0.005826
7969	-17.649848	0.465303	0.005826
7970	-17.650218	0.465370	0.005826
7971	-17.650218	0.465312	0.005826
7972	-17.650254	0.465379	0.005826
7973	-17.650254	0.465320	0.005826
7974	-17.650101	0.465388	0.005826
7975	-17.650101	0.465329	0.005826
7976	-17.650692	0.465396	0.005826
7977	-17.650326	0.465463	0.005826
7978	-17.650326	0.465405	0.005826
7979	-17.650326	0.465347	0.005826
7980	-17.650317	0.465414	0.005826
7981	-17.650059	0.465481	0.005826
7982	-17.650349	0.465547	0.005826
7983	-17.650600	0.465614	0.005826
7984	-17.650600	0.465556	0.005826
7985	-17.651950	0.465623	0.005826
7986	-17.652097	0.465690	0.005826
7987	-17.652220	0.465757	0.005826
7988	-17.653030	0.465824	0.005826
7989	-17.653030	0.465765	0.005826
7990	-17.653335	0.465832	0.005826
7991	-17.653140	0.465899	0.005826
7992	-17.654726	0.465966	0.005826
7993	-17.654726	0.465908	0.005826
7994	-17.654726	0.465849	0.005826
7995	-17.653872	0.465916	0.005826
7996	-17.653756	0.465983	0.005826
7997	-17.653523	0.466050	0.005826
7998	-17.653228	0.466117	0.005826
7999	-17.652402	0.466183	0.005826
8000	-17.652808	0.466250	0.005826
8001	-17.653598	0.466317	0.005826
8002	-17.652610	0.466383	0.005826
8003	-17.652411	0.466450	0.005826
8004	-17.652075	0.466517	0.005826
8005	-17.652401	0.466583	0.005826
8006	-17.652090	0.466650	0.005826
8007	-17.652263	0.466717	0.005826
8008	-17.652192	0.466783	0.005826
8009	-17.652415	0.466850	0.005826
8010	-17.651863	0.466916	0.005826
8011	-17.651863	0.466858	0.005826
8012	-17.651863	0.466800	0.005826
8013	-17.651737	0.466866	0.005826
8014	-17.651375	0.466933	0.005826
8015	-17.651332	0.466999	0.005826
8016	-17.651490	0.467066	0.005826
8017	-17.651383	0.467132	0.005826
8018	-17.651057	0.467199	0.005826
8019	-17.651057	0.467141	0.005826
8020	-17.651057	0.467082	0.005826
8021	-17.651057	0.467024	0.005826
8022	-17.651843	0.467091	0.005826
8023	-17.651983	0.467157	0.005826
8024	-17.651947	0.467223	0.005826
8025	-17.651947	0.467165	0.005826
8026	-17.651947	0.467107	0.005826
8027	-17.652079	0.467173	0.005826
8028	-17.652079	0.467115	0.005826
8029	-17.651719	0.467181	0.005826
8030	-17.651719	0.467123	0.005826
8031	-17.651719	0.467065	0.005826
8032	-17.651501	0.467131	0.005826
8033	-17.651501	0.467073	0.005826
8034	-17.651501	0.467015	0.005826
8035	-17.650599	0.467082	0.005826
8036	-17.651750	0.467148	0.005826
8037	-17.651750	0.467090	0.005826
8038	-17.651617	0.467156	0.005826
8039	-17.651592	0.467222	0.005826
8040	-17.651308	0.467289	0.005826
8041	-17.651596	0.467355	0.005826
8042	-17.652202	0.467421	0.005826
8043	-17.652170	0.467487	0.005826
8044	-17.652603	0.467553	0.005826
8045	-17.652603	0.467495	0.005826
8046	-17.652603	0.467437	0.005826
8047	-17.652504	0.467503	0.005826
8048	-17.652779	0.467570	0.005826
8049	-17.653017	0.467636	0.005826
8050	-17.653113	0.467702	0.005826
8051	-17.653113	0.467644	0.005826
8052	-17.653470	0.467710	0.005826
8053	-17.653470	0.467652	0.005826
8054	-17.653299	0.467718	0.005826
8055	-17.652763	0.467784	0.005826
8056	-17.653604	0.467850	0.005826
8057	-17.653643	0.467916	0.005826
8058	-17.653643	0.467858	0.005826
8059	-17.653938	0.467924	0.005826
8060	-17.654544	0.467990	0.005826
8061	-17.654270	0.468056	0.005826
8062	-17.654198	0.468122	0.005826
8063	-17.654198	0.468064	0.005826
8064	-17.654198	0.468006	0.005826
8065	-17.654198	0.467948	0.005826
8066	-17.654182	0.468014	0.005826
8067	-17.653230	0.468080	0.005826
8068	-17.653129	0.468146	0.005826
8069	-17.653131	0.468212	0.005826
8070	-17.653119	0.468278	0.005826
8071	-17.653119	0.468220	0.005826
8072	-17.653119	0.468162	0.005826
8073	-17.653119	0.468104	0.005826
8074	-17.653119	0.468046	0.005826
8075	-17.653104	0.468111	0.005826
8076	-17.653043	0.468177	0.005826
8077	-17.652495	0.468243	0.005826
8078	-17.652495	0.468185	0.005826
8079	-17.651477	0.468251	0.005826
8080	-17.652012	0.468317	0.005826
8081	-17.651941	0.468383	0.005826
8082	-17.651093	0.468448	0.005826
8083	-17.650385	0.468514	0.005826
8084	-17.650385	0.468456	0.005826
8085	-17.649141	0.468522	0.005826
8086	-17.649581	0.468588	0.005826
8087	-17.648789	0.468653	0.005826
8088	-17.648789	0.468595	0.005826
8089	-17.648789	0.468538	0.005826
8090	-17.648789	0.468480	0.005826
8091	-17.647719	0.468545	0.005826
8092	-17.647719	0.468487	0.005826
8093	-17.647626	0.468553	0.005826
8094	-17.647626	0.468495	0.005826
8095	-17.647263	0.468561	0.005826
8096	-17.647263	0.468503	0.005826
8097	-17.649050	0.468569	0.005826
8098	-17.649485	0.468634	0.005826
8099	-17.650119	0.468700	0.005826
8100	-17.650158	0.468765	0.005826
